year,age,years_homeless,mental_health,substance_use,physical_health,outdoor_sleeping,chronic_homeless,lgbtq,indigenous,immigrant,foster_care_history,incarceration_history,no_income,housing_loss_income,housing_loss_health,youth,chronic_pred,chronic_prob
2013,15.0,1.12,0,0,0,0,1,0,0,0,0,0,0,0,0,1,0,0.39
2013,17.5,0.7,0,0,0,0,1,0,0,0,0,0,0,0,0,1,0,0.346
2013,21.8,2.31,0,0,0,0,0,0,0,0,0,0,0,0,0,1,0,0.254
2013,21.7,3.96,0,0,0,0,1,0,0,0,0,0,0,0,0,1,0,0.391
2013,24.5,0.36,0,0,0,0,1,0,0,0,0,0,0,0,0,1,0,0.178
2013,15.0,3.48,0,0,0,0,1,0,0,0,0,0,0,0,0,1,0,0.266
2013,23.0,2.55,0,0,0,0,0,0,0,0,0,0,0,0,0,1,0,0.191
2013,20.9,1.47,0,0,0,0,0,0,0,0,0,0,0,0,0,1,0,0.347
2013,16.9,3.89,0,0,0,0,0,0,0,0,0,0,0,0,0,1,0,0.291
2013,24.9,2.91,0,0,0,0,0,0,0,0,0,0,0,0,0,1,0,0.245
2013,15.0,1.12,0,0,0,0,1,0,0,0,0,0,0,0,0,1,0,0.39
2013,15.0,1.53,0,0,0,0,1,0,0,0,0,0,0,0,0,1,0,0.313
2013,21.1,2.65,0,0,0,0,1,0,0,0,0,0,0,0,0,1,0,0.404
2013,21.8,6.56,0,0,0,0,0,0,0,0,0,0,0,0,0,1,0,0.337
2013,15.0,3.69,0,0,0,0,0,0,0,0,0,0,0,0,0,1,0,0.273
2013,22.0,0.86,0,0,0,0,1,0,0,0,0,0,0,0,0,1,0,0.321
2013,19.9,1.14,0,0,0,0,0,0,0,0,0,0,0,0,0,1,0,0.416
2013,24.4,0.64,0,0,0,0,1,0,0,0,0,0,0,0,0,1,0,0.306
2013,19.1,2.9,0,0,0,0,0,0,0,0,0,0,0,0,0,1,0,0.245
2013,24.3,2.44,0,0,0,0,0,0,0,0,0,0,0,0,0,1,0,0.319
2013,23.1,1.47,0,0,0,0,0,0,0,0,0,0,0,0,0,1,0,0.286
2013,24.9,0.93,0,0,0,0,1,0,0,0,0,0,0,0,0,1,0,0.334
2013,20.4,3.25,0,0,0,0,0,0,0,0,0,0,0,0,0,1,0,0.289
2013,24.2,1.33,0,0,0,0,0,0,0,0,0,0,0,0,0,1,0,0.349
2013,22.3,26.74,0,0,0,0,1,0,0,0,0,0,0,0,0,1,0,0.375
2013,15.5,7.51,0,0,0,0,1,0,0,0,0,0,0,0,0,1,0,0.355
2013,19.0,2.08,0,0,0,0,0,0,0,0,0,0,0,0,0,1,0,0.34
2013,15.0,2.25,0,0,0,0,1,0,0,0,0,0,0,0,0,1,0,0.242
2013,24.8,3.92,0,0,0,0,0,0,0,0,0,0,0,0,0,1,0,0.261
2013,23.9,1.87,0,0,0,0,0,0,0,0,0,0,0,0,0,1,0,0.207
2013,20.3,1.78,0,0,0,0,0,0,0,0,0,0,0,0,0,1,0,0.225
2013,15.0,4.06,0,0,0,0,0,0,0,0,0,0,0,0,0,1,0,0.368
2013,24.1,1.25,0,0,0,0,1,0,0,0,0,0,0,0,0,1,0,0.263
2013,21.6,1.2,0,0,0,0,1,0,0,0,0,0,0,0,0,1,0,0.382
2013,21.5,25.36,0,0,0,0,0,0,0,0,0,0,0,0,0,1,0,0.351
2013,24.3,12.77,0,0,0,0,1,0,0,0,0,0,0,0,0,1,0,0.484
2013,15.0,3.6,0,0,0,0,1,0,0,0,0,0,0,0,0,1,0,0.274
2013,24.6,5.53,0,0,0,0,0,0,0,0,0,0,0,0,0,1,0,0.308
2013,21.3,3.24,0,0,0,0,1,0,0,0,0,0,0,0,0,1,0,0.265
2013,21.9,0.24,0,0,0,0,1,0,0,0,0,0,0,0,0,1,0,0.215
2013,15.0,1.57,0,0,0,0,1,0,0,0,0,0,0,0,0,1,0,0.311
2013,23.1,3.66,0,0,0,0,1,0,0,0,0,0,0,0,0,1,0,0.264
2013,17.6,1.06,0,0,0,0,0,0,0,0,0,0,0,0,0,1,0,0.337
2013,19.3,1.18,0,0,0,0,0,0,0,0,0,0,0,0,0,1,0,0.374
2013,20.1,6.3,0,0,0,0,1,0,0,0,0,0,0,0,0,1,0,0.336
2013,17.0,0.71,0,0,0,0,0,0,0,0,0,0,0,0,0,1,0,0.294
2013,15.0,13.66,0,0,0,0,0,0,0,0,0,0,0,0,0,1,0,0.265
2013,22.3,2.42,0,0,0,0,0,0,0,0,0,0,0,0,0,1,0,0.255
2013,17.8,1.86,0,0,0,0,1,0,0,0,0,0,0,0,0,1,0,0.242
2013,15.0,5.28,0,0,0,0,1,0,0,0,0,0,0,0,0,1,0,0.318
2013,23.3,1.07,0,0,0,0,0,0,0,0,0,0,0,0,0,1,0,0.337
2013,24.8,12.42,0,0,0,0,0,0,0,0,0,0,0,0,0,1,0,0.208
2013,15.0,2.6,0,0,0,0,1,0,0,0,0,0,0,0,0,1,0,0.407
2013,20.4,0.07,0,0,0,0,1,0,0,0,0,0,0,0,0,1,0,0.238
2013,19.1,6.88,0,0,0,0,1,0,0,0,0,0,0,0,0,1,0,0.295
2013,21.7,2.14,0,0,0,0,1,0,0,0,0,0,0,0,0,1,0,0.405
2013,22.2,2.39,0,0,0,0,0,0,0,0,0,0,0,0,0,1,0,0.25
2013,22.0,0.85,0,0,0,0,0,0,0,0,0,0,0,0,0,1,0,0.321
2013,18.2,7.7,0,0,0,0,0,0,0,0,0,0,0,0,0,1,0,0.203
2013,16.3,20.2,0,0,0,0,1,0,0,0,0,0,0,0,0,1,1,0.663
2013,18.8,5.06,0,0,0,0,0,0,0,0,0,0,0,0,0,1,0,0.326
2013,18.3,2.09,0,0,0,0,0,0,0,0,0,0,0,0,0,1,0,0.342
2013,24.6,1.02,0,0,0,0,0,0,0,0,0,0,0,0,0,1,0,0.248
2013,15.0,5.89,0,0,0,0,0,0,0,0,0,0,0,0,0,1,0,0.312
2013,15.0,1.91,0,0,0,0,1,0,0,0,0,0,0,0,0,1,0,0.244
2013,15.4,11.66,0,0,0,0,1,0,0,0,0,0,0,0,0,1,0,0.275
2013,15.0,1.07,0,0,0,0,0,0,0,0,0,0,0,0,0,1,0,0.376
2013,20.9,2.45,0,0,0,0,0,0,0,0,0,0,0,0,0,1,0,0.286
2013,24.2,0.62,0,0,0,0,0,0,0,0,0,0,0,0,0,1,0,0.323
2013,16.7,3.63,0,0,0,0,1,0,0,0,0,0,0,0,0,1,0,0.296
2013,17.9,0.33,0,0,0,0,1,0,0,0,0,0,0,0,0,1,0,0.229
2013,18.4,2.15,0,0,0,0,1,0,0,0,0,0,0,0,0,1,0,0.352
2013,23.5,0.46,0,0,0,0,1,0,0,0,0,0,0,0,0,1,0,0.385
2013,23.5,0.41,0,0,0,0,0,0,0,0,0,0,0,0,0,1,0,0.236
2013,20.6,14.84,0,0,0,0,0,0,0,0,0,0,0,0,0,1,0,0.291
2013,15.0,1.13,0,0,0,0,1,0,0,0,0,0,0,0,0,1,0,0.378
2013,15.0,22.94,0,0,0,0,1,0,0,0,0,0,0,0,0,1,0,0.3
2013,15.0,30.0,0,0,0,0,1,0,0,0,0,0,0,0,0,1,0,0.364
2013,21.9,1.38,0,0,0,0,0,0,0,0,0,0,0,0,0,1,0,0.292
2013,24.5,2.99,0,0,0,0,1,0,0,0,0,0,0,0,0,1,0,0.3
2013,24.1,4.11,0,0,0,0,0,0,0,0,0,0,0,0,0,1,0,0.242
2013,21.9,0.05,0,0,0,0,1,0,0,0,0,0,0,0,0,1,0,0.187
2013,19.8,1.18,0,0,0,0,1,0,0,0,0,0,0,0,0,1,0,0.401
2013,23.7,11.06,0,0,0,0,0,0,0,0,0,0,0,0,0,1,0,0.271
2013,15.0,1.15,0,0,0,0,1,0,0,0,0,0,0,0,0,1,0,0.378
2013,17.7,1.53,0,0,0,0,1,0,0,0,0,0,0,0,0,1,0,0.299
2013,22.7,11.38,0,0,0,0,1,0,0,0,0,0,0,0,0,1,0,0.202
2013,17.8,28.3,0,0,0,0,1,0,0,0,0,0,0,0,0,1,0,0.463
2013,15.8,2.57,0,0,0,0,0,0,0,0,0,0,0,0,0,1,0,0.439
2013,23.7,1.04,0,0,0,0,1,0,0,0,0,0,0,0,0,1,0,0.434
2013,21.9,2.44,0,0,0,0,1,0,0,0,0,0,0,0,0,1,0,0.262
2013,22.7,8.54,0,0,0,0,0,0,0,0,0,0,0,0,0,1,0,0.237
2013,19.6,16.18,0,0,0,0,0,0,0,0,0,0,0,0,0,1,0,0.254
2013,22.9,0.95,0,0,0,0,1,0,0,0,0,0,0,0,0,1,0,0.349
2013,18.3,1.89,0,0,0,0,0,0,0,0,0,0,0,0,0,1,0,0.266
2013,23.7,3.47,0,0,0,0,1,0,0,0,0,0,0,0,0,1,0,0.26
2013,20.8,1.58,0,0,0,0,1,0,0,0,0,0,0,0,0,1,0,0.32
2013,22.8,2.35,0,0,0,0,0,0,0,0,0,0,0,0,0,1,0,0.273
2013,20.4,3.89,0,0,0,0,0,0,0,0,0,0,0,0,0,1,0,0.295
2013,22.3,6.4,0,0,0,0,0,0,0,0,0,0,0,0,0,1,0,0.349
2013,22.6,0.11,0,0,0,0,0,0,0,0,0,0,0,0,0,1,0,0.241
2013,20.3,2.27,0,0,0,0,1,0,0,0,0,0,0,0,0,1,0,0.283
2013,21.3,1.63,0,0,0,0,1,0,0,0,0,0,0,0,0,1,0,0.346
2013,15.0,2.13,0,0,0,0,1,0,0,0,0,0,0,0,0,1,0,0.32
2013,23.7,2.46,0,0,0,0,0,0,0,0,0,0,0,0,0,1,0,0.282
2013,20.2,9.02,0,0,0,0,0,0,0,0,0,0,0,0,0,1,0,0.267
2013,24.1,6.01,0,0,0,0,0,0,0,0,0,0,0,0,0,1,0,0.234
2013,21.6,3.48,0,0,0,0,1,0,0,0,0,0,0,0,0,1,0,0.296
2013,15.1,0.15,0,0,0,0,1,0,0,0,0,0,0,0,0,1,0,0.359
2013,15.0,5.58,0,0,0,0,1,0,0,0,0,0,0,0,0,1,0,0.352
2013,19.4,0.07,0,0,0,0,0,0,0,0,0,0,0,0,0,1,0,0.296
2013,15.0,2.05,0,0,0,0,1,0,0,0,0,0,0,0,0,1,0,0.299
2013,18.2,2.8,0,0,0,0,1,0,0,0,0,0,0,0,0,1,0,0.307
2013,24.4,11.72,0,0,0,0,1,0,0,0,0,0,0,0,0,1,0,0.254
2013,21.1,2.22,0,0,0,0,1,0,0,0,0,0,0,0,0,1,0,0.289
2013,19.5,1.7,0,0,0,0,1,0,0,0,0,0,0,0,0,1,0,0.351
2013,15.0,1.66,0,0,0,0,1,0,0,0,0,0,0,0,0,1,0,0.351
2013,17.2,4.15,0,0,0,0,1,0,0,0,0,0,0,0,0,1,0,0.359
2013,23.5,3.86,0,0,0,0,1,0,0,0,0,0,0,0,0,1,0,0.3
2013,23.6,2.19,0,0,0,0,0,0,0,0,0,0,0,0,0,1,0,0.348
2013,19.8,0.86,0,0,0,0,0,0,0,0,0,0,0,0,0,1,0,0.35
2013,15.0,1.61,0,0,0,0,0,0,0,0,0,0,0,0,0,1,0,0.334
2013,15.0,2.77,0,0,0,0,1,0,0,0,0,0,0,0,0,1,0,0.359
2013,24.4,3.8,0,0,0,0,0,0,0,0,0,0,0,0,0,1,0,0.248
2013,21.4,1.73,0,0,0,0,0,0,0,0,0,0,0,0,0,1,0,0.258
2013,15.0,1.07,0,0,0,0,1,0,0,0,0,0,0,0,0,1,0,0.376
2013,23.1,2.65,0,0,0,0,1,0,0,0,0,0,0,0,0,1,0,0.32
2013,15.0,0.1,0,0,0,0,1,0,0,0,0,0,0,0,0,1,0,0.324
2013,22.1,1.57,0,0,0,0,0,0,0,0,0,0,0,0,0,1,0,0.318
2013,18.6,1.24,0,0,0,0,0,0,0,0,0,0,0,0,0,1,0,0.257
2013,17.9,1.14,0,0,0,0,0,0,0,0,0,0,0,0,0,1,0,0.337
2013,19.6,3.61,0,0,0,0,0,0,0,0,0,0,0,0,0,1,0,0.287
2013,22.9,0.29,0,0,0,0,0,0,0,0,0,0,0,0,0,1,0,0.337
2013,19.3,2.04,0,0,0,0,1,0,0,0,0,0,0,0,0,1,0,0.316
2013,22.0,0.69,0,0,0,0,1,0,0,0,0,0,0,0,0,1,0,0.335
2013,24.2,0.05,0,0,0,0,0,0,0,0,0,0,0,0,0,1,0,0.268
2013,22.4,1.35,0,0,0,0,0,0,0,0,0,0,0,0,0,1,0,0.287
2013,24.5,12.31,0,0,0,0,1,0,0,0,0,0,0,0,0,1,0,0.218
2013,19.8,2.39,0,0,0,0,0,0,0,0,0,0,0,0,0,1,0,0.295
2013,15.0,1.23,0,0,0,0,0,0,0,0,0,0,0,0,0,1,0,0.346
2013,24.7,0.05,0,0,0,0,0,0,0,0,0,0,0,0,0,1,0,0.109
2013,21.8,0.06,0,0,0,0,0,0,0,0,0,0,0,0,0,1,0,0.18
2013,23.0,1.41,0,0,0,0,1,0,0,0,0,0,0,0,0,1,0,0.174
2013,15.9,0.06,0,0,0,0,1,0,0,0,0,0,0,0,0,1,0,0.297
2013,15.0,30.0,0,0,0,0,1,0,0,0,0,0,0,0,0,1,0,0.364
2013,23.2,1.26,0,0,0,0,0,0,0,0,0,0,0,0,0,1,0,0.285
2013,15.0,0.87,0,0,0,0,1,0,0,0,0,0,0,0,0,1,0,0.389
2013,24.7,0.69,0,0,0,0,0,0,0,0,0,0,0,0,0,1,0,0.238
2013,20.8,2.27,0,0,0,0,1,0,0,0,0,0,0,0,0,1,0,0.282
2013,15.0,1.17,0,0,0,0,0,0,0,0,0,0,0,0,0,1,0,0.378
2013,22.5,0.66,0,0,0,0,1,0,0,0,0,0,0,0,0,1,0,0.334
2013,16.4,3.92,0,0,0,0,1,0,0,0,0,0,0,0,0,1,0,0.415
2013,15.0,1.41,0,0,0,0,0,0,0,0,0,0,0,0,0,1,0,0.271
2013,20.9,0.97,0,0,0,0,1,0,0,0,0,0,0,0,0,1,0,0.298
2013,22.4,1.46,0,0,0,0,0,0,0,0,0,0,0,0,0,1,0,0.316
2013,19.0,4.84,0,0,0,0,1,0,0,0,0,0,0,0,0,1,0,0.345
2013,22.7,3.78,0,0,0,0,1,0,0,0,0,0,0,0,0,1,0,0.266
2013,21.7,4.73,0,0,0,0,1,0,0,0,0,0,0,0,0,1,0,0.392
2013,15.0,1.03,0,0,0,0,1,0,0,0,0,0,0,0,0,1,0,0.321
2013,23.4,0.2,0,0,0,0,0,0,0,0,0,0,0,0,0,1,0,0.273
2013,16.9,1.02,0,0,0,0,0,0,0,0,0,0,0,0,0,1,0,0.293
2013,24.5,0.91,0,0,0,0,1,0,0,0,0,0,0,0,0,1,0,0.326
2013,24.9,5.34,0,0,0,0,1,0,0,0,0,0,0,0,0,1,0,0.3
2013,21.7,0.06,0,0,0,0,1,0,0,0,0,0,0,0,0,1,0,0.203
2013,16.9,3.92,0,0,0,0,1,0,0,0,0,0,0,0,0,1,0,0.414
2013,20.2,4.82,0,0,0,0,1,0,0,0,0,0,0,0,0,1,0,0.321
2013,15.5,0.1,0,0,0,0,1,0,0,0,0,0,0,0,0,1,0,0.289
2013,16.8,0.36,0,0,0,0,1,0,0,0,0,0,0,0,0,1,0,0.305
2013,19.3,3.79,0,0,0,0,0,0,0,0,0,0,0,0,0,1,0,0.326
2013,15.0,4.55,0,0,0,0,1,0,0,0,0,0,0,0,0,1,0,0.305
2013,15.0,30.0,0,0,0,0,1,0,0,0,0,0,0,0,0,1,0,0.364
2013,19.7,5.49,0,0,0,0,1,0,0,0,0,0,0,0,0,1,0,0.326
2013,24.0,1.8,0,0,0,0,1,0,0,0,0,0,0,0,0,1,0,0.215
2013,22.6,4.26,0,0,0,0,1,0,0,0,0,0,0,0,0,1,0,0.281
2013,19.0,2.25,0,0,0,0,1,0,0,0,0,0,0,0,0,1,0,0.274
2013,15.0,1.36,0,0,0,0,1,0,0,0,0,0,0,0,0,1,0,0.265
2013,15.0,4.58,0,0,0,0,0,0,0,0,0,0,0,0,0,1,0,0.299
2013,19.7,3.78,0,0,0,0,1,0,0,0,0,0,0,0,0,1,0,0.3
2013,21.5,1.04,0,0,0,0,0,0,0,0,0,0,0,0,0,1,0,0.396
2013,15.0,4.1,0,0,0,0,1,0,0,0,0,0,0,0,0,1,0,0.368
2013,22.8,1.48,0,0,0,0,1,0,0,0,0,0,0,0,0,1,0,0.338
2013,15.0,0.07,0,0,0,0,0,0,0,0,0,0,0,0,0,1,0,0.288
2013,19.0,11.01,0,0,0,0,1,0,0,0,0,0,0,0,0,1,0,0.308
2013,15.0,4.7,0,0,0,0,0,0,0,0,0,0,0,0,0,1,0,0.324
2013,16.0,20.2,0,0,0,0,1,0,0,0,0,0,0,0,0,1,1,0.641
2013,19.2,2.49,0,0,0,0,1,0,0,0,0,0,0,0,0,1,0,0.347
2013,23.1,1.04,0,0,0,0,1,0,0,0,0,0,0,0,0,1,0,0.333
2013,21.9,9.64,0,0,0,0,1,0,0,0,0,0,0,0,0,1,0,0.258
2013,20.5,3.39,0,0,0,0,0,0,0,0,0,0,0,0,0,1,0,0.297
2013,21.2,4.25,0,0,0,0,0,0,0,0,0,0,0,0,0,1,0,0.314
2013,15.3,2.26,0,0,0,0,0,0,0,0,0,0,0,0,0,1,0,0.242
2013,20.4,2.47,0,0,0,0,1,0,0,0,0,0,0,0,0,1,0,0.301
2013,16.4,1.84,0,0,0,0,0,0,0,0,0,0,0,0,0,1,0,0.241
2013,19.4,1.6,0,0,0,0,1,0,0,0,0,0,0,0,0,1,0,0.329
2013,19.5,29.86,0,0,0,0,1,0,0,0,0,0,0,0,0,1,0,0.403
2013,15.0,0.65,0,0,0,0,0,0,0,0,0,0,0,0,0,1,0,0.377
2013,15.3,0.93,0,0,0,0,1,0,0,0,0,0,0,0,0,1,0,0.384
2013,24.9,2.07,0,0,0,0,1,0,0,0,0,0,0,0,0,1,0,0.273
2013,17.1,0.96,0,0,0,0,1,0,0,0,0,0,0,0,0,1,0,0.392
2013,18.3,1.91,0,0,0,0,0,0,0,0,0,0,0,0,0,1,0,0.266
2013,18.0,1.4,0,0,0,0,1,0,0,0,0,0,0,0,0,1,0,0.25
2013,24.3,4.44,0,0,0,0,0,0,0,0,0,0,0,0,0,1,0,0.32
2013,19.6,1.38,0,0,0,0,1,0,0,0,0,0,0,0,0,1,0,0.286
2013,24.9,1.55,0,0,0,0,1,0,0,0,0,0,0,0,0,1,0,0.363
2013,16.4,5.96,0,0,0,0,1,0,0,0,0,0,0,0,0,1,0,0.309
2013,15.0,30.0,0,0,0,0,1,0,0,0,0,0,0,0,0,1,0,0.364
2013,15.0,3.11,0,0,0,0,0,0,0,0,0,0,0,0,0,1,0,0.243
2013,24.4,0.33,0,0,0,0,0,0,0,0,0,0,0,0,0,1,0,0.185
2013,20.6,0.72,0,0,0,0,1,0,0,0,0,0,0,0,0,1,0,0.347
2013,16.8,0.05,0,0,0,0,0,0,0,0,0,0,0,0,0,1,0,0.167
2013,15.0,0.81,0,0,0,0,1,0,0,0,0,0,0,0,0,1,0,0.345
2013,15.0,2.54,0,0,0,0,1,0,0,0,0,0,0,0,0,1,0,0.336
2013,22.3,17.45,0,0,0,0,1,0,0,0,0,0,0,0,0,1,0,0.402
2013,15.1,1.1,0,0,0,0,1,0,0,0,0,0,0,0,0,1,0,0.393
2013,19.1,2.09,0,0,0,0,1,0,0,0,0,0,0,0,0,1,0,0.261
2013,15.0,5.47,0,0,0,0,1,0,0,0,0,0,0,0,0,1,0,0.327
2013,24.3,0.05,0,0,0,0,0,0,0,0,0,0,0,0,0,1,0,0.26
2013,23.3,4.09,0,0,0,0,0,0,0,0,0,0,0,0,0,1,0,0.31
2013,15.0,2.79,0,0,0,0,1,0,0,0,0,0,0,0,0,1,0,0.335
2013,16.8,1.66,0,0,0,0,1,0,0,0,0,0,0,0,0,1,0,0.366
2013,22.8,0.34,0,0,0,0,1,0,0,0,0,0,0,0,0,1,0,0.241
2013,15.0,0.37,0,0,0,0,1,0,0,0,0,0,0,0,0,1,0,0.291
2013,21.4,1.89,0,0,0,0,0,0,0,0,0,0,0,0,0,1,0,0.329
2013,15.0,1.33,0,0,0,0,1,0,0,0,0,0,0,0,0,1,0,0.288
2013,24.5,0.35,0,0,0,0,0,0,0,0,0,0,0,0,0,1,0,0.168
2013,19.8,2.02,0,0,0,0,0,0,0,0,0,0,0,0,0,1,0,0.333
2013,24.9,2.92,0,0,0,0,1,0,0,0,0,0,0,0,0,1,0,0.245
2013,15.0,1.38,0,0,0,0,0,0,0,0,0,0,0,0,0,1,0,0.264
2013,24.3,3.28,0,0,0,0,1,0,0,0,0,0,0,0,0,1,0,0.31
2013,21.1,1.18,0,0,0,0,1,0,0,0,0,0,0,0,0,1,0,0.373
2013,19.2,2.1,0,0,0,0,1,0,0,0,0,0,0,0,0,1,0,0.323
2013,18.6,2.1,0,0,0,0,0,0,0,0,0,0,0,0,0,1,0,0.306
2013,24.0,0.53,0,0,0,0,0,0,0,0,0,0,0,0,0,1,0,0.25
2013,24.0,2.47,0,0,0,0,1,0,0,0,0,0,0,0,0,1,0,0.225
2013,19.1,2.57,0,0,0,0,0,0,0,0,0,0,0,0,0,1,0,0.323
2013,15.0,3.25,0,0,0,0,1,0,0,0,0,0,0,0,0,1,0,0.263
2013,21.7,4.22,0,0,0,0,1,0,0,0,0,0,0,0,0,1,0,0.353
2013,19.2,2.4,0,0,0,0,0,0,0,0,0,0,0,0,0,1,0,0.287
2013,22.5,3.32,0,0,0,0,1,0,0,0,0,0,0,0,0,1,0,0.254
2013,23.5,2.54,0,0,0,0,0,0,0,0,0,0,0,0,0,1,0,0.284
2013,24.1,1.15,0,0,0,0,1,0,0,0,0,0,0,0,0,1,0,0.334
2013,15.5,0.08,0,0,0,0,0,0,0,0,0,0,0,0,0,1,0,0.278
2013,15.0,7.48,0,0,0,0,1,0,0,0,0,0,0,0,0,1,0,0.315
2013,24.6,0.48,0,0,0,0,0,0,0,0,0,0,0,0,0,1,0,0.259
2013,19.7,12.16,0,0,0,0,0,0,0,0,0,0,0,0,0,1,0,0.198
2013,23.0,4.31,0,0,0,0,0,0,0,0,0,0,0,0,0,1,0,0.196
2013,21.3,4.89,0,0,0,0,0,0,0,0,0,0,0,0,0,1,0,0.347
2013,24.1,0.7,0,0,0,0,0,0,0,0,0,0,0,0,0,1,0,0.257
2013,15.0,0.56,0,0,0,0,1,0,0,0,0,0,0,0,0,1,0,0.327
2013,16.7,0.48,0,0,0,0,1,0,0,0,0,0,0,0,0,1,0,0.391
2013,17.4,1.26,0,0,0,0,0,0,0,0,0,0,0,0,0,1,0,0.234
2013,20.6,4.7,0,0,0,0,1,0,0,0,0,0,0,0,0,1,0,0.338
2013,20.3,6.09,0,0,0,0,1,0,0,0,0,0,0,0,0,1,0,0.307
2013,15.0,1.24,0,0,0,0,0,0,0,0,0,0,0,0,0,1,0,0.346
2013,22.5,3.11,0,0,0,0,0,0,0,0,0,0,0,0,0,1,0,0.235
2013,16.7,2.11,0,0,0,0,1,0,0,0,0,0,0,0,0,1,0,0.312
2013,22.7,2.13,0,0,0,0,0,0,0,0,0,0,0,0,0,1,0,0.317
2013,20.3,7.83,0,0,0,0,0,0,0,0,0,0,0,0,0,1,0,0.237
2013,17.7,4.57,0,0,0,0,1,0,0,0,0,0,0,0,0,1,0,0.328
2013,23.0,24.14,0,0,0,0,0,0,0,0,0,0,0,0,0,1,0,0.295
2013,15.8,2.5,0,0,0,0,1,0,0,0,0,0,0,0,0,1,0,0.376
2013,20.6,1.53,0,0,0,0,1,0,0,0,0,0,0,0,0,1,0,0.289
2013,21.3,0.87,0,0,0,0,1,0,0,0,0,0,0,0,0,1,0,0.376
2013,23.4,2.57,0,0,0,0,1,0,0,0,0,0,0,0,0,1,0,0.328
2013,23.0,8.49,0,0,0,0,0,0,0,0,0,0,0,0,0,1,0,0.152
2013,20.2,1.97,0,0,0,0,1,0,0,0,0,0,0,0,0,1,0,0.416
2013,19.1,6.74,0,0,0,0,1,0,0,0,0,0,0,0,0,1,0,0.297
2013,23.5,1.02,0,0,0,0,1,0,0,0,0,0,0,0,0,1,0,0.365
2013,24.3,11.91,0,0,0,0,1,0,0,0,0,0,0,0,0,1,0,0.254
2013,22.3,1.4,0,0,0,0,1,0,0,0,0,0,0,0,0,1,0,0.268
2013,22.9,1.16,0,0,0,0,0,0,0,0,0,0,0,0,0,1,0,0.386
2013,15.0,6.35,0,0,0,0,1,0,0,0,0,0,0,0,0,1,0,0.307
2013,24.0,1.5,0,0,0,0,0,0,0,0,0,0,0,0,0,1,0,0.268
2013,22.7,3.48,0,0,0,0,1,0,0,0,0,0,0,0,0,1,0,0.244
2013,23.1,4.46,0,0,0,0,0,0,0,0,0,0,0,0,0,1,0,0.27
2013,15.0,30.0,0,0,0,0,1,0,0,0,0,0,0,0,0,1,0,0.364
2013,24.2,21.34,0,0,0,0,1,0,0,0,0,0,0,0,0,1,1,0.56
2013,24.0,11.8,0,0,0,0,0,0,0,0,0,0,0,0,0,1,0,0.218
2013,22.3,10.17,0,0,0,0,0,0,0,0,0,0,0,0,0,1,0,0.26
2013,19.4,0.79,0,0,0,0,1,0,0,0,0,0,0,0,0,1,0,0.328
2013,15.3,2.76,0,0,0,0,1,0,0,0,0,0,0,0,0,1,0,0.359
2013,15.0,1.08,0,0,0,0,0,0,0,0,0,0,0,0,0,1,0,0.402
2013,21.3,2.48,0,0,0,0,0,0,0,0,0,0,0,0,0,1,0,0.292
2013,23.1,1.2,0,0,0,0,1,0,0,0,0,0,0,0,0,1,0,0.311
2013,15.0,30.0,0,0,0,0,1,0,0,0,0,0,0,0,0,1,0,0.364
2013,15.3,3.82,0,0,0,0,1,0,0,0,0,0,0,0,0,1,0,0.301
2013,24.9,4.49,0,0,0,0,1,0,0,0,0,0,0,0,0,1,0,0.222
2013,15.0,1.2,0,0,0,0,1,0,0,0,0,0,0,0,0,1,0,0.343
2013,21.9,0.49,0,0,0,0,1,0,0,0,0,0,0,0,0,1,0,0.376
2013,22.5,4.97,0,0,0,0,1,0,0,0,0,0,0,0,0,1,0,0.352
2013,24.3,2.77,0,0,0,0,0,0,0,0,0,0,0,0,0,1,0,0.302
2013,15.0,1.04,0,0,0,0,1,0,0,0,0,0,0,0,0,1,0,0.365
2013,19.7,8.67,0,0,0,0,0,0,0,0,0,0,0,0,0,1,0,0.274
2013,20.1,2.65,0,0,0,0,0,0,0,0,0,0,0,0,0,1,0,0.411
2013,23.2,1.0,0,0,0,0,1,0,0,0,0,0,0,0,0,1,0,0.267
2013,22.0,1.13,0,0,0,0,0,0,0,0,0,0,0,0,0,1,0,0.357
2013,15.0,1.66,0,0,0,0,1,0,0,0,0,0,0,0,0,1,0,0.351
2013,15.0,1.49,0,0,0,0,0,0,0,0,0,0,0,0,0,1,0,0.306
2013,19.9,30.0,0,0,0,0,0,0,0,0,0,0,0,0,0,1,0,0.309
2013,24.8,1.1,0,0,0,0,0,0,0,0,0,0,0,0,0,1,0,0.34
2013,23.5,1.26,0,0,0,0,1,0,0,0,0,0,0,0,0,1,0,0.334
2013,16.6,0.38,0,0,0,0,0,0,0,0,0,0,0,0,0,1,0,0.296
2013,16.7,11.5,0,0,0,0,0,0,0,0,0,0,0,0,0,1,0,0.281
2013,15.0,0.3,0,0,0,0,1,0,0,0,0,0,0,0,0,1,0,0.317
2013,21.9,1.76,0,0,0,0,0,0,0,0,0,0,0,0,0,1,0,0.212
2013,17.7,3.03,0,0,0,0,1,0,0,0,0,0,0,0,0,1,0,0.244
2013,20.4,2.95,0,0,0,0,1,0,0,0,0,0,0,0,0,1,0,0.431
2013,15.0,23.04,0,0,0,0,1,0,0,0,0,0,0,0,0,1,0,0.3
2013,15.0,3.14,0,0,0,0,1,0,0,0,0,0,0,0,0,1,0,0.243
2013,15.0,4.04,0,0,0,0,0,0,0,0,0,0,0,0,0,1,0,0.368
2013,15.0,0.45,0,0,0,0,1,0,0,0,0,0,0,0,0,1,0,0.349
2013,15.0,2.5,0,0,0,0,1,0,0,0,0,0,0,0,0,1,0,0.336
2013,15.0,0.19,0,0,0,0,1,0,0,0,0,0,0,0,0,1,0,0.412
2013,20.4,7.15,0,0,0,0,0,0,0,0,0,0,0,0,0,1,0,0.3
2013,18.6,1.52,0,0,0,0,1,0,0,0,0,0,0,0,0,1,0,0.273
2013,15.0,5.24,0,0,0,0,1,0,0,0,0,0,0,0,0,1,0,0.318
2013,18.8,1.55,0,0,0,0,0,0,0,0,0,0,0,0,0,1,0,0.316
2013,16.1,6.8,0,0,0,0,0,0,0,0,0,0,0,0,0,1,0,0.286
2013,15.0,1.88,0,0,0,0,1,0,0,0,0,0,0,0,0,1,0,0.244
2013,22.4,1.34,0,0,0,0,1,0,0,0,0,0,0,0,0,1,0,0.3
2013,18.4,4.77,0,0,0,0,1,0,0,0,0,0,0,0,0,1,0,0.298
2013,24.2,2.25,0,0,0,0,0,0,0,0,0,0,0,0,0,1,0,0.321
2013,15.0,3.52,0,0,0,0,1,0,0,0,0,0,0,0,0,1,0,0.272
2013,22.9,1.59,0,0,0,0,1,0,0,0,0,0,0,0,0,1,0,0.379
2013,19.9,10.58,0,0,0,0,0,0,0,0,0,0,0,0,0,1,0,0.212
2013,23.6,20.53,0,0,0,0,1,0,0,0,0,0,0,0,0,1,1,0.531
2013,22.0,3.43,0,0,0,0,1,0,0,0,0,0,0,0,0,1,0,0.253
2013,20.3,1.92,0,0,0,0,1,0,0,0,0,0,0,0,0,1,0,0.297
2013,15.0,8.15,0,0,0,0,1,0,0,0,0,0,0,0,0,1,0,0.276
2013,15.4,1.36,0,0,0,0,1,0,0,0,0,0,0,0,0,1,0,0.277
2013,15.0,1.54,0,0,0,0,1,0,0,0,0,0,0,0,0,1,0,0.313
2013,15.0,3.08,0,0,0,0,0,0,0,0,0,0,0,0,0,1,0,0.247
2013,22.4,0.05,0,0,0,0,1,0,0,0,0,0,0,0,0,1,0,0.21
2013,24.8,8.44,0,0,0,0,1,0,0,0,0,0,0,0,0,1,0,0.253
2013,20.4,1.48,0,0,0,0,1,0,0,0,0,0,0,0,0,1,0,0.324
2013,23.8,0.07,0,0,0,0,1,0,0,0,0,0,0,0,0,1,0,0.263
2013,15.0,3.65,0,0,0,0,0,0,0,0,0,0,0,0,0,1,0,0.278
2013,15.0,2.67,0,0,0,0,1,0,0,0,0,0,0,0,0,1,0,0.384
2013,16.1,1.92,0,0,0,0,1,0,0,0,0,0,0,0,0,1,0,0.265
2013,23.5,2.29,0,0,0,0,1,0,0,0,0,0,0,0,0,1,0,0.308
2013,15.4,1.81,0,0,0,0,0,0,0,0,0,0,0,0,0,1,0,0.243
2013,24.7,0.43,0,0,0,0,1,0,0,0,0,0,0,0,0,1,0,0.137
2013,15.0,1.78,0,0,0,0,0,0,0,0,0,0,0,0,0,1,0,0.227
2013,17.4,2.0,0,0,0,0,0,0,0,0,0,0,0,0,0,1,0,0.276
2013,15.0,1.28,0,0,0,0,1,0,0,0,0,0,0,0,0,1,0,0.346
2013,15.0,2.5,0,0,0,0,0,0,0,0,0,0,0,0,0,1,0,0.336
2013,18.8,1.04,0,0,0,0,0,0,0,0,0,0,0,0,0,1,0,0.376
2013,24.3,1.88,0,0,0,0,1,0,0,0,0,0,0,0,0,1,0,0.33
2013,17.1,2.91,0,0,0,0,1,0,0,0,0,0,0,0,0,1,0,0.392
2013,23.2,1.49,0,0,0,0,1,0,0,0,0,0,0,0,0,1,0,0.295
2013,21.1,1.64,0,0,0,0,1,0,0,0,0,0,0,0,0,1,0,0.369
2013,24.8,2.22,0,0,0,0,1,0,0,0,0,0,0,0,0,1,0,0.266
2013,20.1,1.35,0,0,0,0,1,0,0,0,0,0,0,0,0,1,0,0.303
2013,15.3,1.09,0,0,0,0,1,0,0,0,0,0,0,0,0,1,0,0.394
2013,15.2,2.03,0,0,0,0,0,0,0,0,0,0,0,0,0,1,0,0.296
2013,18.4,2.31,0,0,0,0,1,0,0,0,0,0,0,0,0,1,0,0.283
2013,15.0,3.43,0,0,0,0,0,0,0,0,0,0,0,0,0,1,0,0.266
2013,23.7,0.28,0,0,0,0,1,0,0,0,0,0,0,0,0,1,0,0.41
2013,24.0,4.23,0,0,0,0,0,0,0,0,0,0,0,0,0,1,0,0.223
2013,18.2,5.33,0,0,0,0,0,0,0,0,0,0,0,0,0,1,0,0.292
2013,15.6,1.52,0,0,0,0,0,0,0,0,0,0,0,0,0,1,0,0.327
2013,15.0,0.94,0,0,0,0,1,0,0,0,0,0,0,0,0,1,0,0.369
2013,19.7,1.04,0,0,0,0,1,0,0,0,0,0,0,0,0,1,0,0.388
2013,15.0,2.5,0,0,0,0,1,0,0,0,0,0,0,0,0,1,0,0.336
2013,24.7,3.2,0,0,0,0,0,0,0,0,0,0,0,0,0,1,0,0.15
2013,19.9,30.0,0,0,0,0,1,0,0,0,0,0,0,0,0,1,0,0.309
2013,20.0,1.58,0,0,0,0,0,0,0,0,0,0,0,0,0,1,0,0.333
2013,22.8,1.77,0,0,0,0,0,0,0,0,0,0,0,0,0,1,0,0.227
2013,22.5,0.92,0,0,0,0,1,0,0,0,0,0,0,0,0,1,0,0.337
2013,15.0,0.12,0,0,0,0,0,0,0,0,0,0,0,0,0,1,0,0.359
2013,18.0,2.66,0,0,0,0,1,0,0,0,0,0,0,0,0,1,0,0.398
2013,16.5,4.54,0,0,0,0,1,0,0,0,0,0,0,0,0,1,0,0.339
2013,22.6,20.57,0,0,0,0,0,0,0,0,0,0,0,0,0,1,0,0.445
2013,24.9,1.61,0,0,0,0,1,0,0,0,0,0,0,0,0,1,0,0.328
2013,18.0,2.46,0,0,0,0,1,0,0,0,0,0,0,0,0,1,0,0.31
2013,19.5,4.21,0,0,0,0,0,0,0,0,0,0,0,0,0,1,0,0.323
2013,22.2,0.66,0,0,0,0,0,0,0,0,0,0,0,0,0,1,0,0.372
2013,15.0,2.59,0,0,0,0,1,0,0,0,0,0,0,0,0,1,0,0.407
2013,23.5,1.57,0,0,0,0,0,0,0,0,0,0,0,0,0,1,0,0.337
2013,16.7,1.51,0,0,0,0,1,0,0,0,0,0,0,0,0,1,0,0.296
2013,23.7,1.5,0,0,0,0,1,0,0,0,0,0,0,0,0,1,0,0.362
2013,23.6,0.65,0,0,0,0,1,0,0,0,0,0,0,0,0,1,0,0.462
2013,24.0,2.4,0,0,0,0,0,0,0,0,0,0,0,0,0,1,0,0.236
2013,15.0,1.22,0,0,0,0,1,0,0,0,0,0,0,0,0,1,0,0.343
2013,22.9,4.83,0,0,0,0,1,0,0,0,0,0,0,0,0,1,0,0.36
2013,23.6,2.9,0,0,0,0,0,0,0,0,0,0,0,0,0,1,0,0.289
2013,15.0,2.52,0,0,0,0,0,0,0,0,0,0,0,0,0,1,0,0.336
2013,15.0,1.78,0,0,0,0,0,0,0,0,0,0,0,0,0,1,0,0.227
2013,19.2,15.17,0,0,0,0,0,0,0,0,0,0,0,0,0,1,0,0.391
2013,22.4,0.36,0,0,0,0,0,0,0,0,0,0,0,0,0,1,0,0.215
2013,17.1,7.02,0,0,0,0,0,0,0,0,0,0,0,0,0,1,0,0.316
2013,15.0,1.15,0,0,0,0,1,0,0,0,0,0,0,0,0,1,0,0.378
2013,15.0,3.5,0,0,0,0,1,0,0,0,0,0,0,0,0,1,0,0.266
2013,16.0,1.47,0,0,0,0,1,0,0,0,0,0,0,0,0,1,0,0.327
2013,24.3,1.98,0,0,0,0,0,0,0,0,0,0,0,0,0,1,0,0.359
2013,19.6,30.0,0,0,0,0,0,0,0,0,0,0,0,0,0,1,0,0.312
2013,15.8,2.83,0,0,0,0,0,0,0,0,0,0,0,0,0,1,0,0.343
2013,23.4,2.98,0,0,0,0,1,0,0,0,0,0,0,0,0,1,0,0.412
2013,15.0,0.52,0,0,0,0,1,0,0,0,0,0,0,0,0,1,0,0.339
2013,23.8,0.17,0,0,0,0,1,0,0,0,0,0,0,0,0,1,0,0.348
2013,24.5,5.12,0,0,0,0,1,0,0,0,0,0,0,0,0,1,0,0.323
2013,23.5,3.08,0,0,0,0,0,0,0,0,0,0,0,0,0,1,0,0.234
2013,20.9,0.12,0,0,0,0,0,0,0,0,0,0,0,0,0,1,0,0.302
2013,22.7,1.93,0,0,0,0,1,0,0,0,0,0,0,0,0,1,0,0.333
2013,22.4,5.13,0,0,0,0,1,0,0,0,0,0,0,0,0,1,0,0.334
2013,15.0,0.49,0,0,0,0,0,0,0,0,0,0,0,0,0,1,0,0.399
2013,20.0,0.45,0,0,0,0,0,0,0,0,0,0,0,0,0,1,0,0.382
2013,15.0,3.6,0,0,0,0,1,0,0,0,0,0,0,0,0,1,0,0.274
2013,24.0,1.38,0,0,0,0,0,0,0,0,0,0,0,0,0,1,0,0.264
2013,21.5,1.19,0,0,0,0,1,0,0,0,0,0,0,0,0,1,0,0.385
2013,23.2,2.72,0,0,0,0,1,0,0,0,0,0,0,0,0,1,0,0.294
2013,15.0,3.51,0,0,0,0,0,0,0,0,0,0,0,0,0,1,0,0.272
2013,18.7,0.09,0,0,0,0,1,0,0,0,0,0,0,0,0,1,0,0.378
2013,16.6,5.34,0,0,0,0,0,0,0,0,0,0,0,0,0,1,0,0.352
2013,24.8,2.29,0,0,0,0,1,0,0,0,0,0,0,0,0,1,0,0.27
2013,15.0,1.07,0,0,0,0,1,0,0,0,0,0,0,0,0,1,0,0.376
2013,15.0,4.41,0,0,0,0,0,0,0,0,0,0,0,0,0,1,0,0.314
2013,22.7,1.88,0,0,0,0,1,0,0,0,0,0,0,0,0,1,0,0.32
2013,15.0,1.54,0,0,0,0,1,0,0,0,0,0,0,0,0,1,0,0.313
2013,21.0,1.25,0,0,0,0,0,0,0,0,0,0,0,0,0,1,0,0.304
2013,15.0,1.59,0,0,0,0,1,0,0,0,0,0,0,0,0,1,0,0.321
2013,16.8,1.57,0,0,0,0,1,0,0,0,0,0,0,0,0,1,0,0.322
2013,16.0,4.21,0,0,0,0,0,0,0,0,0,0,0,0,0,1,0,0.322
2013,24.4,0.76,0,0,0,0,0,0,0,0,0,0,0,0,0,1,0,0.334
2013,15.0,2.41,0,0,0,0,1,0,0,0,0,0,0,0,0,1,0,0.273
2013,22.2,0.78,0,0,0,0,1,0,0,0,0,0,0,0,0,1,0,0.399
2013,19.2,0.19,0,0,0,0,0,0,0,0,0,0,0,0,0,1,0,0.306
2013,24.6,1.18,0,0,0,0,0,0,0,0,0,0,0,0,0,1,0,0.277
2013,15.0,2.26,0,0,0,0,0,0,0,0,0,0,0,0,0,1,0,0.242
2013,23.9,2.32,0,0,0,0,1,0,0,0,0,0,0,0,0,1,0,0.22
2013,16.5,3.5,0,0,0,0,1,0,0,0,0,0,0,0,0,1,0,0.301
2013,21.7,3.42,0,0,0,0,0,0,0,0,0,0,0,0,0,1,0,0.301
2013,22.4,1.44,0,0,0,0,0,0,0,0,0,0,0,0,0,1,0,0.25
2013,21.5,1.1,0,0,0,0,1,0,0,0,0,0,0,0,0,1,0,0.419
2013,22.1,6.09,0,0,0,0,1,0,0,0,0,0,0,0,0,1,0,0.308
2013,22.1,0.11,0,0,0,0,1,0,0,0,0,0,0,0,0,1,0,0.23
2013,20.9,1.45,0,0,0,0,1,0,0,0,0,0,0,0,0,1,0,0.28
2013,20.1,3.65,0,0,0,0,1,0,0,0,0,0,0,0,0,1,0,0.311
2013,15.8,1.0,0,0,0,0,0,0,0,0,0,0,0,0,0,1,0,0.329
2013,15.0,0.61,0,0,0,0,0,0,0,0,0,0,0,0,0,1,0,0.357
2013,15.0,1.99,0,0,0,0,0,0,0,0,0,0,0,0,0,1,0,0.274
2013,21.9,4.26,0,0,0,0,0,0,0,0,0,0,0,0,0,1,0,0.312
2013,21.8,0.5,0,0,0,0,1,0,0,0,0,0,0,0,0,1,0,0.365
2013,20.6,2.99,0,0,0,0,1,0,0,0,0,0,0,0,0,1,0,0.289
2013,19.0,1.75,0,0,0,0,1,0,0,0,0,0,0,0,0,1,0,0.262
2013,22.9,4.3,0,0,0,0,0,0,0,0,0,0,0,0,0,1,0,0.307
2013,15.0,2.33,0,0,0,0,0,0,0,0,0,0,0,0,0,1,0,0.278
2013,23.7,0.61,0,0,0,0,1,0,0,0,0,0,0,0,0,1,0,0.435
2013,15.1,1.51,0,0,0,0,0,0,0,0,0,0,0,0,0,1,0,0.294
2013,15.0,2.01,0,0,0,0,0,0,0,0,0,0,0,0,0,1,0,0.285
2013,18.0,0.17,0,0,0,0,0,0,0,0,0,0,0,0,0,1,0,0.313
2013,15.0,6.41,0,0,0,0,1,0,0,0,0,0,0,0,0,1,0,0.336
2013,15.0,1.68,0,0,0,0,1,0,0,0,0,0,0,0,0,1,0,0.349
2013,15.0,8.32,0,0,0,0,1,0,0,0,0,0,0,0,0,1,0,0.279
2013,22.5,1.61,0,0,0,0,1,0,0,0,0,0,0,0,0,1,0,0.337
2013,15.0,2.32,0,0,0,0,1,0,0,0,0,0,0,0,0,1,0,0.278
2013,21.9,13.11,0,0,0,0,1,0,0,0,0,0,0,0,0,1,0,0.424
2013,21.7,1.08,0,0,0,0,1,0,0,0,0,0,0,0,0,1,0,0.418
2013,15.7,3.62,0,0,0,0,1,0,0,0,0,0,0,0,0,1,0,0.351
2013,21.8,3.19,0,0,0,0,1,0,0,0,0,0,0,0,0,1,0,0.252
2013,15.0,1.01,0,0,0,0,0,0,0,0,0,0,0,0,0,1,0,0.27
2013,19.0,3.33,0,0,0,0,1,0,0,0,0,0,0,0,0,1,0,0.317
2013,20.1,4.64,0,0,0,0,1,0,0,0,0,0,0,0,0,1,0,0.341
2013,15.0,1.64,0,0,0,0,1,0,0,0,0,0,0,0,0,1,0,0.351
2013,15.0,1.11,0,0,0,0,1,0,0,0,0,0,0,0,0,1,0,0.39
2013,20.6,1.79,0,0,0,0,0,0,0,0,0,0,0,0,0,1,0,0.194
2013,20.2,0.9,0,0,0,0,0,0,0,0,0,0,0,0,0,1,0,0.341
2013,15.1,0.58,0,0,0,0,1,0,0,0,0,0,0,0,0,1,0,0.352
2013,20.3,3.64,0,0,0,0,1,0,0,0,0,0,0,0,0,1,0,0.299
2013,15.0,1.09,0,0,0,0,1,0,0,0,0,0,0,0,0,1,0,0.402
2013,15.9,0.51,0,0,0,0,1,0,0,0,0,0,0,0,0,1,0,0.49
2013,20.0,0.23,0,0,0,0,1,0,0,0,0,0,0,0,0,1,0,0.336
2013,15.0,1.85,0,0,0,0,0,0,0,0,0,0,0,0,0,1,0,0.244
2013,15.0,3.4,0,0,0,0,1,0,0,0,0,0,0,0,0,1,0,0.266
2013,19.7,1.97,0,0,0,0,0,0,0,0,0,0,0,0,0,1,0,0.386
2013,15.0,8.41,0,0,0,0,1,0,0,0,0,0,0,0,0,1,0,0.279
2013,15.0,1.57,0,0,0,0,1,0,0,0,0,0,0,0,0,1,0,0.311
2013,15.6,24.04,0,0,0,0,1,0,0,0,0,0,0,0,0,1,0,0.432
2013,16.3,2.69,0,0,0,0,0,0,0,0,0,0,0,0,0,1,0,0.355
2013,15.0,0.35,0,0,0,0,0,0,0,0,0,0,0,0,0,1,0,0.273
2013,22.4,3.99,0,0,0,0,0,0,0,0,0,0,0,0,0,1,0,0.339
2013,19.6,30.0,0,0,0,0,0,0,0,0,0,0,0,0,0,1,0,0.312
2013,19.7,1.85,0,0,0,0,0,0,0,0,0,0,0,0,0,1,0,0.266
2013,15.8,1.3,0,0,0,0,1,0,0,0,0,0,0,0,0,1,0,0.338
2013,20.0,30.0,0,0,0,0,0,0,0,0,0,0,0,0,0,1,0,0.308
2013,15.0,13.95,0,0,0,0,1,0,0,0,0,0,0,0,0,1,0,0.264
2013,22.6,2.58,0,0,0,0,1,0,0,0,0,0,0,0,0,1,0,0.339
2013,15.0,2.27,0,0,0,0,0,0,0,0,0,0,0,0,0,1,0,0.272
2013,20.4,6.6,0,0,0,0,1,0,0,0,0,0,0,0,0,1,0,0.352
2013,20.8,18.11,0,0,0,0,1,0,0,0,0,0,0,0,0,1,0,0.378
2013,20.2,4.32,0,0,0,0,1,0,0,0,0,0,0,0,0,1,0,0.337
2013,22.5,1.55,0,0,0,0,0,0,0,0,0,0,0,0,0,1,0,0.302
2013,23.3,1.98,0,0,0,0,0,0,0,0,0,0,0,0,0,1,0,0.3
2013,19.2,1.78,0,0,0,0,1,0,0,0,0,0,0,0,0,1,0,0.239
2013,17.2,4.43,0,0,0,0,1,0,0,0,0,0,0,0,0,1,0,0.321
2013,18.3,2.4,0,0,0,0,1,0,0,0,0,0,0,0,0,1,0,0.307
2013,15.0,2.69,0,0,0,0,1,0,0,0,0,0,0,0,0,1,0,0.384
2013,19.4,0.28,0,0,0,0,1,0,0,0,0,0,0,0,0,1,0,0.382
2013,15.0,8.37,0,0,0,0,1,0,0,0,0,0,0,0,0,1,0,0.279
2013,18.2,2.18,0,0,0,0,0,0,0,0,0,0,0,0,0,1,0,0.29
2013,17.2,2.1,0,0,0,0,0,0,0,0,0,0,0,0,0,1,0,0.295
2013,15.0,0.05,0,0,0,0,0,0,0,0,0,0,0,0,0,1,0,0.329
2013,21.5,2.11,0,0,0,0,1,0,0,0,0,0,0,0,0,1,0,0.388
2013,22.6,3.29,0,0,0,0,0,0,0,0,0,0,0,0,0,1,0,0.243
2013,15.0,6.92,0,0,0,0,1,0,0,0,0,0,0,0,0,1,0,0.28
2013,15.0,3.79,0,0,0,0,1,0,0,0,0,0,0,0,0,1,0,0.29
2013,15.0,1.22,0,0,0,0,1,0,0,0,0,0,0,0,0,1,0,0.343
2013,16.7,2.39,0,0,0,0,0,0,0,0,0,0,0,0,0,1,0,0.285
2013,15.0,2.87,0,0,0,0,0,0,0,0,0,0,0,0,0,1,0,0.3
2013,22.6,22.69,0,0,0,0,1,0,0,0,0,0,0,0,0,1,0,0.3
2013,15.0,0.25,0,0,0,0,1,0,0,0,0,0,0,0,0,1,0,0.326
2013,22.9,1.52,0,0,0,0,0,0,0,0,0,0,0,0,0,1,0,0.358
2013,19.9,2.06,0,0,0,0,1,0,0,0,0,0,0,0,0,1,0,0.363
2013,22.1,2.11,0,0,0,0,0,0,0,0,0,0,0,0,0,1,0,0.337
2013,24.9,2.58,0,0,0,0,0,0,0,0,0,0,0,0,0,1,0,0.19
2013,19.3,7.46,0,0,0,0,1,0,0,0,0,0,0,0,0,1,0,0.362
2013,15.0,11.4,0,0,0,0,1,0,0,0,0,0,0,0,0,1,0,0.279
2013,24.9,1.12,0,0,0,0,0,0,0,0,0,0,0,0,0,1,0,0.283
2013,22.7,5.65,0,0,0,0,1,0,0,0,0,0,0,0,0,1,0,0.324
2013,19.4,4.53,0,0,0,0,1,0,0,0,0,0,0,0,0,1,0,0.333
2013,22.2,2.63,0,0,0,0,1,0,0,0,0,0,0,0,0,1,0,0.383
2013,16.1,1.59,0,0,0,0,0,0,0,0,0,0,0,0,0,1,0,0.32
2013,24.4,1.55,0,0,0,0,1,0,0,0,0,0,0,0,0,1,0,0.351
2013,15.0,1.9,0,0,0,0,1,0,0,0,0,0,0,0,0,1,0,0.244
2013,15.0,13.9,0,0,0,0,1,0,0,0,0,0,0,0,0,1,0,0.264
2013,15.0,0.59,0,0,0,0,1,0,0,0,0,0,0,0,0,1,0,0.349
2013,20.0,0.1,0,0,0,0,1,0,0,0,0,0,0,0,0,1,0,0.338
2013,15.0,1.18,0,0,0,0,0,0,0,0,0,0,0,0,0,1,0,0.331
2013,24.5,1.55,0,0,0,0,1,0,0,0,0,0,0,0,0,1,0,0.345
2013,15.0,1.29,0,0,0,0,1,0,0,0,0,0,0,0,0,1,0,0.291
2013,15.0,0.7,0,0,0,0,0,0,0,0,0,0,0,0,0,1,0,0.358
2013,22.1,1.1,0,0,0,0,0,0,0,0,0,0,0,0,0,1,0,0.376
2013,19.0,3.81,0,0,0,0,1,0,0,0,0,0,0,0,0,1,0,0.338
2013,18.8,0.63,0,0,0,0,1,0,0,0,0,0,0,0,0,1,0,0.353
2013,21.4,0.05,0,0,0,0,0,0,0,0,0,0,0,0,0,1,0,0.203
2013,21.4,5.98,0,0,0,0,1,0,0,0,0,0,0,0,0,1,0,0.322
2013,15.0,1.16,0,0,0,0,1,0,0,0,0,0,0,0,0,1,0,0.378
2013,22.5,1.96,0,0,0,0,0,0,0,0,0,0,0,0,0,1,0,0.387
2013,20.6,5.84,0,0,0,0,1,0,0,0,0,0,0,0,0,1,0,0.281
2013,23.8,1.37,0,0,0,0,1,0,0,0,0,0,0,0,0,1,0,0.309
2013,15.0,2.31,0,0,0,0,0,0,0,0,0,0,0,0,0,1,0,0.278
2013,15.0,2.58,0,0,0,0,0,0,0,0,0,0,0,0,0,1,0,0.397
2013,17.9,0.7,0,0,0,0,1,0,0,0,0,0,0,0,0,1,0,0.353
2013,15.0,1.3,0,0,0,0,0,0,0,0,0,0,0,0,0,1,0,0.291
2013,23.9,4.1,0,0,0,0,1,0,0,0,0,0,0,0,0,1,0,0.222
2013,15.0,0.61,0,0,0,0,1,0,0,0,0,0,0,0,0,1,0,0.357
2013,15.0,0.91,0,0,0,0,1,0,0,0,0,0,0,0,0,1,0,0.389
2013,22.1,3.31,0,0,0,0,0,0,0,0,0,0,0,0,0,1,0,0.261
2013,19.3,9.69,0,0,0,0,0,0,0,0,0,0,0,0,0,1,0,0.333
2013,15.0,0.42,0,0,0,0,0,0,0,0,0,0,0,0,0,1,0,0.293
2013,15.0,2.33,0,0,0,0,0,0,0,0,0,0,0,0,0,1,0,0.278
2013,15.0,0.79,0,0,0,0,1,0,0,0,0,0,0,0,0,1,0,0.339
2013,15.0,0.05,0,0,0,0,1,0,0,0,0,0,0,0,0,1,0,0.329
2013,22.7,0.1,0,0,0,0,1,0,0,0,0,0,0,0,0,1,0,0.294
2013,18.0,6.08,0,0,0,0,0,0,0,0,0,0,0,0,0,1,0,0.278
2013,24.2,1.04,0,0,0,0,1,0,0,0,0,0,0,0,0,1,0,0.39
2013,22.8,30.0,0,0,0,0,0,0,0,0,0,0,0,0,0,1,0,0.359
2013,24.5,1.4,0,0,0,0,1,0,0,0,0,0,0,0,0,1,0,0.304
2013,18.0,2.28,0,0,0,0,0,0,0,0,0,0,0,0,0,1,0,0.27
2013,23.8,0.65,0,0,0,0,0,0,0,0,0,0,0,0,0,1,0,0.329
2013,23.5,0.62,0,0,0,0,1,0,0,0,0,0,0,0,0,1,0,0.393
2013,15.0,0.05,0,0,0,0,1,0,0,0,0,0,0,0,0,1,0,0.329
2013,22.0,5.58,0,0,0,0,0,0,0,0,0,0,0,0,0,1,0,0.363
2013,22.9,4.01,0,0,0,0,1,0,0,0,0,0,0,0,0,1,0,0.35
2013,22.1,0.91,0,0,0,0,0,0,0,0,0,0,0,0,0,1,0,0.366
2013,15.0,1.2,0,0,0,0,0,0,0,0,0,0,0,0,0,1,0,0.343
2013,21.0,2.04,0,0,0,0,1,0,0,0,0,0,0,0,0,1,0,0.338
2013,22.4,1.71,0,0,0,0,1,0,0,0,0,0,0,0,0,1,0,0.331
2013,15.0,2.09,0,0,0,0,1,0,0,0,0,0,0,0,0,1,0,0.299
2013,24.8,16.0,0,0,0,0,0,0,0,0,0,0,0,0,0,1,0,0.252
2013,15.0,0.71,0,0,0,0,0,0,0,0,0,0,0,0,0,1,0,0.35
2013,16.5,1.79,0,0,0,0,0,0,0,0,0,0,0,0,0,1,0,0.242
2013,23.8,2.19,0,0,0,0,0,0,0,0,0,0,0,0,0,1,0,0.286
2013,15.0,0.94,0,0,0,0,1,0,0,0,0,0,0,0,0,1,0,0.369
2013,19.2,6.76,0,0,0,0,1,0,0,0,0,0,0,0,0,1,0,0.366
2013,24.3,1.28,0,0,0,0,1,0,0,0,0,0,0,0,0,1,0,0.371
2013,24.3,3.77,0,0,0,0,1,0,0,0,0,0,0,0,0,1,0,0.294
2013,17.9,1.69,0,0,0,0,1,0,0,0,0,0,0,0,0,1,0,0.338
2013,15.0,0.34,0,0,0,0,0,0,0,0,0,0,0,0,0,1,0,0.273
2013,24.6,0.27,0,0,0,0,0,0,0,0,0,0,0,0,0,1,0,0.163
2013,22.8,0.35,0,0,0,0,0,0,0,0,0,0,0,0,0,1,0,0.241
2013,19.8,2.13,0,0,0,0,1,0,0,0,0,0,0,0,0,1,0,0.353
2013,16.1,1.14,0,0,0,0,1,0,0,0,0,0,0,0,0,1,0,0.368
2013,22.1,3.16,0,0,0,0,0,0,0,0,0,0,0,0,0,1,0,0.255
2013,21.9,1.35,0,0,0,0,1,0,0,0,0,0,0,0,0,1,0,0.293
2013,19.4,2.97,0,0,0,0,1,0,0,0,0,0,0,0,0,1,0,0.421
2013,22.3,1.2,0,0,0,0,0,0,0,0,0,0,0,0,0,1,0,0.358
2013,19.4,1.04,0,0,0,0,1,0,0,0,0,0,0,0,0,1,0,0.383
2013,15.0,2.88,0,0,0,0,0,0,0,0,0,0,0,0,0,1,0,0.3
2013,23.8,7.84,0,0,0,0,1,0,0,0,0,0,0,0,0,1,0,0.355
2013,23.4,2.08,0,0,0,0,0,0,0,0,0,0,0,0,0,1,0,0.297
2013,15.7,0.72,0,0,0,0,0,0,0,0,0,0,0,0,0,1,0,0.433
2013,15.0,2.07,0,0,0,0,1,0,0,0,0,0,0,0,0,1,0,0.299
2013,15.7,1.87,0,0,0,0,1,0,0,0,0,0,0,0,0,1,0,0.32
2013,24.8,0.29,0,0,0,0,1,0,0,0,0,0,0,0,0,1,0,0.257
2013,22.0,1.27,0,0,0,0,0,0,0,0,0,0,0,0,0,1,0,0.301
2013,19.8,6.77,0,0,0,0,1,0,0,0,0,0,0,0,0,1,0,0.359
2013,20.8,9.5,0,0,0,0,1,0,0,0,0,0,0,0,0,1,0,0.256
2013,18.8,0.07,0,0,0,0,0,0,0,0,0,0,0,0,0,1,0,0.302
2013,22.9,0.65,0,0,0,0,1,0,0,0,0,0,0,0,0,1,0,0.441
2013,24.8,0.23,0,0,0,0,0,0,0,0,0,0,0,0,0,1,0,0.185
2013,21.0,1.66,0,0,0,0,1,0,0,0,0,0,0,0,0,1,0,0.345
2013,23.9,2.64,0,0,0,0,1,0,0,0,0,0,0,0,0,1,0,0.249
2013,24.6,2.61,0,0,0,0,1,0,0,0,0,0,0,0,0,1,0,0.254
2013,20.7,8.94,0,0,0,0,0,0,0,0,0,0,0,0,0,1,0,0.253
2013,20.5,1.43,0,0,0,0,0,0,0,0,0,0,0,0,0,1,0,0.292
2013,24.8,2.82,0,0,0,0,0,0,0,0,0,0,0,0,0,1,0,0.206
2013,17.1,3.78,0,0,0,0,0,0,0,0,0,0,0,0,0,1,0,0.333
2013,17.8,2.28,0,0,0,0,1,0,0,0,0,0,0,0,0,1,0,0.272
2013,15.0,13.23,0,0,0,0,0,0,0,0,0,0,0,0,0,1,0,0.309
2013,15.0,8.39,0,0,0,0,0,0,0,0,0,0,0,0,0,1,0,0.279
2013,18.8,0.49,0,0,0,0,0,0,0,0,0,0,0,0,0,1,0,0.382
2013,16.3,29.18,0,0,0,0,0,0,0,0,0,0,0,0,0,1,1,0.545
2013,20.6,1.05,0,0,0,0,0,0,0,0,0,0,0,0,0,1,0,0.357
2013,24.2,4.01,0,0,0,0,1,0,0,0,0,0,0,0,0,1,0,0.352
2013,15.0,5.59,0,0,0,0,1,0,0,0,0,0,0,0,0,1,0,0.352
2013,20.4,0.75,0,0,0,0,1,0,0,0,0,0,0,0,0,1,0,0.368
2013,23.0,2.62,0,0,0,0,0,0,0,0,0,0,0,0,0,1,0,0.231
2013,15.0,3.57,0,0,0,0,1,0,0,0,0,0,0,0,0,1,0,0.274
2013,21.8,1.17,0,0,0,0,0,0,0,0,0,0,0,0,0,1,0,0.37
2013,15.1,4.77,0,0,0,0,0,0,0,0,0,0,0,0,0,1,0,0.273
2013,20.2,0.76,0,0,0,0,0,0,0,0,0,0,0,0,0,1,0,0.325
2013,15.0,1.77,0,0,0,0,1,0,0,0,0,0,0,0,0,1,0,0.227
2013,24.9,2.05,0,0,0,0,1,0,0,0,0,0,0,0,0,1,0,0.273
2013,16.8,2.19,0,0,0,0,1,0,0,0,0,0,0,0,0,1,0,0.333
2013,22.7,4.81,0,0,0,0,1,0,0,0,0,0,0,0,0,1,0,0.354
2013,21.9,0.98,0,0,0,0,0,0,0,0,0,0,0,0,0,1,0,0.29
2013,15.0,2.09,0,0,0,0,1,0,0,0,0,0,0,0,0,1,0,0.299
2013,15.0,0.98,0,0,0,0,1,0,0,0,0,0,0,0,0,1,0,0.253
2013,23.7,0.08,0,0,0,0,1,0,0,0,0,0,0,0,0,1,0,0.477
2013,15.0,2.02,0,0,0,0,1,0,0,0,0,0,0,0,0,1,0,0.285
2013,22.3,3.71,0,0,0,0,0,0,0,0,0,0,0,0,0,1,0,0.308
2013,15.0,5.83,0,0,0,0,1,0,0,0,0,0,0,0,0,1,0,0.32
2013,20.3,15.17,0,0,0,0,1,0,0,0,0,0,0,0,0,1,0,0.371
2013,24.2,3.51,0,0,0,0,0,0,0,0,0,0,0,0,0,1,0,0.28
2013,20.6,3.55,0,0,0,0,1,0,0,0,0,0,0,0,0,1,0,0.244
2013,24.3,0.21,0,0,0,0,0,0,0,0,0,0,0,0,0,1,0,0.221
2013,18.2,4.17,0,0,0,0,1,0,0,0,0,0,0,0,0,1,0,0.345
2013,21.3,0.32,0,0,0,0,1,0,0,0,0,0,0,0,0,1,0,0.218
2013,15.0,1.41,0,0,0,0,1,0,0,0,0,0,0,0,0,1,0,0.271
2013,22.7,0.79,0,0,0,0,0,0,0,0,0,0,0,0,0,1,0,0.334
2013,15.0,1.43,0,0,0,0,1,0,0,0,0,0,0,0,0,1,0,0.271
2013,17.2,0.3,0,0,0,0,1,0,0,0,0,0,0,0,0,1,0,0.317
2013,23.8,9.29,0,0,0,0,0,0,0,0,0,0,0,0,0,1,0,0.228
2013,15.0,1.09,0,0,0,0,0,0,0,0,0,0,0,0,0,1,0,0.402
2013,16.7,1.17,0,0,0,0,0,0,0,0,0,0,0,0,0,1,0,0.336
2013,15.0,4.99,0,0,0,0,0,0,0,0,0,0,0,0,0,1,0,0.266
2013,17.2,1.07,0,0,0,0,0,0,0,0,0,0,0,0,0,1,0,0.333
2013,20.9,4.36,0,0,0,0,0,0,0,0,0,0,0,0,0,1,0,0.32
2013,21.5,3.11,0,0,0,0,0,0,0,0,0,0,0,0,0,1,0,0.279
2013,17.4,3.2,0,0,0,0,1,0,0,0,0,0,0,0,0,1,0,0.241
2013,23.1,13.35,0,0,0,0,1,0,0,0,0,0,0,0,0,1,0,0.422
2013,20.7,5.87,0,0,0,0,1,0,0,0,0,0,0,0,0,1,0,0.296
2013,23.8,1.11,0,0,0,0,0,0,0,0,0,0,0,0,0,1,0,0.345
2013,17.1,0.79,0,0,0,0,1,0,0,0,0,0,0,0,0,1,0,0.375
2013,15.0,0.69,0,0,0,0,1,0,0,0,0,0,0,0,0,1,0,0.358
2013,15.0,1.01,0,0,0,0,1,0,0,0,0,0,0,0,0,1,0,0.27
2013,24.6,0.19,0,0,0,0,0,0,0,0,0,0,0,0,0,1,0,0.178
2013,15.0,3.24,0,0,0,0,0,0,0,0,0,0,0,0,0,1,0,0.263
2013,21.1,0.65,0,0,0,0,1,0,0,0,0,0,0,0,0,1,0,0.367
2013,16.8,0.2,0,0,0,0,1,0,0,0,0,0,0,0,0,1,0,0.353
2013,24.3,4.76,0,0,0,0,0,0,0,0,0,0,0,0,0,1,0,0.379
2013,22.6,7.68,0,0,0,0,0,0,0,0,0,0,0,0,0,1,0,0.218
2013,21.9,1.33,0,0,0,0,0,0,0,0,0,0,0,0,0,1,0,0.298
2013,18.9,2.35,0,0,0,0,1,0,0,0,0,0,0,0,0,1,0,0.301
2013,23.4,14.22,0,0,0,0,1,0,0,0,0,0,0,0,0,1,0,0.363
2013,24.3,1.55,0,0,0,0,0,0,0,0,0,0,0,0,0,1,0,0.38
2013,17.1,1.82,0,0,0,0,1,0,0,0,0,0,0,0,0,1,0,0.282
2013,18.8,1.48,0,0,0,0,1,0,0,0,0,0,0,0,0,1,0,0.309
2013,15.0,1.01,0,0,0,0,0,0,0,0,0,0,0,0,0,1,0,0.27
2013,15.0,2.71,0,0,0,0,1,0,0,0,0,0,0,0,0,1,0,0.367
2013,15.0,0.2,0,0,0,0,1,0,0,0,0,0,0,0,0,1,0,0.412
2013,24.1,1.56,0,0,0,0,0,0,0,0,0,0,0,0,0,1,0,0.279
2013,18.2,2.91,0,0,0,0,0,0,0,0,0,0,0,0,0,1,0,0.319
2013,15.0,24.81,0,0,0,0,1,0,0,0,0,0,0,0,0,1,0,0.272
2013,24.4,8.06,0,0,0,0,1,0,0,0,0,0,0,0,0,1,0,0.307
2013,24.8,0.45,0,0,0,0,1,0,0,0,0,0,0,0,0,1,0,0.314
2013,20.7,5.94,0,0,0,0,0,0,0,0,0,0,0,0,0,1,0,0.279
2013,15.0,1.17,0,0,0,0,1,0,0,0,0,0,0,0,0,1,0,0.378
2013,22.3,1.54,0,0,0,0,0,0,0,0,0,0,0,0,0,1,0,0.313
2013,16.4,1.4,0,0,0,0,1,0,0,0,0,0,0,0,0,1,0,0.261
2013,15.0,3.93,0,0,0,0,1,0,0,0,0,0,0,0,0,1,0,0.397
2013,16.5,1.99,0,0,0,0,1,0,0,0,0,0,0,0,0,1,0,0.332
2013,19.0,2.68,0,0,0,0,1,0,0,0,0,0,0,0,0,1,0,0.409
2013,15.0,0.61,0,0,0,0,0,0,0,0,0,0,0,0,0,1,0,0.357
2013,20.6,0.08,0,0,0,0,1,0,0,0,0,0,0,0,0,1,0,0.264
2013,20.9,0.2,0,0,0,0,0,0,0,0,0,0,0,0,0,1,0,0.3
2013,15.0,1.83,0,0,0,0,1,0,0,0,0,0,0,0,0,1,0,0.223
2013,22.0,6.21,0,0,0,0,1,0,0,0,0,0,0,0,0,1,0,0.305
2013,20.3,3.94,0,0,0,0,0,0,0,0,0,0,0,0,0,1,0,0.394
2013,19.6,9.43,0,0,0,0,1,0,0,0,0,0,0,0,0,1,0,0.256
2013,15.0,5.4,0,0,0,0,1,0,0,0,0,0,0,0,0,1,0,0.327
2013,15.0,4.59,0,0,0,0,1,0,0,0,0,0,0,0,0,1,0,0.299
2013,15.4,1.55,0,0,0,0,1,0,0,0,0,0,0,0,0,1,0,0.324
2013,17.1,2.18,0,0,0,0,1,0,0,0,0,0,0,0,0,1,0,0.35
2013,15.0,18.53,0,0,0,0,1,0,0,0,0,0,0,0,0,1,0,0.419
2013,19.5,19.29,0,0,0,0,0,0,0,0,0,0,0,0,0,1,0,0.438
2013,23.1,0.1,0,0,0,0,0,0,0,0,0,0,0,0,0,1,0,0.362
2013,20.0,5.97,0,0,0,0,1,0,0,0,0,0,0,0,0,1,0,0.318
2013,18.3,2.3,0,0,0,0,0,0,0,0,0,0,0,0,0,1,0,0.3
2013,20.7,0.9,0,0,0,0,0,0,0,0,0,0,0,0,0,1,0,0.347
2013,22.3,1.17,0,0,0,0,1,0,0,0,0,0,0,0,0,1,0,0.387
2013,15.0,1.1,0,0,0,0,1,0,0,0,0,0,0,0,0,1,0,0.39
2013,24.6,2.26,0,0,0,0,0,0,0,0,0,0,0,0,0,1,0,0.227
2013,19.4,1.51,0,0,0,0,0,0,0,0,0,0,0,0,0,1,0,0.323
2013,20.5,2.94,0,0,0,0,1,0,0,0,0,0,0,0,0,1,0,0.432
2013,15.0,1.39,0,0,0,0,1,0,0,0,0,0,0,0,0,1,0,0.26
2013,18.7,2.8,0,0,0,0,1,0,0,0,0,0,0,0,0,1,0,0.347
2013,21.6,5.05,0,0,0,0,0,0,0,0,0,0,0,0,0,1,0,0.342
2013,17.9,0.62,0,0,0,0,0,0,0,0,0,0,0,0,0,1,0,0.332
2013,22.8,6.97,0,0,0,0,1,0,0,0,0,0,0,0,0,1,0,0.39
2013,20.5,0.64,0,0,0,0,1,0,0,0,0,0,0,0,0,1,0,0.398
2013,23.7,30.0,0,0,0,0,1,0,0,0,0,0,0,0,0,1,0,0.449
2013,22.9,1.82,0,0,0,0,1,0,0,0,0,0,0,0,0,1,0,0.282
2013,19.9,3.06,0,0,0,0,1,0,0,0,0,0,0,0,0,1,0,0.289
2013,23.9,1.38,0,0,0,0,1,0,0,0,0,0,0,0,0,1,0,0.242
2013,21.2,1.17,0,0,0,0,1,0,0,0,0,0,0,0,0,1,0,0.41
2013,20.9,2.98,0,0,0,0,1,0,0,0,0,0,0,0,0,1,0,0.405
2013,19.7,2.49,0,0,0,0,0,0,0,0,0,0,0,0,0,1,0,0.321
2013,24.1,12.32,0,0,0,0,0,0,0,0,0,0,0,0,0,1,0,0.198
2013,20.1,1.27,0,0,0,0,1,0,0,0,0,0,0,0,0,1,0,0.328
2013,23.1,1.42,0,0,0,0,0,0,0,0,0,0,0,0,0,1,0,0.243
2013,24.7,0.25,0,0,0,0,0,0,0,0,0,0,0,0,0,1,0,0.162
2013,17.4,0.79,0,0,0,0,1,0,0,0,0,0,0,0,0,1,0,0.291
2013,15.0,1.05,0,0,0,0,1,0,0,0,0,0,0,0,0,1,0,0.365
2013,21.6,3.23,0,0,0,0,0,0,0,0,0,0,0,0,0,1,0,0.284
2013,23.3,4.86,0,0,0,0,0,0,0,0,0,0,0,0,0,1,0,0.289
2013,18.6,0.63,0,0,0,0,1,0,0,0,0,0,0,0,0,1,0,0.323
2013,24.8,1.06,0,0,0,0,0,0,0,0,0,0,0,0,0,1,0,0.329
2013,21.6,1.43,0,0,0,0,0,0,0,0,0,0,0,0,0,1,0,0.314
2013,15.0,10.28,0,0,0,0,1,0,0,0,0,0,0,0,0,1,0,0.265
2013,17.9,9.14,0,0,0,0,0,0,0,0,0,0,0,0,0,1,0,0.246
2013,15.0,4.7,0,0,0,0,1,0,0,0,0,0,0,0,0,1,0,0.324
2013,22.8,1.02,0,0,0,0,1,0,0,0,0,0,0,0,0,1,0,0.313
2013,24.7,7.35,0,0,0,0,1,0,0,0,0,0,0,0,0,1,0,0.375
2013,24.9,1.94,0,0,0,0,0,0,0,0,0,0,0,0,0,1,0,0.264
2013,21.4,6.15,0,0,0,0,0,0,0,0,0,0,0,0,0,1,0,0.329
2013,15.0,1.91,0,0,0,0,0,0,0,0,0,0,0,0,0,1,0,0.244
2013,24.2,2.81,0,0,0,0,0,0,0,0,0,0,0,0,0,1,0,0.296
2013,21.8,30.0,0,0,0,0,1,0,0,0,0,0,0,0,0,1,0,0.302
2013,22.6,1.0,0,0,0,0,1,0,0,0,0,0,0,0,0,1,0,0.241
2013,22.6,2.95,0,0,0,0,0,0,0,0,0,0,0,0,0,1,0,0.364
2013,15.0,0.65,0,0,0,0,1,0,0,0,0,0,0,0,0,1,0,0.377
2013,20.0,0.72,0,0,0,0,0,0,0,0,0,0,0,0,0,1,0,0.362
2013,15.0,2.5,0,0,0,0,1,0,0,0,0,0,0,0,0,1,0,0.336
2013,20.6,3.12,0,0,0,0,0,0,0,0,0,0,0,0,0,1,0,0.229
2013,15.0,0.49,0,0,0,0,1,0,0,0,0,0,0,0,0,1,0,0.399
2013,21.5,0.92,0,0,0,0,1,0,0,0,0,0,0,0,0,1,0,0.371
2013,21.7,1.98,0,0,0,0,1,0,0,0,0,0,0,0,0,1,0,0.443
2013,15.0,1.74,0,0,0,0,0,0,0,0,0,0,0,0,0,1,0,0.263
2013,19.3,2.24,0,0,0,0,0,0,0,0,0,0,0,0,0,1,0,0.276
2013,23.6,0.11,0,0,0,0,0,0,0,0,0,0,0,0,0,1,0,0.373
2013,21.5,0.73,0,0,0,0,1,0,0,0,0,0,0,0,0,1,0,0.394
2013,16.3,5.52,0,0,0,0,0,0,0,0,0,0,0,0,0,1,0,0.295
2013,23.6,2.2,0,0,0,0,0,0,0,0,0,0,0,0,0,1,0,0.348
2013,15.0,1.18,0,0,0,0,1,0,0,0,0,0,0,0,0,1,0,0.331
2013,20.9,1.11,0,0,0,0,1,0,0,0,0,0,0,0,0,1,0,0.427
2013,22.8,2.32,0,0,0,0,0,0,0,0,0,0,0,0,0,1,0,0.279
2013,22.8,1.21,0,0,0,0,0,0,0,0,0,0,0,0,0,1,0,0.348
2013,15.0,1.3,0,0,0,0,1,0,0,0,0,0,0,0,0,1,0,0.291
2013,22.2,2.25,0,0,0,0,0,0,0,0,0,0,0,0,0,1,0,0.252
2013,15.0,2.57,0,0,0,0,1,0,0,0,0,0,0,0,0,1,0,0.397
2013,20.5,1.57,0,0,0,0,1,0,0,0,0,0,0,0,0,1,0,0.327
2013,23.8,3.64,0,0,0,0,1,0,0,0,0,0,0,0,0,1,0,0.242
2013,24.7,10.84,0,0,0,0,1,0,0,0,0,0,0,0,0,1,0,0.257
2013,15.0,1.62,0,0,0,0,1,0,0,0,0,0,0,0,0,1,0,0.334
2013,16.0,0.05,0,0,0,0,0,0,0,0,0,0,0,0,0,1,0,0.182
2013,15.0,8.26,0,0,0,0,1,0,0,0,0,0,0,0,0,1,0,0.285
2013,21.9,0.13,0,0,0,0,0,0,0,0,0,0,0,0,0,1,0,0.239
2013,24.7,1.29,0,0,0,0,1,0,0,0,0,0,0,0,0,1,0,0.295
2013,22.4,1.25,0,0,0,0,0,0,0,0,0,0,0,0,0,1,0,0.32
2013,24.5,6.34,0,0,0,0,1,0,0,0,0,0,0,0,0,1,0,0.328
2013,15.0,0.42,0,0,0,0,1,0,0,0,0,0,0,0,0,1,0,0.293
2013,15.0,0.92,0,0,0,0,0,0,0,0,0,0,0,0,0,1,0,0.389
2013,17.1,5.01,0,0,0,0,0,0,0,0,0,0,0,0,0,1,0,0.341
2013,19.5,1.62,0,0,0,0,1,0,0,0,0,0,0,0,0,1,0,0.335
2013,22.0,1.45,0,0,0,0,1,0,0,0,0,0,0,0,0,1,0,0.258
2013,23.1,0.14,0,0,0,0,1,0,0,0,0,0,0,0,0,1,0,0.342
2013,16.5,0.05,0,0,0,0,0,0,0,0,0,0,0,0,0,1,0,0.153
2013,20.0,3.09,0,0,0,0,0,0,0,0,0,0,0,0,0,1,0,0.278
2013,15.8,0.05,0,0,0,0,0,0,0,0,0,0,0,0,0,1,0,0.309
2013,16.9,4.6,0,0,0,0,0,0,0,0,0,0,0,0,0,1,0,0.321
2013,23.5,2.86,0,0,0,0,0,0,0,0,0,0,0,0,0,1,0,0.278
2013,17.8,1.17,0,0,0,0,1,0,0,0,0,0,0,0,0,1,0,0.344
2013,24.4,5.77,0,0,0,0,1,0,0,0,0,0,0,0,0,1,0,0.353
2013,21.5,0.77,0,0,0,0,1,0,0,0,0,0,0,0,0,1,0,0.39
2013,15.0,2.45,0,0,0,0,1,0,0,0,0,0,0,0,0,1,0,0.312
2013,15.0,11.97,0,0,0,0,1,0,0,0,0,0,0,0,0,1,0,0.242
2013,19.6,6.36,0,0,0,0,1,0,0,0,0,0,0,0,0,1,0,0.314
2013,23.2,0.07,0,0,0,0,0,0,0,0,0,0,0,0,0,1,0,0.216
2013,23.8,1.26,0,0,0,0,1,0,0,0,0,0,0,0,0,1,0,0.315
2013,15.0,0.12,0,0,0,0,1,0,0,0,0,0,0,0,0,1,0,0.359
2013,24.1,1.94,0,0,0,0,0,0,0,0,0,0,0,0,0,1,0,0.254
2013,17.0,3.02,0,0,0,0,0,0,0,0,0,0,0,0,0,1,0,0.271
2013,15.0,1.23,0,0,0,0,1,0,0,0,0,0,0,0,0,1,0,0.346
2013,22.0,0.25,0,0,0,0,0,0,0,0,0,0,0,0,0,1,0,0.209
2013,15.0,8.44,0,0,0,0,0,0,0,0,0,0,0,0,0,1,0,0.278
2013,15.0,1.21,0,0,0,0,0,0,0,0,0,0,0,0,0,1,0,0.343
2013,17.7,1.72,0,0,0,0,1,0,0,0,0,0,0,0,0,1,0,0.339
2013,19.6,3.52,0,0,0,0,0,0,0,0,0,0,0,0,0,1,0,0.282
2013,20.7,1.46,0,0,0,0,1,0,0,0,0,0,0,0,0,1,0,0.327
2013,15.0,6.43,0,0,0,0,1,0,0,0,0,0,0,0,0,1,0,0.336
2013,15.0,3.3,0,0,0,0,1,0,0,0,0,0,0,0,0,1,0,0.266
2013,15.0,1.0,0,0,0,0,1,0,0,0,0,0,0,0,0,1,0,0.269
2013,15.0,1.32,0,0,0,0,0,0,0,0,0,0,0,0,0,1,0,0.288
2013,15.0,1.6,0,0,0,0,1,0,0,0,0,0,0,0,0,1,0,0.321
2013,23.3,1.04,0,0,0,0,0,0,0,0,0,0,0,0,0,1,0,0.329
2013,21.5,12.05,0,0,0,0,0,0,0,0,0,0,0,0,0,1,0,0.225
2013,15.0,3.52,0,0,0,0,1,0,0,0,0,0,0,0,0,1,0,0.272
2013,21.7,0.79,0,0,0,0,1,0,0,0,0,0,0,0,0,1,0,0.402
2013,15.0,0.64,0,0,0,0,1,0,0,0,0,0,0,0,0,1,0,0.377
2013,20.9,2.72,0,0,0,0,1,0,0,0,0,0,0,0,0,1,0,0.351
2013,20.7,5.04,0,0,0,0,1,0,0,0,0,0,0,0,0,1,0,0.297
2013,16.8,3.97,0,0,0,0,1,0,0,0,0,0,0,0,0,1,0,0.428
2013,17.4,3.1,0,0,0,0,0,0,0,0,0,0,0,0,0,1,0,0.233
2013,23.1,2.47,0,0,0,0,0,0,0,0,0,0,0,0,0,1,0,0.249
2013,22.7,4.74,0,0,0,0,1,0,0,0,0,0,0,0,0,1,0,0.358
2013,22.7,2.81,0,0,0,0,0,0,0,0,0,0,0,0,0,1,0,0.27
2013,18.8,1.22,0,0,0,0,1,0,0,0,0,0,0,0,0,1,0,0.352
2013,20.9,0.66,0,0,0,0,0,0,0,0,0,0,0,0,0,1,0,0.38
2013,24.2,7.82,0,0,0,0,1,0,0,0,0,0,0,0,0,1,0,0.341
2013,21.0,2.29,0,0,0,0,1,0,0,0,0,0,0,0,0,1,0,0.282
2013,15.0,1.71,0,0,0,0,1,0,0,0,0,0,0,0,0,1,0,0.349
2013,23.6,1.9,0,0,0,0,1,0,0,0,0,0,0,0,0,1,0,0.309
2013,15.0,1.54,0,0,0,0,0,0,0,0,0,0,0,0,0,1,0,0.313
2013,23.1,0.52,0,0,0,0,1,0,0,0,0,0,0,0,0,1,0,0.359
2013,23.4,3.82,0,0,0,0,1,0,0,0,0,0,0,0,0,1,0,0.282
2013,16.5,2.38,0,0,0,0,1,0,0,0,0,0,0,0,0,1,0,0.295
2013,15.9,0.36,0,0,0,0,1,0,0,0,0,0,0,0,0,1,0,0.362
2013,22.9,0.51,0,0,0,0,1,0,0,0,0,0,0,0,0,1,0,0.46
2013,21.1,6.89,0,0,0,0,0,0,0,0,0,0,0,0,0,1,0,0.327
2013,17.0,5.03,0,0,0,0,1,0,0,0,0,0,0,0,0,1,0,0.272
2013,15.0,0.5,0,0,0,0,1,0,0,0,0,0,0,0,0,1,0,0.399
2013,23.2,1.47,0,0,0,0,1,0,0,0,0,0,0,0,0,1,0,0.299
2013,24.0,0.36,0,0,0,0,1,0,0,0,0,0,0,0,0,1,0,0.182
2013,22.0,3.13,0,0,0,0,1,0,0,0,0,0,0,0,0,1,0,0.238
2013,16.7,1.6,0,0,0,0,1,0,0,0,0,0,0,0,0,1,0,0.312
2013,18.8,28.25,0,0,0,0,1,0,0,0,0,0,0,0,0,1,1,0.516
2013,22.5,1.22,0,0,0,0,0,0,0,0,0,0,0,0,0,1,0,0.305
2013,19.6,3.15,0,0,0,0,0,0,0,0,0,0,0,0,0,1,0,0.265
2013,15.0,0.71,0,0,0,0,0,0,0,0,0,0,0,0,0,1,0,0.35
2013,20.3,4.73,0,0,0,0,0,0,0,0,0,0,0,0,0,1,0,0.329
2013,23.8,2.2,0,0,0,0,1,0,0,0,0,0,0,0,0,1,0,0.286
2013,17.4,7.43,0,0,0,0,1,0,0,0,0,0,0,0,0,1,0,0.308
2013,15.0,0.28,0,0,0,0,1,0,0,0,0,0,0,0,0,1,0,0.312
2013,22.4,1.21,0,0,0,0,1,0,0,0,0,0,0,0,0,1,0,0.353
2013,15.0,0.71,0,0,0,0,1,0,0,0,0,0,0,0,0,1,0,0.35
2013,15.2,3.64,0,0,0,0,1,0,0,0,0,0,0,0,0,1,0,0.289
2013,21.2,1.16,0,0,0,0,1,0,0,0,0,0,0,0,0,1,0,0.41
2013,17.6,1.03,0,0,0,0,0,0,0,0,0,0,0,0,0,1,0,0.291
2013,21.9,0.81,0,0,0,0,0,0,0,0,0,0,0,0,0,1,0,0.374
2013,15.0,4.86,0,0,0,0,1,0,0,0,0,0,0,0,0,1,0,0.267
2013,15.0,5.98,0,0,0,0,1,0,0,0,0,0,0,0,0,1,0,0.295
2013,15.0,0.98,0,0,0,0,0,0,0,0,0,0,0,0,0,1,0,0.253
2013,15.0,2.33,0,0,0,0,1,0,0,0,0,0,0,0,0,1,0,0.278
2013,18.1,0.69,0,0,0,0,1,0,0,0,0,0,0,0,0,1,0,0.352
2013,15.0,1.48,0,0,0,0,1,0,0,0,0,0,0,0,0,1,0,0.306
2013,15.0,1.62,0,0,0,0,1,0,0,0,0,0,0,0,0,1,0,0.334
2013,22.8,0.31,0,0,0,0,1,0,0,0,0,0,0,0,0,1,0,0.335
2018,23.4,1.0,0,0,0,0,0,0,0,0,0,0,0,0,0,1,0,0.285
2018,19.1,1.0,0,0,0,0,1,0,0,0,0,0,0,0,0,1,0,0.23
2018,23.9,1.0,0,0,0,0,0,0,0,0,0,0,0,0,0,1,0,0.212
2018,15.0,1.0,0,0,0,0,1,0,0,0,0,0,0,0,0,1,0,0.269
2018,17.5,1.0,0,0,0,0,0,0,0,0,0,0,0,0,0,1,0,0.25
2018,22.2,1.0,0,0,0,0,1,0,0,0,0,0,0,0,0,1,0,0.294
2018,16.3,1.0,0,0,0,0,0,0,0,0,0,0,0,0,0,1,0,0.24
2018,20.9,0.73,0,0,0,0,0,0,0,0,0,0,0,0,0,1,0,0.388
2018,23.3,1.0,0,0,0,0,0,0,0,0,0,0,0,0,0,1,0,0.285
2018,23.4,1.0,0,0,0,0,1,0,0,0,0,0,0,0,0,1,0,0.285
2018,19.0,1.0,0,0,0,0,0,0,0,0,0,0,0,0,0,1,0,0.28
2018,16.1,1.0,0,0,0,0,1,0,0,0,0,0,0,0,0,1,0,0.268
2018,15.0,1.44,0,0,0,0,0,0,0,0,0,0,0,0,0,1,0,0.251
2018,20.3,1.0,0,0,0,0,0,0,0,0,0,0,0,0,0,1,0,0.285
2018,15.0,0.26,0,0,0,0,0,0,0,0,0,0,0,0,0,1,0,0.326
2018,24.3,0.56,0,0,0,0,0,0,0,0,0,0,0,0,0,1,0,0.272
2018,16.4,1.0,0,0,0,0,0,0,0,0,0,0,0,0,0,1,0,0.251
2018,19.2,1.0,0,0,0,0,1,0,0,0,0,0,0,0,0,1,0,0.288
2018,15.0,1.0,0,0,0,0,0,0,0,0,0,0,0,0,0,1,0,0.269
2018,15.0,1.0,0,0,0,0,1,0,0,0,0,0,0,0,0,1,0,0.269
2018,19.3,0.4,0,0,0,0,1,0,0,0,0,0,0,0,0,1,0,0.323
2018,17.3,0.54,0,0,0,0,0,0,0,0,0,0,0,0,0,1,0,0.282
2018,15.0,1.0,0,0,0,0,0,0,0,0,0,0,0,0,0,1,0,0.269
2018,23.0,1.36,0,0,0,0,0,0,0,0,0,0,0,0,0,1,0,0.169
2018,15.5,0.32,0,0,0,0,0,0,0,0,0,0,0,0,0,1,0,0.202
2018,24.5,1.0,0,0,0,0,0,0,0,0,0,0,0,0,0,1,0,0.265
2018,17.0,1.0,0,0,0,0,0,0,0,0,0,0,0,0,0,1,0,0.233
2018,20.2,0.38,0,0,0,0,1,0,0,0,0,0,0,0,0,1,0,0.305
2018,21.8,1.0,0,0,0,0,0,0,0,0,0,0,0,0,0,1,0,0.294
2018,17.4,0.27,0,0,0,0,1,0,0,0,0,0,0,0,0,1,0,0.289
2018,15.0,0.32,0,0,0,0,0,0,0,0,0,0,0,0,0,1,0,0.22
2018,15.0,1.0,0,0,0,0,1,0,0,0,0,0,0,0,0,1,0,0.269
2018,21.4,1.0,0,0,0,0,0,0,0,0,0,0,0,0,0,1,0,0.328
2018,15.0,1.59,0,0,0,0,0,0,0,0,0,0,0,0,0,1,0,0.321
2018,15.0,0.42,0,0,0,0,0,0,0,0,0,0,0,0,0,1,0,0.293
2018,23.6,1.0,0,0,0,0,1,0,0,0,0,0,0,0,0,1,0,0.381
2018,19.9,0.05,0,0,0,0,0,0,0,0,0,0,0,0,0,1,0,0.274
2018,22.0,1.0,0,0,0,0,0,0,0,0,0,0,0,0,0,1,0,0.287
2018,16.2,1.0,0,0,0,0,1,0,0,0,0,0,0,0,0,1,0,0.24
2018,15.0,1.0,0,0,0,0,0,0,0,0,0,0,0,0,0,1,0,0.269
2018,15.0,1.0,0,0,0,0,0,0,0,0,0,0,0,0,0,1,0,0.269
2018,15.0,1.13,0,0,0,0,1,0,0,0,0,0,0,0,0,1,0,0.378
2018,24.4,1.0,0,0,0,0,0,0,0,0,0,0,0,0,0,1,0,0.281
2018,15.3,1.0,0,0,0,0,1,0,0,0,0,0,0,0,0,1,0,0.267
2018,15.0,1.86,0,0,0,0,0,0,0,0,0,0,0,0,0,1,0,0.244
2018,15.0,1.0,0,0,0,0,1,0,0,0,0,0,0,0,0,1,0,0.269
2018,23.0,0.05,0,0,0,0,1,0,0,0,0,0,0,0,0,1,0,0.244
2018,15.0,1.0,0,0,0,0,1,0,0,0,0,0,0,0,0,1,0,0.269
2018,15.0,0.59,0,0,0,0,1,0,0,0,0,0,0,0,0,1,0,0.349
2018,15.0,0.15,0,0,0,0,1,0,0,0,0,0,0,0,0,1,0,0.356
2018,15.0,1.0,0,0,0,0,1,0,0,0,0,0,0,0,0,1,0,0.269
2018,15.2,1.0,0,0,0,0,0,0,0,0,0,0,0,0,0,1,0,0.278
2018,15.0,2.13,0,0,0,0,0,0,0,0,0,0,0,0,0,1,0,0.32
2018,15.0,0.42,0,0,0,0,0,0,0,0,0,0,0,0,0,1,0,0.293
2018,15.0,0.09,0,0,0,0,0,0,0,0,0,0,0,0,0,1,0,0.309
2018,15.0,0.33,0,0,0,0,0,0,0,0,0,0,0,0,0,1,0,0.22
2018,15.1,1.0,0,0,0,0,0,0,0,0,0,0,0,0,0,1,0,0.271
2018,21.6,1.0,0,0,0,0,0,0,0,0,0,0,0,0,0,1,0,0.323
2018,15.4,0.05,0,0,0,0,0,0,0,0,0,0,0,0,0,1,0,0.295
2018,15.0,0.39,0,0,0,0,1,0,0,0,0,0,0,0,0,1,0,0.269
2018,24.9,0.8,0,0,0,0,0,0,0,0,0,0,0,0,0,1,0,0.335
2018,19.0,1.0,0,0,0,0,1,0,0,0,0,0,0,0,0,1,0,0.28
2018,21.8,1.0,0,0,0,0,0,0,0,0,0,0,0,0,0,1,0,0.294
2018,17.4,1.55,0,0,0,0,0,0,0,0,0,0,0,0,0,1,0,0.258
2018,15.0,1.88,0,0,0,0,1,0,0,0,0,0,0,0,0,1,0,0.244
2018,15.0,0.41,0,0,0,0,0,0,0,0,0,0,0,0,0,1,0,0.293
2018,22.6,1.0,0,0,0,0,0,0,0,0,0,0,0,0,0,1,0,0.241
2018,24.9,1.0,0,0,0,0,1,0,0,0,0,0,0,0,0,1,0,0.261
2018,20.4,1.0,0,0,0,0,0,0,0,0,0,0,0,0,0,1,0,0.285
2018,16.3,0.25,0,0,0,0,0,0,0,0,0,0,0,0,0,1,0,0.252
2018,22.6,1.0,0,0,0,0,0,0,0,0,0,0,0,0,0,1,0,0.241
2018,15.0,1.0,0,0,0,0,0,0,0,0,0,0,0,0,0,1,0,0.269
2018,24.8,0.1,0,0,0,0,0,0,0,0,0,0,0,0,0,1,0,0.156
2018,23.8,0.77,0,0,0,0,0,0,0,0,0,0,0,0,0,1,0,0.364
2018,22.1,0.19,0,0,0,0,1,0,0,0,0,0,0,0,0,1,0,0.271
2018,24.4,0.32,0,0,0,0,0,0,0,0,0,0,0,0,0,1,0,0.185
2018,24.9,0.18,0,0,0,0,1,0,0,0,0,0,0,0,0,1,0,0.152
2018,15.0,0.05,0,0,0,0,0,0,0,0,0,0,0,0,0,1,0,0.329
2018,21.9,0.63,0,0,0,0,0,0,0,0,0,0,0,0,0,1,0,0.323
2018,16.8,0.05,0,0,0,0,0,0,0,0,0,0,0,0,0,1,0,0.167
2018,16.7,0.21,0,0,0,0,1,0,0,0,0,0,0,0,0,1,0,0.286
2018,21.8,1.0,0,0,0,0,1,0,0,0,0,0,0,0,0,1,0,0.294
2018,19.7,1.0,0,0,0,0,1,0,0,0,0,0,0,0,0,1,0,0.288
2018,23.5,0.68,0,0,0,0,0,0,0,0,0,0,0,0,0,1,0,0.381
2018,17.6,0.05,0,0,0,0,1,0,0,0,0,0,0,0,0,1,0,0.27
2018,18.8,0.14,0,0,0,0,0,0,0,0,0,0,0,0,0,1,0,0.354
2018,23.6,1.0,0,0,0,0,0,0,0,0,0,0,0,0,0,1,0,0.381
2018,15.3,0.11,0,0,0,0,0,0,0,0,0,0,0,0,0,1,0,0.343
2018,23.8,1.0,0,0,0,0,1,0,0,0,0,0,0,0,0,1,0,0.278
2018,21.4,0.71,0,0,0,0,1,0,0,0,0,0,0,0,0,1,0,0.407
2018,17.2,0.05,0,0,0,0,0,0,0,0,0,0,0,0,0,1,0,0.214
2018,18.7,0.71,0,0,0,0,0,0,0,0,0,0,0,0,0,1,0,0.365
2018,17.4,1.0,0,0,0,0,1,0,0,0,0,0,0,0,0,1,0,0.248
2018,15.0,0.05,0,0,0,0,1,0,0,0,0,0,0,0,0,1,0,0.329
2018,18.2,0.05,0,0,0,0,1,0,0,0,0,0,0,0,0,1,0,0.302
2018,23.3,0.66,0,0,0,0,0,0,0,0,0,0,0,0,0,1,0,0.316
2018,20.3,0.53,0,0,0,0,1,0,0,0,0,0,0,0,0,1,0,0.34
2018,17.8,1.0,0,0,0,0,0,0,0,0,0,0,0,0,0,1,0,0.261
2018,18.5,1.47,0,0,0,0,0,0,0,0,0,0,0,0,0,1,0,0.282
2018,15.0,1.0,0,0,0,0,0,0,0,0,0,0,0,0,0,1,0,0.269
2018,23.1,1.0,0,0,0,0,0,0,0,0,0,0,0,0,0,1,0,0.265
2018,15.0,0.79,0,0,0,0,0,0,0,0,0,0,0,0,0,1,0,0.339
2018,15.0,0.47,0,0,0,0,1,0,0,0,0,0,0,0,0,1,0,0.356
2018,21.0,0.82,0,0,0,0,0,0,0,0,0,0,0,0,0,1,0,0.375
2018,21.8,0.05,0,0,0,0,0,0,0,0,0,0,0,0,0,1,0,0.18
2018,15.0,0.86,0,0,0,0,0,0,0,0,0,0,0,0,0,1,0,0.331
2018,15.0,0.86,0,0,0,0,0,0,0,0,0,0,0,0,0,1,0,0.331
2018,21.8,0.28,0,0,0,0,1,0,0,0,0,0,0,0,0,1,0,0.261
2018,15.0,1.0,0,0,0,0,0,0,0,0,0,0,0,0,0,1,0,0.269
2018,23.2,0.05,0,0,0,0,0,0,0,0,0,0,0,0,0,1,0,0.219
2018,24.5,0.05,0,0,0,0,0,0,0,0,0,0,0,0,0,1,0,0.132
2018,19.8,0.88,0,0,0,0,0,0,0,0,0,0,0,0,0,1,0,0.384
2018,16.9,0.15,0,0,0,0,0,0,0,0,0,0,0,0,0,1,0,0.28
2018,15.6,0.06,0,0,0,0,1,0,0,0,0,0,0,0,0,1,0,0.287
2018,23.1,1.04,0,0,0,0,0,0,0,0,0,0,0,0,0,1,0,0.333
2018,15.0,0.05,0,0,0,0,0,0,0,0,0,0,0,0,0,1,0,0.329
2018,15.0,1.0,0,0,0,0,0,0,0,0,0,0,0,0,0,1,0,0.269
2018,15.0,0.11,0,0,0,0,1,0,0,0,0,0,0,0,0,1,0,0.359
2018,15.0,1.01,0,0,0,0,0,0,0,0,0,0,0,0,0,1,0,0.27
2018,19.1,0.96,0,0,0,0,0,0,0,0,0,0,0,0,0,1,0,0.251
2018,16.8,0.06,0,0,0,0,0,0,0,0,0,0,0,0,0,1,0,0.167
2018,15.0,0.28,0,0,0,0,0,0,0,0,0,0,0,0,0,1,0,0.312
2018,22.9,0.44,0,0,0,0,0,0,0,0,0,0,0,0,0,1,0,0.249
2018,23.9,0.33,0,0,0,0,0,0,0,0,0,0,0,0,0,1,0,0.15
2018,20.3,0.15,0,0,0,0,1,0,0,0,0,0,0,0,0,1,0,0.304
2018,19.5,0.29,0,0,0,0,0,0,0,0,0,0,0,0,0,1,0,0.43
2018,23.6,1.0,0,0,0,0,0,0,0,0,0,0,0,0,0,1,0,0.381
2018,22.1,0.32,0,0,0,0,0,0,0,0,0,0,0,0,0,1,0,0.188
2018,22.8,0.93,0,0,0,0,1,0,0,0,0,0,0,0,0,1,0,0.38
2018,15.0,0.91,0,0,0,0,1,0,0,0,0,0,0,0,0,1,0,0.389
2018,15.0,0.31,0,0,0,0,0,0,0,0,0,0,0,0,0,1,0,0.317
2018,17.8,0.27,0,0,0,0,0,0,0,0,0,0,0,0,0,1,0,0.294
2018,18.2,0.39,0,0,0,0,1,0,0,0,0,0,0,0,0,1,0,0.245
2018,15.0,0.69,0,0,0,0,0,0,0,0,0,0,0,0,0,1,0,0.358
2018,21.2,1.0,0,0,0,0,0,0,0,0,0,0,0,0,0,1,0,0.305
2018,15.0,0.21,0,0,0,0,0,0,0,0,0,0,0,0,0,1,0,0.329
2018,15.0,0.16,0,0,0,0,0,0,0,0,0,0,0,0,0,1,0,0.35
2018,15.0,0.4,0,0,0,0,0,0,0,0,0,0,0,0,0,1,0,0.293
2018,17.6,0.1,0,0,0,0,0,0,0,0,0,0,0,0,0,1,0,0.297
2018,15.0,0.48,0,0,0,0,1,0,0,0,0,0,0,0,0,1,0,0.356
2018,15.0,0.25,0,0,0,0,0,0,0,0,0,0,0,0,0,1,0,0.326
2018,15.0,1.0,0,0,0,0,1,0,0,0,0,0,0,0,0,1,0,0.269
2018,15.0,0.25,0,0,0,0,0,0,0,0,0,0,0,0,0,1,0,0.326
2018,24.4,0.47,0,0,0,0,1,0,0,0,0,0,0,0,0,1,0,0.296
2018,15.0,0.5,0,0,0,0,0,0,0,0,0,0,0,0,0,1,0,0.399
2018,15.0,0.6,0,0,0,0,1,0,0,0,0,0,0,0,0,1,0,0.349
2018,18.2,0.62,0,0,0,0,0,0,0,0,0,0,0,0,0,1,0,0.312
2018,17.0,1.46,0,0,0,0,0,0,0,0,0,0,0,0,0,1,0,0.265
2018,22.5,1.0,0,0,0,0,0,0,0,0,0,0,0,0,0,1,0,0.253
2018,19.4,0.2,0,0,0,0,0,0,0,0,0,0,0,0,0,1,0,0.329
2018,20.3,0.15,0,0,0,0,0,0,0,0,0,0,0,0,0,1,0,0.304
2018,22.0,1.58,0,0,0,0,0,0,0,0,0,0,0,0,0,1,0,0.312
2018,22.7,1.0,0,0,0,0,1,0,0,0,0,0,0,0,0,1,0,0.24
2018,24.0,1.55,0,0,0,0,0,0,0,0,0,0,0,0,0,1,0,0.272
2018,15.0,1.0,0,0,0,0,0,0,0,0,0,0,0,0,0,1,0,0.269
2018,18.7,1.0,0,0,0,0,0,0,0,0,0,0,0,0,0,1,0,0.294
2018,17.2,0.39,0,0,0,0,0,0,0,0,0,0,0,0,0,1,0,0.275
2018,21.9,1.0,0,0,0,0,0,0,0,0,0,0,0,0,0,1,0,0.303
2018,18.4,0.1,0,0,0,0,0,0,0,0,0,0,0,0,0,1,0,0.347
2018,18.3,1.04,0,0,0,0,0,0,0,0,0,0,0,0,0,1,0,0.362
2018,24.0,1.41,0,0,0,0,0,0,0,0,0,0,0,0,0,1,0,0.249
2018,15.0,0.05,0,0,0,0,1,0,0,0,0,0,0,0,0,1,0,0.329
2018,23.9,0.71,0,0,0,0,1,0,0,0,0,0,0,0,0,1,0,0.294
2018,24.7,0.23,0,0,0,0,1,0,0,0,0,0,0,0,0,1,0,0.156
2018,15.3,0.79,0,0,0,0,0,0,0,0,0,0,0,0,0,1,0,0.333
2018,22.8,1.0,0,0,0,0,0,0,0,0,0,0,0,0,0,1,0,0.285
2018,15.6,0.63,0,0,0,0,0,0,0,0,0,0,0,0,0,1,0,0.377
2018,19.8,1.0,0,0,0,0,1,0,0,0,0,0,0,0,0,1,0,0.329
2018,16.3,0.11,0,0,0,0,0,0,0,0,0,0,0,0,0,1,0,0.207
2018,17.9,1.03,0,0,0,0,1,0,0,0,0,0,0,0,0,1,0,0.29
2018,15.0,1.0,0,0,0,0,0,0,0,0,0,0,0,0,0,1,0,0.269
2018,24.4,0.05,0,0,0,0,1,0,0,0,0,0,0,0,0,1,0,0.218
2018,24.1,0.48,0,0,0,0,0,0,0,0,0,0,0,0,0,1,0,0.271
2018,15.0,0.05,0,0,0,0,0,0,0,0,0,0,0,0,0,1,0,0.329
2018,21.9,0.28,0,0,0,0,0,0,0,0,0,0,0,0,0,1,0,0.27
2018,17.7,0.22,0,0,0,0,0,0,0,0,0,0,0,0,0,1,0,0.284
2018,23.0,0.29,0,0,0,0,0,0,0,0,0,0,0,0,0,1,0,0.217
2018,20.3,0.13,0,0,0,0,0,0,0,0,0,0,0,0,0,1,0,0.323
2018,23.7,0.47,0,0,0,0,0,0,0,0,0,0,0,0,0,1,0,0.414
2018,20.6,0.77,0,0,0,0,1,0,0,0,0,0,0,0,0,1,0,0.339
2018,21.9,0.63,0,0,0,0,0,0,0,0,0,0,0,0,0,1,0,0.323
2018,20.2,1.0,0,0,0,0,0,0,0,0,0,0,0,0,0,1,0,0.278
2018,20.2,1.0,0,0,0,0,0,0,0,0,0,0,0,0,0,1,0,0.278
2018,21.1,1.0,0,0,0,0,1,0,0,0,0,0,0,0,0,1,0,0.312
2018,15.2,1.0,0,0,0,0,0,0,0,0,0,0,0,0,0,1,0,0.278
2018,15.0,0.19,0,0,0,0,1,0,0,0,0,0,0,0,0,1,0,0.412
2018,15.0,0.21,0,0,0,0,1,0,0,0,0,0,0,0,0,1,0,0.329
2018,22.7,1.0,0,0,0,0,0,0,0,0,0,0,0,0,0,1,0,0.24
2018,15.0,0.34,0,0,0,0,0,0,0,0,0,0,0,0,0,1,0,0.273
2018,22.4,0.36,0,0,0,0,0,0,0,0,0,0,0,0,0,1,0,0.215
2018,15.0,0.05,0,0,0,0,0,0,0,0,0,0,0,0,0,1,0,0.329
2018,15.0,0.24,0,0,0,0,0,0,0,0,0,0,0,0,0,1,0,0.328
2018,23.3,1.0,0,0,0,0,0,0,0,0,0,0,0,0,0,1,0,0.285
2018,15.0,0.31,0,0,0,0,1,0,0,0,0,0,0,0,0,1,0,0.317
2018,15.3,1.0,0,0,0,0,0,0,0,0,0,0,0,0,0,1,0,0.267
2018,24.5,1.0,0,0,0,0,0,0,0,0,0,0,0,0,0,1,0,0.265
2018,15.0,0.08,0,0,0,0,0,0,0,0,0,0,0,0,0,1,0,0.309
2018,15.0,1.01,0,0,0,0,1,0,0,0,0,0,0,0,0,1,0,0.27
2018,15.0,0.19,0,0,0,0,1,0,0,0,0,0,0,0,0,1,0,0.412
2018,23.0,1.09,0,0,0,0,1,0,0,0,0,0,0,0,0,1,0,0.249
2018,21.6,1.0,0,0,0,0,0,0,0,0,0,0,0,0,0,1,0,0.323
2018,19.3,1.0,0,0,0,0,0,0,0,0,0,0,0,0,0,1,0,0.3
2018,22.9,1.0,0,0,0,0,1,0,0,0,0,0,0,0,0,1,0,0.301
2018,19.6,1.0,0,0,0,0,0,0,0,0,0,0,0,0,0,1,0,0.284
2018,21.9,0.05,0,0,0,0,0,0,0,0,0,0,0,0,0,1,0,0.187
2018,15.0,2.81,0,0,0,0,0,0,0,0,0,0,0,0,0,1,0,0.335
2018,19.4,0.14,0,0,0,0,0,0,0,0,0,0,0,0,0,1,0,0.354
2018,20.9,0.61,0,0,0,0,1,0,0,0,0,0,0,0,0,1,0,0.351
2018,23.5,0.51,0,0,0,0,1,0,0,0,0,0,0,0,0,1,0,0.423
2018,15.0,0.19,0,0,0,0,1,0,0,0,0,0,0,0,0,1,0,0.412
2018,24.0,0.07,0,0,0,0,0,0,0,0,0,0,0,0,0,1,0,0.174
2018,21.8,0.06,0,0,0,0,0,0,0,0,0,0,0,0,0,1,0,0.18
2018,17.5,1.0,0,0,0,0,0,0,0,0,0,0,0,0,0,1,0,0.25
2018,20.0,0.21,0,0,0,0,0,0,0,0,0,0,0,0,0,1,0,0.311
2018,15.0,1.0,0,0,0,0,0,0,0,0,0,0,0,0,0,1,0,0.269
2018,20.8,1.0,0,0,0,0,0,0,0,0,0,0,0,0,0,1,0,0.305
2018,15.5,0.23,0,0,0,0,0,0,0,0,0,0,0,0,0,1,0,0.285
2018,21.6,0.17,0,0,0,0,0,0,0,0,0,0,0,0,0,1,0,0.303
2018,21.6,1.0,0,0,0,0,1,0,0,0,0,0,0,0,0,1,0,0.323
2018,23.6,0.92,0,0,0,0,1,0,0,0,0,0,0,0,0,1,0,0.479
2018,24.6,1.0,0,0,0,0,0,0,0,0,0,0,0,0,0,1,0,0.239
2018,15.0,0.12,0,0,0,0,0,0,0,0,0,0,0,0,0,1,0,0.359
2018,24.6,0.05,0,0,0,0,0,0,0,0,0,0,0,0,0,1,0,0.116
2018,15.3,0.75,0,0,0,0,1,0,0,0,0,0,0,0,0,1,0,0.326
2018,15.0,1.0,0,0,0,0,0,0,0,0,0,0,0,0,0,1,0,0.269
2018,24.8,1.0,0,0,0,0,0,0,0,0,0,0,0,0,0,1,0,0.306
2018,24.3,1.0,0,0,0,0,0,0,0,0,0,0,0,0,0,1,0,0.326
2018,18.4,1.12,0,0,0,0,0,0,0,0,0,0,0,0,0,1,0,0.358
2018,18.6,0.17,0,0,0,0,0,0,0,0,0,0,0,0,0,1,0,0.313
2018,18.5,0.68,0,0,0,0,0,0,0,0,0,0,0,0,0,1,0,0.395
2018,21.0,0.62,0,0,0,0,0,0,0,0,0,0,0,0,0,1,0,0.331
2018,15.0,1.0,0,0,0,0,0,0,0,0,0,0,0,0,0,1,0,0.269
2018,22.0,0.98,0,0,0,0,0,0,0,0,0,0,0,0,0,1,0,0.274
2018,24.7,0.89,0,0,0,0,0,0,0,0,0,0,0,0,0,1,0,0.298
2018,17.1,1.0,0,0,0,0,1,0,0,0,0,0,0,0,0,1,0,0.307
2018,20.4,0.13,0,0,0,0,0,0,0,0,0,0,0,0,0,1,0,0.323
2018,20.8,1.02,0,0,0,0,1,0,0,0,0,0,0,0,0,1,0,0.35
2018,21.0,1.0,0,0,0,0,1,0,0,0,0,0,0,0,0,1,0,0.303
2018,23.9,0.28,0,0,0,0,1,0,0,0,0,0,0,0,0,1,0,0.245
2018,20.2,0.54,0,0,0,0,0,0,0,0,0,0,0,0,0,1,0,0.301
2018,24.8,0.49,0,0,0,0,0,0,0,0,0,0,0,0,0,1,0,0.346
2018,15.8,0.05,0,0,0,0,0,0,0,0,0,0,0,0,0,1,0,0.309
2018,20.4,1.28,0,0,0,0,0,0,0,0,0,0,0,0,0,1,0,0.311
2018,15.0,0.63,0,0,0,0,0,0,0,0,0,0,0,0,0,1,0,0.357
2018,16.6,0.12,0,0,0,0,0,0,0,0,0,0,0,0,0,1,0,0.238
2018,24.8,0.52,0,0,0,0,0,0,0,0,0,0,0,0,0,1,0,0.294
2018,23.7,1.0,0,0,0,0,0,0,0,0,0,0,0,0,0,1,0,0.387
2018,15.0,0.06,0,0,0,0,0,0,0,0,0,0,0,0,0,1,0,0.329
2018,16.2,0.08,0,0,0,0,1,0,0,0,0,0,0,0,0,1,0,0.201
2018,15.0,1.15,0,0,0,0,0,0,0,0,0,0,0,0,0,1,0,0.378
2018,17.6,0.15,0,0,0,0,0,0,0,0,0,0,0,0,0,1,0,0.326
2018,24.0,0.56,0,0,0,0,0,0,0,0,0,0,0,0,0,1,0,0.232
2018,19.7,0.91,0,0,0,0,1,0,0,0,0,0,0,0,0,1,0,0.364
2018,24.5,1.0,0,0,0,0,1,0,0,0,0,0,0,0,0,1,0,0.265
2018,15.0,1.31,0,0,0,0,0,0,0,0,0,0,0,0,0,1,0,0.291
2018,21.7,1.0,0,0,0,0,0,0,0,0,0,0,0,0,0,1,0,0.328
2018,18.9,0.2,0,0,0,0,0,0,0,0,0,0,0,0,0,1,0,0.275
2018,15.0,0.1,0,0,0,0,0,0,0,0,0,0,0,0,0,1,0,0.324
2018,19.6,1.0,0,0,0,0,0,0,0,0,0,0,0,0,0,1,0,0.284
2018,17.2,0.14,0,0,0,0,1,0,0,0,0,0,0,0,0,1,0,0.31
2018,19.1,1.0,0,0,0,0,1,0,0,0,0,0,0,0,0,1,0,0.23
2018,21.7,0.14,0,0,0,0,0,0,0,0,0,0,0,0,0,1,0,0.256
2018,23.5,1.0,0,0,0,0,1,0,0,0,0,0,0,0,0,1,0,0.346
2018,16.2,0.4,0,0,0,0,1,0,0,0,0,0,0,0,0,1,0,0.327
2018,15.0,1.0,0,0,0,0,0,0,0,0,0,0,0,0,0,1,0,0.269
2018,15.0,0.62,0,0,0,0,0,0,0,0,0,0,0,0,0,1,0,0.357
2018,21.5,1.0,0,0,0,0,0,0,0,0,0,0,0,0,0,1,0,0.323
2018,15.0,1.0,0,0,0,0,0,0,0,0,0,0,0,0,0,1,0,0.269
2018,24.0,1.0,0,0,0,0,0,0,0,0,0,0,0,0,0,1,0,0.236
2018,15.0,0.28,0,0,0,0,1,0,0,0,0,0,0,0,0,1,0,0.312
2018,17.5,1.0,0,0,0,0,1,0,0,0,0,0,0,0,0,1,0,0.25
2018,15.0,0.29,0,0,0,0,1,0,0,0,0,0,0,0,0,1,0,0.312
2018,15.0,1.0,0,0,0,0,0,0,0,0,0,0,0,0,0,1,0,0.269
2018,19.1,0.22,0,0,0,0,0,0,0,0,0,0,0,0,0,1,0,0.236
2018,24.3,1.0,0,0,0,0,0,0,0,0,0,0,0,0,0,1,0,0.326
2018,18.2,1.0,0,0,0,0,0,0,0,0,0,0,0,0,0,1,0,0.238
2018,15.0,0.05,0,0,0,0,1,0,0,0,0,0,0,0,0,1,0,0.329
2018,20.2,0.61,0,0,0,0,1,0,0,0,0,0,0,0,0,1,0,0.339
2018,16.4,0.08,0,0,0,0,0,0,0,0,0,0,0,0,0,1,0,0.195
2018,21.1,1.0,0,0,0,0,0,0,0,0,0,0,0,0,0,1,0,0.312
2018,24.4,1.66,0,0,0,0,1,0,0,0,0,0,0,0,0,1,0,0.36
2018,20.8,0.86,0,0,0,0,0,0,0,0,0,0,0,0,0,1,0,0.346
2018,15.0,0.23,0,0,0,0,0,0,0,0,0,0,0,0,0,1,0,0.328
2018,20.2,0.07,0,0,0,0,0,0,0,0,0,0,0,0,0,1,0,0.229
2018,16.3,1.0,0,0,0,0,0,0,0,0,0,0,0,0,0,1,0,0.24
2018,18.9,0.24,0,0,0,0,0,0,0,0,0,0,0,0,0,1,0,0.268
2018,21.3,1.26,0,0,0,0,1,0,0,0,0,0,0,0,0,1,0,0.346
2018,21.9,0.7,0,0,0,0,0,0,0,0,0,0,0,0,0,1,0,0.347
2018,15.0,0.29,0,0,0,0,0,0,0,0,0,0,0,0,0,1,0,0.312
2018,15.0,0.63,0,0,0,0,1,0,0,0,0,0,0,0,0,1,0,0.357
2018,23.8,1.0,0,0,0,0,1,0,0,0,0,0,0,0,0,1,0,0.278
2018,15.0,0.46,0,0,0,0,0,0,0,0,0,0,0,0,0,1,0,0.349
2018,21.9,0.55,0,0,0,0,0,0,0,0,0,0,0,0,0,1,0,0.291
2018,15.0,1.15,0,0,0,0,1,0,0,0,0,0,0,0,0,1,0,0.378
2018,15.0,2.01,0,0,0,0,1,0,0,0,0,0,0,0,0,1,0,0.285
2018,20.2,0.07,0,0,0,0,0,0,0,0,0,0,0,0,0,1,0,0.229
2018,16.6,0.1,0,0,0,0,0,0,0,0,0,0,0,0,0,1,0,0.21
2018,15.0,0.38,0,0,0,0,0,0,0,0,0,0,0,0,0,1,0,0.291
2018,20.9,0.13,0,0,0,0,1,0,0,0,0,0,0,0,0,1,0,0.302
2018,15.0,0.33,0,0,0,0,0,0,0,0,0,0,0,0,0,1,0,0.22
2018,18.4,1.0,0,0,0,0,1,0,0,0,0,0,0,0,0,1,0,0.263
2018,15.0,1.0,0,0,0,0,0,0,0,0,0,0,0,0,0,1,0,0.269
2018,20.8,1.0,0,0,0,0,0,0,0,0,0,0,0,0,0,1,0,0.305
2018,18.8,0.5,0,0,0,0,1,0,0,0,0,0,0,0,0,1,0,0.382
2018,22.4,0.16,0,0,0,0,0,0,0,0,0,0,0,0,0,1,0,0.234
2018,24.4,1.0,0,0,0,0,1,0,0,0,0,0,0,0,0,1,0,0.281
2018,21.9,0.13,0,0,0,0,1,0,0,0,0,0,0,0,0,1,0,0.239
2018,22.1,1.0,0,0,0,0,1,0,0,0,0,0,0,0,0,1,0,0.293
2018,18.9,0.63,0,0,0,0,0,0,0,0,0,0,0,0,0,1,0,0.343
2018,18.2,0.43,0,0,0,0,0,0,0,0,0,0,0,0,0,1,0,0.258
2018,15.0,1.75,0,0,0,0,0,0,0,0,0,0,0,0,0,1,0,0.263
2018,23.8,0.1,0,0,0,0,0,0,0,0,0,0,0,0,0,1,0,0.294
2018,21.5,0.1,0,0,0,0,0,0,0,0,0,0,0,0,0,1,0,0.254
2018,20.2,1.0,0,0,0,0,0,0,0,0,0,0,0,0,0,1,0,0.278
2018,22.1,1.0,0,0,0,0,1,0,0,0,0,0,0,0,0,1,0,0.293
2018,17.3,0.16,0,0,0,0,0,0,0,0,0,0,0,0,0,1,0,0.29
2018,15.0,0.05,0,0,0,0,0,0,0,0,0,0,0,0,0,1,0,0.329
2018,16.2,0.11,0,0,0,0,0,0,0,0,0,0,0,0,0,1,0,0.216
2018,20.0,1.47,0,0,0,0,0,0,0,0,0,0,0,0,0,1,0,0.34
2018,15.5,1.0,0,0,0,0,0,0,0,0,0,0,0,0,0,1,0,0.269
2018,15.0,1.0,0,0,0,0,0,0,0,0,0,0,0,0,0,1,0,0.269
2018,21.7,0.3,0,0,0,0,0,0,0,0,0,0,0,0,0,1,0,0.26
2018,16.1,1.0,0,0,0,0,0,0,0,0,0,0,0,0,0,1,0,0.268
2018,23.2,1.0,0,0,0,0,0,0,0,0,0,0,0,0,0,1,0,0.267
2018,22.9,0.11,0,0,0,0,0,0,0,0,0,0,0,0,0,1,0,0.35
2018,15.0,1.11,0,0,0,0,1,0,0,0,0,0,0,0,0,1,0,0.39
2018,15.0,1.0,0,0,0,0,0,0,0,0,0,0,0,0,0,1,0,0.269
2018,22.5,0.35,0,0,0,0,0,0,0,0,0,0,0,0,0,1,0,0.185
2018,15.0,0.05,0,0,0,0,0,0,0,0,0,0,0,0,0,1,0,0.329
2018,19.6,1.0,0,0,0,0,0,0,0,0,0,0,0,0,0,1,0,0.284
2018,15.0,1.0,0,0,0,0,0,0,0,0,0,0,0,0,0,1,0,0.269
2018,22.2,1.0,0,0,0,0,0,0,0,0,0,0,0,0,0,1,0,0.294
2018,18.6,1.0,0,0,0,0,0,0,0,0,0,0,0,0,0,1,0,0.248
2018,15.0,1.0,0,0,0,0,0,0,0,0,0,0,0,0,0,1,0,0.269
2018,17.6,0.48,0,0,0,0,0,0,0,0,0,0,0,0,0,1,0,0.354
2018,24.9,0.59,0,0,0,0,0,0,0,0,0,0,0,0,0,1,0,0.223
2018,17.7,0.26,0,0,0,0,0,0,0,0,0,0,0,0,0,1,0,0.286
2018,15.0,0.28,0,0,0,0,0,0,0,0,0,0,0,0,0,1,0,0.312
2018,22.1,0.79,0,0,0,0,1,0,0,0,0,0,0,0,0,1,0,0.391
2018,20.8,0.18,0,0,0,0,1,0,0,0,0,0,0,0,0,1,0,0.32
2018,15.0,0.99,0,0,0,0,1,0,0,0,0,0,0,0,0,1,0,0.253
2018,15.0,0.08,0,0,0,0,0,0,0,0,0,0,0,0,0,1,0,0.309
2018,16.4,0.14,0,0,0,0,0,0,0,0,0,0,0,0,0,1,0,0.21
2018,19.2,0.14,0,0,0,0,1,0,0,0,0,0,0,0,0,1,0,0.335
2018,23.5,0.16,0,0,0,0,1,0,0,0,0,0,0,0,0,1,0,0.34
2018,16.3,0.34,0,0,0,0,0,0,0,0,0,0,0,0,0,1,0,0.236
2018,16.0,1.8,0,0,0,0,1,0,0,0,0,0,0,0,0,1,0,0.259
2018,22.8,1.0,0,0,0,0,0,0,0,0,0,0,0,0,0,1,0,0.285
2018,15.0,0.05,0,0,0,0,1,0,0,0,0,0,0,0,0,1,0,0.329
2018,23.1,0.22,0,0,0,0,0,0,0,0,0,0,0,0,0,1,0,0.237
2018,19.4,1.0,0,0,0,0,0,0,0,0,0,0,0,0,0,1,0,0.283
2018,15.1,1.67,0,0,0,0,0,0,0,0,0,0,0,0,0,1,0,0.336
2018,15.0,0.46,0,0,0,0,1,0,0,0,0,0,0,0,0,1,0,0.349
2018,15.9,0.17,0,0,0,0,0,0,0,0,0,0,0,0,0,1,0,0.332
2018,18.0,0.26,0,0,0,0,0,0,0,0,0,0,0,0,0,1,0,0.287
2018,15.0,2.0,0,0,0,0,0,0,0,0,0,0,0,0,0,1,0,0.274
2018,15.0,0.06,0,0,0,0,0,0,0,0,0,0,0,0,0,1,0,0.329
2018,19.9,1.0,0,0,0,0,0,0,0,0,0,0,0,0,0,1,0,0.303
2018,15.6,1.0,0,0,0,0,1,0,0,0,0,0,0,0,0,1,0,0.297
2018,17.4,1.0,0,0,0,0,1,0,0,0,0,0,0,0,0,1,0,0.248
2018,21.8,0.05,0,0,0,0,0,0,0,0,0,0,0,0,0,1,0,0.18
2018,16.8,1.0,0,0,0,0,1,0,0,0,0,0,0,0,0,1,0,0.265
2018,15.0,0.07,0,0,0,0,1,0,0,0,0,0,0,0,0,1,0,0.288
2018,17.4,1.0,0,0,0,0,1,0,0,0,0,0,0,0,0,1,0,0.248
2018,21.9,1.0,0,0,0,0,1,0,0,0,0,0,0,0,0,1,0,0.303
2018,17.2,0.49,0,0,0,0,0,0,0,0,0,0,0,0,0,1,0,0.376
2018,21.2,1.0,0,0,0,0,0,0,0,0,0,0,0,0,0,1,0,0.305
2018,15.0,0.35,0,0,0,0,1,0,0,0,0,0,0,0,0,1,0,0.273
2018,21.0,0.41,0,0,0,0,0,0,0,0,0,0,0,0,0,1,0,0.237
2018,22.6,1.0,0,0,0,0,0,0,0,0,0,0,0,0,0,1,0,0.241
2018,22.1,0.15,0,0,0,0,0,0,0,0,0,0,0,0,0,1,0,0.215
2018,17.4,0.94,0,0,0,0,0,0,0,0,0,0,0,0,0,1,0,0.27
2018,15.0,0.6,0,0,0,0,1,0,0,0,0,0,0,0,0,1,0,0.349
2018,19.3,0.05,0,0,0,0,0,0,0,0,0,0,0,0,0,1,0,0.307
2018,23.0,1.0,0,0,0,0,0,0,0,0,0,0,0,0,0,1,0,0.183
2018,15.0,1.24,0,0,0,0,0,0,0,0,0,0,0,0,0,1,0,0.346
2018,21.2,1.0,0,0,0,0,0,0,0,0,0,0,0,0,0,1,0,0.305
2018,22.7,0.66,0,0,0,0,0,0,0,0,0,0,0,0,0,1,0,0.331
2018,15.0,0.42,0,0,0,0,0,0,0,0,0,0,0,0,0,1,0,0.293
2018,19.0,1.0,0,0,0,0,1,0,0,0,0,0,0,0,0,1,0,0.28
2018,18.7,1.0,0,0,0,0,1,0,0,0,0,0,0,0,0,1,0,0.294
2018,15.0,0.51,0,0,0,0,0,0,0,0,0,0,0,0,0,1,0,0.399
2018,22.8,1.0,0,0,0,0,1,0,0,0,0,0,0,0,0,1,0,0.285
2018,22.5,0.14,0,0,0,0,0,0,0,0,0,0,0,0,0,1,0,0.213
2018,22.0,0.91,0,0,0,0,0,0,0,0,0,0,0,0,0,1,0,0.342
2018,22.1,1.0,0,0,0,0,1,0,0,0,0,0,0,0,0,1,0,0.293
2018,21.2,1.0,0,0,0,0,0,0,0,0,0,0,0,0,0,1,0,0.305
2018,15.0,0.49,0,0,0,0,1,0,0,0,0,0,0,0,0,1,0,0.399
2018,15.0,1.0,0,0,0,0,1,0,0,0,0,0,0,0,0,1,0,0.269
2018,15.0,1.45,0,0,0,0,0,0,0,0,0,0,0,0,0,1,0,0.251
2018,15.0,0.29,0,0,0,0,1,0,0,0,0,0,0,0,0,1,0,0.312
2018,21.5,1.0,0,0,0,0,0,0,0,0,0,0,0,0,0,1,0,0.323
2018,24.3,0.05,0,0,0,0,0,0,0,0,0,0,0,0,0,1,0,0.26
2018,16.1,0.16,0,0,0,0,0,0,0,0,0,0,0,0,0,1,0,0.234
2018,19.7,1.0,0,0,0,0,0,0,0,0,0,0,0,0,0,1,0,0.288
2018,18.3,1.0,0,0,0,0,1,0,0,0,0,0,0,0,0,1,0,0.286
2018,18.0,0.39,0,0,0,0,0,0,0,0,0,0,0,0,0,1,0,0.274
2018,15.0,0.34,0,0,0,0,1,0,0,0,0,0,0,0,0,1,0,0.273
2018,21.1,0.05,0,0,0,0,1,0,0,0,0,0,0,0,0,1,0,0.214
2018,15.0,2.32,0,0,0,0,0,0,0,0,0,0,0,0,0,1,0,0.278
2018,18.9,1.0,0,0,0,0,0,0,0,0,0,0,0,0,0,1,0,0.267
2018,15.0,0.75,0,0,0,0,0,0,0,0,0,0,0,0,0,1,0,0.327
2018,20.9,0.18,0,0,0,0,1,0,0,0,0,0,0,0,0,1,0,0.328
2018,19.2,1.0,0,0,0,0,0,0,0,0,0,0,0,0,0,1,0,0.288
2018,19.5,0.07,0,0,0,0,0,0,0,0,0,0,0,0,0,1,0,0.302
2018,15.0,0.41,0,0,0,0,0,0,0,0,0,0,0,0,0,1,0,0.293
2018,18.5,1.1,0,0,0,0,0,0,0,0,0,0,0,0,0,1,0,0.343
2018,15.0,0.72,0,0,0,0,0,0,0,0,0,0,0,0,0,1,0,0.35
2018,18.4,1.01,0,0,0,0,1,0,0,0,0,0,0,0,0,1,0,0.28
2018,21.7,1.0,0,0,0,0,1,0,0,0,0,0,0,0,0,1,0,0.328
2018,15.0,0.41,0,0,0,0,1,0,0,0,0,0,0,0,0,1,0,0.293
2018,16.0,1.0,0,0,0,0,1,0,0,0,0,0,0,0,0,1,0,0.276
2018,21.8,0.07,0,0,0,0,0,0,0,0,0,0,0,0,0,1,0,0.171
2018,15.0,1.0,0,0,0,0,1,0,0,0,0,0,0,0,0,1,0,0.269
2018,22.6,0.05,0,0,0,0,0,0,0,0,0,0,0,0,0,1,0,0.184
2018,24.4,0.8,0,0,0,0,1,0,0,0,0,0,0,0,0,1,0,0.378
2018,23.5,0.62,0,0,0,0,0,0,0,0,0,0,0,0,0,1,0,0.393
2018,15.0,1.0,0,0,0,0,1,0,0,0,0,0,0,0,0,1,0,0.269
2018,15.0,1.0,0,0,0,0,0,0,0,0,0,0,0,0,0,1,0,0.269
2018,20.3,1.35,0,0,0,0,0,0,0,0,0,0,0,0,0,1,0,0.287
2018,23.0,1.0,0,0,0,0,0,0,0,0,0,0,0,0,0,1,0,0.183
2018,24.6,2.43,0,0,0,0,0,0,0,0,0,0,0,0,0,1,0,0.235
2018,21.7,1.19,0,0,0,0,0,0,0,0,0,0,0,0,0,1,0,0.381
2018,18.8,1.0,0,0,0,0,0,0,0,0,0,0,0,0,0,1,0,0.276
2018,24.5,1.0,0,0,0,0,1,0,0,0,0,0,0,0,0,1,0,0.265
2018,15.0,0.05,0,0,0,0,0,0,0,0,0,0,0,0,0,1,0,0.329
2018,19.6,0.05,0,0,0,0,0,0,0,0,0,0,0,0,0,1,0,0.32
2018,15.0,1.0,0,0,0,0,0,0,0,0,0,0,0,0,0,1,0,0.269
2018,20.6,1.0,0,0,0,0,0,0,0,0,0,0,0,0,0,1,0,0.262
2018,15.0,0.16,0,0,0,0,1,0,0,0,0,0,0,0,0,1,0,0.35
2018,15.0,0.58,0,0,0,0,1,0,0,0,0,0,0,0,0,1,0,0.349
2018,19.9,0.05,0,0,0,0,0,0,0,0,0,0,0,0,0,1,0,0.274
2018,24.2,0.4,0,0,0,0,0,0,0,0,0,0,0,0,0,1,0,0.218
2018,20.1,1.0,0,0,0,0,0,0,0,0,0,0,0,0,0,1,0,0.298
2018,15.0,1.0,0,0,0,0,1,0,0,0,0,0,0,0,0,1,0,0.269
2018,24.1,1.0,0,0,0,0,0,0,0,0,0,0,0,0,0,1,0,0.242
2018,15.0,1.0,0,0,0,0,0,0,0,0,0,0,0,0,0,1,0,0.269
2018,15.0,0.43,0,0,0,0,0,0,0,0,0,0,0,0,0,1,0,0.293
2018,15.0,1.0,0,0,0,0,1,0,0,0,0,0,0,0,0,1,0,0.269
2018,15.0,0.08,0,0,0,0,0,0,0,0,0,0,0,0,0,1,0,0.309
2018,15.0,0.72,0,0,0,0,1,0,0,0,0,0,0,0,0,1,0,0.35
2018,15.0,0.22,0,0,0,0,0,0,0,0,0,0,0,0,0,1,0,0.329
2018,21.7,1.55,0,0,0,0,0,0,0,0,0,0,0,0,0,1,0,0.361
2018,24.0,1.0,0,0,0,0,1,0,0,0,0,0,0,0,0,1,0,0.236
2018,15.0,0.6,0,0,0,0,1,0,0,0,0,0,0,0,0,1,0,0.349
2018,15.0,0.13,0,0,0,0,0,0,0,0,0,0,0,0,0,1,0,0.356
2018,16.9,1.0,0,0,0,0,0,0,0,0,0,0,0,0,0,1,0,0.255
2018,24.6,0.43,0,0,0,0,0,0,0,0,0,0,0,0,0,1,0,0.145
2018,24.3,0.08,0,0,0,0,0,0,0,0,0,0,0,0,0,1,0,0.308
2018,18.3,1.0,0,0,0,0,0,0,0,0,0,0,0,0,0,1,0,0.286
2018,18.3,1.0,0,0,0,0,0,0,0,0,0,0,0,0,0,1,0,0.286
2018,15.0,0.29,0,0,0,0,0,0,0,0,0,0,0,0,0,1,0,0.312
2018,20.3,0.05,0,0,0,0,0,0,0,0,0,0,0,0,0,1,0,0.251
2018,21.4,1.0,0,0,0,0,0,0,0,0,0,0,0,0,0,1,0,0.328
2018,20.1,1.0,0,0,0,0,0,0,0,0,0,0,0,0,0,1,0,0.298
2018,21.6,0.35,0,0,0,0,0,0,0,0,0,0,0,0,0,1,0,0.202
2018,24.1,0.2,0,0,0,0,0,0,0,0,0,0,0,0,0,1,0,0.208
2018,19.1,0.25,0,0,0,0,0,0,0,0,0,0,0,0,0,1,0,0.251
2018,16.2,0.6,0,0,0,0,0,0,0,0,0,0,0,0,0,1,0,0.349
2018,19.9,0.28,0,0,0,0,1,0,0,0,0,0,0,0,0,1,0,0.44
2018,18.8,1.0,0,0,0,0,0,0,0,0,0,0,0,0,0,1,0,0.276
2018,15.0,0.41,0,0,0,0,0,0,0,0,0,0,0,0,0,1,0,0.293
2018,15.0,1.0,0,0,0,0,0,0,0,0,0,0,0,0,0,1,0,0.269
2018,21.7,0.06,0,0,0,0,0,0,0,0,0,0,0,0,0,1,0,0.203
2018,20.0,1.0,0,0,0,0,0,0,0,0,0,0,0,0,0,1,0,0.292
2018,15.0,1.07,0,0,0,0,0,0,0,0,0,0,0,0,0,1,0,0.376
2018,23.5,0.22,0,0,0,0,0,0,0,0,0,0,0,0,0,1,0,0.233
2018,15.0,1.0,0,0,0,0,0,0,0,0,0,0,0,0,0,1,0,0.269
2018,24.0,0.22,0,0,0,0,0,0,0,0,0,0,0,0,0,1,0,0.159
2018,16.1,0.42,0,0,0,0,1,0,0,0,0,0,0,0,0,1,0,0.36
2018,16.7,0.05,0,0,0,0,0,0,0,0,0,0,0,0,0,1,0,0.151
2018,15.8,1.0,0,0,0,0,1,0,0,0,0,0,0,0,0,1,0,0.329
2018,19.1,1.0,0,0,0,0,0,0,0,0,0,0,0,0,0,1,0,0.23
2018,23.7,1.0,0,0,0,0,1,0,0,0,0,0,0,0,0,1,0,0.387
2018,20.1,0.46,0,0,0,0,0,0,0,0,0,0,0,0,0,1,0,0.389
2018,15.0,1.0,0,0,0,0,1,0,0,0,0,0,0,0,0,1,0,0.269
2018,23.8,1.0,0,0,0,0,0,0,0,0,0,0,0,0,0,1,0,0.278
2018,16.7,0.05,0,0,0,0,0,0,0,0,0,0,0,0,0,1,0,0.151
2018,15.0,0.78,0,0,0,0,0,0,0,0,0,0,0,0,0,1,0,0.339
2018,24.9,1.0,0,0,0,0,0,0,0,0,0,0,0,0,0,1,0,0.261
2018,22.5,0.32,0,0,0,0,0,0,0,0,0,0,0,0,0,1,0,0.178
2018,15.0,0.99,0,0,0,0,0,0,0,0,0,0,0,0,0,1,0,0.253
2018,18.1,0.15,0,0,0,0,1,0,0,0,0,0,0,0,0,1,0,0.341
2018,15.0,1.0,0,0,0,0,1,0,0,0,0,0,0,0,0,1,0,0.269
2018,17.5,1.58,0,0,0,0,0,0,0,0,0,0,0,0,0,1,0,0.255
2018,22.6,0.7,0,0,0,0,0,0,0,0,0,0,0,0,0,1,0,0.289
2018,15.0,0.05,0,0,0,0,0,0,0,0,0,0,0,0,0,1,0,0.329
2018,24.8,1.0,0,0,0,0,1,0,0,0,0,0,0,0,0,1,0,0.306
2018,16.4,1.0,0,0,0,0,0,0,0,0,0,0,0,0,0,1,0,0.251
2018,22.9,0.56,0,0,0,0,0,0,0,0,0,0,0,0,0,1,0,0.365
2018,15.0,0.27,0,0,0,0,1,0,0,0,0,0,0,0,0,1,0,0.33
2018,15.0,0.19,0,0,0,0,1,0,0,0,0,0,0,0,0,1,0,0.412
2018,15.0,0.91,0,0,0,0,1,0,0,0,0,0,0,0,0,1,0,0.389
2018,15.0,0.06,0,0,0,0,1,0,0,0,0,0,0,0,0,1,0,0.329
2018,22.8,1.0,0,0,0,0,0,0,0,0,0,0,0,0,0,1,0,0.285
2018,15.0,0.06,0,0,0,0,1,0,0,0,0,0,0,0,0,1,0,0.329
2018,24.1,1.06,0,0,0,0,0,0,0,0,0,0,0,0,0,1,0,0.299
2018,15.0,0.16,0,0,0,0,1,0,0,0,0,0,0,0,0,1,0,0.35
2018,16.0,1.0,0,0,0,0,0,0,0,0,0,0,0,0,0,1,0,0.276
2018,20.3,1.0,0,0,0,0,0,0,0,0,0,0,0,0,0,1,0,0.285
2018,16.9,1.0,0,0,0,0,0,0,0,0,0,0,0,0,0,1,0,0.255
2018,15.0,0.19,0,0,0,0,0,0,0,0,0,0,0,0,0,1,0,0.412
2018,19.6,0.49,0,0,0,0,1,0,0,0,0,0,0,0,0,1,0,0.457
2018,18.0,0.38,0,0,0,0,0,0,0,0,0,0,0,0,0,1,0,0.279
2018,15.0,0.71,0,0,0,0,1,0,0,0,0,0,0,0,0,1,0,0.35
2018,19.2,0.87,0,0,0,0,1,0,0,0,0,0,0,0,0,1,0,0.364
2018,20.9,1.0,0,0,0,0,0,0,0,0,0,0,0,0,0,1,0,0.312
2018,15.0,0.81,0,0,0,0,0,0,0,0,0,0,0,0,0,1,0,0.345
2018,15.0,0.77,0,0,0,0,0,0,0,0,0,0,0,0,0,1,0,0.326
2018,21.2,0.89,0,0,0,0,0,0,0,0,0,0,0,0,0,1,0,0.356
2018,15.8,0.38,0,0,0,0,0,0,0,0,0,0,0,0,0,1,0,0.362
2018,23.3,0.53,0,0,0,0,0,0,0,0,0,0,0,0,0,1,0,0.29
2018,20.3,1.0,0,0,0,0,0,0,0,0,0,0,0,0,0,1,0,0.285
2018,16.9,0.75,0,0,0,0,0,0,0,0,0,0,0,0,0,1,0,0.297
2018,15.0,1.0,0,0,0,0,0,0,0,0,0,0,0,0,0,1,0,0.269
2018,23.1,0.05,0,0,0,0,0,0,0,0,0,0,0,0,0,1,0,0.337
2018,15.0,1.61,0,0,0,0,0,0,0,0,0,0,0,0,0,1,0,0.334
2018,15.9,0.41,0,0,0,0,1,0,0,0,0,0,0,0,0,1,0,0.397
2018,20.5,1.0,0,0,0,0,0,0,0,0,0,0,0,0,0,1,0,0.289
2018,20.6,0.47,0,0,0,0,0,0,0,0,0,0,0,0,0,1,0,0.293
2018,24.6,1.0,0,0,0,0,1,0,0,0,0,0,0,0,0,1,0,0.239
2018,22.8,0.13,0,0,0,0,0,0,0,0,0,0,0,0,0,1,0,0.338
2018,15.0,0.24,0,0,0,0,1,0,0,0,0,0,0,0,0,1,0,0.328
2018,22.2,0.22,0,0,0,0,0,0,0,0,0,0,0,0,0,1,0,0.19
2018,18.2,0.44,0,0,0,0,0,0,0,0,0,0,0,0,0,1,0,0.258
2018,19.8,0.85,0,0,0,0,0,0,0,0,0,0,0,0,0,1,0,0.35
2018,15.0,0.24,0,0,0,0,1,0,0,0,0,0,0,0,0,1,0,0.328
2018,18.1,0.32,0,0,0,0,1,0,0,0,0,0,0,0,0,1,0,0.234
2018,18.2,0.84,0,0,0,0,0,0,0,0,0,0,0,0,0,1,0,0.253
2018,15.0,1.0,0,0,0,0,1,0,0,0,0,0,0,0,0,1,0,0.269
2018,15.0,0.13,0,0,0,0,0,0,0,0,0,0,0,0,0,1,0,0.356
2018,22.9,0.09,0,0,0,0,1,0,0,0,0,0,0,0,0,1,0,0.413
2018,22.4,0.14,0,0,0,0,1,0,0,0,0,0,0,0,0,1,0,0.234
2018,21.6,0.05,0,0,0,0,0,0,0,0,0,0,0,0,0,1,0,0.199
2018,15.0,1.0,0,0,0,0,0,0,0,0,0,0,0,0,0,1,0,0.269
2018,24.0,0.3,0,0,0,0,0,0,0,0,0,0,0,0,0,1,0,0.24
2018,15.0,0.65,0,0,0,0,0,0,0,0,0,0,0,0,0,1,0,0.377
2018,15.0,1.51,0,0,0,0,0,0,0,0,0,0,0,0,0,1,0,0.306
2018,24.5,1.0,0,0,0,0,0,0,0,0,0,0,0,0,0,1,0,0.265
2018,15.0,1.0,0,0,0,0,0,0,0,0,0,0,0,0,0,1,0,0.269
2018,20.1,0.21,0,0,0,0,1,0,0,0,0,0,0,0,0,1,0,0.309
2018,22.9,0.05,0,0,0,0,1,0,0,0,0,0,0,0,0,1,0,0.33
2018,15.0,0.44,0,0,0,0,0,0,0,0,0,0,0,0,0,1,0,0.293
2018,15.0,0.33,0,0,0,0,0,0,0,0,0,0,0,0,0,1,0,0.22
2018,15.0,1.0,0,0,0,0,0,0,0,0,0,0,0,0,0,1,0,0.269
2018,22.6,0.21,0,0,0,0,0,0,0,0,0,0,0,0,0,1,0,0.18
2018,15.0,1.0,0,0,0,0,0,0,0,0,0,0,0,0,0,1,0,0.269
2018,15.0,1.0,0,0,0,0,0,0,0,0,0,0,0,0,0,1,0,0.269
2018,23.9,0.21,0,0,0,0,0,0,0,0,0,0,0,0,0,1,0,0.161
2018,15.0,0.22,0,0,0,0,0,0,0,0,0,0,0,0,0,1,0,0.329
2018,23.8,1.21,0,0,0,0,0,0,0,0,0,0,0,0,0,1,0,0.33
2018,15.0,1.79,0,0,0,0,0,0,0,0,0,0,0,0,0,1,0,0.227
2018,15.0,0.12,0,0,0,0,0,0,0,0,0,0,0,0,0,1,0,0.359
2018,22.2,0.27,0,0,0,0,0,0,0,0,0,0,0,0,0,1,0,0.219
2018,23.4,1.17,0,0,0,0,0,0,0,0,0,0,0,0,0,1,0,0.349
2018,23.8,0.3,0,0,0,0,0,0,0,0,0,0,0,0,0,1,0,0.296
2018,22.6,1.0,0,0,0,0,0,0,0,0,0,0,0,0,0,1,0,0.241
2018,21.9,0.32,0,0,0,0,0,0,0,0,0,0,0,0,0,1,0,0.196
2018,15.5,0.29,0,0,0,0,1,0,0,0,0,0,0,0,0,1,0,0.299
2018,15.7,1.0,0,0,0,0,0,0,0,0,0,0,0,0,0,1,0,0.34
2018,15.0,1.0,0,0,0,0,0,0,0,0,0,0,0,0,0,1,0,0.269
2018,15.0,0.71,0,0,0,0,1,0,0,0,0,0,0,0,0,1,0,0.35
2018,15.0,1.0,0,0,0,0,1,0,0,0,0,0,0,0,0,1,0,0.269
2018,18.1,1.0,0,0,0,0,0,0,0,0,0,0,0,0,0,1,0,0.255
2018,15.0,1.01,0,0,0,0,0,0,0,0,0,0,0,0,0,1,0,0.27
2018,17.8,0.12,0,0,0,0,1,0,0,0,0,0,0,0,0,1,0,0.336
2018,21.0,1.0,0,0,0,0,0,0,0,0,0,0,0,0,0,1,0,0.303
2018,20.9,0.05,0,0,0,0,1,0,0,0,0,0,0,0,0,1,0,0.233
2018,15.0,0.83,0,0,0,0,1,0,0,0,0,0,0,0,0,1,0,0.345
2018,22.2,0.35,0,0,0,0,0,0,0,0,0,0,0,0,0,1,0,0.197
2018,20.3,0.96,0,0,0,0,1,0,0,0,0,0,0,0,0,1,0,0.313
2018,20.6,0.05,0,0,0,0,0,0,0,0,0,0,0,0,0,1,0,0.197
2018,15.0,1.47,0,0,0,0,0,0,0,0,0,0,0,0,0,1,0,0.314
2018,20.3,1.0,0,0,0,0,0,0,0,0,0,0,0,0,0,1,0,0.285
2018,15.7,1.0,0,0,0,0,0,0,0,0,0,0,0,0,0,1,0,0.34
2018,15.0,1.0,0,0,0,0,0,0,0,0,0,0,0,0,0,1,0,0.269
2018,15.0,0.05,0,0,0,0,0,0,0,0,0,0,0,0,0,1,0,0.329
2018,15.0,0.05,0,0,0,0,0,0,0,0,0,0,0,0,0,1,0,0.329
2018,18.2,1.19,0,0,0,0,0,0,0,0,0,0,0,0,0,1,0,0.283
2018,15.0,1.0,0,0,0,0,0,0,0,0,0,0,0,0,0,1,0,0.269
2018,20.5,0.12,0,0,0,0,0,0,0,0,0,0,0,0,0,1,0,0.301
2018,22.3,0.3,0,0,0,0,0,0,0,0,0,0,0,0,0,1,0,0.278
2018,15.0,0.25,0,0,0,0,1,0,0,0,0,0,0,0,0,1,0,0.326
2018,15.0,1.0,0,0,0,0,0,0,0,0,0,0,0,0,0,1,0,0.269
2018,19.7,1.5,0,0,0,0,1,0,0,0,0,0,0,0,0,1,0,0.328
2018,20.6,1.0,0,0,0,0,0,0,0,0,0,0,0,0,0,1,0,0.262
2018,15.0,0.23,0,0,0,0,0,0,0,0,0,0,0,0,0,1,0,0.328
2018,24.0,0.47,0,0,0,0,1,0,0,0,0,0,0,0,0,1,0,0.28
2018,22.0,1.0,0,0,0,0,0,0,0,0,0,0,0,0,0,1,0,0.287
2018,15.0,0.09,0,0,0,0,0,0,0,0,0,0,0,0,0,1,0,0.309
2018,18.7,0.68,0,0,0,0,1,0,0,0,0,0,0,0,0,1,0,0.445
2018,21.6,0.32,0,0,0,0,0,0,0,0,0,0,0,0,0,1,0,0.194
2018,18.6,0.52,0,0,0,0,0,0,0,0,0,0,0,0,0,1,0,0.304
2018,15.0,0.35,0,0,0,0,0,0,0,0,0,0,0,0,0,1,0,0.273
2018,20.4,1.0,0,0,0,0,1,0,0,0,0,0,0,0,0,1,0,0.285
2018,18.9,0.39,0,0,0,0,0,0,0,0,0,0,0,0,0,1,0,0.261
2018,15.0,0.08,0,0,0,0,0,0,0,0,0,0,0,0,0,1,0,0.309
2018,15.0,0.88,0,0,0,0,0,0,0,0,0,0,0,0,0,1,0,0.389
2018,15.0,0.12,0,0,0,0,0,0,0,0,0,0,0,0,0,1,0,0.359
2018,15.0,0.25,0,0,0,0,0,0,0,0,0,0,0,0,0,1,0,0.326
2018,22.4,0.14,0,0,0,0,0,0,0,0,0,0,0,0,0,1,0,0.234
2018,23.3,0.09,0,0,0,0,1,0,0,0,0,0,0,0,0,1,0,0.342
2018,20.4,0.31,0,0,0,0,1,0,0,0,0,0,0,0,0,1,0,0.384
2018,15.0,0.1,0,0,0,0,1,0,0,0,0,0,0,0,0,1,0,0.324
2018,15.0,0.32,0,0,0,0,1,0,0,0,0,0,0,0,0,1,0,0.22
2018,15.0,1.0,0,0,0,0,0,0,0,0,0,0,0,0,0,1,0,0.269
2018,21.1,0.43,0,0,0,0,0,0,0,0,0,0,0,0,0,1,0,0.233
2018,15.0,0.25,0,0,0,0,1,0,0,0,0,0,0,0,0,1,0,0.326
2018,22.2,1.0,0,0,0,0,0,0,0,0,0,0,0,0,0,1,0,0.294
2018,21.3,0.29,0,0,0,0,0,0,0,0,0,0,0,0,0,1,0,0.269
2018,23.1,0.05,0,0,0,0,1,0,0,0,0,0,0,0,0,1,0,0.337
2018,21.8,1.0,0,0,0,0,0,0,0,0,0,0,0,0,0,1,0,0.294
2018,15.0,1.0,0,0,0,0,1,0,0,0,0,0,0,0,0,1,0,0.269
2018,24.3,1.0,0,0,0,0,0,0,0,0,0,0,0,0,0,1,0,0.326
2018,19.8,0.55,0,0,0,0,0,0,0,0,0,0,0,0,0,1,0,0.36
2018,22.7,0.68,0,0,0,0,1,0,0,0,0,0,0,0,0,1,0,0.331
2018,23.9,0.08,0,0,0,0,0,0,0,0,0,0,0,0,0,1,0,0.213
2018,15.0,1.0,0,0,0,0,1,0,0,0,0,0,0,0,0,1,0,0.269
2018,19.9,0.22,0,0,0,0,1,0,0,0,0,0,0,0,0,1,0,0.377
2018,23.8,0.36,0,0,0,0,0,0,0,0,0,0,0,0,0,1,0,0.211
2018,15.0,1.0,0,0,0,0,0,0,0,0,0,0,0,0,0,1,0,0.269
2018,20.2,1.0,0,0,0,0,0,0,0,0,0,0,0,0,0,1,0,0.278
2018,24.8,0.17,0,0,0,0,0,0,0,0,0,0,0,0,0,1,0,0.2
2018,22.5,0.05,0,0,0,0,1,0,0,0,0,0,0,0,0,1,0,0.188
2018,18.9,0.24,0,0,0,0,0,0,0,0,0,0,0,0,0,1,0,0.268
2018,15.0,0.36,0,0,0,0,0,0,0,0,0,0,0,0,0,1,0,0.291
2018,15.0,1.0,0,0,0,0,0,0,0,0,0,0,0,0,0,1,0,0.269
2018,15.0,1.5,0,0,0,0,1,0,0,0,0,0,0,0,0,1,0,0.306
2018,15.1,1.51,0,0,0,0,0,0,0,0,0,0,0,0,0,1,0,0.294
2018,17.6,0.69,0,0,0,0,0,0,0,0,0,0,0,0,0,1,0,0.354
2018,15.7,0.68,0,0,0,0,0,0,0,0,0,0,0,0,0,1,0,0.459
2018,20.2,1.0,0,0,0,0,0,0,0,0,0,0,0,0,0,1,0,0.278
2018,15.0,1.0,0,0,0,0,0,0,0,0,0,0,0,0,0,1,0,0.269
2018,15.0,1.0,0,0,0,0,0,0,0,0,0,0,0,0,0,1,0,0.269
2018,15.7,0.57,0,0,0,0,1,0,0,0,0,0,0,0,0,1,0,0.435
2018,16.9,0.47,0,0,0,0,1,0,0,0,0,0,0,0,0,1,0,0.41
2018,24.4,0.05,0,0,0,0,1,0,0,0,0,0,0,0,0,1,0,0.218
2018,17.6,0.26,0,0,0,0,1,0,0,0,0,0,0,0,0,1,0,0.29
2018,22.5,1.0,0,0,0,0,1,0,0,0,0,0,0,0,0,1,0,0.253
2018,17.4,0.18,0,0,0,0,1,0,0,0,0,0,0,0,0,1,0,0.319
2018,23.1,2.3,0,0,0,0,1,0,0,0,0,0,0,0,0,1,0,0.274
2018,23.7,0.13,0,0,0,0,1,0,0,0,0,0,0,0,0,1,0,0.433
2018,16.8,1.0,0,0,0,0,0,0,0,0,0,0,0,0,0,1,0,0.265
2018,22.6,1.0,0,0,0,0,0,0,0,0,0,0,0,0,0,1,0,0.241
2018,15.0,1.0,0,0,0,0,1,0,0,0,0,0,0,0,0,1,0,0.269
2018,15.0,1.0,0,0,0,0,0,0,0,0,0,0,0,0,0,1,0,0.269
2018,15.0,0.29,0,0,0,0,1,0,0,0,0,0,0,0,0,1,0,0.312
2018,15.0,1.0,0,0,0,0,0,0,0,0,0,0,0,0,0,1,0,0.269
2018,20.1,0.39,0,0,0,0,1,0,0,0,0,0,0,0,0,1,0,0.326
2018,23.7,0.62,0,0,0,0,0,0,0,0,0,0,0,0,0,1,0,0.435
2018,15.6,1.0,0,0,0,0,0,0,0,0,0,0,0,0,0,1,0,0.297
2018,15.0,2.19,0,0,0,0,0,0,0,0,0,0,0,0,0,1,0,0.299
2018,18.9,0.41,0,0,0,0,1,0,0,0,0,0,0,0,0,1,0,0.275
2018,24.8,1.1,0,0,0,0,0,0,0,0,0,0,0,0,0,1,0,0.34
2018,24.4,0.05,0,0,0,0,0,0,0,0,0,0,0,0,0,1,0,0.218
2018,18.7,0.07,0,0,0,0,1,0,0,0,0,0,0,0,0,1,0,0.337
2018,15.0,1.0,0,0,0,0,0,0,0,0,0,0,0,0,0,1,0,0.269
2018,15.0,1.0,0,0,0,0,0,0,0,0,0,0,0,0,0,1,0,0.269
2018,19.7,0.4,0,0,0,0,0,0,0,0,0,0,0,0,0,1,0,0.369
2018,21.6,1.0,0,0,0,0,1,0,0,0,0,0,0,0,0,1,0,0.323
2018,15.0,1.0,0,0,0,0,0,0,0,0,0,0,0,0,0,1,0,0.269
2018,15.0,1.0,0,0,0,0,0,0,0,0,0,0,0,0,0,1,0,0.269
2018,17.9,0.05,0,0,0,0,0,0,0,0,0,0,0,0,0,1,0,0.29
2018,22.1,0.06,0,0,0,0,0,0,0,0,0,0,0,0,0,1,0,0.18
2018,15.0,0.08,0,0,0,0,0,0,0,0,0,0,0,0,0,1,0,0.309
2018,15.0,1.13,0,0,0,0,0,0,0,0,0,0,0,0,0,1,0,0.378
2018,19.0,0.06,0,0,0,0,0,0,0,0,0,0,0,0,0,1,0,0.266
2018,15.1,1.0,0,0,0,0,1,0,0,0,0,0,0,0,0,1,0,0.271
2018,24.6,0.38,0,0,0,0,0,0,0,0,0,0,0,0,0,1,0,0.155
2018,23.5,1.84,0,0,0,0,0,0,0,0,0,0,0,0,0,1,0,0.292
2018,18.3,0.16,0,0,0,0,1,0,0,0,0,0,0,0,0,1,0,0.366
2018,22.9,0.12,0,0,0,0,0,0,0,0,0,0,0,0,0,1,0,0.35
2018,22.3,0.28,0,0,0,0,0,0,0,0,0,0,0,0,0,1,0,0.273
2018,22.9,0.15,0,0,0,0,0,0,0,0,0,0,0,0,0,1,0,0.326
2018,19.5,0.53,0,0,0,0,1,0,0,0,0,0,0,0,0,1,0,0.373
2018,24.8,1.46,0,0,0,0,1,0,0,0,0,0,0,0,0,1,0,0.392
2018,20.3,1.0,0,0,0,0,1,0,0,0,0,0,0,0,0,1,0,0.285
2018,19.8,0.4,0,0,0,0,1,0,0,0,0,0,0,0,0,1,0,0.398
2018,18.3,1.0,0,0,0,0,0,0,0,0,0,0,0,0,0,1,0,0.286
2018,15.0,0.49,0,0,0,0,1,0,0,0,0,0,0,0,0,1,0,0.399
2018,15.0,0.43,0,0,0,0,0,0,0,0,0,0,0,0,0,1,0,0.293
2018,15.0,1.25,0,0,0,0,1,0,0,0,0,0,0,0,0,1,0,0.346
2018,21.1,0.2,0,0,0,0,0,0,0,0,0,0,0,0,0,1,0,0.271
2018,15.5,1.54,0,0,0,0,0,0,0,0,0,0,0,0,0,1,0,0.321
2018,23.2,0.57,0,0,0,0,0,0,0,0,0,0,0,0,0,1,0,0.244
2018,15.0,1.71,0,0,0,0,0,0,0,0,0,0,0,0,0,1,0,0.349
2018,21.6,0.05,0,0,0,0,0,0,0,0,0,0,0,0,0,1,0,0.199
2018,15.0,1.42,0,0,0,0,0,0,0,0,0,0,0,0,0,1,0,0.271
2018,15.0,0.34,0,0,0,0,0,0,0,0,0,0,0,0,0,1,0,0.273
2018,17.2,0.17,0,0,0,0,0,0,0,0,0,0,0,0,0,1,0,0.33
2018,21.1,2.18,0,0,0,0,1,0,0,0,0,0,0,0,0,1,0,0.338
2018,19.8,0.35,0,0,0,0,1,0,0,0,0,0,0,0,0,1,0,0.402
2018,22.7,0.13,0,0,0,0,0,0,0,0,0,0,0,0,0,1,0,0.3
2018,24.4,1.0,0,0,0,0,0,0,0,0,0,0,0,0,0,1,0,0.281
2018,15.0,1.0,0,0,0,0,0,0,0,0,0,0,0,0,0,1,0,0.269
2018,15.0,0.74,0,0,0,0,1,0,0,0,0,0,0,0,0,1,0,0.327
2018,15.4,0.49,0,0,0,0,0,0,0,0,0,0,0,0,0,1,0,0.388
2018,20.1,1.0,0,0,0,0,1,0,0,0,0,0,0,0,0,1,0,0.298
2018,18.0,1.0,0,0,0,0,0,0,0,0,0,0,0,0,0,1,0,0.255
2018,15.0,0.41,0,0,0,0,0,0,0,0,0,0,0,0,0,1,0,0.293
2018,17.8,0.05,0,0,0,0,0,0,0,0,0,0,0,0,0,1,0,0.292
2018,15.0,1.04,0,0,0,0,0,0,0,0,0,0,0,0,0,1,0,0.365
2018,15.0,0.05,0,0,0,0,0,0,0,0,0,0,0,0,0,1,0,0.329
2018,23.4,2.5,0,0,0,0,0,0,0,0,0,0,0,0,0,1,0,0.276
2018,22.1,1.0,0,0,0,0,0,0,0,0,0,0,0,0,0,1,0,0.293
2018,20.0,1.94,0,0,0,0,1,0,0,0,0,0,0,0,0,1,0,0.307
2018,15.0,0.43,0,0,0,0,0,0,0,0,0,0,0,0,0,1,0,0.293
2018,17.7,1.0,0,0,0,0,0,0,0,0,0,0,0,0,0,1,0,0.257
2018,16.0,0.24,0,0,0,0,0,0,0,0,0,0,0,0,0,1,0,0.285
2018,18.7,1.0,0,0,0,0,1,0,0,0,0,0,0,0,0,1,0,0.294
2018,24.3,0.15,0,0,0,0,0,0,0,0,0,0,0,0,0,1,0,0.276
2018,15.0,1.0,0,0,0,0,0,0,0,0,0,0,0,0,0,1,0,0.269
2018,23.6,0.13,0,0,0,0,0,0,0,0,0,0,0,0,0,1,0,0.373
2018,23.4,1.73,0,0,0,0,0,0,0,0,0,0,0,0,0,1,0,0.254
2018,17.7,1.0,0,0,0,0,1,0,0,0,0,0,0,0,0,1,0,0.257
2018,23.3,0.18,0,0,0,0,0,0,0,0,0,0,0,0,0,1,0,0.29
2018,21.7,0.08,0,0,0,0,1,0,0,0,0,0,0,0,0,1,0,0.277
2018,15.0,0.07,0,0,0,0,0,0,0,0,0,0,0,0,0,1,0,0.288
2018,15.0,0.63,0,0,0,0,1,0,0,0,0,0,0,0,0,1,0,0.357
2018,17.1,1.35,0,0,0,0,0,0,0,0,0,0,0,0,0,1,0,0.283
2018,24.8,0.05,0,0,0,0,0,0,0,0,0,0,0,0,0,1,0,0.128
2018,19.5,0.32,0,0,0,0,0,0,0,0,0,0,0,0,0,1,0,0.335
2018,24.8,0.08,0,0,0,0,1,0,0,0,0,0,0,0,0,1,0,0.156
2018,15.0,0.57,0,0,0,0,0,0,0,0,0,0,0,0,0,1,0,0.327
2018,15.0,0.05,0,0,0,0,0,0,0,0,0,0,0,0,0,1,0,0.329
2018,15.0,1.0,0,0,0,0,1,0,0,0,0,0,0,0,0,1,0,0.269
2018,22.5,1.0,0,0,0,0,0,0,0,0,0,0,0,0,0,1,0,0.253
2018,15.0,0.52,0,0,0,0,1,0,0,0,0,0,0,0,0,1,0,0.339
2018,20.8,0.66,0,0,0,0,0,0,0,0,0,0,0,0,0,1,0,0.372
2018,15.0,0.61,0,0,0,0,0,0,0,0,0,0,0,0,0,1,0,0.357
2018,20.3,0.23,0,0,0,0,0,0,0,0,0,0,0,0,0,1,0,0.303
2018,23.9,0.07,0,0,0,0,0,0,0,0,0,0,0,0,0,1,0,0.17
2018,17.1,0.69,0,0,0,0,0,0,0,0,0,0,0,0,0,1,0,0.398
2018,23.6,1.0,0,0,0,0,0,0,0,0,0,0,0,0,0,1,0,0.381
2018,15.5,0.1,0,0,0,0,0,0,0,0,0,0,0,0,0,1,0,0.289
2018,15.0,0.59,0,0,0,0,0,0,0,0,0,0,0,0,0,1,0,0.349
2018,24.9,1.0,0,0,0,0,0,0,0,0,0,0,0,0,0,1,0,0.261
2018,15.2,0.59,0,0,0,0,1,0,0,0,0,0,0,0,0,1,0,0.369
2018,23.5,0.9,0,0,0,0,1,0,0,0,0,0,0,0,0,1,0,0.441
2018,15.0,0.43,0,0,0,0,1,0,0,0,0,0,0,0,0,1,0,0.293
2018,15.0,0.26,0,0,0,0,1,0,0,0,0,0,0,0,0,1,0,0.326
2018,15.0,0.05,0,0,0,0,0,0,0,0,0,0,0,0,0,1,0,0.329
2018,21.1,0.18,0,0,0,0,1,0,0,0,0,0,0,0,0,1,0,0.296
2018,18.0,0.53,0,0,0,0,1,0,0,0,0,0,0,0,0,1,0,0.312
2018,15.0,0.3,0,0,0,0,0,0,0,0,0,0,0,0,0,1,0,0.317
2018,16.1,1.0,0,0,0,0,0,0,0,0,0,0,0,0,0,1,0,0.268
2018,23.8,0.48,0,0,0,0,0,0,0,0,0,0,0,0,0,1,0,0.309
2018,23.2,0.52,0,0,0,0,0,0,0,0,0,0,0,0,0,1,0,0.25
2018,21.1,0.46,0,0,0,0,1,0,0,0,0,0,0,0,0,1,0,0.338
2018,17.9,0.69,0,0,0,0,0,0,0,0,0,0,0,0,0,1,0,0.353
2018,15.0,1.0,0,0,0,0,0,0,0,0,0,0,0,0,0,1,0,0.269
2018,19.0,1.0,0,0,0,0,1,0,0,0,0,0,0,0,0,1,0,0.28
2018,15.0,0.5,0,0,0,0,0,0,0,0,0,0,0,0,0,1,0,0.399
2018,22.6,1.0,0,0,0,0,0,0,0,0,0,0,0,0,0,1,0,0.241
2018,22.7,0.53,0,0,0,0,0,0,0,0,0,0,0,0,0,1,0,0.297
2018,15.0,0.05,0,0,0,0,1,0,0,0,0,0,0,0,0,1,0,0.329
2018,21.1,1.0,0,0,0,0,0,0,0,0,0,0,0,0,0,1,0,0.312
2018,19.2,1.2,0,0,0,0,0,0,0,0,0,0,0,0,0,1,0,0.371
2018,15.0,0.72,0,0,0,0,0,0,0,0,0,0,0,0,0,1,0,0.35
2018,15.0,0.07,0,0,0,0,0,0,0,0,0,0,0,0,0,1,0,0.288
2018,20.2,0.48,0,0,0,0,0,0,0,0,0,0,0,0,0,1,0,0.346
2018,23.5,1.0,0,0,0,0,0,0,0,0,0,0,0,0,0,1,0,0.346
2018,20.0,0.26,0,0,0,0,0,0,0,0,0,0,0,0,0,1,0,0.353
2018,24.0,0.12,0,0,0,0,0,0,0,0,0,0,0,0,0,1,0,0.192
2018,22.4,1.22,0,0,0,0,0,0,0,0,0,0,0,0,0,1,0,0.353
2018,22.2,0.12,0,0,0,0,0,0,0,0,0,0,0,0,0,1,0,0.232
2018,21.8,1.0,0,0,0,0,1,0,0,0,0,0,0,0,0,1,0,0.294
2018,23.4,1.0,0,0,0,0,0,0,0,0,0,0,0,0,0,1,0,0.285
2018,17.7,1.0,0,0,0,0,1,0,0,0,0,0,0,0,0,1,0,0.257
2018,22.2,1.35,0,0,0,0,1,0,0,0,0,0,0,0,0,1,0,0.29
2018,15.0,1.0,0,0,0,0,0,0,0,0,0,0,0,0,0,1,0,0.269
2018,15.0,1.0,0,0,0,0,0,0,0,0,0,0,0,0,0,1,0,0.269
2018,22.5,0.88,0,0,0,0,0,0,0,0,0,0,0,0,0,1,0,0.337
2018,24.0,0.7,0,0,0,0,0,0,0,0,0,0,0,0,0,1,0,0.266
2018,23.2,0.25,0,0,0,0,0,0,0,0,0,0,0,0,0,1,0,0.183
2018,15.0,1.0,0,0,0,0,0,0,0,0,0,0,0,0,0,1,0,0.269
2018,24.9,0.7,0,0,0,0,0,0,0,0,0,0,0,0,0,1,0,0.242
2018,17.0,1.1,0,0,0,0,0,0,0,0,0,0,0,0,0,1,0,0.331
2018,15.0,1.0,0,0,0,0,0,0,0,0,0,0,0,0,0,1,0,0.269
2018,21.0,0.14,0,0,0,0,0,0,0,0,0,0,0,0,0,1,0,0.255
2018,15.0,1.0,0,0,0,0,0,0,0,0,0,0,0,0,0,1,0,0.269
2018,15.0,0.52,0,0,0,0,0,0,0,0,0,0,0,0,0,1,0,0.339
2018,15.0,0.12,0,0,0,0,0,0,0,0,0,0,0,0,0,1,0,0.359
2018,24.3,1.0,0,0,0,0,0,0,0,0,0,0,0,0,0,1,0,0.326
2018,21.1,1.0,0,0,0,0,0,0,0,0,0,0,0,0,0,1,0,0.312
2018,16.5,0.1,0,0,0,0,0,0,0,0,0,0,0,0,0,1,0,0.203
2018,15.0,0.05,0,0,0,0,1,0,0,0,0,0,0,0,0,1,0,0.329
2018,15.4,0.86,0,0,0,0,0,0,0,0,0,0,0,0,0,1,0,0.317
2018,15.0,1.0,0,0,0,0,0,0,0,0,0,0,0,0,0,1,0,0.269
2018,15.0,0.28,0,0,0,0,0,0,0,0,0,0,0,0,0,1,0,0.312
2018,15.0,0.38,0,0,0,0,0,0,0,0,0,0,0,0,0,1,0,0.291
2018,15.3,1.93,0,0,0,0,1,0,0,0,0,0,0,0,0,1,0,0.267
2018,24.8,0.53,0,0,0,0,1,0,0,0,0,0,0,0,0,1,0,0.294
2018,22.1,0.06,0,0,0,0,0,0,0,0,0,0,0,0,0,1,0,0.18
2018,17.4,0.36,0,0,0,0,0,0,0,0,0,0,0,0,0,1,0,0.27
2018,22.2,0.05,0,0,0,0,0,0,0,0,0,0,0,0,0,1,0,0.181
2018,15.0,0.28,0,0,0,0,0,0,0,0,0,0,0,0,0,1,0,0.312
2018,24.5,0.05,0,0,0,0,0,0,0,0,0,0,0,0,0,1,0,0.132
2018,23.4,1.0,0,0,0,0,0,0,0,0,0,0,0,0,0,1,0,0.285
2018,22.9,1.0,0,0,0,0,0,0,0,0,0,0,0,0,0,1,0,0.301
2018,21.8,0.05,0,0,0,0,0,0,0,0,0,0,0,0,0,1,0,0.18
2018,16.3,0.29,0,0,0,0,0,0,0,0,0,0,0,0,0,1,0,0.267
2018,24.1,0.59,0,0,0,0,0,0,0,0,0,0,0,0,0,1,0,0.239
2018,16.3,1.71,0,0,0,0,1,0,0,0,0,0,0,0,0,1,0,0.326
2018,17.2,0.47,0,0,0,0,0,0,0,0,0,0,0,0,0,1,0,0.357
2018,20.4,0.43,0,0,0,0,0,0,0,0,0,0,0,0,0,1,0,0.295
2018,22.5,0.46,0,0,0,0,0,0,0,0,0,0,0,0,0,1,0,0.305
2018,17.8,0.14,0,0,0,0,1,0,0,0,0,0,0,0,0,1,0,0.336
2018,15.0,1.0,0,0,0,0,1,0,0,0,0,0,0,0,0,1,0,0.269
2018,21.6,2.08,0,0,0,0,0,0,0,0,0,0,0,0,0,1,0,0.384
2018,15.5,1.0,0,0,0,0,0,0,0,0,0,0,0,0,0,1,0,0.269
2018,23.2,0.05,0,0,0,0,0,0,0,0,0,0,0,0,0,1,0,0.219
2018,15.0,0.8,0,0,0,0,0,0,0,0,0,0,0,0,0,1,0,0.339
2018,21.6,0.64,0,0,0,0,0,0,0,0,0,0,0,0,0,1,0,0.363
2018,21.4,0.3,0,0,0,0,0,0,0,0,0,0,0,0,0,1,0,0.26
2018,22.6,0.14,0,0,0,0,0,0,0,0,0,0,0,0,0,1,0,0.216
2018,20.6,2.0,0,0,0,0,0,0,0,0,0,0,0,0,0,1,0,0.356
2018,22.3,1.0,0,0,0,0,1,0,0,0,0,0,0,0,0,1,0,0.306
2018,15.7,0.71,0,0,0,0,1,0,0,0,0,0,0,0,0,1,0,0.433
2018,17.6,0.15,0,0,0,0,0,0,0,0,0,0,0,0,0,1,0,0.326
2018,15.0,1.54,0,0,0,0,0,0,0,0,0,0,0,0,0,1,0,0.313
2018,23.6,0.24,0,0,0,0,0,0,0,0,0,0,0,0,0,1,0,0.289
2018,17.5,0.05,0,0,0,0,0,0,0,0,0,0,0,0,0,1,0,0.205
2018,15.0,0.06,0,0,0,0,1,0,0,0,0,0,0,0,0,1,0,0.329
2018,19.8,0.22,0,0,0,0,1,0,0,0,0,0,0,0,0,1,0,0.416
2018,15.0,0.31,0,0,0,0,1,0,0,0,0,0,0,0,0,1,0,0.317
2018,15.0,0.73,0,0,0,0,0,0,0,0,0,0,0,0,0,1,0,0.327
2018,18.6,0.12,0,0,0,0,0,0,0,0,0,0,0,0,0,1,0,0.341
2018,17.8,0.24,0,0,0,0,0,0,0,0,0,0,0,0,0,1,0,0.289
2018,17.9,1.4,0,0,0,0,1,0,0,0,0,0,0,0,0,1,0,0.252
2018,15.0,1.0,0,0,0,0,0,0,0,0,0,0,0,0,0,1,0,0.269
2018,15.0,0.1,0,0,0,0,0,0,0,0,0,0,0,0,0,1,0,0.324
2018,22.4,1.0,0,0,0,0,0,0,0,0,0,0,0,0,0,1,0,0.302
2018,15.0,0.05,0,0,0,0,0,0,0,0,0,0,0,0,0,1,0,0.329
2018,17.7,1.0,0,0,0,0,1,0,0,0,0,0,0,0,0,1,0,0.257
2018,20.7,1.0,0,0,0,0,0,0,0,0,0,0,0,0,0,1,0,0.292
2018,21.7,0.06,0,0,0,0,0,0,0,0,0,0,0,0,0,1,0,0.203
2018,15.0,0.39,0,0,0,0,0,0,0,0,0,0,0,0,0,1,0,0.269
2018,20.8,0.31,0,0,0,0,0,0,0,0,0,0,0,0,0,1,0,0.317
2018,20.5,1.0,0,0,0,0,0,0,0,0,0,0,0,0,0,1,0,0.289
2018,23.5,0.65,0,0,0,0,1,0,0,0,0,0,0,0,0,1,0,0.425
2018,16.5,0.26,0,0,0,0,0,0,0,0,0,0,0,0,0,1,0,0.287
2018,16.1,1.28,0,0,0,0,0,0,0,0,0,0,0,0,0,1,0,0.293
2018,22.3,0.28,0,0,0,0,0,0,0,0,0,0,0,0,0,1,0,0.273
2018,23.5,1.0,0,0,0,0,0,0,0,0,0,0,0,0,0,1,0,0.346
2018,24.9,1.0,0,0,0,0,0,0,0,0,0,0,0,0,0,1,0,0.261
2018,17.9,0.51,0,0,0,0,0,0,0,0,0,0,0,0,0,1,0,0.366
2018,17.8,0.32,0,0,0,0,1,0,0,0,0,0,0,0,0,1,0,0.231
2018,15.0,1.0,0,0,0,0,1,0,0,0,0,0,0,0,0,1,0,0.269
2018,21.7,0.93,0,0,0,0,1,0,0,0,0,0,0,0,0,1,0,0.377
2018,15.1,0.68,0,0,0,0,1,0,0,0,0,0,0,0,0,1,0,0.386
2018,16.0,1.0,0,0,0,0,1,0,0,0,0,0,0,0,0,1,0,0.276
2018,15.0,1.0,0,0,0,0,0,0,0,0,0,0,0,0,0,1,0,0.269
2018,15.0,0.1,0,0,0,0,0,0,0,0,0,0,0,0,0,1,0,0.324
2018,18.8,1.99,0,0,0,0,1,0,0,0,0,0,0,0,0,1,0,0.375
2018,21.5,0.3,0,0,0,0,0,0,0,0,0,0,0,0,0,1,0,0.255
2018,21.4,1.0,0,0,0,0,0,0,0,0,0,0,0,0,0,1,0,0.328
2018,23.2,1.0,0,0,0,0,0,0,0,0,0,0,0,0,0,1,0,0.267
2018,16.4,0.05,0,0,0,0,0,0,0,0,0,0,0,0,0,1,0,0.149
2018,16.2,1.0,0,0,0,0,0,0,0,0,0,0,0,0,0,1,0,0.24
2018,15.5,0.63,0,0,0,0,1,0,0,0,0,0,0,0,0,1,0,0.35
2018,18.6,1.0,0,0,0,0,0,0,0,0,0,0,0,0,0,1,0,0.248
2018,24.2,0.49,0,0,0,0,1,0,0,0,0,0,0,0,0,1,0,0.379
2018,18.1,0.66,0,0,0,0,1,0,0,0,0,0,0,0,0,1,0,0.401
2018,22.8,1.0,0,0,0,0,0,0,0,0,0,0,0,0,0,1,0,0.285
2018,18.2,0.96,0,0,0,0,0,0,0,0,0,0,0,0,0,1,0,0.26
2018,20.6,1.0,0,0,0,0,0,0,0,0,0,0,0,0,0,1,0,0.262
2018,17.0,0.29,0,0,0,0,1,0,0,0,0,0,0,0,0,1,0,0.302
2018,24.4,0.2,0,0,0,0,0,0,0,0,0,0,0,0,0,1,0,0.232
2018,21.9,0.19,0,0,0,0,0,0,0,0,0,0,0,0,0,1,0,0.28
2018,16.5,1.0,0,0,0,0,0,0,0,0,0,0,0,0,0,1,0,0.26
2018,16.9,0.3,0,0,0,0,1,0,0,0,0,0,0,0,0,1,0,0.361
2018,19.6,1.14,0,0,0,0,1,0,0,0,0,0,0,0,0,1,0,0.394
2018,18.9,0.94,0,0,0,0,0,0,0,0,0,0,0,0,0,1,0,0.29
2018,18.1,1.0,0,0,0,0,0,0,0,0,0,0,0,0,0,1,0,0.255
2018,17.6,0.27,0,0,0,0,1,0,0,0,0,0,0,0,0,1,0,0.294
2018,21.8,0.15,0,0,0,0,0,0,0,0,0,0,0,0,0,1,0,0.215
2018,23.0,0.76,0,0,0,0,0,0,0,0,0,0,0,0,0,1,0,0.259
2018,15.0,0.97,0,0,0,0,0,0,0,0,0,0,0,0,0,1,0,0.253
2018,24.7,1.0,0,0,0,0,0,0,0,0,0,0,0,0,0,1,0,0.232
2018,18.5,0.19,0,0,0,0,0,0,0,0,0,0,0,0,0,1,0,0.288
2018,15.5,0.32,0,0,0,0,0,0,0,0,0,0,0,0,0,1,0,0.202
2018,15.0,0.43,0,0,0,0,1,0,0,0,0,0,0,0,0,1,0,0.293
2018,18.6,0.52,0,0,0,0,0,0,0,0,0,0,0,0,0,1,0,0.304
2018,20.6,0.21,0,0,0,0,0,0,0,0,0,0,0,0,0,1,0,0.205
2018,15.0,0.05,0,0,0,0,0,0,0,0,0,0,0,0,0,1,0,0.329
2018,18.5,1.0,0,0,0,0,0,0,0,0,0,0,0,0,0,1,0,0.25
2018,23.6,0.33,0,0,0,0,1,0,0,0,0,0,0,0,0,1,0,0.265
2018,15.0,0.28,0,0,0,0,0,0,0,0,0,0,0,0,0,1,0,0.312
2018,15.0,1.0,0,0,0,0,0,0,0,0,0,0,0,0,0,1,0,0.269
2018,23.8,0.52,0,0,0,0,0,0,0,0,0,0,0,0,0,1,0,0.276
2018,22.7,0.46,0,0,0,0,0,0,0,0,0,0,0,0,0,1,0,0.348
2018,15.0,1.0,0,0,0,0,0,0,0,0,0,0,0,0,0,1,0,0.269
2018,20.0,1.0,0,0,0,0,1,0,0,0,0,0,0,0,0,1,0,0.292
2018,16.5,0.09,0,0,0,0,0,0,0,0,0,0,0,0,0,1,0,0.203
2018,23.8,1.0,0,0,0,0,0,0,0,0,0,0,0,0,0,1,0,0.278
2018,23.1,1.0,0,0,0,0,0,0,0,0,0,0,0,0,0,1,0,0.265
2018,15.0,1.0,0,0,0,0,0,0,0,0,0,0,0,0,0,1,0,0.269
2018,15.0,1.0,0,0,0,0,0,0,0,0,0,0,0,0,0,1,0,0.269
2018,15.0,1.0,0,0,0,0,1,0,0,0,0,0,0,0,0,1,0,0.269
2018,18.9,1.0,0,0,0,0,0,0,0,0,0,0,0,0,0,1,0,0.267
2018,15.0,0.05,0,0,0,0,0,0,0,0,0,0,0,0,0,1,0,0.329
2018,19.9,0.58,0,0,0,0,0,0,0,0,0,0,0,0,0,1,0,0.379
2018,15.0,0.8,0,0,0,0,0,0,0,0,0,0,0,0,0,1,0,0.339
2018,19.0,0.57,0,0,0,0,0,0,0,0,0,0,0,0,0,1,0,0.329
2018,22.2,0.1,0,0,0,0,0,0,0,0,0,0,0,0,0,1,0,0.225
2018,23.3,0.45,0,0,0,0,1,0,0,0,0,0,0,0,0,1,0,0.328
2018,17.4,1.0,0,0,0,0,0,0,0,0,0,0,0,0,0,1,0,0.248
2018,21.4,1.0,0,0,0,0,1,0,0,0,0,0,0,0,0,1,0,0.328
2018,19.4,1.0,0,0,0,0,0,0,0,0,0,0,0,0,0,1,0,0.283
2018,23.8,0.12,0,0,0,0,0,0,0,0,0,0,0,0,0,1,0,0.302
2018,22.2,0.17,0,0,0,0,1,0,0,0,0,0,0,0,0,1,0,0.279
2018,15.0,1.0,0,0,0,0,0,0,0,0,0,0,0,0,0,1,0,0.269
2018,15.0,0.19,0,0,0,0,1,0,0,0,0,0,0,0,0,1,0,0.412
2018,24.4,0.19,0,0,0,0,0,0,0,0,0,0,0,0,0,1,0,0.232
2018,15.0,1.0,0,0,0,0,0,0,0,0,0,0,0,0,0,1,0,0.269
2018,15.0,1.0,0,0,0,0,1,0,0,0,0,0,0,0,0,1,0,0.269
2018,19.6,0.29,0,0,0,0,1,0,0,0,0,0,0,0,0,1,0,0.448
2018,15.0,0.28,0,0,0,0,0,0,0,0,0,0,0,0,0,1,0,0.312
2018,24.9,0.05,0,0,0,0,0,0,0,0,0,0,0,0,0,1,0,0.095
2018,23.7,0.41,0,0,0,0,0,0,0,0,0,0,0,0,0,1,0,0.28
2018,15.0,0.52,0,0,0,0,1,0,0,0,0,0,0,0,0,1,0,0.339
2018,22.2,0.91,0,0,0,0,0,0,0,0,0,0,0,0,0,1,0,0.374
2018,15.0,1.0,0,0,0,0,0,0,0,0,0,0,0,0,0,1,0,0.269
2018,21.3,0.21,0,0,0,0,1,0,0,0,0,0,0,0,0,1,0,0.211
2018,23.2,1.0,0,0,0,0,0,0,0,0,0,0,0,0,0,1,0,0.267
2018,15.0,1.0,0,0,0,0,0,0,0,0,0,0,0,0,0,1,0,0.269
2018,19.1,0.73,0,0,0,0,1,0,0,0,0,0,0,0,0,1,0,0.267
2018,21.5,0.71,0,0,0,0,0,0,0,0,0,0,0,0,0,1,0,0.401
2018,15.0,0.39,0,0,0,0,0,0,0,0,0,0,0,0,0,1,0,0.269
2018,15.0,0.05,0,0,0,0,1,0,0,0,0,0,0,0,0,1,0,0.329
2018,21.5,0.25,0,0,0,0,0,0,0,0,0,0,0,0,0,1,0,0.213
2018,22.9,1.0,0,0,0,0,0,0,0,0,0,0,0,0,0,1,0,0.301
2018,23.6,1.8,0,0,0,0,0,0,0,0,0,0,0,0,0,1,0,0.246
2018,16.9,1.0,0,0,0,0,0,0,0,0,0,0,0,0,0,1,0,0.255
2018,15.0,0.28,0,0,0,0,0,0,0,0,0,0,0,0,0,1,0,0.312
2018,22.6,0.05,0,0,0,0,0,0,0,0,0,0,0,0,0,1,0,0.184
2018,15.0,1.0,0,0,0,0,0,0,0,0,0,0,0,0,0,1,0,0.269
2018,16.9,0.39,0,0,0,0,0,0,0,0,0,0,0,0,0,1,0,0.316
2018,15.0,1.03,0,0,0,0,0,0,0,0,0,0,0,0,0,1,0,0.321
2018,19.8,1.0,0,0,0,0,0,0,0,0,0,0,0,0,0,1,0,0.329
2018,17.5,0.41,0,0,0,0,1,0,0,0,0,0,0,0,0,1,0,0.285
2018,22.3,0.24,0,0,0,0,0,0,0,0,0,0,0,0,0,1,0,0.218
2018,18.9,0.32,0,0,0,0,1,0,0,0,0,0,0,0,0,1,0,0.249
2018,18.5,0.08,0,0,0,0,0,0,0,0,0,0,0,0,0,1,0,0.339
2018,23.4,0.3,0,0,0,0,0,0,0,0,0,0,0,0,0,1,0,0.286
2018,21.1,2.09,0,0,0,0,0,0,0,0,0,0,0,0,0,1,0,0.368
2018,15.0,1.0,0,0,0,0,0,0,0,0,0,0,0,0,0,1,0,0.269
2018,23.2,1.0,0,0,0,0,0,0,0,0,0,0,0,0,0,1,0,0.267
2018,15.0,1.0,0,0,0,0,0,0,0,0,0,0,0,0,0,1,0,0.269
2018,15.0,1.0,0,0,0,0,0,0,0,0,0,0,0,0,0,1,0,0.269
2018,22.4,1.23,0,0,0,0,0,0,0,0,0,0,0,0,0,1,0,0.32
2018,23.1,0.05,0,0,0,0,1,0,0,0,0,0,0,0,0,1,0,0.337
2018,21.4,0.38,0,0,0,0,0,0,0,0,0,0,0,0,0,1,0,0.218
2018,20.4,1.05,0,0,0,0,1,0,0,0,0,0,0,0,0,1,0,0.384
2018,20.4,0.44,0,0,0,0,0,0,0,0,0,0,0,0,0,1,0,0.295
2018,19.8,0.05,0,0,0,0,0,0,0,0,0,0,0,0,0,1,0,0.326
2018,24.1,0.39,0,0,0,0,0,0,0,0,0,0,0,0,0,1,0,0.158
2018,15.0,0.39,0,0,0,0,0,0,0,0,0,0,0,0,0,1,0,0.269
2018,24.9,0.43,0,0,0,0,0,0,0,0,0,0,0,0,0,1,0,0.126
2018,23.1,1.0,0,0,0,0,0,0,0,0,0,0,0,0,0,1,0,0.265
2018,15.0,0.65,0,0,0,0,1,0,0,0,0,0,0,0,0,1,0,0.377
2018,23.0,0.05,0,0,0,0,0,0,0,0,0,0,0,0,0,1,0,0.244
2018,22.4,0.92,0,0,0,0,1,0,0,0,0,0,0,0,0,1,0,0.393
2018,20.0,1.0,0,0,0,0,0,0,0,0,0,0,0,0,0,1,0,0.292
2018,15.0,0.37,0,0,0,0,0,0,0,0,0,0,0,0,0,1,0,0.291
2018,22.7,0.06,0,0,0,0,0,0,0,0,0,0,0,0,0,1,0,0.223
2018,17.3,0.13,0,0,0,0,0,0,0,0,0,0,0,0,0,1,0,0.295
2018,23.6,0.06,0,0,0,0,0,0,0,0,0,0,0,0,0,1,0,0.349
2018,23.5,0.5,0,0,0,0,0,0,0,0,0,0,0,0,0,1,0,0.423
2018,20.5,0.14,0,0,0,0,0,0,0,0,0,0,0,0,0,1,0,0.282
2018,21.5,1.45,0,0,0,0,0,0,0,0,0,0,0,0,0,1,0,0.291
2018,24.9,1.72,0,0,0,0,0,0,0,0,0,0,0,0,0,1,0,0.306
2018,22.6,0.57,0,0,0,0,0,0,0,0,0,0,0,0,0,1,0,0.255
2018,19.5,0.72,0,0,0,0,0,0,0,0,0,0,0,0,0,1,0,0.34
2018,19.4,0.26,0,0,0,0,0,0,0,0,0,0,0,0,0,1,0,0.338
2018,24.0,0.13,0,0,0,0,0,0,0,0,0,0,0,0,0,1,0,0.192
2018,15.0,0.67,0,0,0,0,0,0,0,0,0,0,0,0,0,1,0,0.383
2018,22.5,0.5,0,0,0,0,1,0,0,0,0,0,0,0,0,1,0,0.352
2018,23.5,0.44,0,0,0,0,0,0,0,0,0,0,0,0,0,1,0,0.245
2018,17.6,0.71,0,0,0,0,0,0,0,0,0,0,0,0,0,1,0,0.326
2018,17.6,1.0,0,0,0,0,1,0,0,0,0,0,0,0,0,1,0,0.257
2018,22.0,0.08,0,0,0,0,0,0,0,0,0,0,0,0,0,1,0,0.233
2018,15.0,1.0,0,0,0,0,0,0,0,0,0,0,0,0,0,1,0,0.269
2018,20.3,1.0,0,0,0,0,1,0,0,0,0,0,0,0,0,1,0,0.285
2018,21.5,0.28,0,0,0,0,0,0,0,0,0,0,0,0,0,1,0,0.25
2018,22.6,1.0,0,0,0,0,0,0,0,0,0,0,0,0,0,1,0,0.241
2018,15.0,0.49,0,0,0,0,0,0,0,0,0,0,0,0,0,1,0,0.399
2018,15.0,0.4,0,0,0,0,1,0,0,0,0,0,0,0,0,1,0,0.293
2018,18.7,0.09,0,0,0,0,1,0,0,0,0,0,0,0,0,1,0,0.378
2018,19.2,0.14,0,0,0,0,1,0,0,0,0,0,0,0,0,1,0,0.335
2018,15.2,0.85,0,0,0,0,1,0,0,0,0,0,0,0,0,1,0,0.341
2018,21.4,1.0,0,0,0,0,1,0,0,0,0,0,0,0,0,1,0,0.328
2018,24.3,0.43,0,0,0,0,0,0,0,0,0,0,0,0,0,1,0,0.213
2018,15.0,0.77,0,0,0,0,0,0,0,0,0,0,0,0,0,1,0,0.326
2018,15.3,1.0,0,0,0,0,0,0,0,0,0,0,0,0,0,1,0,0.267
2018,21.1,1.0,0,0,0,0,0,0,0,0,0,0,0,0,0,1,0,0.312
2018,15.0,1.0,0,0,0,0,0,0,0,0,0,0,0,0,0,1,0,0.269
2018,22.7,0.71,0,0,0,0,0,0,0,0,0,0,0,0,0,1,0,0.322
2018,20.9,0.65,0,0,0,0,0,0,0,0,0,0,0,0,0,1,0,0.378
2018,15.0,0.46,0,0,0,0,0,0,0,0,0,0,0,0,0,1,0,0.349
2018,15.0,0.13,0,0,0,0,0,0,0,0,0,0,0,0,0,1,0,0.356
2018,23.3,1.0,0,0,0,0,0,0,0,0,0,0,0,0,0,1,0,0.285
2018,18.9,1.0,0,0,0,0,1,0,0,0,0,0,0,0,0,1,0,0.267
2018,17.1,0.1,0,0,0,0,1,0,0,0,0,0,0,0,0,1,0,0.343
2018,18.1,0.16,0,0,0,0,1,0,0,0,0,0,0,0,0,1,0,0.331
2018,19.8,0.22,0,0,0,0,0,0,0,0,0,0,0,0,0,1,0,0.416
2018,18.2,0.68,0,0,0,0,1,0,0,0,0,0,0,0,0,1,0,0.38
2018,22.0,0.59,0,0,0,0,0,0,0,0,0,0,0,0,0,1,0,0.297
2018,18.6,0.7,0,0,0,0,0,0,0,0,0,0,0,0,0,1,0,0.344
2018,15.0,1.66,0,0,0,0,0,0,0,0,0,0,0,0,0,1,0,0.351
2018,15.0,0.44,0,0,0,0,0,0,0,0,0,0,0,0,0,1,0,0.293
2018,24.5,0.19,0,0,0,0,1,0,0,0,0,0,0,0,0,1,0,0.2
2018,16.9,0.08,0,0,0,0,0,0,0,0,0,0,0,0,0,1,0,0.245
2018,22.5,0.15,0,0,0,0,0,0,0,0,0,0,0,0,0,1,0,0.213
2018,15.0,1.0,0,0,0,0,0,0,0,0,0,0,0,0,0,1,0,0.269
2018,20.2,0.05,0,0,0,0,0,0,0,0,0,0,0,0,0,1,0,0.241
2018,17.5,1.0,0,0,0,0,0,0,0,0,0,0,0,0,0,1,0,0.25
2018,23.1,0.1,0,0,0,0,0,0,0,0,0,0,0,0,0,1,0,0.362
2018,15.0,0.06,0,0,0,0,0,0,0,0,0,0,0,0,0,1,0,0.329
2018,24.6,0.51,0,0,0,0,1,0,0,0,0,0,0,0,0,1,0,0.287
2018,15.0,1.0,0,0,0,0,1,0,0,0,0,0,0,0,0,1,0,0.269
2018,22.4,0.17,0,0,0,0,0,0,0,0,0,0,0,0,0,1,0,0.257
2018,24.3,0.38,0,0,0,0,0,0,0,0,0,0,0,0,0,1,0,0.227
2018,15.0,0.63,0,0,0,0,0,0,0,0,0,0,0,0,0,1,0,0.357
2018,18.4,0.47,0,0,0,0,0,0,0,0,0,0,0,0,0,1,0,0.356
2018,16.5,1.0,0,0,0,0,1,0,0,0,0,0,0,0,0,1,0,0.26
2018,18.0,1.0,0,0,0,0,0,0,0,0,0,0,0,0,0,1,0,0.255
2018,23.3,1.14,0,0,0,0,1,0,0,0,0,0,0,0,0,1,0,0.344
2018,18.7,0.74,0,0,0,0,1,0,0,0,0,0,0,0,0,1,0,0.334
2018,15.0,1.0,0,0,0,0,0,0,0,0,0,0,0,0,0,1,0,0.269
2018,15.0,0.07,0,0,0,0,0,0,0,0,0,0,0,0,0,1,0,0.288
2018,21.7,1.0,0,0,0,0,0,0,0,0,0,0,0,0,0,1,0,0.328
2018,15.1,0.53,0,0,0,0,0,0,0,0,0,0,0,0,0,1,0,0.342
2018,24.4,1.0,0,0,0,0,1,0,0,0,0,0,0,0,0,1,0,0.281
2018,15.0,0.76,0,0,0,0,1,0,0,0,0,0,0,0,0,1,0,0.326
2018,24.8,1.0,0,0,0,0,1,0,0,0,0,0,0,0,0,1,0,0.306
2018,15.0,1.33,0,0,0,0,0,0,0,0,0,0,0,0,0,1,0,0.288
2018,22.8,0.05,0,0,0,0,0,0,0,0,0,0,0,0,0,1,0,0.269
2018,15.0,0.05,0,0,0,0,0,0,0,0,0,0,0,0,0,1,0,0.329
2018,15.0,0.51,0,0,0,0,1,0,0,0,0,0,0,0,0,1,0,0.399
2018,15.0,0.05,0,0,0,0,0,0,0,0,0,0,0,0,0,1,0,0.329
2018,17.2,0.48,0,0,0,0,0,0,0,0,0,0,0,0,0,1,0,0.357
2018,23.2,0.43,0,0,0,0,0,0,0,0,0,0,0,0,0,1,0,0.172
2018,15.0,0.29,0,0,0,0,0,0,0,0,0,0,0,0,0,1,0,0.312
2018,24.9,0.75,0,0,0,0,0,0,0,0,0,0,0,0,0,1,0,0.29
2018,17.6,1.0,0,0,0,0,1,0,0,0,0,0,0,0,0,1,0,0.257
2018,15.0,0.8,0,0,0,0,0,0,0,0,0,0,0,0,0,1,0,0.339
2018,15.4,0.22,0,0,0,0,0,0,0,0,0,0,0,0,0,1,0,0.289
2018,23.4,1.0,0,0,0,0,1,0,0,0,0,0,0,0,0,1,0,0.285
2018,15.0,1.0,0,0,0,0,0,0,0,0,0,0,0,0,0,1,0,0.269
2018,22.5,0.96,0,0,0,0,1,0,0,0,0,0,0,0,0,1,0,0.296
2018,24.0,0.1,0,0,0,0,1,0,0,0,0,0,0,0,0,1,0,0.193
2018,24.5,0.66,0,0,0,0,0,0,0,0,0,0,0,0,0,1,0,0.253
2018,22.2,0.4,0,0,0,0,0,0,0,0,0,0,0,0,0,1,0,0.21
2018,15.0,0.39,0,0,0,0,1,0,0,0,0,0,0,0,0,1,0,0.269
2018,23.6,1.07,0,0,0,0,0,0,0,0,0,0,0,0,0,1,0,0.427
2018,15.0,0.18,0,0,0,0,1,0,0,0,0,0,0,0,0,1,0,0.369
2018,24.6,0.8,0,0,0,0,0,0,0,0,0,0,0,0,0,1,0,0.328
2018,23.7,1.48,0,0,0,0,0,0,0,0,0,0,0,0,0,1,0,0.362
2018,23.9,1.0,0,0,0,0,0,0,0,0,0,0,0,0,0,1,0,0.212
2018,15.0,0.45,0,0,0,0,0,0,0,0,0,0,0,0,0,1,0,0.349
2018,24.1,0.26,0,0,0,0,0,0,0,0,0,0,0,0,0,1,0,0.187
2018,22.6,0.87,0,0,0,0,1,0,0,0,0,0,0,0,0,1,0,0.322
2018,19.8,1.23,0,0,0,0,0,0,0,0,0,0,0,0,0,1,0,0.34
2018,24.5,1.0,0,0,0,0,0,0,0,0,0,0,0,0,0,1,0,0.265
2018,15.0,1.0,0,0,0,0,0,0,0,0,0,0,0,0,0,1,0,0.269
2018,15.5,1.0,0,0,0,0,0,0,0,0,0,0,0,0,0,1,0,0.269
2018,19.6,0.25,0,0,0,0,1,0,0,0,0,0,0,0,0,1,0,0.401
2018,15.0,0.63,0,0,0,0,0,0,0,0,0,0,0,0,0,1,0,0.357
2018,20.9,1.0,0,0,0,0,1,0,0,0,0,0,0,0,0,1,0,0.312
2018,15.0,0.16,0,0,0,0,0,0,0,0,0,0,0,0,0,1,0,0.35
2018,20.8,1.44,0,0,0,0,0,0,0,0,0,0,0,0,0,1,0,0.274
2018,20.8,0.22,0,0,0,0,1,0,0,0,0,0,0,0,0,1,0,0.238
2018,15.0,0.45,0,0,0,0,1,0,0,0,0,0,0,0,0,1,0,0.349
2018,23.8,0.51,0,0,0,0,1,0,0,0,0,0,0,0,0,1,0,0.353
2018,15.0,0.05,0,0,0,0,0,0,0,0,0,0,0,0,0,1,0,0.329
2018,15.2,1.4,0,0,0,0,0,0,0,0,0,0,0,0,0,1,0,0.274
2018,24.4,0.36,0,0,0,0,0,0,0,0,0,0,0,0,0,1,0,0.198
2018,17.0,0.37,0,0,0,0,0,0,0,0,0,0,0,0,0,1,0,0.271
2018,24.8,0.19,0,0,0,0,0,0,0,0,0,0,0,0,0,1,0,0.197
2018,15.0,0.25,0,0,0,0,0,0,0,0,0,0,0,0,0,1,0,0.326
2018,24.9,0.17,0,0,0,0,0,0,0,0,0,0,0,0,0,1,0,0.152
2018,19.3,0.97,0,0,0,0,0,0,0,0,0,0,0,0,0,1,0,0.286
2018,18.1,0.91,0,0,0,0,1,0,0,0,0,0,0,0,0,1,0,0.322
2018,23.8,1.0,0,0,0,0,0,0,0,0,0,0,0,0,0,1,0,0.278
2018,15.0,0.36,0,0,0,0,0,0,0,0,0,0,0,0,0,1,0,0.291
2018,20.8,0.14,0,0,0,0,0,0,0,0,0,0,0,0,0,1,0,0.278
2018,18.5,0.83,0,0,0,0,0,0,0,0,0,0,0,0,0,1,0,0.278
2018,24.9,1.0,0,0,0,0,0,0,0,0,0,0,0,0,0,1,0,0.261
2018,15.0,1.0,0,0,0,0,0,0,0,0,0,0,0,0,0,1,0,0.269
2018,15.0,0.07,0,0,0,0,1,0,0,0,0,0,0,0,0,1,0,0.288
2018,20.9,1.15,0,0,0,0,0,0,0,0,0,0,0,0,0,1,0,0.414
2018,15.0,2.34,0,0,0,0,1,0,0,0,0,0,0,0,0,1,0,0.278
2018,18.2,0.2,0,0,0,0,0,0,0,0,0,0,0,0,0,1,0,0.275
2018,22.6,0.11,0,0,0,0,0,0,0,0,0,0,0,0,0,1,0,0.241
2018,15.8,0.05,0,0,0,0,0,0,0,0,0,0,0,0,0,1,0,0.309
2018,15.0,0.7,0,0,0,0,0,0,0,0,0,0,0,0,0,1,0,0.358
2018,19.5,1.0,0,0,0,0,0,0,0,0,0,0,0,0,0,1,0,0.281
2018,24.4,0.2,0,0,0,0,1,0,0,0,0,0,0,0,0,1,0,0.232
2018,17.2,1.0,0,0,0,0,0,0,0,0,0,0,0,0,0,1,0,0.25
2018,16.8,0.37,0,0,0,0,0,0,0,0,0,0,0,0,0,1,0,0.305
2018,23.1,0.2,0,0,0,0,1,0,0,0,0,0,0,0,0,1,0,0.333
2018,15.0,1.12,0,0,0,0,1,0,0,0,0,0,0,0,0,1,0,0.39
2018,18.4,0.66,0,0,0,0,1,0,0,0,0,0,0,0,0,1,0,0.411
2018,22.3,0.06,0,0,0,0,0,0,0,0,0,0,0,0,0,1,0,0.194
2018,21.0,0.31,0,0,0,0,1,0,0,0,0,0,0,0,0,1,0,0.293
2018,24.0,1.0,0,0,0,0,0,0,0,0,0,0,0,0,0,1,0,0.236
2018,15.0,1.0,0,0,0,0,0,0,0,0,0,0,0,0,0,1,0,0.269
2018,19.3,1.0,0,0,0,0,1,0,0,0,0,0,0,0,0,1,0,0.3
2018,15.0,0.74,0,0,0,0,0,0,0,0,0,0,0,0,0,1,0,0.327
2018,15.0,0.1,0,0,0,0,0,0,0,0,0,0,0,0,0,1,0,0.324
2018,23.9,1.0,0,0,0,0,0,0,0,0,0,0,0,0,0,1,0,0.212
2018,22.4,0.12,0,0,0,0,1,0,0,0,0,0,0,0,0,1,0,0.25
2018,21.5,0.49,0,0,0,0,0,0,0,0,0,0,0,0,0,1,0,0.348
2018,16.1,1.0,0,0,0,0,0,0,0,0,0,0,0,0,0,1,0,0.268
2018,15.0,0.48,0,0,0,0,0,0,0,0,0,0,0,0,0,1,0,0.356
2018,15.0,0.7,0,0,0,0,1,0,0,0,0,0,0,0,0,1,0,0.358
2018,17.2,1.0,0,0,0,0,0,0,0,0,0,0,0,0,0,1,0,0.25
2018,15.0,0.14,0,0,0,0,1,0,0,0,0,0,0,0,0,1,0,0.356
2018,15.0,3.09,0,0,0,0,0,0,0,0,0,0,0,0,0,1,0,0.247
2018,17.5,2.57,0,0,0,0,1,0,0,0,0,0,0,0,0,1,0,0.358
2018,15.0,2.08,0,0,0,0,0,0,0,0,0,0,0,0,0,1,0,0.299
2018,20.7,0.17,0,0,0,0,1,0,0,0,0,0,0,0,0,1,0,0.307
2018,22.1,1.0,0,0,0,0,0,0,0,0,0,0,0,0,0,1,0,0.293
2018,15.0,0.67,0,0,0,0,0,0,0,0,0,0,0,0,0,1,0,0.383
2018,15.0,0.92,0,0,0,0,0,0,0,0,0,0,0,0,0,1,0,0.389
2018,22.5,1.0,0,0,0,0,1,0,0,0,0,0,0,0,0,1,0,0.253
2018,23.8,0.8,0,0,0,0,0,0,0,0,0,0,0,0,0,1,0,0.401
2018,21.1,0.19,0,0,0,0,0,0,0,0,0,0,0,0,0,1,0,0.271
2018,18.0,0.73,0,0,0,0,0,0,0,0,0,0,0,0,0,1,0,0.295
2018,15.0,0.64,0,0,0,0,0,0,0,0,0,0,0,0,0,1,0,0.377
2018,19.8,1.02,0,0,0,0,1,0,0,0,0,0,0,0,0,1,0,0.409
2018,24.0,0.15,0,0,0,0,0,0,0,0,0,0,0,0,0,1,0,0.205
2018,15.0,0.19,0,0,0,0,0,0,0,0,0,0,0,0,0,1,0,0.412
2018,22.8,0.6,0,0,0,0,0,0,0,0,0,0,0,0,0,1,0,0.355
2018,19.1,0.05,0,0,0,0,0,0,0,0,0,0,0,0,0,1,0,0.223
2018,15.0,0.05,0,0,0,0,1,0,0,0,0,0,0,0,0,1,0,0.329
2018,15.0,0.58,0,0,0,0,0,0,0,0,0,0,0,0,0,1,0,0.349
2018,17.1,0.05,0,0,0,0,0,0,0,0,0,0,0,0,0,1,0,0.264
2018,15.0,0.41,0,0,0,0,0,0,0,0,0,0,0,0,0,1,0,0.293
2018,23.0,0.19,0,0,0,0,0,0,0,0,0,0,0,0,0,1,0,0.206
2018,19.2,0.32,0,0,0,0,0,0,0,0,0,0,0,0,0,1,0,0.271
2018,20.4,0.33,0,0,0,0,0,0,0,0,0,0,0,0,0,1,0,0.288
2018,24.3,1.0,0,0,0,0,1,0,0,0,0,0,0,0,0,1,0,0.326
2018,15.0,1.0,0,0,0,0,0,0,0,0,0,0,0,0,0,1,0,0.269
2018,15.5,1.0,0,0,0,0,0,0,0,0,0,0,0,0,0,1,0,0.269
2018,15.0,1.0,0,0,0,0,0,0,0,0,0,0,0,0,0,1,0,0.269
2018,23.5,1.0,0,0,0,0,0,0,0,0,0,0,0,0,0,1,0,0.346
2018,15.0,0.26,0,0,0,0,0,0,0,0,0,0,0,0,0,1,0,0.326
2018,15.0,0.05,0,0,0,0,1,0,0,0,0,0,0,0,0,1,0,0.329
2018,21.7,0.64,0,0,0,0,1,0,0,0,0,0,0,0,0,1,0,0.385
2018,23.6,1.62,0,0,0,0,1,0,0,0,0,0,0,0,0,1,0,0.392
2018,15.0,0.24,0,0,0,0,0,0,0,0,0,0,0,0,0,1,0,0.328
2018,15.0,0.18,0,0,0,0,1,0,0,0,0,0,0,0,0,1,0,0.369
2018,16.4,0.17,0,0,0,0,0,0,0,0,0,0,0,0,0,1,0,0.219
2018,19.8,1.0,0,0,0,0,0,0,0,0,0,0,0,0,0,1,0,0.329
2018,15.0,0.47,0,0,0,0,0,0,0,0,0,0,0,0,0,1,0,0.356
2018,18.6,0.94,0,0,0,0,0,0,0,0,0,0,0,0,0,1,0,0.271
2018,15.0,1.0,0,0,0,0,0,0,0,0,0,0,0,0,0,1,0,0.269
2018,15.6,1.0,0,0,0,0,1,0,0,0,0,0,0,0,0,1,0,0.297
2018,15.0,0.05,0,0,0,0,1,0,0,0,0,0,0,0,0,1,0,0.329
2018,24.8,1.0,0,0,0,0,0,0,0,0,0,0,0,0,0,1,0,0.306
2018,22.9,0.12,0,0,0,0,1,0,0,0,0,0,0,0,0,1,0,0.35
2018,17.3,0.5,0,0,0,0,0,0,0,0,0,0,0,0,0,1,0,0.36
2018,15.7,1.0,0,0,0,0,1,0,0,0,0,0,0,0,0,1,0,0.34
2018,17.7,0.46,0,0,0,0,0,0,0,0,0,0,0,0,0,1,0,0.339
2018,15.0,0.09,0,0,0,0,0,0,0,0,0,0,0,0,0,1,0,0.309
2018,15.0,1.0,0,0,0,0,1,0,0,0,0,0,0,0,0,1,0,0.269
2018,18.8,0.06,0,0,0,0,1,0,0,0,0,0,0,0,0,1,0,0.313
2018,24.9,0.05,0,0,0,0,0,0,0,0,0,0,0,0,0,1,0,0.095
2018,15.2,1.0,0,0,0,0,0,0,0,0,0,0,0,0,0,1,0,0.278
2018,15.1,1.0,0,0,0,0,1,0,0,0,0,0,0,0,0,1,0,0.271
2018,20.9,1.0,0,0,0,0,0,0,0,0,0,0,0,0,0,1,0,0.312
2018,23.0,0.07,0,0,0,0,0,0,0,0,0,0,0,0,0,1,0,0.254
2018,22.3,1.0,0,0,0,0,1,0,0,0,0,0,0,0,0,1,0,0.306
2018,24.8,1.0,0,0,0,0,0,0,0,0,0,0,0,0,0,1,0,0.306
2018,15.0,0.36,0,0,0,0,1,0,0,0,0,0,0,0,0,1,0,0.291
2018,15.0,0.08,0,0,0,0,0,0,0,0,0,0,0,0,0,1,0,0.309
2018,22.0,0.45,0,0,0,0,1,0,0,0,0,0,0,0,0,1,0,0.321
2018,15.0,0.15,0,0,0,0,1,0,0,0,0,0,0,0,0,1,0,0.356
2018,21.2,1.0,0,0,0,0,1,0,0,0,0,0,0,0,0,1,0,0.305
2018,15.0,1.0,0,0,0,0,0,0,0,0,0,0,0,0,0,1,0,0.269
2018,15.0,1.0,0,0,0,0,0,0,0,0,0,0,0,0,0,1,0,0.269
2018,15.0,0.1,0,0,0,0,0,0,0,0,0,0,0,0,0,1,0,0.324
2018,19.4,1.0,0,0,0,0,0,0,0,0,0,0,0,0,0,1,0,0.283
2018,24.3,0.21,0,0,0,0,0,0,0,0,0,0,0,0,0,1,0,0.221
2018,15.0,0.05,0,0,0,0,0,0,0,0,0,0,0,0,0,1,0,0.329
2018,24.9,0.95,0,0,0,0,0,0,0,0,0,0,0,0,0,1,0,0.304
2018,19.7,1.0,0,0,0,0,0,0,0,0,0,0,0,0,0,1,0,0.288
2018,20.8,1.0,0,0,0,0,1,0,0,0,0,0,0,0,0,1,0,0.305
2018,15.0,1.0,0,0,0,0,0,0,0,0,0,0,0,0,0,1,0,0.269
2018,22.9,1.0,0,0,0,0,0,0,0,0,0,0,0,0,0,1,0,0.301
2018,15.0,1.0,0,0,0,0,1,0,0,0,0,0,0,0,0,1,0,0.269
2018,22.2,1.0,0,0,0,0,0,0,0,0,0,0,0,0,0,1,0,0.294
2018,24.2,1.0,0,0,0,0,1,0,0,0,0,0,0,0,0,1,0,0.33
2018,19.0,0.05,0,0,0,0,0,0,0,0,0,0,0,0,0,1,0,0.266
2018,20.7,1.0,0,0,0,0,0,0,0,0,0,0,0,0,0,1,0,0.292
2018,17.5,1.0,0,0,0,0,0,0,0,0,0,0,0,0,0,1,0,0.25
2018,15.0,0.31,0,0,0,0,0,0,0,0,0,0,0,0,0,1,0,0.317
2018,24.9,0.54,0,0,0,0,1,0,0,0,0,0,0,0,0,1,0,0.227
2018,15.0,0.27,0,0,0,0,1,0,0,0,0,0,0,0,0,1,0,0.33
2018,23.9,0.4,0,0,0,0,0,0,0,0,0,0,0,0,0,1,0,0.144
2018,24.8,1.97,0,0,0,0,0,0,0,0,0,0,0,0,0,1,0,0.319
2018,24.5,0.79,0,0,0,0,0,0,0,0,0,0,0,0,0,1,0,0.359
2018,15.0,0.79,0,0,0,0,0,0,0,0,0,0,0,0,0,1,0,0.339
2018,15.0,1.0,0,0,0,0,0,0,0,0,0,0,0,0,0,1,0,0.269
2018,15.0,0.05,0,0,0,0,1,0,0,0,0,0,0,0,0,1,0,0.329
2018,20.8,0.05,0,0,0,0,0,0,0,0,0,0,0,0,0,1,0,0.227
2018,23.7,0.75,0,0,0,0,1,0,0,0,0,0,0,0,0,1,0,0.48
2018,16.1,1.0,0,0,0,0,1,0,0,0,0,0,0,0,0,1,0,0.268
2018,20.8,1.05,0,0,0,0,0,0,0,0,0,0,0,0,0,1,0,0.396
2018,15.0,0.11,0,0,0,0,0,0,0,0,0,0,0,0,0,1,0,0.359
2018,15.0,0.47,0,0,0,0,1,0,0,0,0,0,0,0,0,1,0,0.356
2018,15.3,0.23,0,0,0,0,1,0,0,0,0,0,0,0,0,1,0,0.301
2018,22.5,1.0,0,0,0,0,0,0,0,0,0,0,0,0,0,1,0,0.253
2018,15.0,1.0,0,0,0,0,1,0,0,0,0,0,0,0,0,1,0,0.269
2018,15.0,0.5,0,0,0,0,0,0,0,0,0,0,0,0,0,1,0,0.399
2018,15.0,0.07,0,0,0,0,0,0,0,0,0,0,0,0,0,1,0,0.288
2018,24.3,1.0,0,0,0,0,1,0,0,0,0,0,0,0,0,1,0,0.326
2018,20.4,0.22,0,0,0,0,0,0,0,0,0,0,0,0,0,1,0,0.279
2018,15.0,1.62,0,0,0,0,0,0,0,0,0,0,0,0,0,1,0,0.334
2018,15.0,1.0,0,0,0,0,0,0,0,0,0,0,0,0,0,1,0,0.269
2018,15.0,1.0,0,0,0,0,0,0,0,0,0,0,0,0,0,1,0,0.269
2018,22.1,0.87,0,0,0,0,1,0,0,0,0,0,0,0,0,1,0,0.366
2018,15.0,1.0,0,0,0,0,0,0,0,0,0,0,0,0,0,1,0,0.269
2018,15.6,0.4,0,0,0,0,0,0,0,0,0,0,0,0,0,1,0,0.33
2018,22.4,0.06,0,0,0,0,0,0,0,0,0,0,0,0,0,1,0,0.21
2018,15.0,2.35,0,0,0,0,0,0,0,0,0,0,0,0,0,1,0,0.278
2018,15.0,1.0,0,0,0,0,0,0,0,0,0,0,0,0,0,1,0,0.269
2018,23.5,1.0,0,0,0,0,0,0,0,0,0,0,0,0,0,1,0,0.346
2018,15.0,1.0,0,0,0,0,0,0,0,0,0,0,0,0,0,1,0,0.269
2018,15.0,0.09,0,0,0,0,0,0,0,0,0,0,0,0,0,1,0,0.309
2018,15.0,0.36,0,0,0,0,0,0,0,0,0,0,0,0,0,1,0,0.291
2018,15.0,0.43,0,0,0,0,0,0,0,0,0,0,0,0,0,1,0,0.293
2018,15.0,0.2,0,0,0,0,1,0,0,0,0,0,0,0,0,1,0,0.412
2018,18.1,0.59,0,0,0,0,0,0,0,0,0,0,0,0,0,1,0,0.324
2018,23.9,1.0,0,0,0,0,0,0,0,0,0,0,0,0,0,1,0,0.212
2018,15.4,0.88,0,0,0,0,0,0,0,0,0,0,0,0,0,1,0,0.374
2018,19.3,0.55,0,0,0,0,0,0,0,0,0,0,0,0,0,1,0,0.326
2018,16.8,0.18,0,0,0,0,0,0,0,0,0,0,0,0,0,1,0,0.267
2018,22.1,0.41,0,0,0,0,0,0,0,0,0,0,0,0,0,1,0,0.208
2018,15.0,0.06,0,0,0,0,1,0,0,0,0,0,0,0,0,1,0,0.329
2018,16.8,1.63,0,0,0,0,0,0,0,0,0,0,0,0,0,1,0,0.346
2018,18.1,0.05,0,0,0,0,0,0,0,0,0,0,0,0,0,1,0,0.296
2018,21.6,1.0,0,0,0,0,1,0,0,0,0,0,0,0,0,1,0,0.323
2018,23.2,1.0,0,0,0,0,0,0,0,0,0,0,0,0,0,1,0,0.267
2018,15.0,0.05,0,0,0,0,1,0,0,0,0,0,0,0,0,1,0,0.329
2018,24.5,0.29,0,0,0,0,1,0,0,0,0,0,0,0,0,1,0,0.243
2018,23.5,1.0,0,0,0,0,0,0,0,0,0,0,0,0,0,1,0,0.346
2018,24.7,1.0,0,0,0,0,0,0,0,0,0,0,0,0,0,1,0,0.232
2018,17.3,0.23,0,0,0,0,0,0,0,0,0,0,0,0,0,1,0,0.28
2018,20.7,1.0,0,0,0,0,1,0,0,0,0,0,0,0,0,1,0,0.292
2018,18.4,1.0,0,0,0,0,0,0,0,0,0,0,0,0,0,1,0,0.263
2018,16.6,1.0,0,0,0,0,0,0,0,0,0,0,0,0,0,1,0,0.267
2018,15.0,0.57,0,0,0,0,1,0,0,0,0,0,0,0,0,1,0,0.327
2018,15.0,1.0,0,0,0,0,0,0,0,0,0,0,0,0,0,1,0,0.269
2018,20.1,0.05,0,0,0,0,0,0,0,0,0,0,0,0,0,1,0,0.274
2018,16.6,0.13,0,0,0,0,1,0,0,0,0,0,0,0,0,1,0,0.243
2018,21.2,1.0,0,0,0,0,1,0,0,0,0,0,0,0,0,1,0,0.305
2018,20.7,0.38,0,0,0,0,0,0,0,0,0,0,0,0,0,1,0,0.248
2018,20.4,0.18,0,0,0,0,1,0,0,0,0,0,0,0,0,1,0,0.345
2018,15.0,0.24,0,0,0,0,0,0,0,0,0,0,0,0,0,1,0,0.328
2018,15.0,0.07,0,0,0,0,0,0,0,0,0,0,0,0,0,1,0,0.288
2018,15.0,1.0,0,0,0,0,0,0,0,0,0,0,0,0,0,1,0,0.269
2018,17.1,1.0,0,0,0,0,0,0,0,0,0,0,0,0,0,1,0,0.307
2018,15.8,0.06,0,0,0,0,1,0,0,0,0,0,0,0,0,1,0,0.309
2018,19.5,0.15,0,0,0,0,1,0,0,0,0,0,0,0,0,1,0,0.382
2018,16.7,0.58,0,0,0,0,0,0,0,0,0,0,0,0,0,1,0,0.338
2018,15.0,0.63,0,0,0,0,0,0,0,0,0,0,0,0,0,1,0,0.357
2018,19.6,0.2,0,0,0,0,0,0,0,0,0,0,0,0,0,1,0,0.388
2018,15.4,0.56,0,0,0,0,0,0,0,0,0,0,0,0,0,1,0,0.32
2018,19.1,1.0,0,0,0,0,0,0,0,0,0,0,0,0,0,1,0,0.23
2018,19.8,0.71,0,0,0,0,0,0,0,0,0,0,0,0,0,1,0,0.388
2018,15.0,0.86,0,0,0,0,0,0,0,0,0,0,0,0,0,1,0,0.331
2018,20.4,1.0,0,0,0,0,0,0,0,0,0,0,0,0,0,1,0,0.285
2018,20.4,0.05,0,0,0,0,1,0,0,0,0,0,0,0,0,1,0,0.251
2018,15.0,0.12,0,0,0,0,0,0,0,0,0,0,0,0,0,1,0,0.359
2018,24.2,0.21,0,0,0,0,0,0,0,0,0,0,0,0,0,1,0,0.228
2018,15.0,0.4,0,0,0,0,1,0,0,0,0,0,0,0,0,1,0,0.293
2018,15.0,0.05,0,0,0,0,1,0,0,0,0,0,0,0,0,1,0,0.329
2018,18.5,1.0,0,0,0,0,0,0,0,0,0,0,0,0,0,1,0,0.25
2018,15.0,1.0,0,0,0,0,1,0,0,0,0,0,0,0,0,1,0,0.269
2018,24.8,0.05,0,0,0,0,0,0,0,0,0,0,0,0,0,1,0,0.128
2018,15.0,0.17,0,0,0,0,0,0,0,0,0,0,0,0,0,1,0,0.369
2018,21.4,0.29,0,0,0,0,0,0,0,0,0,0,0,0,0,1,0,0.255
2018,15.0,0.31,0,0,0,0,1,0,0,0,0,0,0,0,0,1,0,0.317
2018,18.6,0.1,0,0,0,0,1,0,0,0,0,0,0,0,0,1,0,0.339
2018,23.1,0.68,0,0,0,0,0,0,0,0,0,0,0,0,0,1,0,0.367
2018,19.7,0.62,0,0,0,0,1,0,0,0,0,0,0,0,0,1,0,0.372
2018,21.1,0.18,0,0,0,0,0,0,0,0,0,0,0,0,0,1,0,0.296
2018,20.6,0.58,0,0,0,0,1,0,0,0,0,0,0,0,0,1,0,0.295
2018,24.3,0.27,0,0,0,0,1,0,0,0,0,0,0,0,0,1,0,0.253
2018,21.7,1.0,0,0,0,0,0,0,0,0,0,0,0,0,0,1,0,0.328
2018,15.0,0.05,0,0,0,0,0,0,0,0,0,0,0,0,0,1,0,0.329
2018,23.1,1.0,0,0,0,0,0,0,0,0,0,0,0,0,0,1,0,0.265
2018,24.5,1.0,0,0,0,0,1,0,0,0,0,0,0,0,0,1,0,0.265
2018,20.7,1.0,0,0,0,0,1,0,0,0,0,0,0,0,0,1,0,0.292
2018,21.2,1.0,0,0,0,0,0,0,0,0,0,0,0,0,0,1,0,0.305
2018,21.6,1.0,0,0,0,0,1,0,0,0,0,0,0,0,0,1,0,0.323
2018,15.0,1.0,0,0,0,0,0,0,0,0,0,0,0,0,0,1,0,0.269
2018,16.0,0.31,0,0,0,0,0,0,0,0,0,0,0,0,0,1,0,0.314
2018,24.2,0.24,0,0,0,0,0,0,0,0,0,0,0,0,0,1,0,0.249
2018,17.0,1.0,0,0,0,0,0,0,0,0,0,0,0,0,0,1,0,0.233
2018,20.8,1.0,0,0,0,0,0,0,0,0,0,0,0,0,0,1,0,0.305
2018,18.5,0.23,0,0,0,0,1,0,0,0,0,0,0,0,0,1,0,0.281
2018,22.3,0.28,0,0,0,0,1,0,0,0,0,0,0,0,0,1,0,0.273
2018,23.1,1.0,0,0,0,0,0,0,0,0,0,0,0,0,0,1,0,0.265
2018,15.0,0.19,0,0,0,0,0,0,0,0,0,0,0,0,0,1,0,0.412
2018,15.0,1.0,0,0,0,0,0,0,0,0,0,0,0,0,0,1,0,0.269
2018,19.5,1.0,0,0,0,0,0,0,0,0,0,0,0,0,0,1,0,0.281
2018,19.8,1.0,0,0,0,0,1,0,0,0,0,0,0,0,0,1,0,0.329
2018,15.0,0.45,0,0,0,0,0,0,0,0,0,0,0,0,0,1,0,0.349
2018,20.5,1.0,0,0,0,0,0,0,0,0,0,0,0,0,0,1,0,0.289
2018,21.2,0.93,0,0,0,0,1,0,0,0,0,0,0,0,0,1,0,0.356
2018,22.1,1.0,0,0,0,0,1,0,0,0,0,0,0,0,0,1,0,0.293
2018,24.7,1.0,0,0,0,0,0,0,0,0,0,0,0,0,0,1,0,0.232
2018,21.6,0.53,0,0,0,0,0,0,0,0,0,0,0,0,0,1,0,0.289
2018,15.0,0.27,0,0,0,0,0,0,0,0,0,0,0,0,0,1,0,0.33
2018,18.7,1.0,0,0,0,0,1,0,0,0,0,0,0,0,0,1,0,0.294
2018,15.0,1.0,0,0,0,0,0,0,0,0,0,0,0,0,0,1,0,0.269
2018,22.9,0.69,0,0,0,0,0,0,0,0,0,0,0,0,0,1,0,0.385
2018,21.4,1.0,0,0,0,0,1,0,0,0,0,0,0,0,0,1,0,0.328
2018,19.4,0.77,0,0,0,0,0,0,0,0,0,0,0,0,0,1,0,0.323
2018,15.0,0.68,0,0,0,0,0,0,0,0,0,0,0,0,0,1,0,0.383
2018,21.8,1.0,0,0,0,0,1,0,0,0,0,0,0,0,0,1,0,0.294
2018,20.8,0.34,0,0,0,0,0,0,0,0,0,0,0,0,0,1,0,0.246
2018,23.7,0.05,0,0,0,0,1,0,0,0,0,0,0,0,0,1,0,0.404
2018,23.3,1.0,0,0,0,0,0,0,0,0,0,0,0,0,0,1,0,0.285
2018,15.8,1.0,0,0,0,0,1,0,0,0,0,0,0,0,0,1,0,0.329
2018,22.8,0.24,0,0,0,0,0,0,0,0,0,0,0,0,0,1,0,0.25
2018,22.7,0.15,0,0,0,0,1,0,0,0,0,0,0,0,0,1,0,0.271
2018,15.0,0.32,0,0,0,0,0,0,0,0,0,0,0,0,0,1,0,0.22
2018,22.6,0.62,0,0,0,0,0,0,0,0,0,0,0,0,0,1,0,0.286
2018,24.5,1.25,0,0,0,0,0,0,0,0,0,0,0,0,0,1,0,0.307
2018,17.2,0.31,0,0,0,0,0,0,0,0,0,0,0,0,0,1,0,0.317
2018,15.0,0.73,0,0,0,0,1,0,0,0,0,0,0,0,0,1,0,0.327
2018,15.5,0.41,0,0,0,0,0,0,0,0,0,0,0,0,0,1,0,0.309
2018,23.8,1.48,0,0,0,0,0,0,0,0,0,0,0,0,0,1,0,0.306
2018,16.9,0.05,0,0,0,0,0,0,0,0,0,0,0,0,0,1,0,0.188
2018,17.7,1.07,0,0,0,0,0,0,0,0,0,0,0,0,0,1,0,0.337
2018,15.7,1.0,0,0,0,0,1,0,0,0,0,0,0,0,0,1,0,0.34
2018,22.0,0.27,0,0,0,0,0,0,0,0,0,0,0,0,0,1,0,0.212
2018,19.3,0.55,0,0,0,0,0,0,0,0,0,0,0,0,0,1,0,0.326
2018,15.0,0.14,0,0,0,0,0,0,0,0,0,0,0,0,0,1,0,0.356
2018,15.0,0.39,0,0,0,0,0,0,0,0,0,0,0,0,0,1,0,0.269
2018,20.7,0.08,0,0,0,0,0,0,0,0,0,0,0,0,0,1,0,0.287
2018,22.5,0.15,0,0,0,0,0,0,0,0,0,0,0,0,0,1,0,0.213
2018,20.3,1.0,0,0,0,0,1,0,0,0,0,0,0,0,0,1,0,0.285
2018,15.4,0.67,0,0,0,0,1,0,0,0,0,0,0,0,0,1,0,0.374
2018,24.3,0.09,0,0,0,0,0,0,0,0,0,0,0,0,0,1,0,0.308
2018,20.6,0.36,0,0,0,0,0,0,0,0,0,0,0,0,0,1,0,0.224
2018,15.0,1.0,0,0,0,0,0,0,0,0,0,0,0,0,0,1,0,0.269
2018,15.0,0.87,0,0,0,0,1,0,0,0,0,0,0,0,0,1,0,0.389
2018,20.4,0.05,0,0,0,0,0,0,0,0,0,0,0,0,0,1,0,0.251
2018,16.5,0.48,0,0,0,0,1,0,0,0,0,0,0,0,0,1,0,0.418
2018,22.4,0.05,0,0,0,0,0,0,0,0,0,0,0,0,0,1,0,0.21
2018,23.9,0.27,0,0,0,0,0,0,0,0,0,0,0,0,0,1,0,0.187
2018,22.4,1.8,0,0,0,0,0,0,0,0,0,0,0,0,0,1,0,0.196
2018,21.7,1.0,0,0,0,0,1,0,0,0,0,0,0,0,0,1,0,0.328
2018,21.3,0.05,0,0,0,0,0,0,0,0,0,0,0,0,0,1,0,0.21
2018,24.7,0.44,0,0,0,0,0,0,0,0,0,0,0,0,0,1,0,0.137
2018,15.0,1.0,0,0,0,0,0,0,0,0,0,0,0,0,0,1,0,0.269
2018,15.2,0.7,0,0,0,0,1,0,0,0,0,0,0,0,0,1,0,0.382
2018,24.2,1.0,0,0,0,0,0,0,0,0,0,0,0,0,0,1,0,0.33
2018,15.0,1.0,0,0,0,0,0,0,0,0,0,0,0,0,0,1,0,0.269
2018,19.1,0.4,0,0,0,0,0,0,0,0,0,0,0,0,0,1,0,0.243
2018,15.0,0.05,0,0,0,0,0,0,0,0,0,0,0,0,0,1,0,0.329
2018,20.8,1.0,0,0,0,0,1,0,0,0,0,0,0,0,0,1,0,0.305
2018,16.4,1.0,0,0,0,0,0,0,0,0,0,0,0,0,0,1,0,0.251
2018,22.0,0.69,0,0,0,0,0,0,0,0,0,0,0,0,0,1,0,0.335
2018,22.8,0.53,0,0,0,0,0,0,0,0,0,0,0,0,0,1,0,0.341
2018,17.3,0.23,0,0,0,0,1,0,0,0,0,0,0,0,0,1,0,0.28
2018,15.3,1.0,0,0,0,0,0,0,0,0,0,0,0,0,0,1,0,0.267
2018,23.3,1.0,0,0,0,0,1,0,0,0,0,0,0,0,0,1,0,0.285
2018,15.0,0.7,0,0,0,0,1,0,0,0,0,0,0,0,0,1,0,0.358
2018,21.1,0.21,0,0,0,0,0,0,0,0,0,0,0,0,0,1,0,0.212
2018,23.8,1.0,0,0,0,0,0,0,0,0,0,0,0,0,0,1,0,0.278
2018,23.7,0.63,0,0,0,0,1,0,0,0,0,0,0,0,0,1,0,0.435
2018,24.1,1.0,0,0,0,0,0,0,0,0,0,0,0,0,0,1,0,0.242
2018,15.0,0.06,0,0,0,0,1,0,0,0,0,0,0,0,0,1,0,0.329
2018,19.1,1.0,0,0,0,0,0,0,0,0,0,0,0,0,0,1,0,0.23
2018,15.7,0.4,0,0,0,0,0,0,0,0,0,0,0,0,0,1,0,0.41
2018,15.0,0.05,0,0,0,0,0,0,0,0,0,0,0,0,0,1,0,0.329
2018,15.0,1.0,0,0,0,0,1,0,0,0,0,0,0,0,0,1,0,0.269
2018,16.9,0.21,0,0,0,0,1,0,0,0,0,0,0,0,0,1,0,0.339
2018,21.8,1.0,0,0,0,0,0,0,0,0,0,0,0,0,0,1,0,0.294
2018,24.3,0.13,0,0,0,0,0,0,0,0,0,0,0,0,0,1,0,0.267
2018,20.7,1.0,0,0,0,0,1,0,0,0,0,0,0,0,0,1,0,0.292
2018,17.3,1.07,0,0,0,0,1,0,0,0,0,0,0,0,0,1,0,0.326
2018,15.0,1.03,0,0,0,0,0,0,0,0,0,0,0,0,0,1,0,0.321
2018,15.0,0.32,0,0,0,0,0,0,0,0,0,0,0,0,0,1,0,0.22
2018,18.2,0.2,0,0,0,0,1,0,0,0,0,0,0,0,0,1,0,0.275
2018,21.0,0.78,0,0,0,0,1,0,0,0,0,0,0,0,0,1,0,0.384
2018,15.1,0.11,0,0,0,0,0,0,0,0,0,0,0,0,0,1,0,0.362
2018,15.0,1.57,0,0,0,0,0,0,0,0,0,0,0,0,0,1,0,0.311
2018,18.4,0.06,0,0,0,0,0,0,0,0,0,0,0,0,0,1,0,0.331
2018,22.0,1.0,0,0,0,0,0,0,0,0,0,0,0,0,0,1,0,0.287
2018,23.0,1.0,0,0,0,0,1,0,0,0,0,0,0,0,0,1,0,0.183
2018,17.1,0.05,0,0,0,0,1,0,0,0,0,0,0,0,0,1,0,0.264
2018,20.7,0.07,0,0,0,0,0,0,0,0,0,0,0,0,0,1,0,0.206
2018,22.8,0.12,0,0,0,0,1,0,0,0,0,0,0,0,0,1,0,0.338
2018,20.5,0.12,0,0,0,0,1,0,0,0,0,0,0,0,0,1,0,0.301
2018,23.3,1.0,0,0,0,0,0,0,0,0,0,0,0,0,0,1,0,0.285
2018,24.7,0.99,0,0,0,0,0,0,0,0,0,0,0,0,0,1,0,0.219
2018,15.0,0.61,0,0,0,0,1,0,0,0,0,0,0,0,0,1,0,0.357
2018,23.4,0.28,0,0,0,0,0,0,0,0,0,0,0,0,0,1,0,0.281
2018,24.8,1.0,0,0,0,0,1,0,0,0,0,0,0,0,0,1,0,0.306
2018,15.5,0.31,0,0,0,0,0,0,0,0,0,0,0,0,0,1,0,0.305
2018,20.8,1.0,0,0,0,0,1,0,0,0,0,0,0,0,0,1,0,0.305
2018,24.5,0.75,0,0,0,0,0,0,0,0,0,0,0,0,0,1,0,0.312
2018,23.4,1.0,0,0,0,0,1,0,0,0,0,0,0,0,0,1,0,0.285
2018,21.6,0.3,0,0,0,0,0,0,0,0,0,0,0,0,0,1,0,0.255
2018,19.2,0.14,0,0,0,0,0,0,0,0,0,0,0,0,0,1,0,0.335
2018,15.0,2.03,0,0,0,0,0,0,0,0,0,0,0,0,0,1,0,0.285
2018,16.1,0.1,0,0,0,0,0,0,0,0,0,0,0,0,0,1,0,0.227
2018,15.0,0.18,0,0,0,0,0,0,0,0,0,0,0,0,0,1,0,0.369
2018,24.7,0.45,0,0,0,0,0,0,0,0,0,0,0,0,0,1,0,0.246
2018,22.7,0.18,0,0,0,0,0,0,0,0,0,0,0,0,0,1,0,0.282
2018,15.0,0.54,0,0,0,0,0,0,0,0,0,0,0,0,0,1,0,0.318
2018,15.0,0.72,0,0,0,0,0,0,0,0,0,0,0,0,0,1,0,0.35
2018,15.0,0.6,0,0,0,0,0,0,0,0,0,0,0,0,0,1,0,0.349
2018,15.0,0.66,0,0,0,0,1,0,0,0,0,0,0,0,0,1,0,0.383
2018,20.5,1.44,0,0,0,0,1,0,0,0,0,0,0,0,0,1,0,0.271
2018,15.0,0.05,0,0,0,0,1,0,0,0,0,0,0,0,0,1,0,0.329
2018,17.7,1.0,0,0,0,0,1,0,0,0,0,0,0,0,0,1,0,0.257
2018,21.2,0.7,0,0,0,0,1,0,0,0,0,0,0,0,0,1,0,0.356
2018,22.3,0.16,0,0,0,0,0,0,0,0,0,0,0,0,0,1,0,0.227
2018,15.0,1.0,0,0,0,0,0,0,0,0,0,0,0,0,0,1,0,0.269
2018,16.7,0.63,0,0,0,0,0,0,0,0,0,0,0,0,0,1,0,0.345
2018,23.4,0.28,0,0,0,0,0,0,0,0,0,0,0,0,0,1,0,0.281
2018,20.6,0.41,0,0,0,0,0,0,0,0,0,0,0,0,0,1,0,0.229
2018,20.0,1.0,0,0,0,0,0,0,0,0,0,0,0,0,0,1,0,0.292
2018,15.7,0.15,0,0,0,0,1,0,0,0,0,0,0,0,0,1,0,0.371
2018,17.5,0.05,0,0,0,0,0,0,0,0,0,0,0,0,0,1,0,0.205
2018,24.5,1.0,0,0,0,0,0,0,0,0,0,0,0,0,0,1,0,0.265
2018,23.8,1.32,0,0,0,0,1,0,0,0,0,0,0,0,0,1,0,0.307
2018,18.7,1.0,0,0,0,0,0,0,0,0,0,0,0,0,0,1,0,0.294
2018,22.5,1.26,0,0,0,0,0,0,0,0,0,0,0,0,0,1,0,0.274
2018,15.0,0.06,0,0,0,0,0,0,0,0,0,0,0,0,0,1,0,0.329
2018,24.5,0.06,0,0,0,0,0,0,0,0,0,0,0,0,0,1,0,0.132
2018,23.9,1.0,0,0,0,0,0,0,0,0,0,0,0,0,0,1,0,0.212
2018,19.9,1.0,0,0,0,0,0,0,0,0,0,0,0,0,0,1,0,0.303
2018,17.2,1.0,0,0,0,0,0,0,0,0,0,0,0,0,0,1,0,0.25
2018,22.0,1.0,0,0,0,0,0,0,0,0,0,0,0,0,0,1,0,0.287
2018,23.6,1.0,0,0,0,0,1,0,0,0,0,0,0,0,0,1,0,0.381
2018,16.3,0.5,0,0,0,0,0,0,0,0,0,0,0,0,0,1,0,0.402
2018,15.0,1.0,0,0,0,0,1,0,0,0,0,0,0,0,0,1,0,0.269
2018,19.7,0.11,0,0,0,0,1,0,0,0,0,0,0,0,0,1,0,0.424
2018,16.8,1.0,0,0,0,0,0,0,0,0,0,0,0,0,0,1,0,0.265
2018,15.2,2.51,0,0,0,0,0,0,0,0,0,0,0,0,0,1,0,0.348
2018,23.7,0.05,0,0,0,0,0,0,0,0,0,0,0,0,0,1,0,0.404
2018,23.6,0.16,0,0,0,0,0,0,0,0,0,0,0,0,0,1,0,0.375
2018,15.0,1.0,0,0,0,0,0,0,0,0,0,0,0,0,0,1,0,0.269
2018,15.0,0.55,0,0,0,0,0,0,0,0,0,0,0,0,0,1,0,0.318
2018,15.0,0.58,0,0,0,0,0,0,0,0,0,0,0,0,0,1,0,0.349
2018,19.3,1.0,0,0,0,0,0,0,0,0,0,0,0,0,0,1,0,0.3
2018,15.0,1.0,0,0,0,0,0,0,0,0,0,0,0,0,0,1,0,0.269
2018,15.0,0.55,0,0,0,0,0,0,0,0,0,0,0,0,0,1,0,0.318
2018,24.4,0.47,0,0,0,0,0,0,0,0,0,0,0,0,0,1,0,0.296
2018,24.6,1.0,0,0,0,0,0,0,0,0,0,0,0,0,0,1,0,0.239
2018,16.9,0.41,0,0,0,0,0,0,0,0,0,0,0,0,0,1,0,0.34
2018,22.8,1.0,0,0,0,0,0,0,0,0,0,0,0,0,0,1,0,0.285
2018,15.0,0.43,0,0,0,0,0,0,0,0,0,0,0,0,0,1,0,0.293
2018,17.8,1.0,0,0,0,0,1,0,0,0,0,0,0,0,0,1,0,0.261
2018,15.0,0.53,0,0,0,0,1,0,0,0,0,0,0,0,0,1,0,0.339
2018,19.4,0.81,0,0,0,0,0,0,0,0,0,0,0,0,0,1,0,0.32
2018,22.6,0.19,0,0,0,0,0,0,0,0,0,0,0,0,0,1,0,0.241
2018,16.4,0.42,0,0,0,0,0,0,0,0,0,0,0,0,0,1,0,0.337
2018,17.0,1.0,0,0,0,0,0,0,0,0,0,0,0,0,0,1,0,0.233
2018,19.0,0.13,0,0,0,0,0,0,0,0,0,0,0,0,0,1,0,0.329
2018,15.0,0.14,0,0,0,0,0,0,0,0,0,0,0,0,0,1,0,0.356
2018,15.0,0.58,0,0,0,0,0,0,0,0,0,0,0,0,0,1,0,0.349
2018,19.4,0.28,0,0,0,0,1,0,0,0,0,0,0,0,0,1,0,0.382
2018,16.0,0.56,0,0,0,0,0,0,0,0,0,0,0,0,0,1,0,0.372
2018,17.2,0.05,0,0,0,0,0,0,0,0,0,0,0,0,0,1,0,0.214
2018,23.2,0.06,0,0,0,0,0,0,0,0,0,0,0,0,0,1,0,0.219
2018,16.5,1.09,0,0,0,0,0,0,0,0,0,0,0,0,0,1,0,0.367
2018,22.9,1.0,0,0,0,0,0,0,0,0,0,0,0,0,0,1,0,0.301
2018,23.9,1.83,0,0,0,0,0,0,0,0,0,0,0,0,0,1,0,0.175
2018,22.8,0.25,0,0,0,0,0,0,0,0,0,0,0,0,0,1,0,0.26
2018,21.3,1.0,0,0,0,0,0,0,0,0,0,0,0,0,0,1,0,0.321
2018,19.3,1.0,0,0,0,0,0,0,0,0,0,0,0,0,0,1,0,0.3
2018,15.0,0.05,0,0,0,0,1,0,0,0,0,0,0,0,0,1,0,0.329
2018,22.5,0.8,0,0,0,0,0,0,0,0,0,0,0,0,0,1,0,0.351
2018,20.4,0.19,0,0,0,0,0,0,0,0,0,0,0,0,0,1,0,0.317
2018,15.0,0.52,0,0,0,0,1,0,0,0,0,0,0,0,0,1,0,0.339
2018,18.3,1.0,0,0,0,0,0,0,0,0,0,0,0,0,0,1,0,0.286
2018,17.3,0.2,0,0,0,0,1,0,0,0,0,0,0,0,0,1,0,0.302
2018,22.3,0.31,0,0,0,0,0,0,0,0,0,0,0,0,0,1,0,0.278
2018,17.5,0.27,0,0,0,0,0,0,0,0,0,0,0,0,0,1,0,0.281
2018,15.3,2.62,0,0,0,0,0,0,0,0,0,0,0,0,0,1,0,0.407
2018,17.8,1.0,0,0,0,0,0,0,0,0,0,0,0,0,0,1,0,0.261
2018,20.9,0.05,0,0,0,0,0,0,0,0,0,0,0,0,0,1,0,0.233
2018,15.1,0.47,0,0,0,0,0,0,0,0,0,0,0,0,0,1,0,0.359
2018,20.4,1.0,0,0,0,0,0,0,0,0,0,0,0,0,0,1,0,0.285
2018,20.1,1.06,0,0,0,0,0,0,0,0,0,0,0,0,0,1,0,0.407
2018,17.8,1.74,0,0,0,0,0,0,0,0,0,0,0,0,0,1,0,0.254
2018,23.3,0.97,0,0,0,0,0,0,0,0,0,0,0,0,0,1,0,0.272
2018,15.0,1.0,0,0,0,0,1,0,0,0,0,0,0,0,0,1,0,0.269
2018,15.0,1.0,0,0,0,0,1,0,0,0,0,0,0,0,0,1,0,0.269
2018,23.0,0.76,0,0,0,0,1,0,0,0,0,0,0,0,0,1,0,0.259
2018,20.6,0.65,0,0,0,0,0,0,0,0,0,0,0,0,0,1,0,0.326
2018,15.0,1.53,0,0,0,0,1,0,0,0,0,0,0,0,0,1,0,0.313
2018,15.0,1.0,0,0,0,0,0,0,0,0,0,0,0,0,0,1,0,0.269
2018,15.0,0.05,0,0,0,0,0,0,0,0,0,0,0,0,0,1,0,0.329
2018,15.0,0.71,0,0,0,0,0,0,0,0,0,0,0,0,0,1,0,0.35
2018,23.7,0.06,0,0,0,0,1,0,0,0,0,0,0,0,0,1,0,0.404
2018,21.9,0.08,0,0,0,0,0,0,0,0,0,0,0,0,0,1,0,0.247
2018,17.0,1.0,0,0,0,0,0,0,0,0,0,0,0,0,0,1,0,0.233
2018,21.4,1.0,0,0,0,0,0,0,0,0,0,0,0,0,0,1,0,0.328
2018,16.3,1.0,0,0,0,0,0,0,0,0,0,0,0,0,0,1,0,0.24
2018,24.9,1.21,0,0,0,0,0,0,0,0,0,0,0,0,0,1,0,0.285
2018,23.7,0.66,0,0,0,0,0,0,0,0,0,0,0,0,0,1,0,0.412
2018,15.0,1.37,0,0,0,0,0,0,0,0,0,0,0,0,0,1,0,0.264
2018,18.7,0.16,0,0,0,0,0,0,0,0,0,0,0,0,0,1,0,0.363
2018,17.6,1.0,0,0,0,0,1,0,0,0,0,0,0,0,0,1,0,0.257
2018,15.0,0.13,0,0,0,0,0,0,0,0,0,0,0,0,0,1,0,0.356
2018,17.6,1.0,0,0,0,0,0,0,0,0,0,0,0,0,0,1,0,0.257
2018,23.5,0.1,0,0,0,0,0,0,0,0,0,0,0,0,0,1,0,0.342
2018,22.1,0.12,0,0,0,0,0,0,0,0,0,0,0,0,0,1,0,0.23
2018,18.8,0.23,0,0,0,0,0,0,0,0,0,0,0,0,0,1,0,0.298
2018,23.6,0.39,0,0,0,0,0,0,0,0,0,0,0,0,0,1,0,0.263
2018,19.1,0.45,0,0,0,0,0,0,0,0,0,0,0,0,0,1,0,0.3
2018,15.0,0.54,0,0,0,0,0,0,0,0,0,0,0,0,0,1,0,0.318
2018,23.4,1.0,0,0,0,0,0,0,0,0,0,0,0,0,0,1,0,0.285
2018,15.0,1.0,0,0,0,0,0,0,0,0,0,0,0,0,0,1,0,0.269
2018,21.4,0.55,0,0,0,0,0,0,0,0,0,0,0,0,0,1,0,0.282
2018,20.7,0.41,0,0,0,0,0,0,0,0,0,0,0,0,0,1,0,0.254
2018,15.0,1.0,0,0,0,0,1,0,0,0,0,0,0,0,0,1,0,0.269
2018,15.0,1.52,0,0,0,0,0,0,0,0,0,0,0,0,0,1,0,0.313
2018,15.0,0.29,0,0,0,0,0,0,0,0,0,0,0,0,0,1,0,0.312
2018,20.8,0.36,0,0,0,0,0,0,0,0,0,0,0,0,0,1,0,0.26
2018,21.5,1.0,0,0,0,0,0,0,0,0,0,0,0,0,0,1,0,0.323
2018,15.0,0.65,0,0,0,0,0,0,0,0,0,0,0,0,0,1,0,0.377
2018,23.5,0.27,0,0,0,0,0,0,0,0,0,0,0,0,0,1,0,0.262
2018,15.0,0.42,0,0,0,0,0,0,0,0,0,0,0,0,0,1,0,0.293
2018,18.2,1.02,0,0,0,0,0,0,0,0,0,0,0,0,0,1,0,0.271
2018,20.9,0.34,0,0,0,0,0,0,0,0,0,0,0,0,0,1,0,0.252
2018,15.0,0.77,0,0,0,0,0,0,0,0,0,0,0,0,0,1,0,0.326
2018,15.0,0.23,0,0,0,0,1,0,0,0,0,0,0,0,0,1,0,0.328
2018,19.2,1.0,0,0,0,0,0,0,0,0,0,0,0,0,0,1,0,0.288
2018,15.0,1.0,0,0,0,0,1,0,0,0,0,0,0,0,0,1,0,0.269
2018,16.9,0.61,0,0,0,0,0,0,0,0,0,0,0,0,0,1,0,0.348
2018,22.1,0.12,0,0,0,0,0,0,0,0,0,0,0,0,0,1,0,0.23
2018,24.5,1.0,0,0,0,0,0,0,0,0,0,0,0,0,0,1,0,0.265
2018,15.0,1.0,0,0,0,0,0,0,0,0,0,0,0,0,0,1,0,0.269
2018,15.0,0.74,0,0,0,0,0,0,0,0,0,0,0,0,0,1,0,0.327
2018,23.3,1.0,0,0,0,0,1,0,0,0,0,0,0,0,0,1,0,0.285
2018,24.9,0.5,0,0,0,0,0,0,0,0,0,0,0,0,0,1,0,0.262
2018,15.6,1.0,0,0,0,0,0,0,0,0,0,0,0,0,0,1,0,0.297
2018,23.2,0.18,0,0,0,0,0,0,0,0,0,0,0,0,0,1,0,0.241
2018,15.0,1.08,0,0,0,0,1,0,0,0,0,0,0,0,0,1,0,0.402
2018,23.1,1.09,0,0,0,0,0,0,0,0,0,0,0,0,0,1,0,0.358
2018,22.6,0.32,0,0,0,0,0,0,0,0,0,0,0,0,0,1,0,0.18
2018,15.0,0.15,0,0,0,0,0,0,0,0,0,0,0,0,0,1,0,0.356
2018,21.6,1.0,0,0,0,0,0,0,0,0,0,0,0,0,0,1,0,0.323
2018,16.0,1.0,0,0,0,0,0,0,0,0,0,0,0,0,0,1,0,0.276
2018,20.0,1.32,0,0,0,0,0,0,0,0,0,0,0,0,0,1,0,0.299
2018,15.0,1.37,0,0,0,0,0,0,0,0,0,0,0,0,0,1,0,0.264
2018,15.8,0.25,0,0,0,0,1,0,0,0,0,0,0,0,0,1,0,0.369
2018,17.0,1.0,0,0,0,0,0,0,0,0,0,0,0,0,0,1,0,0.233
2018,22.1,1.0,0,0,0,0,1,0,0,0,0,0,0,0,0,1,0,0.293
2018,15.0,0.2,0,0,0,0,0,0,0,0,0,0,0,0,0,1,0,0.412
2018,16.6,0.8,0,0,0,0,0,0,0,0,0,0,0,0,0,1,0,0.331
2018,20.5,0.44,0,0,0,0,1,0,0,0,0,0,0,0,0,1,0,0.273
2018,18.5,1.0,0,0,0,0,1,0,0,0,0,0,0,0,0,1,0,0.25
2018,22.0,0.31,0,0,0,0,1,0,0,0,0,0,0,0,0,1,0,0.26
2018,15.0,1.0,0,0,0,0,1,0,0,0,0,0,0,0,0,1,0,0.269
2018,15.0,0.54,0,0,0,0,0,0,0,0,0,0,0,0,0,1,0,0.318
2018,17.8,0.05,0,0,0,0,1,0,0,0,0,0,0,0,0,1,0,0.292
2018,21.4,0.79,0,0,0,0,0,0,0,0,0,0,0,0,0,1,0,0.402
2018,15.5,0.1,0,0,0,0,0,0,0,0,0,0,0,0,0,1,0,0.289
2018,18.1,1.0,0,0,0,0,1,0,0,0,0,0,0,0,0,1,0,0.255
2018,20.7,0.8,0,0,0,0,1,0,0,0,0,0,0,0,0,1,0,0.368
2018,24.6,0.11,0,0,0,0,0,0,0,0,0,0,0,0,0,1,0,0.153
2018,15.4,0.07,0,0,0,0,0,0,0,0,0,0,0,0,0,1,0,0.258
2018,23.1,0.06,0,0,0,0,1,0,0,0,0,0,0,0,0,1,0,0.337
2018,20.4,0.05,0,0,0,0,0,0,0,0,0,0,0,0,0,1,0,0.251
2018,24.5,1.0,0,0,0,0,0,0,0,0,0,0,0,0,0,1,0,0.265
2018,20.2,0.71,0,0,0,0,1,0,0,0,0,0,0,0,0,1,0,0.345
2018,15.0,0.43,0,0,0,0,1,0,0,0,0,0,0,0,0,1,0,0.293
2018,22.8,1.0,0,0,0,0,0,0,0,0,0,0,0,0,0,1,0,0.285
2018,15.0,1.0,0,0,0,0,0,0,0,0,0,0,0,0,0,1,0,0.269
2018,15.0,1.0,0,0,0,0,0,0,0,0,0,0,0,0,0,1,0,0.269
2018,24.0,0.26,0,0,0,0,0,0,0,0,0,0,0,0,0,1,0,0.187
2018,19.0,1.16,0,0,0,0,1,0,0,0,0,0,0,0,0,1,0,0.403
2018,23.9,0.42,0,0,0,0,0,0,0,0,0,0,0,0,0,1,0,0.145
2018,21.8,1.09,0,0,0,0,1,0,0,0,0,0,0,0,0,1,0,0.379
2018,17.1,0.33,0,0,0,0,0,0,0,0,0,0,0,0,0,1,0,0.274
2018,16.4,1.09,0,0,0,0,1,0,0,0,0,0,0,0,0,1,0,0.379
2018,24.2,1.0,0,0,0,0,0,0,0,0,0,0,0,0,0,1,0,0.33
2018,15.0,1.0,0,0,0,0,0,0,0,0,0,0,0,0,0,1,0,0.269
2018,15.0,0.38,0,0,0,0,0,0,0,0,0,0,0,0,0,1,0,0.291
2018,21.0,0.05,0,0,0,0,0,0,0,0,0,0,0,0,0,1,0,0.208
2018,15.0,0.36,0,0,0,0,0,0,0,0,0,0,0,0,0,1,0,0.291
2018,23.3,0.36,0,0,0,0,0,0,0,0,0,0,0,0,0,1,0,0.217
2018,18.1,0.18,0,0,0,0,0,0,0,0,0,0,0,0,0,1,0,0.313
2018,19.3,0.05,0,0,0,0,1,0,0,0,0,0,0,0,0,1,0,0.307
2018,20.4,0.14,0,0,0,0,0,0,0,0,0,0,0,0,0,1,0,0.304
2018,15.0,0.25,0,0,0,0,1,0,0,0,0,0,0,0,0,1,0,0.326
2018,24.1,0.74,0,0,0,0,1,0,0,0,0,0,0,0,0,1,0,0.319
2018,19.5,0.09,0,0,0,0,0,0,0,0,0,0,0,0,0,1,0,0.404
2018,23.7,0.77,0,0,0,0,1,0,0,0,0,0,0,0,0,1,0,0.484
2018,15.0,1.0,0,0,0,0,0,0,0,0,0,0,0,0,0,1,0,0.269
2018,17.1,0.32,0,0,0,0,0,0,0,0,0,0,0,0,0,1,0,0.274
2018,22.4,0.67,0,0,0,0,1,0,0,0,0,0,0,0,0,1,0,0.381
2018,16.6,0.42,0,0,0,0,1,0,0,0,0,0,0,0,0,1,0,0.356
2018,22.9,1.0,0,0,0,0,0,0,0,0,0,0,0,0,0,1,0,0.301
2018,22.7,0.95,0,0,0,0,0,0,0,0,0,0,0,0,0,1,0,0.281
2018,23.1,1.0,0,0,0,0,1,0,0,0,0,0,0,0,0,1,0,0.265
2018,19.6,1.0,0,0,0,0,1,0,0,0,0,0,0,0,0,1,0,0.284
2018,15.0,0.28,0,0,0,0,0,0,0,0,0,0,0,0,0,1,0,0.312
2018,19.3,0.26,0,0,0,0,0,0,0,0,0,0,0,0,0,1,0,0.341
2018,18.7,1.64,0,0,0,0,0,0,0,0,0,0,0,0,0,1,0,0.349
2018,18.9,0.15,0,0,0,0,0,0,0,0,0,0,0,0,0,1,0,0.303
2018,23.8,0.07,0,0,0,0,0,0,0,0,0,0,0,0,0,1,0,0.263
2018,15.0,1.0,0,0,0,0,0,0,0,0,0,0,0,0,0,1,0,0.269
2019,20.2,6.34,0,0,0,0,1,0,0,0,1,0,0,0,0,1,0,0.272
2019,15.0,4.97,0,0,0,0,0,0,0,0,0,0,0,0,0,1,0,0.266
2019,23.5,1.01,1,0,0,0,1,0,0,0,0,0,0,0,0,1,0,0.433
2019,15.0,1.3,0,0,0,1,1,0,0,0,0,0,1,0,0,1,1,0.591
2019,23.1,7.5,0,0,0,0,0,0,0,0,0,0,0,1,0,1,0,0.23
2019,22.6,0.49,1,0,0,0,1,0,0,0,0,0,0,0,0,1,1,0.522
2019,15.0,2.03,0,0,1,1,0,0,0,0,0,0,0,0,0,1,1,0.675
2019,19.1,0.58,0,0,0,0,0,0,0,0,0,0,0,0,0,1,0,0.295
2019,15.0,2.67,1,0,0,0,1,0,0,0,0,0,0,0,0,1,0,0.444
2019,19.2,0.64,1,0,0,0,1,0,0,0,0,0,0,0,0,1,1,0.533
2019,23.5,2.63,0,0,0,0,0,0,0,0,0,0,0,0,0,1,0,0.33
2019,22.3,0.26,0,0,0,0,0,0,0,0,0,0,0,0,0,1,0,0.225
2019,23.5,1.56,0,0,1,0,1,0,0,0,0,0,0,0,0,1,0,0.332
2019,19.5,0.28,1,0,0,0,1,0,0,0,1,0,0,1,0,1,1,0.595
2019,20.4,1.14,0,0,0,0,0,1,0,0,0,0,0,0,0,1,0,0.383
2019,15.0,2.81,0,0,0,0,0,0,0,0,0,0,0,0,0,1,0,0.335
2019,22.8,1.0,0,0,1,0,0,0,0,0,0,0,0,0,0,1,0,0.355
2019,20.6,0.69,0,0,0,0,0,0,0,0,0,0,0,0,0,1,0,0.319
2019,15.0,1.13,0,0,0,0,0,0,0,0,0,0,0,0,0,1,0,0.378
2019,15.0,1.18,0,0,0,0,0,0,0,0,0,0,0,0,0,1,0,0.331
2019,15.0,2.16,0,0,0,0,0,0,0,0,0,0,0,1,0,1,0,0.283
2019,21.6,1.8,0,0,0,0,0,0,0,0,0,0,1,0,0,1,0,0.211
2019,16.7,1.88,0,0,0,0,0,0,0,0,0,1,0,0,0,1,0,0.233
2019,15.0,1.99,1,1,1,1,1,0,0,1,0,0,0,0,0,1,1,0.86
2019,22.3,6.84,0,0,1,0,1,0,0,0,0,0,0,0,0,1,0,0.407
2019,22.6,1.0,0,0,0,0,0,0,0,0,0,0,0,0,0,1,0,0.241
2019,15.0,1.99,1,0,0,0,1,0,0,0,0,0,0,0,0,1,0,0.34
2019,15.0,1.97,0,0,0,0,1,0,0,1,1,1,0,1,0,1,0,0.245
2019,16.4,1.33,0,0,0,0,0,0,0,0,0,0,0,0,0,1,0,0.27
2019,21.4,1.02,0,0,0,1,1,0,0,0,0,1,0,0,0,1,1,0.615
2019,23.3,3.37,0,0,0,0,1,0,0,0,0,0,0,0,0,1,0,0.257
2019,15.0,0.52,0,0,0,0,0,0,0,0,0,0,0,0,0,1,0,0.339
2019,20.2,0.53,0,0,0,0,0,0,0,0,0,0,0,0,0,1,0,0.332
2019,20.6,1.57,1,0,0,1,0,0,0,0,0,0,0,0,0,1,1,0.575
2019,19.5,2.05,0,0,0,0,0,0,0,0,0,1,0,0,0,1,0,0.294
2019,21.9,1.22,0,0,0,0,0,0,0,0,0,0,0,0,0,1,0,0.351
2019,22.1,6.59,1,0,0,0,0,0,0,0,0,0,0,1,0,1,0,0.383
2019,16.0,1.59,0,0,0,0,0,0,0,0,0,0,0,0,0,1,0,0.336
2019,24.4,2.23,0,0,0,0,0,0,0,0,0,0,0,0,0,1,0,0.301
2019,15.0,0.22,0,0,0,1,1,0,0,0,0,0,0,0,0,1,1,0.657
2019,19.6,0.27,0,0,0,0,0,0,0,0,0,0,0,0,0,1,0,0.406
2019,23.4,1.83,0,0,0,0,0,0,0,0,0,1,0,0,0,1,0,0.206
2019,23.7,0.18,0,0,0,1,1,0,0,0,0,0,0,0,0,1,1,0.749
2019,15.0,4.54,0,0,0,0,0,0,0,0,0,0,0,0,0,1,0,0.305
2019,15.0,3.54,0,0,1,0,1,0,0,0,0,0,0,0,0,1,0,0.388
2019,23.9,3.09,0,0,0,0,0,0,0,0,0,0,0,0,0,1,0,0.167
2019,15.0,1.41,0,0,1,0,0,0,0,0,0,0,0,0,1,1,0,0.279
2019,15.0,5.88,1,1,0,1,1,0,0,1,0,0,0,0,0,1,1,0.79
2019,21.8,17.7,0,0,0,1,1,0,0,1,0,0,0,0,0,1,0,0.423
2019,21.8,0.64,0,0,0,0,1,0,0,1,0,0,0,0,0,1,0,0.385
2019,15.0,1.21,1,1,0,1,1,0,0,0,0,0,0,0,0,1,1,0.82
2019,24.8,3.08,0,0,0,0,0,0,0,0,0,0,0,0,1,1,0,0.135
2019,22.4,2.01,0,0,0,0,1,0,0,1,0,0,0,0,0,1,0,0.297
2019,20.4,30.0,0,0,0,0,0,0,0,0,0,0,0,0,0,1,0,0.324
2019,16.7,2.69,0,0,0,0,0,0,0,0,0,0,0,0,0,1,0,0.392
2019,24.6,2.03,0,0,0,0,0,0,0,0,0,0,0,0,0,1,0,0.233
2019,15.0,6.47,0,0,0,0,0,0,0,0,0,0,0,0,0,1,0,0.322
2019,18.7,3.82,0,0,0,0,0,0,0,0,0,0,0,0,0,1,0,0.335
2019,15.0,2.41,0,0,0,0,0,0,0,0,0,0,0,0,0,1,0,0.273
2019,15.0,0.53,0,0,0,1,1,0,0,0,0,0,0,0,0,1,1,0.639
2019,23.7,0.19,0,0,1,1,1,0,0,0,0,0,0,1,0,1,1,0.86
2019,18.0,1.81,0,0,0,0,0,0,0,0,0,0,0,0,0,1,0,0.203
2019,15.0,0.11,0,0,0,0,1,0,0,0,0,0,0,0,0,1,0,0.359
2019,15.0,6.08,0,0,0,0,0,0,0,0,0,0,0,0,0,1,0,0.297
2019,15.0,1.69,0,1,0,0,0,0,0,0,0,1,0,0,0,1,0,0.348
2019,22.6,0.05,0,0,0,0,0,0,0,0,0,0,0,0,0,1,0,0.184
2019,15.0,4.93,0,0,0,0,1,0,0,0,1,0,0,0,0,1,0,0.229
2019,20.1,0.4,0,0,0,0,1,0,0,0,1,1,0,0,0,1,0,0.285
2019,20.8,0.84,0,0,1,0,0,0,0,0,0,0,0,0,0,1,0,0.488
2019,15.0,1.01,0,0,0,0,0,0,0,0,0,0,0,0,0,1,0,0.27
2019,15.0,14.61,0,0,0,0,0,0,0,0,0,0,0,0,0,1,0,0.289
2019,22.3,1.08,1,0,0,0,1,0,0,1,0,0,0,0,0,1,0,0.487
2019,24.0,4.61,0,0,0,0,0,0,0,0,0,0,0,0,0,1,0,0.24
2019,15.5,0.05,0,0,0,0,0,0,0,0,0,0,0,0,0,1,0,0.28
2019,15.0,1.57,0,0,0,0,0,0,0,0,0,0,0,0,0,1,0,0.311
2019,17.6,3.8,0,0,0,0,0,0,0,0,0,0,0,0,1,1,0,0.3
2019,22.5,0.42,0,0,0,0,0,0,0,0,0,0,0,0,0,1,0,0.187
2019,15.5,0.45,0,0,0,0,0,0,0,0,0,0,0,0,0,1,0,0.355
2019,22.2,0.05,1,0,0,0,1,0,0,0,0,0,0,0,0,1,0,0.435
2019,15.0,0.47,1,1,1,1,1,0,0,0,1,0,1,1,1,1,1,0.885
2019,19.3,1.59,0,0,0,0,0,0,0,0,0,0,0,0,0,1,0,0.352
2019,15.0,1.52,0,0,0,0,0,0,0,0,0,0,0,0,0,1,0,0.313
2019,16.3,3.38,0,0,0,1,1,1,0,1,0,0,0,1,0,1,1,0.717
2019,19.4,0.24,0,0,1,0,0,0,0,0,0,0,0,0,1,1,0,0.355
2019,15.0,9.35,1,0,0,0,1,0,0,0,0,0,0,0,0,1,0,0.337
2019,21.0,3.8,0,0,0,1,0,0,0,0,0,0,0,1,0,1,1,0.534
2019,15.0,1.43,0,0,0,0,0,0,0,0,0,0,0,0,0,1,0,0.271
2019,17.8,0.44,0,0,0,0,0,0,0,0,0,0,0,1,0,1,0,0.251
2019,19.3,0.05,1,0,0,0,1,0,1,0,0,0,0,0,0,1,1,0.515
2019,15.0,1.23,0,0,0,1,0,0,0,0,0,0,0,0,0,1,1,0.724
2019,15.0,5.42,0,0,1,0,1,0,0,0,0,0,0,0,0,1,0,0.426
2019,15.1,1.93,0,0,0,0,0,0,0,0,0,0,0,0,0,1,0,0.246
2019,23.1,0.4,0,0,0,0,0,0,1,0,0,0,0,0,0,1,0,0.249
2019,15.0,0.54,0,0,0,0,0,1,0,0,0,0,0,0,0,1,0,0.286
2019,15.0,8.29,0,0,0,0,1,0,0,0,0,0,0,0,0,1,0,0.279
2019,22.1,0.32,1,0,0,1,1,0,0,0,0,0,0,0,0,1,1,0.545
2019,22.9,2.2,0,0,0,0,1,0,0,0,0,0,0,0,0,1,0,0.36
2019,15.0,14.51,0,0,0,0,0,0,0,0,0,0,0,0,0,1,0,0.289
2019,18.8,1.64,0,0,0,0,0,0,0,0,0,0,0,0,0,1,0,0.345
2019,15.6,1.4,0,0,0,0,0,0,0,0,0,0,0,0,0,1,0,0.279
2019,20.6,1.85,0,0,0,0,0,0,0,0,0,0,1,0,0,1,0,0.236
2019,21.4,0.61,1,1,0,0,1,0,0,0,0,1,0,0,0,1,1,0.586
2019,15.0,30.0,0,0,0,0,0,0,0,0,0,1,0,0,0,1,0,0.365
2019,15.0,0.13,0,0,0,0,0,0,0,0,0,0,0,0,0,1,0,0.356
2019,16.4,0.75,0,0,0,0,0,0,0,0,0,0,0,0,0,1,0,0.293
2019,15.0,1.36,0,0,0,0,0,0,0,0,0,0,0,0,0,1,0,0.265
2019,23.5,2.71,0,0,0,0,0,0,0,0,0,0,0,0,0,1,0,0.297
2019,15.0,0.1,0,0,0,0,0,0,0,0,0,0,0,0,0,1,0,0.324
2019,19.7,1.03,0,0,0,0,0,0,0,0,0,0,0,0,0,1,0,0.363
2019,18.2,2.53,0,0,0,0,1,0,0,0,0,0,0,0,0,1,0,0.309
2019,15.0,2.0,0,0,0,0,0,0,0,0,0,0,0,0,0,1,0,0.274
2019,24.3,0.34,0,1,0,0,1,0,0,0,0,0,0,0,0,1,0,0.442
2019,15.0,3.69,0,0,1,1,1,0,0,0,1,0,0,0,0,1,1,0.764
2019,15.0,3.28,0,0,0,0,0,0,0,0,0,0,0,0,0,1,0,0.263
2019,21.2,4.25,0,1,0,0,1,0,0,0,0,0,0,0,0,1,0,0.37
2019,23.8,0.26,0,0,0,0,1,0,0,0,0,0,0,0,0,1,0,0.26
2019,17.6,2.53,1,0,0,1,1,0,0,0,0,0,0,0,0,1,1,0.645
2019,21.5,16.63,0,0,1,0,1,0,0,0,0,0,0,0,0,1,1,0.537
2019,15.0,2.59,0,0,1,1,1,0,0,0,0,0,0,0,0,1,1,0.723
2019,19.8,1.03,0,0,0,0,1,0,0,0,0,0,0,0,0,1,0,0.409
2019,15.0,8.7,0,0,0,0,0,0,0,0,0,0,0,0,0,1,0,0.267
2019,24.5,2.67,0,0,0,0,0,0,0,0,0,0,0,0,0,1,0,0.259
2019,18.0,1.2,0,0,0,0,0,0,0,0,0,0,0,0,0,1,0,0.298
2019,22.4,0.4,0,0,0,0,0,0,0,0,0,0,0,0,0,1,0,0.209
2019,15.0,0.82,0,0,0,0,0,0,0,0,0,0,0,0,0,1,0,0.345
2019,20.7,0.54,0,0,0,0,0,0,0,0,0,0,0,0,0,1,0,0.284
2019,15.0,1.96,1,1,0,0,0,0,0,0,0,0,0,0,0,1,0,0.438
2019,15.0,1.07,1,0,0,0,0,0,0,0,0,0,0,0,0,1,0,0.494
2019,20.9,0.17,0,1,0,0,0,0,0,0,0,0,0,0,0,1,0,0.414
2019,15.0,4.33,0,0,0,0,0,0,0,0,0,0,0,0,0,1,0,0.319
2019,24.6,3.26,0,0,0,0,0,0,0,0,0,0,0,0,0,1,0,0.222
2019,22.6,2.42,0,0,0,0,0,0,0,0,0,0,0,0,0,1,0,0.238
2019,15.0,0.42,0,0,0,0,0,0,0,0,0,0,0,0,0,1,0,0.293
2019,15.0,12.09,0,0,0,0,0,0,0,0,0,0,0,0,0,1,0,0.242
2019,20.5,0.95,0,0,0,0,0,0,0,0,0,0,0,0,0,1,0,0.317
2019,15.0,1.72,1,0,1,0,1,0,0,0,0,0,0,0,0,1,0,0.493
2019,21.2,0.06,0,1,0,0,1,0,0,0,0,0,0,1,0,1,1,0.609
2019,23.6,0.61,0,0,0,0,1,0,0,0,0,0,0,0,0,1,0,0.43
2019,15.0,1.07,1,1,1,0,1,0,1,0,1,1,0,0,0,1,1,0.811
2019,15.0,0.39,0,0,0,0,0,0,0,0,0,0,0,0,0,1,0,0.269
2019,22.3,2.37,1,0,0,0,1,0,0,0,0,1,0,0,0,1,0,0.412
2019,15.0,1.71,0,1,0,0,1,0,0,0,0,0,0,0,0,1,0,0.341
2019,17.4,3.41,0,0,0,0,0,0,0,0,0,0,0,0,0,1,0,0.251
2019,17.0,3.09,0,1,0,0,0,0,0,0,0,0,0,0,0,1,0,0.304
2019,17.4,0.58,0,0,0,0,0,0,0,0,0,0,0,0,0,1,0,0.318
2019,15.0,0.7,1,0,0,0,0,0,0,0,0,0,0,1,0,1,0,0.343
2019,15.0,0.92,0,0,1,0,0,0,0,0,0,0,0,0,0,1,0,0.499
2019,16.4,3.64,0,0,0,1,1,0,0,0,0,0,0,0,0,1,1,0.674
2019,21.5,1.01,0,1,0,0,0,0,0,0,0,0,0,1,0,1,0,0.283
2019,15.0,3.15,0,0,0,0,0,0,0,0,0,0,1,0,0,1,0,0.236
2019,16.9,0.46,1,1,1,1,1,0,0,1,0,0,1,1,0,1,1,0.713
2019,15.0,1.01,0,0,0,0,0,0,0,0,0,0,0,0,0,1,0,0.27
2019,20.2,0.85,0,0,1,0,0,0,0,0,0,0,0,0,0,1,0,0.44
2019,15.0,22.22,0,0,0,0,0,0,0,0,0,0,0,0,0,1,0,0.288
2019,18.5,1.56,0,0,0,0,0,0,0,0,0,0,0,0,0,1,0,0.281
2019,22.9,2.46,0,0,0,0,0,0,0,0,0,0,0,0,0,1,0,0.287
2019,15.0,1.4,1,1,1,0,1,0,0,0,0,1,0,0,0,1,1,0.694
2019,24.9,0.31,0,0,0,0,0,0,0,0,0,0,0,0,0,1,0,0.182
2019,22.7,0.48,1,1,1,0,1,0,1,0,1,1,0,1,0,1,1,0.787
2019,23.1,2.17,0,0,0,0,0,0,0,0,0,0,0,1,0,1,0,0.298
2019,16.8,1.26,0,0,0,0,0,0,0,0,0,0,0,0,0,1,0,0.294
2019,20.0,7.85,0,0,0,0,1,0,0,1,0,0,0,1,0,1,0,0.289
2019,23.8,12.35,1,0,0,0,0,0,0,1,0,0,0,0,0,1,0,0.224
2019,20.8,30.0,0,0,1,0,0,0,0,0,0,0,0,0,0,1,0,0.395
2019,15.0,2.71,0,0,1,0,0,0,0,0,0,0,0,0,0,1,0,0.474
2019,20.3,2.43,0,0,0,0,0,0,0,1,0,0,0,0,0,1,0,0.241
2019,15.0,3.41,0,0,0,0,0,0,0,0,0,0,0,0,0,1,0,0.266
2019,15.0,1.88,0,0,0,0,0,0,0,0,0,0,0,0,0,1,0,0.244
2019,15.0,5.9,0,0,0,0,0,0,1,0,0,0,0,1,0,1,0,0.284
2019,15.0,0.12,0,0,0,0,0,0,0,0,0,0,1,0,0,1,0,0.267
2019,15.0,12.52,0,1,0,0,1,1,0,0,1,0,0,0,0,1,0,0.282
2019,20.9,5.51,0,1,1,0,1,0,0,0,0,0,0,0,0,1,1,0.549
2019,15.5,0.82,0,0,0,0,1,0,0,1,0,0,0,0,0,1,0,0.347
2019,15.0,0.18,0,0,0,0,0,0,0,0,0,0,0,0,0,1,0,0.369
2019,22.9,1.32,0,0,0,0,0,0,0,0,0,0,0,0,0,1,0,0.304
2019,22.7,1.19,1,1,0,0,1,0,0,0,0,1,0,1,0,1,1,0.564
2019,20.3,1.79,0,0,0,0,1,0,1,0,0,0,0,0,0,1,0,0.217
2019,21.8,1.6,0,0,0,0,0,0,0,0,0,0,0,0,0,1,0,0.324
2019,15.0,0.2,0,0,0,0,0,0,0,0,0,1,0,1,0,1,0,0.464
2019,24.6,1.27,0,0,0,0,0,0,0,0,0,1,0,0,0,1,0,0.272
2019,24.9,0.9,0,0,0,0,0,0,1,0,0,0,1,0,0,1,0,0.247
2019,15.0,2.47,1,0,0,0,0,0,0,0,0,1,0,0,0,1,0,0.42
2019,15.0,3.4,0,0,0,0,0,0,0,0,0,0,0,0,0,1,0,0.266
2019,16.5,1.3,0,0,0,0,0,0,0,0,0,0,0,0,0,1,0,0.277
2019,19.4,2.96,0,0,0,0,0,0,0,0,0,0,0,0,0,1,0,0.421
2019,22.9,2.86,0,0,0,0,0,0,0,0,0,0,0,0,0,1,0,0.271
2019,15.0,1.0,0,0,0,0,1,0,0,0,0,0,0,0,0,1,0,0.269
2019,23.3,0.7,0,0,0,0,0,0,0,0,0,0,0,0,0,1,0,0.315
2019,24.2,1.12,0,0,0,0,0,0,0,0,0,0,0,0,0,1,0,0.402
2019,22.0,5.2,1,0,0,0,0,0,0,0,0,0,0,0,0,1,0,0.384
2019,19.3,0.05,0,0,0,1,0,0,0,0,0,0,0,0,0,1,0,0.478
2019,20.5,30.0,0,0,0,1,1,0,1,0,0,0,0,0,0,1,1,0.689
2019,22.6,0.86,0,0,0,0,0,0,0,0,0,0,1,1,0,1,0,0.23
2019,19.8,5.99,1,0,0,0,0,0,0,0,0,0,0,0,0,1,0,0.386
2019,15.0,0.54,0,0,0,0,0,0,0,0,0,0,0,0,0,1,0,0.318
2019,24.0,0.78,1,0,1,0,0,0,0,0,0,0,0,0,0,1,1,0.558
2019,15.0,3.49,0,1,0,0,1,1,0,0,0,0,0,0,0,1,0,0.3
2019,21.6,4.6,0,0,0,1,1,0,0,0,1,1,0,0,0,1,1,0.655
2019,16.3,0.15,0,0,0,0,0,0,0,0,0,0,0,0,0,1,0,0.204
2019,15.0,0.89,1,0,1,1,1,0,0,0,0,0,0,0,0,1,1,0.83
2019,15.0,8.36,0,0,0,1,0,0,0,0,0,0,0,1,0,1,1,0.548
2019,15.0,2.0,0,0,0,0,0,0,0,0,0,0,0,0,0,1,0,0.274
2019,21.8,0.95,0,0,0,0,1,0,0,0,0,0,0,0,0,1,0,0.317
2019,20.0,0.97,0,0,0,1,1,0,0,1,0,0,0,0,0,1,1,0.586
2019,15.0,0.26,0,0,0,0,0,0,0,0,0,0,0,0,0,1,0,0.326
2019,17.5,0.05,0,0,0,0,0,0,0,0,0,0,0,0,0,1,0,0.205
2019,20.8,0.71,1,0,1,0,1,0,0,1,0,0,0,0,0,1,1,0.606
2019,23.1,1.19,0,0,0,0,0,0,0,0,0,0,0,0,0,1,0,0.317
2019,15.0,0.47,0,0,0,0,1,0,0,0,0,0,0,0,0,1,0,0.356
2019,19.1,3.32,0,1,0,1,0,0,0,0,0,0,0,0,0,1,1,0.653
2019,15.0,6.63,0,0,0,0,0,0,0,0,0,0,0,0,0,1,0,0.322
2019,19.8,0.12,0,0,1,0,1,0,0,0,0,0,0,0,0,1,1,0.551
2019,20.5,0.31,0,0,0,0,0,0,0,0,0,0,0,0,1,1,0,0.267
2019,22.8,5.12,1,0,0,1,1,0,0,0,0,0,0,0,0,1,1,0.647
2019,24.6,4.71,0,0,0,1,0,0,0,0,0,0,0,0,0,1,1,0.651
2019,15.0,3.37,0,0,0,0,1,0,0,0,0,0,0,0,0,1,0,0.266
2019,21.0,1.15,0,0,0,0,1,0,0,0,0,0,0,0,0,1,0,0.401
2019,15.0,2.27,0,0,0,0,0,0,0,0,0,0,0,0,0,1,0,0.272
2019,22.4,4.46,0,0,1,0,0,0,0,0,0,0,0,0,0,1,0,0.403
2019,16.1,1.75,1,0,0,0,0,0,0,0,0,0,0,0,0,1,0,0.298
2019,15.0,1.23,0,1,0,1,1,0,0,0,0,0,0,0,0,1,1,0.742
2019,15.0,0.48,1,1,0,0,0,0,0,0,0,0,0,0,0,1,1,0.532
2019,21.9,5.76,1,0,0,0,1,0,0,0,0,0,0,1,0,1,0,0.353
2019,19.3,18.32,0,0,0,0,0,0,0,0,0,0,0,0,0,1,0,0.426
2019,15.0,0.4,0,0,0,0,1,0,0,0,0,0,0,1,0,1,0,0.246
2019,23.9,1.97,0,0,0,0,0,0,0,0,0,0,0,0,0,1,0,0.245
2019,23.0,1.81,0,0,0,0,0,0,0,0,0,0,0,0,0,1,0,0.165
2019,18.5,1.11,0,0,0,0,0,0,0,0,0,0,0,0,0,1,0,0.343
2019,15.0,1.73,0,0,0,0,0,0,0,0,0,0,0,0,0,1,0,0.263
2019,15.0,2.0,0,0,0,0,0,0,0,0,0,0,0,0,0,1,0,0.274
2019,24.3,0.39,1,0,1,0,1,0,0,0,0,0,0,1,1,1,0,0.442
2019,16.5,0.2,0,0,0,0,0,0,0,0,0,0,0,0,0,1,0,0.307
2019,15.0,2.8,1,1,0,0,1,0,0,0,0,0,0,0,0,1,0,0.468
2019,20.8,0.05,0,0,0,0,0,0,0,0,0,0,0,0,0,1,0,0.227
2019,15.0,0.52,0,0,0,0,0,0,0,0,0,0,0,0,0,1,0,0.339
2019,23.0,4.44,0,0,0,0,1,0,0,0,0,0,0,0,0,1,0,0.205
2019,20.9,5.46,0,0,0,0,0,0,0,0,0,0,0,0,0,1,0,0.329
2019,19.8,0.96,0,0,0,0,0,0,0,0,0,0,0,0,0,1,0,0.346
2019,19.5,4.59,0,0,0,0,0,0,0,0,0,0,0,0,0,1,0,0.315
2019,21.9,1.11,1,0,0,0,0,0,0,0,0,0,0,0,0,1,1,0.526
2019,19.1,0.13,0,0,0,0,1,0,0,0,0,0,0,0,0,1,0,0.28
2019,23.3,1.84,1,1,0,0,0,0,1,0,1,0,0,1,0,1,0,0.41
2019,15.0,0.71,0,0,0,0,0,1,0,0,0,0,0,0,0,1,0,0.298
2019,20.9,22.51,0,0,1,0,0,0,0,0,0,0,0,0,0,1,0,0.386
2019,19.4,1.44,0,0,0,0,0,0,0,0,0,0,0,0,0,1,0,0.266
2019,20.1,2.12,0,0,0,0,0,0,0,0,0,0,0,0,0,1,0,0.368
2019,15.0,0.1,0,1,0,0,0,1,0,0,0,0,0,1,0,1,0,0.388
2019,15.9,0.8,0,0,0,0,0,0,0,0,0,0,0,0,0,1,0,0.393
2019,15.0,1.6,1,0,1,0,1,0,0,0,0,0,0,0,0,1,0,0.473
2019,15.0,1.33,1,0,0,0,1,0,0,0,1,1,0,0,1,1,1,0.529
2019,19.1,0.7,0,0,0,0,1,0,0,0,0,0,0,0,0,1,0,0.321
2019,15.0,15.89,0,0,0,0,0,1,0,0,0,0,0,0,0,1,0,0.23
2019,15.0,3.62,0,0,0,0,0,0,0,0,0,0,0,0,0,1,0,0.278
2019,15.0,2.64,0,0,0,1,1,0,0,0,0,0,0,0,0,1,1,0.647
2019,20.1,5.12,0,0,0,0,0,0,0,0,0,0,0,0,0,1,0,0.345
2019,17.0,1.13,0,0,0,0,0,0,0,0,0,0,0,0,0,1,0,0.319
2019,18.2,0.21,0,0,0,0,0,0,0,0,0,0,0,0,0,1,0,0.268
2019,22.2,0.35,1,0,0,0,0,0,0,0,0,0,0,0,0,1,0,0.356
2019,15.0,5.47,0,0,0,0,1,0,0,0,0,0,0,0,0,1,0,0.327
2019,15.3,1.3,0,0,0,0,1,0,0,0,0,0,0,0,0,1,0,0.277
2019,23.2,0.39,1,1,0,1,1,1,0,0,1,1,0,0,0,1,1,0.687
2019,22.5,4.16,0,0,0,0,0,0,0,0,0,0,0,0,0,1,0,0.31
2019,19.1,2.9,0,0,0,0,0,0,0,0,0,0,0,0,0,1,0,0.245
2019,15.0,2.24,0,0,0,0,0,0,0,0,0,0,0,0,0,1,0,0.255
2019,18.6,30.0,0,0,0,0,0,0,0,0,0,0,0,0,0,1,0,0.401
2019,15.0,1.01,0,0,0,0,1,0,0,0,0,0,0,1,0,1,0,0.239
2019,15.0,1.98,0,0,0,0,0,0,0,0,1,0,0,0,0,1,0,0.218
2019,20.3,4.21,1,1,0,1,1,1,0,0,0,1,0,0,0,1,1,0.779
2019,22.7,0.67,0,0,0,0,0,0,0,0,0,0,0,0,0,1,0,0.331
2019,20.1,1.42,0,0,0,0,0,0,0,0,0,0,0,0,0,1,0,0.305
2019,15.0,1.63,0,0,0,1,0,0,1,0,0,0,0,0,0,1,1,0.799
2019,18.0,1.32,0,0,0,0,0,0,0,0,0,0,0,0,0,1,0,0.259
2019,18.0,0.81,0,0,0,1,1,0,0,0,0,0,0,0,0,1,1,0.596
2019,24.3,0.81,0,1,0,0,1,0,0,0,0,0,0,0,0,1,1,0.561
2019,24.9,1.62,0,0,0,0,0,0,0,0,0,0,0,0,0,1,0,0.328
2019,19.7,0.18,0,0,0,0,0,0,0,0,0,0,0,0,0,1,0,0.427
2019,19.0,1.25,1,0,0,0,0,0,0,0,0,0,0,0,0,1,0,0.414
2019,17.1,1.79,0,0,0,0,1,0,0,0,0,0,0,0,0,1,0,0.283
2019,24.4,0.1,0,0,0,1,0,0,0,0,0,0,0,0,0,1,1,0.609
2019,19.7,0.41,0,0,1,0,1,0,0,0,0,0,0,0,0,1,1,0.523
2019,15.0,2.93,0,0,0,0,0,0,0,0,0,0,0,0,0,1,0,0.351
2019,17.3,0.11,0,0,0,0,0,0,0,0,0,0,0,1,0,1,1,0.522
2019,15.0,0.51,0,0,0,0,1,0,0,0,0,0,0,0,0,1,0,0.399
2019,21.0,7.03,1,0,0,0,1,0,0,0,0,0,0,0,0,1,0,0.371
2019,15.0,1.63,0,0,0,0,0,0,0,0,0,0,0,0,0,1,0,0.334
2019,23.9,1.98,0,0,0,0,0,0,0,0,0,0,0,0,0,1,0,0.229
2019,21.2,8.64,0,0,0,0,0,0,0,0,0,0,0,1,0,1,0,0.204
2019,17.2,2.2,0,0,0,0,0,0,0,0,0,0,0,0,0,1,0,0.305
2019,15.0,5.2,0,0,1,0,0,0,0,0,0,0,0,0,0,1,0,0.372
2019,16.2,2.97,0,0,0,0,0,0,0,0,0,0,0,0,0,1,0,0.314
2019,15.0,1.16,1,0,0,0,0,0,0,0,0,0,0,0,0,1,0,0.491
2019,20.3,0.18,1,1,0,1,1,0,0,0,0,0,0,0,0,1,1,0.797
2019,15.0,5.3,0,0,0,0,1,0,0,0,0,0,0,1,0,1,0,0.273
2019,15.0,1.01,1,0,0,0,0,0,0,0,0,0,0,0,0,1,0,0.401
2019,15.0,1.69,0,0,0,1,1,0,0,0,0,0,0,0,0,1,1,0.757
2019,21.7,0.77,1,0,0,1,1,0,0,0,0,0,0,0,0,1,1,0.718
2019,16.9,1.18,0,0,0,0,0,0,0,0,1,1,0,0,0,1,0,0.215
2019,17.4,5.88,1,0,0,0,0,0,0,0,0,0,0,0,0,1,0,0.286
2019,16.7,0.05,0,0,0,0,0,0,0,0,0,0,0,0,0,1,0,0.151
2019,24.1,0.43,1,0,0,0,0,0,0,0,0,0,0,0,0,1,0,0.236
2019,15.0,1.61,1,1,1,0,1,0,0,0,0,0,0,1,0,1,1,0.547
2019,23.8,2.81,0,0,0,0,0,0,0,0,0,0,0,0,0,1,0,0.25
2019,16.2,0.77,0,0,0,0,0,0,0,0,0,0,0,0,0,1,0,0.285
2019,15.0,5.69,0,0,1,0,1,0,1,0,0,0,0,1,0,1,0,0.424
2019,15.0,1.32,0,0,0,0,1,0,0,0,0,0,0,0,0,1,0,0.288
2019,15.4,0.45,0,0,0,0,0,0,0,0,0,0,0,1,0,1,0,0.255
2019,15.0,0.08,0,0,0,0,1,0,0,0,0,0,0,0,0,1,0,0.309
2019,15.4,0.09,0,0,0,0,0,0,0,0,0,0,0,0,0,1,0,0.289
2019,15.6,0.32,0,0,0,0,0,0,0,0,0,0,0,0,0,1,0,0.218
2019,19.0,0.78,0,0,0,0,0,0,0,0,0,0,0,0,0,1,0,0.317
2019,15.0,3.36,0,0,0,0,0,0,0,1,0,0,0,0,0,1,0,0.216
2019,15.0,9.65,0,0,0,0,0,0,1,0,0,0,0,0,0,1,0,0.206
2019,15.6,1.64,1,1,1,0,1,0,1,0,0,0,0,0,0,1,1,0.57
2019,15.0,1.62,0,0,0,0,0,0,0,0,0,0,0,0,0,1,0,0.334
2019,15.0,2.7,0,0,0,0,1,0,0,0,0,0,0,0,0,1,0,0.367
2019,24.2,5.17,0,0,0,0,0,0,0,0,0,0,0,0,0,1,0,0.375
2019,21.1,0.16,0,1,0,0,0,0,0,0,0,0,0,0,0,1,0,0.338
2019,15.0,9.11,1,0,0,1,1,0,0,0,0,0,0,0,1,1,1,0.718
2019,21.5,1.13,0,0,0,0,0,0,0,0,0,1,0,0,0,1,0,0.378
2019,24.0,1.51,0,1,1,0,0,0,0,0,0,0,0,0,0,1,0,0.304
2019,22.5,0.7,0,0,0,0,0,0,0,0,0,0,0,0,0,1,0,0.304
2019,23.7,18.54,0,0,0,0,0,0,0,0,0,0,0,0,0,1,0,0.439
2019,20.7,0.99,1,1,1,0,1,0,0,0,0,0,1,0,0,1,1,0.649
2019,22.1,7.28,1,0,0,0,1,0,0,0,0,0,0,0,0,1,0,0.447
2019,15.0,1.02,1,0,1,0,1,0,0,0,0,0,0,0,1,1,1,0.588
2019,23.4,4.76,0,0,1,0,1,0,0,0,0,0,0,0,0,1,0,0.442
2019,18.4,4.69,0,0,0,0,0,0,0,0,0,0,0,0,0,1,0,0.34
2019,24.3,1.89,1,0,0,0,0,1,0,0,0,0,0,0,0,1,0,0.308
2019,23.0,5.89,0,0,0,0,1,0,0,0,0,0,0,0,0,1,0,0.219
2019,21.8,0.89,0,0,0,0,0,0,0,0,0,0,0,0,0,1,0,0.343
2019,15.0,1.56,0,0,0,0,0,0,0,0,0,0,0,0,0,1,0,0.318
2019,24.4,9.34,0,0,0,0,0,0,0,0,0,0,0,0,0,1,0,0.268
2019,23.4,11.24,0,0,0,0,0,0,0,0,0,0,0,0,0,1,0,0.239
2019,24.8,1.75,0,0,0,0,0,0,0,0,0,0,0,0,0,1,0,0.289
2019,22.3,0.95,0,0,0,0,0,0,0,1,0,0,0,0,0,1,0,0.363
2019,16.6,1.28,0,0,0,0,0,0,0,1,0,0,0,0,0,1,0,0.235
2019,20.0,1.47,0,0,0,0,0,0,0,0,0,0,0,0,0,1,0,0.34
2019,21.9,3.57,0,0,0,0,0,0,0,0,0,0,0,1,0,1,0,0.222
2019,15.6,0.27,0,0,0,0,0,0,0,0,0,0,0,0,0,1,0,0.31
2019,15.0,0.18,0,0,0,0,0,0,0,0,0,0,0,0,1,1,0,0.355
2019,24.5,7.43,0,0,0,0,0,0,1,0,0,0,0,0,0,1,0,0.423
2019,24.2,0.32,0,0,0,0,0,0,0,0,0,0,0,0,0,1,0,0.226
2019,24.8,1.28,0,0,0,0,1,0,0,0,0,0,0,0,0,1,0,0.379
2019,23.3,0.82,0,0,0,0,0,0,0,0,0,0,0,0,0,1,0,0.362
2019,15.0,4.19,0,0,0,0,0,0,0,0,0,0,0,0,0,1,0,0.356
2019,17.2,3.31,0,0,0,0,0,0,0,1,0,0,0,0,0,1,0,0.231
2019,17.6,2.68,0,0,0,0,0,0,0,0,0,0,0,0,0,1,0,0.373
2019,15.0,0.12,0,0,0,0,0,0,0,0,0,0,0,0,0,1,0,0.359
2019,21.3,1.92,0,0,0,0,0,0,0,0,0,0,0,0,0,1,0,0.299
2019,19.3,1.56,0,0,0,0,1,0,0,0,0,0,0,0,0,1,0,0.353
2019,15.0,2.53,0,1,0,0,0,0,0,0,1,0,0,0,0,1,0,0.349
2019,19.4,2.12,0,0,0,0,0,0,0,0,0,0,0,0,0,1,0,0.303
2019,19.2,0.82,0,0,0,0,1,0,0,0,0,0,0,0,0,1,0,0.325
2019,15.0,1.11,1,1,1,0,1,0,0,0,0,0,0,0,1,1,1,0.678
2019,15.0,0.27,1,0,0,0,1,0,1,0,0,0,0,0,0,1,0,0.38
2019,21.7,0.1,1,1,0,0,1,0,1,0,0,0,0,0,0,1,0,0.486
2019,15.0,1.22,0,1,0,0,0,0,0,0,0,0,0,0,0,1,0,0.311
2019,18.8,4.69,1,0,0,0,0,0,0,0,0,0,0,0,0,1,0,0.408
2019,21.3,9.56,0,0,1,0,1,1,0,1,0,0,0,0,0,1,0,0.469
2019,15.0,5.75,0,0,0,1,1,0,0,0,0,0,0,0,0,1,1,0.653
2019,17.9,1.29,0,0,0,0,1,0,0,1,0,0,0,0,0,1,0,0.232
2019,18.6,12.67,0,0,0,0,1,0,0,0,0,0,0,0,0,1,0,0.265
2019,15.0,0.11,0,0,0,0,1,0,0,0,0,0,0,1,0,1,0,0.466
2019,21.5,0.79,1,1,0,1,1,0,0,0,0,0,0,0,0,1,1,0.743
2019,21.2,3.83,0,0,0,0,1,0,0,0,0,0,0,0,0,1,0,0.319
2019,18.8,0.68,0,0,0,0,0,0,0,0,0,0,0,0,0,1,0,0.425
2019,20.0,2.12,0,0,0,0,1,0,0,0,0,1,0,0,0,1,0,0.355
2019,15.0,3.96,0,0,0,0,1,0,0,0,0,0,0,0,0,1,0,0.397
2019,15.0,1.36,0,0,1,0,0,0,0,0,0,0,0,0,0,1,0,0.305
2019,15.0,1.42,0,0,0,0,0,0,0,0,0,0,0,0,0,1,0,0.271
2019,17.8,4.65,0,0,0,0,0,0,0,0,0,0,0,0,0,1,0,0.332
2019,15.0,2.26,0,0,0,0,0,0,0,0,0,0,0,0,0,1,0,0.242
2019,15.0,0.18,0,0,0,0,0,0,0,0,0,0,0,0,0,1,0,0.369
2019,15.0,0.57,0,1,0,1,0,0,0,0,0,0,1,0,0,1,1,0.539
2019,24.9,2.03,0,0,0,0,0,0,0,0,0,1,0,0,0,1,0,0.204
2019,23.6,3.05,0,0,0,0,0,0,0,1,0,0,1,0,0,1,0,0.166
2019,15.0,0.47,0,0,0,0,0,0,0,0,0,0,0,1,0,1,0,0.255
2019,15.0,0.59,1,0,0,0,1,0,0,0,0,0,0,0,0,1,0,0.494
2019,23.3,1.0,0,1,0,0,1,0,0,0,0,0,0,0,1,1,0,0.455
2019,15.0,3.62,0,1,0,1,1,0,0,1,0,0,0,0,0,1,1,0.69
2019,15.0,20.04,1,0,0,1,1,0,0,0,0,0,0,1,0,1,1,0.781
2019,16.7,3.68,0,0,0,0,0,0,0,0,0,0,0,0,0,1,0,0.292
2019,15.0,7.84,1,0,0,0,1,0,0,0,0,0,0,0,0,1,0,0.435
2019,17.8,2.03,0,0,0,0,0,0,0,0,0,0,0,0,0,1,0,0.295
2019,17.2,3.47,0,0,0,0,0,0,0,0,0,0,0,0,0,1,0,0.276
2019,15.0,2.61,0,0,0,0,0,0,0,0,0,0,0,0,0,1,0,0.407
2019,19.8,2.77,0,0,0,1,0,0,0,0,0,0,0,0,0,1,1,0.528
2019,18.1,3.52,0,0,0,0,0,0,0,0,0,0,0,0,0,1,0,0.278
2019,23.9,14.02,0,0,0,0,1,0,0,0,0,0,1,1,1,1,0,0.416
2019,24.4,2.46,0,0,0,0,0,0,0,0,0,0,0,0,0,1,0,0.284
2019,16.0,2.62,0,0,0,0,1,0,0,0,0,0,0,0,0,1,0,0.414
2019,15.0,0.34,0,0,0,0,0,0,0,0,0,0,0,0,0,1,0,0.273
2019,24.1,2.11,0,1,0,0,0,0,0,0,0,0,0,0,0,1,0,0.264
2019,15.0,2.17,0,0,0,0,0,0,0,1,1,0,0,0,0,1,0,0.238
2019,24.8,1.49,0,0,0,0,0,0,0,0,0,0,0,0,0,1,0,0.384
2019,21.6,1.65,0,0,0,0,0,0,0,0,0,0,0,0,0,1,0,0.38
2019,20.0,0.96,0,0,0,0,0,0,0,0,0,0,0,0,0,1,0,0.321
2019,22.1,1.35,0,0,0,0,0,0,0,0,0,0,0,0,0,1,0,0.283
2019,21.2,3.79,1,0,1,0,1,0,0,0,0,0,0,0,0,1,0,0.498
2019,22.0,1.46,0,0,0,0,1,0,0,0,0,0,0,0,0,1,0,0.322
2019,20.9,10.43,0,0,0,0,0,0,0,0,0,0,0,0,0,1,0,0.181
2019,20.5,2.9,0,0,0,0,0,0,0,0,0,0,0,0,1,1,0,0.257
2019,15.0,0.94,0,0,0,0,1,0,0,0,0,0,0,0,0,1,0,0.369
2019,19.0,1.27,1,1,0,0,0,0,0,0,0,0,0,0,0,1,0,0.489
2019,15.0,0.36,0,0,0,0,1,0,0,0,0,0,0,0,0,1,0,0.291
2019,15.8,3.81,1,1,0,1,1,0,0,0,0,0,0,0,0,1,1,0.842
2019,21.9,1.65,0,0,0,0,0,0,0,1,0,0,0,0,0,1,0,0.304
2019,15.0,1.49,0,0,0,0,0,0,0,0,0,0,0,0,0,1,0,0.306
2019,21.8,30.0,0,0,0,0,0,0,0,0,0,0,0,0,0,1,0,0.302
2019,15.0,6.37,0,0,0,0,0,0,0,0,0,0,0,0,0,1,0,0.307
2019,19.0,7.55,0,0,0,0,1,0,0,0,0,0,0,0,0,1,0,0.323
2019,17.8,0.47,0,0,0,0,0,0,0,0,0,0,0,0,0,1,0,0.354
2019,20.8,1.16,0,0,0,0,0,0,0,0,0,0,0,0,0,1,0,0.398
2019,22.3,2.09,0,0,0,0,0,0,0,0,0,0,0,0,0,1,0,0.322
2019,15.0,8.66,0,0,1,0,0,0,0,0,0,0,0,0,0,1,0,0.366
2019,16.7,2.45,0,0,0,0,1,0,0,0,0,0,0,0,0,1,0,0.325
2019,19.6,1.7,0,0,0,0,0,0,0,0,0,0,0,0,0,1,0,0.354
2019,23.0,1.78,0,0,0,0,0,0,0,0,0,0,0,0,0,1,0,0.163
2019,22.7,4.18,1,0,0,0,0,0,0,0,0,0,0,0,0,1,0,0.318
2019,21.0,0.71,1,1,0,1,1,0,0,0,0,0,0,0,0,1,1,0.707
2019,24.6,5.71,1,1,0,0,1,0,0,0,0,0,0,0,0,1,1,0.533
2019,22.6,5.02,0,0,0,0,0,0,0,0,0,0,0,0,0,1,0,0.323
2019,21.8,0.54,1,1,0,1,1,0,0,0,0,0,0,0,0,1,1,0.642
2019,24.6,1.84,0,0,0,1,1,0,0,0,0,0,0,0,0,1,1,0.683
2019,20.2,4.55,0,0,0,0,0,0,0,0,0,0,0,0,0,1,0,0.322
2019,22.0,5.54,0,0,0,0,0,0,0,0,1,0,0,0,0,1,0,0.339
2019,20.5,3.86,0,0,0,0,0,0,0,0,0,0,0,0,0,1,0,0.318
2019,15.0,4.97,0,0,0,0,0,0,0,0,0,0,0,0,0,1,0,0.266
2019,22.4,4.33,0,0,0,0,1,0,0,0,1,0,0,0,0,1,0,0.318
2019,19.6,1.1,0,1,0,0,0,0,0,0,1,0,0,0,0,1,0,0.332
2019,24.7,3.93,0,0,0,0,0,0,0,0,0,0,0,0,0,1,0,0.238
2019,20.7,9.24,1,0,0,0,0,0,0,0,0,0,0,0,0,1,0,0.302
2019,20.4,1.7,0,0,0,0,1,0,1,0,0,0,0,1,0,1,0,0.277
2019,22.9,1.44,0,0,0,1,1,0,0,0,0,0,0,0,0,1,1,0.516
2019,23.1,0.11,1,0,0,0,0,0,0,0,0,0,0,0,0,1,0,0.457
2019,15.0,2.42,1,1,0,0,1,0,0,1,0,0,0,1,0,1,0,0.396
2019,19.1,1.36,0,0,0,0,0,0,0,0,0,0,0,1,0,1,0,0.187
2019,18.0,1.26,0,0,0,0,0,0,0,0,0,0,0,0,0,1,0,0.273
2019,15.0,0.13,1,0,0,0,1,0,0,0,0,0,0,1,0,1,1,0.672
2019,23.8,6.5,0,0,0,0,0,0,0,0,0,0,0,0,0,1,0,0.31
2019,24.2,1.48,0,0,0,0,0,0,0,0,0,0,0,0,0,1,0,0.373
2019,15.0,1.47,0,0,0,0,1,0,0,0,0,0,0,0,0,1,0,0.314
2019,24.9,0.07,1,1,0,0,0,0,0,0,0,0,0,0,0,1,0,0.196
2019,20.5,1.62,0,0,0,0,0,0,0,0,0,0,0,0,0,1,0,0.345
2019,15.7,1.39,0,0,0,0,0,0,0,0,0,0,0,0,0,1,0,0.311
2019,15.0,6.8,0,0,1,0,0,0,0,1,0,0,0,0,0,1,0,0.397
2019,15.0,1.92,0,0,0,0,0,0,0,0,0,0,0,0,0,1,0,0.257
2019,18.9,2.82,0,0,0,0,0,0,0,0,0,0,0,0,0,1,0,0.33
2019,22.1,1.02,0,1,0,0,0,0,0,0,0,0,0,0,0,1,0,0.323
2019,23.7,2.36,0,1,0,0,0,0,0,0,0,0,0,0,0,1,0,0.297
2019,15.0,4.81,1,0,0,0,0,0,0,0,0,0,0,0,1,1,0,0.355
2019,17.2,1.44,0,0,0,0,0,0,0,0,0,0,0,0,0,1,0,0.221
2019,22.9,0.19,0,1,0,0,0,0,0,0,0,0,0,1,0,1,1,0.554
2019,18.8,1.61,1,1,0,0,1,0,0,1,1,0,1,1,0,1,0,0.487
2019,22.9,2.9,0,0,0,0,0,0,0,0,0,0,0,1,0,1,0,0.228
2019,15.0,0.86,0,0,0,0,1,0,0,0,0,0,0,0,0,1,0,0.331
2019,15.0,0.86,0,0,0,0,0,0,0,0,0,0,0,0,0,1,0,0.331
2019,22.3,3.88,0,0,1,0,1,0,0,0,0,0,0,0,0,1,0,0.4
2019,22.1,1.78,0,0,0,1,0,0,0,0,0,0,0,0,0,1,0,0.458
2019,22.7,2.01,0,1,0,0,1,0,0,0,1,0,0,0,0,1,0,0.359
2019,24.9,0.32,0,0,0,0,0,0,0,0,0,1,0,1,0,1,0,0.099
2019,17.4,4.98,1,0,0,0,0,0,0,0,0,0,0,0,0,1,0,0.282
2019,21.9,0.35,0,0,0,0,0,0,0,0,0,0,0,0,0,1,0,0.203
2019,17.1,0.23,0,0,0,0,1,0,0,0,0,0,0,0,0,1,0,0.352
2019,20.1,1.39,0,0,0,0,0,0,0,1,0,0,0,0,0,1,0,0.272
2019,20.9,1.43,0,0,0,0,0,0,0,1,0,0,0,0,0,1,0,0.271
2019,19.9,1.45,0,0,1,0,0,0,0,0,0,0,1,0,0,1,0,0.317
2019,15.0,1.21,0,0,0,0,1,0,0,0,0,0,0,0,0,1,0,0.343
2019,18.5,2.17,0,0,0,0,0,0,0,0,0,0,0,0,0,1,0,0.333
2019,19.8,3.25,1,0,0,0,1,0,0,0,0,0,0,1,0,1,0,0.318
2019,15.0,2.62,0,0,0,0,0,0,1,0,0,1,0,0,0,1,0,0.36
2019,21.1,2.69,0,0,0,0,0,1,1,1,0,0,0,0,0,1,0,0.279
2019,21.2,4.98,1,0,0,1,1,0,0,0,0,0,0,0,0,1,1,0.571
2019,17.5,2.14,0,0,0,0,0,0,0,0,0,0,0,0,0,1,0,0.301
2019,15.0,2.31,0,0,0,0,0,0,0,0,0,0,0,0,0,1,0,0.278
2019,24.0,3.07,0,0,0,0,0,0,0,0,0,0,0,0,0,1,0,0.175
2019,24.5,0.06,1,1,1,0,1,0,0,0,0,0,1,0,0,1,0,0.424
2019,24.2,1.62,0,0,0,0,0,0,0,0,0,0,0,0,0,1,0,0.386
2019,22.0,0.84,0,0,0,0,0,0,0,0,0,0,0,0,0,1,0,0.321
2019,23.0,2.3,0,0,0,0,0,0,0,0,0,0,0,0,0,1,0,0.192
2019,15.0,0.44,1,0,1,0,1,0,0,0,0,0,0,0,0,1,1,0.518
2019,21.7,4.03,0,0,0,0,0,0,1,0,0,0,0,0,0,1,0,0.381
2019,22.8,2.01,0,0,0,0,0,0,0,0,0,0,0,0,0,1,0,0.34
2019,20.5,1.56,0,0,0,0,0,0,1,0,1,0,0,0,0,1,0,0.328
2019,15.0,0.9,1,1,0,0,1,0,0,0,0,0,0,1,1,1,1,0.712
2019,23.7,8.91,0,0,0,0,0,1,0,0,0,0,0,0,0,1,0,0.266
2019,23.5,22.32,1,0,0,0,0,0,0,0,0,0,0,1,0,1,0,0.3
2019,16.4,4.6,0,0,0,0,0,0,0,0,0,0,0,0,0,1,0,0.314
2019,24.9,1.57,0,0,0,0,0,0,0,0,0,0,0,0,0,1,0,0.329
2019,15.0,1.74,0,0,0,0,0,0,0,0,0,0,0,0,0,1,0,0.263
2019,23.0,1.13,0,0,0,0,0,0,0,0,0,0,0,0,0,1,0,0.235
2019,17.1,3.24,0,0,0,0,0,0,0,1,0,0,0,0,0,1,0,0.274
2019,16.8,1.67,0,0,0,0,0,0,0,0,0,0,0,0,0,1,0,0.368
2019,23.5,7.41,0,0,0,0,1,0,0,0,0,0,0,0,0,1,0,0.369
2019,17.8,1.72,0,0,0,0,0,0,0,0,0,0,0,0,0,1,0,0.344
2019,17.6,0.97,0,0,0,0,0,0,0,0,0,0,0,0,0,1,0,0.23
2019,16.9,2.06,0,0,1,0,0,0,0,0,0,0,0,1,0,1,0,0.308
2019,22.2,0.2,1,0,0,0,1,0,0,0,0,0,0,0,0,1,0,0.449
2019,24.6,1.37,0,0,0,0,1,0,0,0,0,0,0,0,0,1,0,0.3
2019,16.2,0.61,0,0,0,0,0,0,0,0,0,0,0,0,0,1,0,0.357
2019,20.3,1.92,0,0,0,0,0,0,0,0,0,0,0,0,0,1,0,0.297
2019,17.8,1.75,0,0,0,0,0,0,0,0,0,0,0,0,0,1,0,0.254
2019,15.8,0.66,0,0,0,0,0,0,1,1,0,0,0,0,0,1,0,0.348
2019,24.7,0.47,1,0,0,0,0,0,0,0,0,0,0,1,0,1,0,0.254
2019,16.0,1.68,0,0,0,0,0,0,0,0,0,0,0,0,0,1,0,0.364
2019,24.3,0.88,0,0,0,0,0,0,0,0,0,0,0,0,0,1,0,0.393
2019,15.0,2.96,0,0,0,0,0,0,0,0,0,0,0,0,0,1,0,0.355
2019,15.0,3.74,0,0,0,0,1,0,0,0,0,0,0,0,0,1,0,0.279
2019,15.0,2.74,0,0,0,0,0,0,0,0,0,0,0,0,0,1,0,0.359
2019,23.0,0.13,0,0,1,0,0,0,0,0,0,0,0,0,0,1,0,0.363
2019,15.0,1.29,0,0,0,0,0,0,0,0,0,0,0,0,0,1,0,0.291
2019,21.8,3.43,0,0,0,0,0,0,0,0,0,0,0,0,0,1,0,0.258
2019,15.0,0.52,1,0,0,0,0,0,0,0,0,0,0,0,0,1,0,0.471
2019,15.0,1.06,1,0,0,0,1,0,0,0,0,0,0,0,1,1,1,0.575
2019,15.0,0.32,0,0,1,1,1,0,0,0,0,0,0,0,0,1,1,0.687
2019,24.2,0.51,0,0,0,0,1,0,0,0,0,0,0,0,0,1,0,0.379
2019,20.4,0.47,0,0,0,0,0,0,0,0,0,0,0,1,0,1,0,0.263
2019,15.0,3.61,1,0,0,0,1,0,0,0,0,1,0,0,0,1,0,0.398
2019,22.5,0.48,0,0,0,0,0,0,0,0,0,0,0,1,0,1,0,0.23
2019,24.1,6.19,1,1,1,0,0,0,1,1,0,0,0,0,0,1,0,0.426
2019,17.9,9.25,0,0,1,0,1,0,0,0,0,0,0,1,1,1,0,0.364
2019,23.8,1.35,1,1,1,0,1,0,0,0,0,0,0,0,1,1,1,0.565
2019,15.0,1.13,0,0,0,0,0,0,0,0,0,0,0,0,0,1,0,0.378
2019,15.0,1.72,0,0,0,0,1,0,0,0,0,0,0,0,0,1,0,0.349
2019,15.0,1.82,0,0,0,0,0,0,0,0,0,0,0,1,0,1,0,0.191
2019,22.9,2.11,0,0,0,1,0,0,1,0,0,0,0,0,0,1,0,0.478
2019,20.7,1.49,0,0,0,0,0,0,0,0,0,0,0,0,0,1,0,0.309
2019,24.9,6.25,0,0,0,0,1,0,0,0,0,0,0,0,0,1,0,0.297
2019,22.0,3.6,0,0,0,0,0,0,0,0,0,0,0,0,0,1,0,0.265
2019,18.7,1.71,0,0,0,0,0,0,0,0,0,0,0,0,0,1,0,0.347
2019,20.7,4.12,0,0,0,0,0,0,0,0,0,0,0,0,0,1,0,0.293
2019,24.1,2.23,1,1,0,0,1,1,0,0,0,0,0,0,0,1,0,0.417
2019,24.6,0.78,0,0,0,0,0,0,0,0,0,0,0,0,0,1,0,0.328
2019,16.2,0.4,0,0,0,1,1,0,0,0,0,0,0,1,0,1,1,0.739
2019,19.6,0.86,0,0,0,0,0,0,0,0,0,0,0,0,0,1,0,0.307
2019,15.0,1.75,0,0,0,0,0,0,0,0,0,0,0,0,0,1,0,0.263
2019,24.9,1.34,0,0,0,0,0,0,0,1,0,0,0,0,0,1,0,0.251
2019,23.7,2.84,0,0,0,0,0,0,0,0,0,0,0,0,0,1,0,0.283
2019,15.1,7.28,0,0,0,0,0,0,0,0,0,0,0,0,0,1,0,0.261
2019,15.0,3.07,0,0,0,0,0,0,0,0,0,0,0,0,0,1,0,0.247
2019,24.8,0.2,1,0,0,0,0,0,0,0,0,0,0,0,0,1,0,0.281
2019,22.5,3.58,0,0,0,0,0,0,0,0,0,0,0,0,0,1,0,0.266
2019,23.7,0.38,0,1,0,1,1,1,1,0,1,0,0,0,0,1,1,0.886
2019,16.3,0.78,0,0,0,0,1,1,0,0,0,0,0,0,0,1,0,0.33
2019,15.0,6.2,0,0,0,0,0,0,0,0,0,0,0,0,0,1,0,0.305
2019,15.0,0.85,0,0,0,0,0,0,0,0,0,0,0,0,0,1,0,0.331
2019,15.0,2.67,0,0,0,1,0,0,0,0,0,0,0,0,0,1,1,0.587
2019,21.7,5.15,0,0,0,0,0,0,0,0,0,0,0,0,0,1,0,0.347
2019,15.0,1.91,0,1,0,0,0,0,0,0,0,0,0,0,0,1,0,0.24
2019,15.0,7.66,1,0,1,0,1,0,0,0,0,0,0,0,0,1,1,0.553
2019,21.1,0.46,0,0,0,1,0,0,0,0,0,0,0,0,0,1,0,0.495
2019,15.0,10.12,1,1,0,1,1,0,0,0,0,0,0,0,0,1,1,0.789
2019,17.7,1.12,0,0,0,0,0,0,0,0,0,0,0,1,0,1,0,0.342
2019,23.2,7.61,0,1,0,0,0,0,0,0,0,0,0,0,0,1,0,0.323
2019,23.6,3.62,0,0,0,0,0,0,0,0,1,0,0,0,0,1,0,0.226
2019,15.0,1.95,0,0,0,0,1,0,0,1,0,0,0,0,0,1,0,0.249
2019,15.0,2.31,0,0,0,0,0,0,0,0,0,0,0,0,0,1,0,0.278
2019,15.0,0.05,0,0,0,0,0,0,0,0,0,0,0,0,0,1,0,0.329
2019,20.3,3.23,0,0,0,0,0,0,0,0,0,0,0,0,1,1,0,0.254
2019,17.7,4.14,1,1,0,1,1,0,0,1,1,0,1,0,0,1,1,0.876
2019,18.2,1.03,0,0,0,0,0,0,0,0,0,0,0,0,0,1,0,0.271
2019,15.0,1.57,1,0,0,0,1,0,0,0,0,0,0,0,0,1,0,0.417
2019,17.8,27.02,0,0,0,0,0,0,1,0,0,0,0,0,0,1,0,0.234
2019,21.9,8.09,0,0,0,0,0,0,0,0,0,0,0,1,0,1,0,0.195
2019,19.1,1.91,0,0,0,0,0,0,0,0,0,0,0,0,0,1,0,0.216
2019,19.1,2.01,0,0,0,0,0,0,0,0,0,0,0,0,0,1,0,0.248
2019,17.4,1.5,0,0,0,0,1,0,0,1,0,0,0,0,0,1,0,0.246
2019,23.1,3.69,0,0,0,0,0,0,0,0,0,0,0,0,0,1,0,0.264
2019,24.0,2.81,0,0,0,0,0,1,0,0,0,0,0,0,0,1,0,0.188
2019,24.3,1.76,0,0,0,0,0,0,0,0,0,0,0,0,0,1,0,0.295
2019,20.4,1.29,0,0,0,0,0,0,0,0,0,0,0,0,0,1,0,0.294
2019,20.6,3.1,0,0,0,0,0,0,0,0,0,0,0,0,0,1,0,0.229
2019,15.0,1.43,0,0,1,0,1,0,0,0,0,0,0,0,0,1,0,0.308
2019,20.0,3.28,0,0,0,0,0,0,0,0,0,0,0,1,1,1,0,0.211
2019,18.7,1.57,0,0,0,1,0,0,0,0,0,0,0,0,0,1,1,0.643
2019,22.5,0.15,0,0,0,0,0,0,0,0,0,0,0,0,0,1,0,0.213
2019,20.6,3.36,0,0,0,0,1,0,0,0,0,0,0,0,0,1,0,0.244
2019,23.0,0.1,0,1,0,0,1,0,0,0,0,1,0,0,0,1,0,0.463
2019,18.0,0.54,0,0,0,0,0,0,0,0,0,0,0,0,0,1,0,0.288
2019,18.7,13.34,0,0,0,0,0,0,0,0,0,0,0,1,0,1,0,0.33
2019,23.6,2.26,1,0,0,0,0,0,0,0,0,0,0,0,0,1,0,0.328
2019,24.4,1.68,0,0,0,0,0,0,0,0,0,0,0,0,0,1,0,0.358
2019,15.0,4.05,0,0,0,0,0,0,0,0,0,0,0,0,0,1,0,0.368
2019,15.0,2.05,0,0,0,0,0,0,0,0,0,0,0,0,0,1,0,0.299
2019,15.0,1.57,1,0,0,0,0,0,0,0,0,0,0,0,0,1,0,0.417
2019,19.2,0.07,0,0,0,0,0,0,0,0,0,0,0,0,0,1,0,0.273
2019,16.2,1.93,0,0,0,0,0,0,0,0,0,0,0,0,0,1,0,0.226
2019,17.4,1.77,1,0,0,0,0,0,0,0,0,0,0,0,0,1,0,0.206
2019,24.2,0.58,0,0,0,0,1,0,0,1,0,0,0,0,0,1,0,0.364
2019,15.0,0.7,0,0,0,0,1,0,0,0,0,0,0,0,0,1,0,0.358
2019,22.5,5.76,1,0,0,1,1,0,0,1,0,0,0,0,0,1,1,0.596
2019,15.0,4.78,0,0,0,0,0,0,0,0,0,0,0,0,0,1,0,0.28
2019,15.0,6.47,1,1,0,0,0,0,0,0,0,1,0,0,0,1,1,0.636
2019,24.6,0.58,0,0,0,0,0,0,0,0,0,0,0,0,0,1,0,0.219
2019,16.8,2.39,1,0,0,0,0,0,0,0,0,0,0,0,0,1,0,0.365
2019,19.6,7.17,0,0,0,1,1,0,0,0,0,0,1,0,0,1,1,0.701
2019,21.9,3.87,1,0,0,0,0,0,0,0,0,0,0,0,0,1,0,0.355
2019,22.9,1.57,0,0,0,1,0,0,0,0,0,0,0,0,0,1,1,0.546
2019,15.0,0.15,0,0,0,0,0,0,0,0,0,0,0,0,0,1,0,0.356
2019,15.0,0.8,0,0,0,1,0,0,0,0,0,0,0,0,0,1,1,0.657
2019,15.0,1.74,0,0,0,0,0,0,0,0,1,0,0,0,0,1,0,0.203
2019,15.0,1.62,1,1,0,0,0,0,0,0,0,0,0,0,0,1,0,0.492
2019,18.1,2.27,0,0,0,0,0,0,0,0,0,0,0,0,0,1,0,0.27
2019,17.4,3.45,1,0,0,0,0,0,0,0,0,0,0,0,0,1,0,0.29
2019,21.3,0.1,0,0,0,0,0,0,0,0,0,0,0,0,0,1,0,0.257
2019,15.0,4.3,1,0,0,0,0,0,0,0,0,0,0,0,0,1,0,0.332
2019,16.8,0.13,0,0,0,1,1,0,0,0,0,1,0,0,0,1,1,0.69
2019,23.3,3.27,0,0,0,0,0,0,0,0,0,0,0,0,0,1,0,0.254
2019,21.4,12.26,0,0,0,0,0,0,0,0,0,0,0,0,0,1,0,0.23
2019,15.0,1.4,0,0,0,0,0,0,0,0,0,0,0,0,0,1,0,0.26
2019,20.8,3.23,1,1,0,0,0,0,0,0,0,0,1,0,0,1,0,0.474
2019,15.0,3.22,0,0,0,0,0,0,0,0,0,0,0,0,0,1,0,0.255
2019,21.8,3.08,0,0,0,0,0,0,0,0,0,0,0,0,0,1,0,0.234
2019,15.0,1.82,1,0,0,0,0,0,0,0,0,0,1,0,0,1,0,0.276
2019,15.0,2.43,0,0,0,1,1,0,0,0,0,0,0,0,0,1,1,0.554
2019,21.0,2.08,0,0,0,0,0,0,0,0,0,0,0,0,0,1,0,0.344
2019,24.0,0.88,0,0,0,0,0,0,0,0,0,0,0,0,0,1,0,0.321
2019,15.5,3.25,0,0,0,0,0,0,0,0,0,0,0,0,0,1,0,0.285
2019,15.0,1.4,0,0,0,0,0,0,1,0,1,0,0,0,0,1,0,0.216
2019,16.2,1.77,0,0,0,0,0,0,0,0,0,0,0,0,0,1,0,0.211
2019,15.0,0.8,1,0,0,0,1,0,0,0,0,0,1,0,0,1,0,0.44
2019,15.0,0.71,0,0,0,1,1,0,0,0,0,0,0,0,0,1,1,0.672
2019,15.0,0.89,0,0,0,0,1,0,1,0,0,0,0,1,0,1,0,0.373
2019,15.0,0.05,0,0,0,0,0,0,0,0,0,0,0,0,0,1,0,0.329
2019,15.0,0.37,0,0,0,0,0,0,0,0,0,0,0,0,0,1,0,0.291
2019,17.2,1.25,1,0,0,1,1,0,0,0,0,0,0,0,0,1,1,0.693
2019,23.1,4.49,0,1,0,0,0,0,0,0,0,1,0,0,0,1,0,0.32
2019,15.0,15.69,0,0,0,0,0,0,0,0,0,0,0,1,0,1,0,0.263
2019,15.0,0.55,0,0,0,0,1,0,0,0,0,0,0,0,0,1,0,0.318
2019,19.6,0.05,0,0,0,0,1,0,0,0,0,0,0,1,0,1,1,0.559
2019,20.0,12.35,0,1,0,0,1,0,0,0,0,0,0,0,0,1,0,0.293
2019,22.6,0.05,1,0,1,0,1,0,0,0,0,1,0,1,0,1,1,0.784
2019,15.0,1.25,0,0,0,0,0,0,0,0,0,0,0,0,0,1,0,0.346
2019,18.8,1.4,0,0,0,0,0,0,0,0,0,0,0,0,0,1,0,0.258
2019,18.5,0.75,0,0,0,0,0,0,0,0,0,0,0,0,0,1,0,0.29
2019,23.4,1.58,0,0,0,1,1,0,0,0,0,1,0,0,0,1,1,0.717
2019,23.3,4.93,0,0,0,0,0,0,0,0,0,0,0,0,0,1,0,0.289
2019,15.0,1.48,1,0,1,1,1,0,1,0,0,1,1,0,0,1,1,0.925
2019,24.8,0.05,0,0,0,0,0,0,0,0,0,0,0,0,0,1,0,0.128
2019,19.6,3.16,0,0,0,0,0,0,0,0,0,0,0,0,0,1,0,0.275
2019,17.0,10.51,0,0,0,0,0,0,0,0,0,0,0,0,0,1,0,0.255
2019,20.2,30.0,0,1,0,1,0,0,0,0,0,0,0,0,0,1,1,0.661
2019,15.0,1.47,0,0,0,1,1,0,0,0,0,0,0,0,0,1,1,0.728
2019,15.0,1.96,0,0,1,0,0,0,0,0,0,0,0,1,0,1,0,0.302
2019,23.7,1.31,1,1,0,0,0,0,0,0,1,0,0,0,0,1,0,0.471
2019,19.6,0.35,1,0,0,0,1,0,0,0,0,0,0,1,0,1,0,0.492
2019,15.0,3.06,0,1,0,0,0,0,0,0,0,0,0,0,0,1,0,0.303
2019,15.0,1.44,0,0,0,0,0,0,0,0,0,0,0,0,0,1,0,0.251
2019,15.7,2.9,0,0,0,1,1,0,0,0,0,0,0,0,0,1,1,0.591
2019,24.6,0.49,1,0,0,0,1,0,0,0,1,0,0,0,1,1,1,0.73
2019,18.3,0.35,0,0,0,0,1,0,0,0,0,0,0,0,0,1,0,0.292
2019,23.6,1.14,0,0,0,0,1,0,0,0,0,0,0,0,0,1,0,0.453
2019,21.1,0.98,0,0,0,0,0,0,0,0,0,0,0,0,0,1,0,0.298
2019,21.9,0.61,0,0,0,0,0,0,0,0,0,0,0,0,0,1,0,0.323
2019,15.0,2.9,0,0,0,0,0,0,0,0,0,0,0,0,0,1,0,0.3
2019,22.1,15.17,0,0,0,0,0,1,0,0,0,0,0,0,0,1,0,0.369
2019,24.5,2.97,0,1,0,0,1,0,0,0,0,0,0,0,0,1,0,0.484
2019,15.0,1.77,0,0,1,0,0,0,0,0,1,0,0,0,0,1,0,0.216
2019,15.9,1.03,0,0,0,0,0,0,1,0,0,0,0,0,0,1,0,0.281
2019,15.0,0.54,0,0,0,1,0,0,1,1,0,0,0,0,0,1,1,0.55
2019,15.0,1.23,1,0,0,0,1,1,0,0,0,0,0,0,0,1,0,0.441
2019,23.2,2.7,0,0,0,0,0,0,0,0,0,0,0,0,0,1,0,0.294
2019,15.0,1.12,0,1,0,0,0,0,0,0,0,0,0,0,0,1,0,0.356
2019,20.1,1.23,0,0,0,0,0,0,0,1,0,0,0,0,0,1,0,0.284
2019,23.1,0.93,0,0,0,0,0,0,0,0,0,0,0,1,0,1,0,0.311
2019,22.9,1.2,0,0,0,0,1,0,0,0,0,0,0,0,0,1,0,0.367
2019,15.0,0.46,0,0,1,0,0,0,0,0,0,0,0,1,1,1,0,0.382
2019,23.0,2.13,0,0,0,0,0,0,1,0,0,0,0,0,0,1,0,0.217
2019,15.0,3.74,0,0,0,0,0,0,0,0,0,0,0,0,0,1,0,0.279
2019,24.8,1.89,0,0,0,0,0,0,0,1,0,0,0,0,0,1,0,0.248
2019,19.0,0.95,0,0,0,0,0,0,0,0,0,0,0,0,0,1,0,0.303
2019,18.6,0.77,0,0,0,0,0,0,0,0,0,0,0,0,0,1,0,0.278
2019,15.0,4.36,0,0,0,0,0,0,0,0,0,0,0,0,0,1,0,0.319
2019,19.0,1.31,0,0,0,1,1,0,0,0,0,0,0,1,0,1,1,0.648
2019,18.2,1.47,0,0,0,0,0,0,0,0,0,0,0,0,0,1,0,0.278
2019,21.7,3.01,0,1,0,1,1,0,0,0,1,0,1,0,0,1,1,0.778
2019,22.0,5.56,0,0,1,0,0,0,0,0,0,0,0,0,0,1,0,0.458
2019,17.5,3.28,0,0,0,0,1,0,0,0,0,0,0,0,0,1,0,0.25
2019,15.0,5.13,0,0,0,0,1,0,0,0,0,0,0,0,0,1,0,0.294
2019,17.4,0.18,0,0,0,0,1,0,0,0,0,0,1,0,0,1,0,0.255
2019,23.8,0.88,1,0,0,0,1,0,1,0,1,0,0,0,0,1,1,0.543
2019,19.7,1.37,0,0,0,1,0,0,0,0,0,0,0,0,0,1,1,0.581
2019,18.2,30.0,1,0,1,0,0,0,0,0,0,0,0,0,0,1,0,0.433
2019,15.0,0.38,1,0,0,0,0,0,0,0,0,0,0,0,0,1,0,0.414
2019,18.0,9.37,0,0,0,0,0,0,0,0,0,0,0,0,0,1,0,0.253
2019,15.0,1.01,0,0,0,0,1,0,0,0,0,0,0,0,0,1,0,0.27
2019,22.6,6.02,0,0,0,0,0,0,0,0,0,0,0,0,0,1,0,0.263
2019,15.0,0.05,0,0,0,0,0,0,0,0,0,0,0,0,0,1,0,0.329
2019,20.4,3.17,0,0,0,0,0,0,0,0,0,0,0,0,0,1,0,0.286
2019,19.9,1.32,0,0,0,0,0,0,0,0,0,0,0,0,0,1,0,0.31
2019,15.0,3.58,0,0,0,0,0,0,0,0,0,0,0,0,0,1,0,0.274
2019,23.4,1.07,0,0,0,1,0,0,0,0,0,0,0,0,0,1,1,0.552
2019,15.0,1.1,0,0,1,0,0,0,0,0,0,0,0,0,0,1,0,0.446
2019,15.0,5.5,0,0,0,0,0,0,0,0,0,0,0,0,0,1,0,0.316
2019,15.0,1.4,0,0,0,0,0,0,0,0,0,0,0,0,0,1,0,0.26
2019,23.0,3.15,1,1,0,1,1,0,0,0,0,0,1,0,0,1,1,0.775
2019,23.5,0.16,1,0,0,0,1,0,0,0,0,0,0,0,0,1,0,0.428
2019,17.7,0.63,0,0,0,0,0,0,0,0,0,0,0,0,0,1,0,0.334
2019,15.6,0.58,0,0,0,0,0,0,0,0,0,0,0,0,0,1,0,0.37
2019,21.0,1.12,0,0,0,0,1,0,0,0,0,0,0,0,0,1,0,0.414
2019,18.0,1.89,0,0,0,1,1,0,0,0,0,1,1,0,0,1,1,0.569
2019,24.5,5.99,0,0,0,0,0,0,0,0,0,0,0,0,1,1,0,0.27
2019,17.2,1.45,0,0,0,0,0,0,0,0,0,0,0,0,0,1,0,0.221
2019,24.6,1.34,0,0,0,0,1,0,0,0,0,0,0,0,0,1,0,0.3
2019,22.0,1.87,1,0,0,0,1,0,0,0,0,0,0,0,0,1,0,0.462
2019,15.0,1.67,0,0,0,0,1,0,0,0,0,0,0,0,0,1,0,0.349
2019,23.5,5.48,0,0,0,0,0,0,0,0,0,0,0,0,0,1,0,0.328
2019,15.0,1.48,0,0,0,0,0,0,0,0,0,0,0,0,0,1,0,0.306
2019,24.2,1.83,0,0,0,0,0,0,0,0,0,1,0,1,0,1,0,0.264
2019,15.0,0.24,0,0,0,0,1,0,0,0,0,0,0,0,0,1,0,0.328
2019,19.5,2.29,0,0,0,1,0,0,0,0,0,0,0,0,0,1,0,0.495
2019,15.0,1.05,0,1,1,0,1,0,0,0,0,0,0,0,0,1,1,0.621
2019,21.8,0.32,0,0,0,1,1,0,0,0,0,0,0,0,0,1,0,0.379
2019,15.0,1.11,0,0,0,0,0,0,0,0,0,0,0,0,0,1,0,0.39
2019,24.7,3.72,0,0,0,0,0,0,0,0,0,0,0,0,0,1,0,0.166
2019,15.0,2.72,1,0,0,0,1,0,0,0,0,0,0,0,0,1,0,0.426
2019,15.0,1.56,0,0,0,0,0,0,0,0,0,0,0,0,0,1,0,0.318
2019,15.0,1.49,0,0,0,0,0,0,0,0,0,0,0,0,0,1,0,0.306
2019,19.4,5.61,0,0,0,1,1,0,0,0,1,0,0,0,0,1,1,0.668
2019,17.4,0.23,0,0,0,0,0,0,0,0,0,0,0,0,0,1,0,0.284
2019,15.7,0.05,0,0,0,0,0,0,0,0,0,0,0,0,0,1,0,0.333
2019,15.0,2.33,0,0,0,0,1,0,0,0,0,0,0,0,0,1,0,0.278
2019,23.7,0.89,0,0,0,0,0,0,0,0,0,0,0,0,0,1,0,0.485
2019,15.0,2.76,0,0,0,1,1,0,0,1,0,0,0,0,0,1,1,0.572
2019,20.8,0.72,0,0,1,0,1,0,0,0,0,0,0,0,0,1,1,0.562
2019,15.0,1.53,0,0,0,0,0,0,0,0,0,0,0,0,0,1,0,0.313
2019,15.0,3.81,0,0,0,0,0,0,0,0,0,0,0,0,0,1,0,0.301
2019,15.0,0.67,0,0,0,0,0,0,0,0,0,0,0,1,0,1,0,0.322
2019,15.0,1.6,0,0,0,0,0,0,0,0,0,0,0,0,0,1,0,0.321
2019,15.0,1.1,0,0,0,0,1,0,0,0,0,1,0,1,0,1,0,0.454
2019,15.0,1.11,0,0,0,0,0,0,0,0,0,0,0,0,0,1,0,0.39
2019,23.3,3.18,0,0,0,0,0,0,0,0,0,0,0,1,0,1,0,0.19
2019,17.3,0.88,0,0,0,0,0,0,0,0,0,0,0,0,0,1,0,0.314
2019,23.6,0.31,0,0,0,1,1,0,0,0,0,0,0,0,0,1,1,0.716
2019,20.5,2.36,0,0,0,0,0,0,0,0,0,0,0,0,0,1,0,0.272
2019,22.7,1.09,0,0,0,0,0,0,0,0,0,0,0,0,0,1,0,0.323
2019,21.8,5.71,0,1,0,0,1,1,0,1,1,1,0,1,1,1,1,0.564
2019,21.9,0.63,0,0,0,0,0,0,0,0,0,0,0,0,0,1,0,0.323
2019,21.2,2.64,0,0,0,0,0,0,0,0,0,0,0,0,0,1,0,0.397
2019,22.6,4.24,0,0,0,0,0,0,0,0,0,0,0,1,0,1,0,0.26
2019,15.0,0.63,0,0,0,0,0,0,0,1,0,0,0,0,0,1,0,0.344
2019,15.0,0.12,1,0,0,1,1,0,0,0,0,0,0,0,0,1,1,0.855
2019,20.9,0.08,0,0,0,0,1,0,0,0,1,0,0,1,0,1,1,0.588
2019,15.0,30.0,0,0,0,0,1,0,0,0,1,1,0,0,0,1,0,0.282
2019,24.4,3.74,0,0,0,0,0,0,0,0,0,0,0,0,0,1,0,0.251
2019,24.5,0.05,0,0,0,0,0,0,0,0,0,0,0,0,0,1,0,0.132
2019,15.0,1.74,1,0,0,0,0,0,0,0,0,0,0,0,0,1,0,0.299
2019,17.8,6.37,0,1,0,0,0,0,0,1,0,0,0,0,0,1,0,0.361
2019,24.6,0.82,0,0,0,0,1,0,0,0,0,0,0,0,0,1,0,0.33
2019,17.9,1.99,0,1,0,0,0,0,0,0,0,0,0,0,0,1,0,0.339
2019,24.2,0.78,0,0,0,0,1,0,0,0,0,0,0,0,0,1,0,0.434
2019,18.5,1.88,0,0,0,0,0,0,0,0,0,0,0,0,0,1,0,0.229
2019,15.0,1.83,1,0,0,0,0,0,0,0,0,0,0,1,0,1,0,0.223
2019,15.0,1.5,0,0,0,0,0,0,0,1,0,0,0,0,0,1,0,0.259
2019,15.0,1.51,0,0,0,0,0,0,0,0,0,0,0,0,0,1,0,0.306
2019,24.8,2.51,0,0,0,0,0,0,0,1,0,0,0,1,0,1,0,0.153
2019,24.1,2.7,0,0,0,0,0,0,0,1,0,0,0,0,0,1,0,0.223
2019,15.0,6.54,0,0,0,0,0,0,0,0,0,0,0,0,0,1,0,0.322
2019,15.0,1.34,0,0,0,0,1,0,0,0,0,0,0,0,0,1,0,0.288
2019,15.0,1.36,1,0,0,0,0,0,0,0,0,0,0,0,0,1,0,0.39
2019,15.0,0.42,0,0,0,0,0,0,0,0,0,0,0,0,0,1,0,0.293
2019,22.7,2.56,0,0,0,0,1,0,1,0,0,0,1,0,0,1,0,0.366
2019,15.0,0.34,0,0,0,0,0,0,0,0,0,0,0,0,0,1,0,0.273
2019,18.4,0.5,0,0,0,1,0,0,0,0,0,0,0,0,0,1,1,0.622
2019,16.1,0.26,0,0,0,1,1,0,0,0,0,0,0,0,0,1,1,0.693
2019,17.9,6.35,0,0,0,0,0,0,0,0,0,0,0,0,0,1,0,0.287
2019,20.1,2.34,0,1,1,0,1,1,0,0,1,1,1,0,0,1,1,0.733
2019,17.4,1.03,0,0,0,0,0,0,0,0,0,0,0,0,0,1,0,0.281
2019,22.4,4.15,0,0,0,0,0,0,0,0,0,0,1,0,0,1,0,0.408
2019,15.0,2.07,1,0,0,1,1,0,0,0,0,0,0,0,0,1,1,0.767
2019,16.9,1.98,1,1,1,1,1,0,0,0,0,1,0,1,0,1,1,0.884
2019,17.6,1.88,0,0,0,0,0,0,0,0,0,0,0,0,0,1,0,0.238
2019,19.4,1.12,0,0,0,0,0,0,0,0,0,0,0,1,0,1,0,0.394
2019,16.1,0.43,0,0,0,1,1,0,0,0,0,0,0,0,1,1,1,0.783
2019,16.2,3.04,0,0,1,0,0,0,0,0,0,0,0,0,0,1,0,0.31
2019,22.9,1.47,0,0,0,0,0,0,0,0,0,0,0,0,0,1,0,0.339
2019,15.7,4.31,0,0,0,0,0,0,0,0,0,0,0,0,0,1,0,0.367
2019,20.2,1.68,0,0,0,0,0,0,0,0,0,0,0,0,0,1,0,0.346
2019,24.3,1.34,0,0,0,0,0,0,0,0,0,0,0,0,0,1,0,0.364
2019,15.0,1.62,0,0,0,0,1,0,0,0,0,0,0,0,0,1,0,0.334
2019,15.0,1.23,0,0,0,0,1,0,0,0,0,0,0,0,0,1,0,0.346
2019,15.0,3.05,0,0,0,0,1,0,0,0,0,0,0,0,0,1,0,0.248
2019,15.0,0.39,1,0,0,0,1,0,0,0,0,0,0,0,0,1,0,0.391
2019,17.7,1.04,0,0,0,0,0,0,1,0,0,0,0,0,0,1,0,0.277
2019,23.7,3.89,0,0,0,0,1,0,0,0,0,0,0,0,0,1,0,0.307
2019,21.1,8.01,0,0,0,0,0,0,0,0,0,0,0,0,0,1,0,0.29
2019,22.4,2.11,0,0,0,0,0,0,0,0,0,0,0,0,0,1,0,0.312
2019,15.0,30.0,0,0,0,0,1,0,0,0,1,0,0,0,0,1,0,0.324
2019,20.4,1.06,0,0,0,0,0,0,0,0,0,0,0,0,0,1,0,0.392
2019,15.0,0.41,0,1,0,0,1,0,0,0,0,0,0,0,0,1,0,0.337
2019,23.9,19.56,0,0,0,0,0,0,0,0,0,0,0,0,0,1,0,0.385
2019,15.0,2.22,0,0,0,0,0,0,0,0,0,0,0,0,0,1,0,0.255
2019,20.0,3.59,0,0,0,1,1,0,1,0,0,0,0,0,0,1,1,0.755
2019,15.0,2.03,1,0,0,0,0,0,0,0,0,0,0,0,0,1,0,0.352
2019,15.0,0.91,0,0,0,0,1,0,0,0,0,0,0,0,0,1,0,0.389
2019,15.0,1.6,0,0,0,0,1,0,0,0,0,1,0,1,0,1,0,0.326
2019,21.0,1.19,0,0,0,0,0,0,0,0,0,0,0,1,0,1,0,0.302
2019,15.0,3.29,0,0,0,0,0,0,0,0,0,0,0,0,0,1,0,0.266
2019,15.0,1.23,0,0,0,0,0,0,0,0,0,0,0,0,0,1,0,0.346
2019,23.8,1.14,1,0,0,0,1,0,0,0,0,0,0,0,0,1,0,0.474
2019,15.4,0.21,0,0,0,0,0,0,0,0,0,0,0,0,0,1,0,0.289
2019,21.9,0.12,1,0,1,1,1,0,0,0,0,0,0,1,0,1,1,0.844
2019,15.2,3.96,1,0,0,0,1,0,0,0,1,0,0,0,0,1,0,0.476
2019,16.8,0.19,1,0,0,1,1,0,0,0,0,0,0,0,0,1,1,0.787
2019,17.9,0.16,0,0,0,0,0,0,0,0,0,0,0,0,0,1,0,0.324
2019,23.2,1.12,0,0,0,0,1,0,0,0,0,0,0,0,0,1,0,0.343
2019,15.0,4.99,1,1,1,0,1,1,0,0,1,1,0,0,0,1,1,0.699
2019,24.0,12.95,0,0,0,0,1,0,0,0,0,0,0,0,0,1,0,0.417
2019,15.0,1.14,0,0,0,0,0,0,0,0,0,0,0,1,0,1,0,0.365
2019,15.0,3.22,1,0,0,0,0,0,0,1,0,1,0,1,0,1,0,0.312
2019,15.0,4.66,0,0,0,0,0,0,0,0,0,0,0,0,0,1,0,0.299
2019,20.0,3.8,0,0,0,0,0,0,0,0,0,0,0,0,0,1,0,0.315
2019,20.7,2.94,0,0,0,0,1,0,0,1,0,0,0,1,0,1,0,0.329
2019,22.1,1.35,0,0,0,0,0,0,1,0,0,0,0,0,0,1,0,0.299
2019,22.4,0.07,0,1,0,1,1,0,0,0,0,0,0,1,0,1,1,0.764
2019,15.3,0.57,0,1,1,0,1,0,0,0,0,0,0,0,0,1,1,0.578
2019,15.0,1.9,0,0,1,0,0,0,0,0,0,0,0,0,0,1,0,0.281
2019,21.0,1.36,0,0,0,0,0,0,0,0,0,0,0,0,0,1,0,0.29
2019,15.5,1.25,0,0,0,0,0,0,0,0,0,0,0,0,0,1,0,0.305
2019,15.0,2.22,0,0,0,0,0,0,0,0,0,0,0,0,0,1,0,0.255
2019,19.1,10.54,1,1,0,1,1,0,0,0,0,0,0,0,0,1,1,0.689
2019,15.0,1.4,0,0,0,0,0,0,0,0,0,0,0,0,0,1,0,0.26
2019,20.1,2.96,0,0,0,0,0,0,1,0,0,0,0,0,0,1,0,0.402
2019,15.0,1.14,0,1,0,0,0,0,0,0,0,0,0,0,0,1,0,0.344
2019,16.0,9.22,0,1,1,0,0,0,0,0,0,0,0,0,0,1,1,0.568
2019,17.8,2.84,0,0,0,0,0,1,0,0,0,0,0,0,0,1,0,0.285
2019,15.0,0.65,1,1,0,1,1,1,0,0,0,0,0,0,0,1,1,0.823
2019,20.5,3.09,0,0,0,0,0,0,0,0,0,0,0,0,0,1,0,0.277
2019,22.2,1.7,0,0,0,0,0,0,0,0,0,0,0,0,0,1,0,0.322
2019,23.0,7.22,0,0,1,0,1,0,0,0,0,0,0,0,0,1,0,0.344
2019,17.2,0.45,0,0,0,0,0,0,0,0,0,0,0,0,0,1,0,0.347
2019,15.0,0.72,1,1,0,1,1,0,0,0,0,0,0,0,0,1,1,0.799
2019,15.0,0.4,0,0,0,0,0,0,0,0,0,0,0,0,0,1,0,0.293
2019,19.2,2.98,0,0,0,0,1,0,0,0,0,0,0,1,0,1,0,0.371
2019,22.2,1.49,1,0,0,0,0,0,0,0,0,0,0,0,0,1,0,0.47
2019,19.9,10.67,0,0,0,0,1,0,1,0,0,0,0,0,0,1,0,0.205
2019,21.2,0.64,0,0,0,1,0,0,0,1,0,0,0,0,0,1,1,0.569
2019,15.0,30.0,0,0,0,0,0,0,0,0,0,0,0,0,0,1,0,0.364
2019,15.0,2.33,1,0,1,0,0,0,0,0,0,0,0,0,0,1,0,0.45
2019,22.2,2.17,0,0,0,0,0,0,0,1,0,0,0,0,0,1,0,0.278
2019,21.1,1.45,0,0,0,0,0,0,0,0,0,0,0,0,0,1,0,0.29
2019,15.0,1.81,0,0,0,0,0,0,0,0,0,0,0,0,0,1,0,0.223
2019,22.7,4.63,0,0,0,0,1,0,0,0,0,0,0,0,0,1,0,0.312
2019,15.7,1.02,0,0,0,0,0,0,0,0,0,0,0,0,0,1,0,0.394
2019,23.8,3.52,0,0,0,0,0,0,0,0,0,0,0,1,0,1,0,0.177
2019,18.7,20.98,0,0,0,0,0,0,0,0,0,0,0,0,0,1,0,0.431
2019,24.8,0.42,0,0,0,0,0,0,0,0,0,0,0,0,0,1,0,0.177
2019,15.0,1.08,0,0,0,0,1,0,0,0,0,0,0,0,0,1,0,0.402
2019,17.4,0.38,0,0,0,1,1,0,0,0,0,0,0,0,0,1,1,0.611
2019,15.0,1.55,0,0,0,0,1,0,0,0,0,0,0,0,0,1,0,0.318
2019,24.3,2.47,0,0,1,0,1,0,0,1,0,0,0,0,0,1,0,0.455
2019,21.6,1.6,0,0,0,0,0,0,0,0,0,0,0,0,0,1,0,0.354
2019,15.0,0.53,1,0,1,0,1,0,0,0,0,0,0,0,0,1,1,0.567
2019,15.0,0.86,0,0,0,0,1,0,0,0,0,0,0,0,0,1,0,0.331
2019,16.4,10.62,0,0,1,0,1,0,0,0,0,0,0,0,1,1,0,0.345
2019,15.0,0.1,0,0,0,0,1,0,0,0,0,1,0,0,0,1,0,0.372
2019,20.0,20.18,0,0,0,0,0,0,0,1,0,0,0,0,0,1,1,0.505
2019,15.0,6.49,0,0,0,0,0,1,0,0,0,0,0,0,0,1,0,0.23
2019,22.9,4.7,0,0,0,0,0,0,0,0,0,0,0,0,0,1,0,0.39
2019,23.2,6.27,0,0,0,1,1,0,0,1,0,1,0,1,0,1,1,0.653
2019,17.0,0.28,0,0,0,0,0,0,0,0,0,0,0,0,0,1,0,0.302
2019,17.0,0.11,0,0,0,0,1,0,0,0,0,0,0,0,0,1,0,0.3
2019,15.0,4.7,0,0,0,0,0,0,0,0,0,1,0,0,0,1,0,0.307
2019,15.0,2.36,0,0,0,0,0,0,0,0,0,0,0,0,0,1,0,0.278
2019,19.4,1.54,0,0,0,0,0,0,0,0,0,0,0,1,0,1,0,0.265
2019,15.0,1.85,0,0,0,0,0,0,0,0,0,0,0,0,0,1,0,0.244
2019,15.0,2.53,0,0,0,0,0,0,0,0,0,1,0,0,0,1,0,0.309
2019,15.0,1.92,0,0,0,0,0,0,0,0,0,0,0,0,0,1,0,0.257
2019,23.2,3.19,0,1,0,1,1,0,0,0,0,0,0,0,0,1,1,0.638
2019,16.7,4.8,0,0,0,0,1,0,0,0,0,0,0,0,0,1,0,0.321
2019,15.0,0.06,0,0,0,0,0,0,0,0,0,0,0,0,0,1,0,0.329
2019,21.1,2.67,0,0,0,0,0,0,0,0,0,0,0,0,0,1,0,0.371
2019,17.5,0.19,0,0,0,0,0,0,0,0,0,0,0,0,0,1,0,0.277
2019,20.9,0.25,0,0,1,0,1,0,0,0,1,1,0,0,0,1,1,0.647
2019,22.3,0.29,1,0,1,0,1,0,0,1,0,0,0,1,0,1,1,0.5
2019,21.5,0.87,0,1,0,0,0,0,0,1,0,0,1,0,0,1,0,0.297
2019,15.0,4.01,0,0,0,0,0,0,0,1,1,1,0,0,0,1,0,0.279
2019,15.0,0.16,0,0,0,0,0,0,0,0,0,0,0,0,0,1,0,0.35
2019,15.0,2.19,0,0,0,0,0,0,0,0,0,0,0,0,0,1,0,0.299
2019,15.0,5.11,0,0,0,0,0,1,0,0,0,0,0,1,0,1,0,0.284
2019,15.0,1.03,0,0,0,0,0,0,0,0,0,0,0,0,0,1,0,0.321
2019,24.5,7.67,1,0,0,1,1,0,0,0,0,0,0,0,0,1,1,0.695
2019,15.8,0.15,0,0,0,0,0,0,0,0,0,0,0,0,0,1,0,0.332
2019,19.7,1.53,1,0,0,0,1,0,0,0,0,0,1,1,0,1,1,0.568
2019,19.0,4.41,0,1,0,0,1,0,0,0,0,0,1,0,0,1,0,0.425
2019,21.6,1.12,0,0,0,0,0,0,0,0,0,0,0,0,0,1,0,0.419
2019,19.5,1.64,0,0,0,0,0,0,0,0,0,0,0,0,0,1,0,0.353
2019,15.0,3.41,0,0,0,0,0,0,0,0,0,0,0,0,0,1,0,0.266
2019,15.0,0.79,0,0,0,1,1,0,0,1,0,0,0,0,0,1,1,0.666
2019,21.3,0.07,0,0,0,0,0,0,1,0,0,0,0,0,0,1,0,0.173
2019,18.9,0.34,0,0,0,0,1,0,0,0,0,0,0,0,0,1,0,0.264
2019,15.0,2.05,1,0,0,0,0,0,0,1,0,0,0,0,0,1,0,0.326
2019,18.4,1.27,1,0,0,1,1,0,0,0,0,0,0,0,0,1,1,0.714
2019,15.0,0.09,0,0,0,0,0,0,0,0,0,0,0,0,0,1,0,0.309
2019,21.6,9.62,0,0,0,0,1,0,0,1,0,0,0,0,0,1,0,0.255
2019,21.4,0.5,0,0,1,0,0,0,0,0,0,0,0,0,0,1,1,0.505
2019,15.0,30.0,0,0,0,0,0,0,0,0,0,0,0,0,0,1,0,0.364
2019,15.0,0.22,0,0,0,0,0,0,0,0,0,0,0,0,0,1,0,0.329
2019,20.2,2.57,0,0,0,0,0,0,0,0,0,1,0,0,0,1,0,0.332
2019,15.0,1.5,0,0,0,0,0,0,0,0,0,0,0,0,0,1,0,0.306
2019,15.0,2.8,0,1,1,1,1,0,0,0,0,0,0,0,0,1,1,0.756
2019,24.7,2.04,1,0,0,0,0,0,0,0,0,0,0,0,0,1,0,0.375
2019,21.3,0.15,0,0,0,0,0,0,0,0,0,0,0,0,0,1,0,0.254
2019,17.4,1.84,0,0,0,0,0,0,0,0,0,0,0,0,0,1,0,0.21
2019,15.9,2.61,0,0,0,0,0,0,0,0,0,0,0,0,0,1,0,0.449
2019,15.0,0.6,0,0,0,0,0,0,0,0,0,1,0,0,0,1,0,0.339
2019,23.6,3.22,0,0,0,0,0,0,0,0,0,0,0,0,0,1,0,0.251
2019,15.0,1.57,0,0,0,0,0,0,0,0,0,0,0,0,0,1,0,0.311
2019,15.0,0.65,1,0,0,0,0,0,0,0,0,0,0,0,0,1,0,0.488
2019,24.5,1.1,0,1,1,1,1,0,0,0,0,0,0,0,0,1,1,0.822
2019,18.2,1.29,0,0,0,0,0,0,0,0,0,0,0,0,0,1,0,0.234
2019,15.0,0.59,0,0,0,1,0,0,0,0,0,0,0,0,0,1,1,0.652
2019,15.0,3.1,1,0,0,1,1,0,0,0,1,0,0,0,0,1,1,0.774
2019,16.3,0.43,0,0,0,1,1,0,0,0,0,0,0,0,0,1,1,0.72
2019,15.0,0.95,0,0,0,0,0,0,0,0,0,0,0,0,0,1,0,0.369
2019,19.1,1.41,0,0,0,0,1,0,0,0,0,0,0,0,0,1,0,0.229
2019,22.8,1.83,0,0,0,0,0,0,0,1,0,0,0,0,0,1,0,0.19
2019,22.1,0.51,0,0,0,0,0,0,0,0,0,0,0,1,0,1,0,0.272
2019,24.1,4.98,0,0,0,0,0,0,0,0,0,0,0,0,0,1,0,0.259
2019,16.3,1.6,0,0,0,1,1,0,0,0,0,0,0,0,0,1,1,0.744
2019,23.4,2.15,0,0,0,0,1,0,0,0,0,0,0,1,0,1,0,0.289
2019,24.9,17.98,0,0,0,0,0,0,0,0,0,0,0,0,0,1,0,0.305
2019,24.3,2.29,0,0,0,0,0,0,0,0,0,0,0,1,0,1,0,0.287
2019,15.0,9.22,0,0,0,0,0,0,0,0,0,0,0,0,0,1,0,0.248
2019,23.3,1.91,0,0,0,0,0,0,0,0,0,0,0,0,0,1,0,0.273
2019,15.0,1.1,0,0,0,0,1,0,0,0,0,0,0,1,0,1,0,0.385
2019,23.5,2.5,0,0,0,0,0,0,0,0,0,0,0,0,0,1,0,0.284
2019,21.5,1.65,1,1,0,0,1,0,0,0,0,0,0,0,0,1,1,0.56
2019,23.8,0.7,0,0,0,0,0,0,0,0,0,0,0,0,0,1,0,0.31
2019,16.1,2.82,1,0,1,0,0,0,0,0,1,0,0,0,0,1,1,0.55
2019,15.0,17.45,0,0,0,0,0,0,0,1,0,0,0,1,0,1,0,0.262
2019,15.0,1.09,0,0,0,0,0,0,0,0,0,0,0,0,0,1,0,0.402
2019,23.3,1.13,0,0,0,0,0,0,0,0,0,0,0,0,0,1,0,0.344
2019,15.0,4.4,0,0,0,0,0,0,0,0,0,0,0,0,0,1,0,0.314
2019,22.2,0.06,0,0,0,0,0,0,0,0,0,0,0,0,0,1,0,0.181
2019,21.9,2.11,0,1,0,0,1,0,0,0,0,0,0,0,0,1,0,0.434
2019,22.0,1.55,0,0,0,0,0,0,0,0,0,0,0,0,0,1,0,0.318
2019,15.0,0.44,0,0,0,1,1,0,0,1,0,0,0,0,0,1,1,0.604
2019,20.8,7.11,1,0,0,1,0,0,0,0,0,0,0,0,0,1,1,0.622
2019,23.1,0.05,0,0,0,0,0,0,0,0,0,0,0,0,0,1,0,0.337
2019,22.3,2.1,0,0,0,0,0,0,0,0,0,0,0,0,0,1,0,0.316
2019,15.0,1.22,0,0,0,0,0,0,0,0,0,0,0,0,0,1,0,0.343
2019,23.6,10.08,0,0,0,0,0,0,0,0,1,0,0,0,0,1,0,0.241
2019,15.0,0.97,0,0,0,0,0,0,0,0,0,0,0,1,0,1,0,0.223
2019,22.7,1.88,0,0,0,0,0,0,0,0,0,0,0,0,0,1,0,0.32
2019,15.0,1.85,0,0,0,0,1,0,0,0,0,0,0,0,0,1,0,0.244
2019,22.6,3.38,0,0,0,0,0,0,0,0,0,0,0,1,1,1,0,0.2
2019,24.6,0.47,0,0,0,0,1,0,0,0,0,0,0,0,0,1,0,0.259
2019,17.7,2.33,0,0,0,0,1,0,0,0,0,0,0,0,0,1,0,0.274
2019,24.4,1.71,0,0,0,0,0,0,0,1,0,0,0,1,0,1,0,0.235
2019,24.4,2.8,1,0,0,0,0,0,0,0,0,0,0,0,0,1,0,0.307
2019,16.6,2.61,0,0,0,0,1,0,0,0,0,0,0,0,0,1,0,0.437
2019,22.9,0.69,0,0,1,0,1,0,1,0,0,0,0,0,0,1,1,0.574
2019,24.4,4.59,0,0,0,0,1,0,0,0,1,0,0,0,0,1,0,0.331
2019,15.0,1.87,0,0,0,0,0,0,0,0,1,0,0,0,0,1,0,0.186
2019,15.0,0.9,0,0,0,0,0,0,0,0,0,0,0,0,0,1,0,0.389
2019,23.0,1.58,0,0,0,0,1,0,0,0,0,0,0,0,0,1,0,0.227
2019,21.6,5.32,0,0,0,0,1,0,0,0,0,0,0,0,0,1,0,0.35
2019,21.1,1.42,0,0,0,0,0,0,0,0,0,0,0,0,0,1,0,0.313
2019,23.5,1.05,0,0,0,0,0,0,0,1,0,0,0,0,0,1,0,0.358
2019,15.0,1.2,1,1,0,1,1,0,0,0,1,0,0,0,0,1,1,0.82
2019,15.0,2.0,1,0,0,1,1,0,1,0,1,0,0,0,0,1,1,0.837
2019,15.0,1.68,1,1,0,0,0,0,0,0,0,0,0,0,0,1,1,0.501
2019,15.6,5.66,1,1,1,0,1,0,0,0,0,0,0,0,0,1,1,0.636
2019,15.0,0.49,0,0,0,0,0,0,1,0,0,0,0,0,0,1,0,0.329
2019,15.0,1.71,0,1,1,0,1,0,0,0,0,0,0,0,1,1,0,0.476
2019,19.7,0.78,0,0,0,0,1,0,0,0,0,0,0,0,0,1,0,0.333
2019,15.0,0.62,0,0,0,0,0,0,0,0,0,0,0,0,0,1,0,0.357
2019,23.8,3.1,0,0,0,0,0,0,0,0,0,0,0,0,0,1,0,0.21
2019,16.9,1.75,0,0,0,0,1,0,0,0,0,0,0,0,0,1,0,0.282
2019,15.0,0.36,0,1,0,0,1,0,0,0,0,0,0,0,0,1,0,0.349
2019,17.0,0.47,0,0,1,1,1,0,0,1,0,0,0,0,0,1,1,0.8
2019,20.5,1.07,0,0,0,0,1,0,0,0,0,0,0,0,0,1,0,0.397
2019,15.0,2.55,0,0,1,0,1,0,0,0,0,0,0,0,0,1,0,0.435
2019,23.6,4.23,1,0,1,1,0,0,0,0,1,0,0,0,0,1,1,0.54
2019,19.0,1.47,1,0,0,0,1,0,0,0,0,1,0,0,0,1,1,0.501
2019,15.0,1.7,0,0,0,0,0,0,0,0,0,0,0,0,0,1,0,0.349
2019,22.5,6.84,0,1,1,0,0,0,1,0,0,0,0,0,0,1,1,0.538
2019,15.0,0.36,0,0,0,1,1,0,0,0,0,0,0,0,0,1,1,0.639
2019,21.5,1.36,0,1,0,0,0,0,0,0,1,0,0,0,0,1,0,0.281
2019,15.0,0.52,0,0,0,0,0,0,0,1,1,0,0,0,0,1,0,0.235
2019,22.5,0.16,0,0,0,0,0,0,0,0,0,0,0,0,1,1,0,0.212
2019,15.0,0.93,0,1,0,1,0,0,0,0,0,0,0,0,0,1,1,0.703
2019,17.7,1.76,1,0,0,0,0,0,0,0,0,0,0,0,0,1,0,0.247
2019,22.3,1.41,0,0,0,0,0,0,0,0,0,0,0,0,0,1,0,0.274
2019,21.4,30.0,1,0,0,0,1,0,0,0,0,0,0,0,0,1,0,0.447
2019,15.0,0.78,0,0,0,0,0,0,0,0,0,0,0,0,0,1,0,0.339
2019,15.0,1.12,0,0,0,0,0,0,0,0,0,0,0,0,0,1,0,0.39
2019,16.8,7.63,0,0,0,0,0,0,0,0,0,0,0,1,0,1,0,0.303
2019,16.7,1.44,0,0,0,0,0,0,0,0,0,0,0,0,0,1,0,0.242
2019,24.5,1.39,0,1,0,0,0,0,0,0,0,0,0,0,0,1,0,0.349
2019,23.3,0.52,1,1,0,0,1,0,0,0,0,1,0,0,0,1,0,0.478
2019,23.1,0.19,0,0,0,0,1,0,0,0,0,0,0,1,0,1,1,0.531
2019,24.3,1.97,0,0,0,0,1,0,0,1,0,0,0,0,0,1,0,0.398
2019,15.0,4.68,0,0,0,0,0,0,0,0,0,0,0,0,0,1,0,0.324
2019,18.9,1.11,0,0,0,0,1,0,0,0,0,0,0,1,0,1,0,0.388
2019,15.0,1.7,0,0,0,1,0,0,0,0,0,0,0,0,0,1,1,0.757
2019,15.0,3.99,0,0,0,0,0,0,0,0,0,0,0,0,0,1,0,0.388
2019,15.0,6.79,1,0,0,0,0,0,0,1,0,0,0,0,0,1,0,0.325
2019,18.6,7.91,0,0,0,0,0,0,0,0,0,0,0,0,0,1,0,0.344
2019,15.0,1.08,0,0,0,0,0,0,0,0,0,1,0,0,0,1,0,0.441
2019,22.0,3.8,0,0,0,0,0,0,0,0,0,0,0,0,0,1,0,0.286
2019,21.4,1.02,0,0,0,0,1,0,0,0,0,0,0,0,0,1,0,0.372
2019,21.1,1.6,1,1,0,1,1,0,0,0,0,0,0,0,0,1,1,0.759
2019,15.4,0.12,0,0,0,0,1,0,0,0,0,0,0,0,0,1,0,0.336
2019,15.0,1.85,1,0,0,0,1,0,0,0,0,0,0,0,1,1,0,0.331
2019,22.9,1.95,0,1,0,0,1,0,0,0,0,0,0,0,0,1,0,0.413
2019,24.5,3.09,0,1,0,0,0,0,0,0,0,0,0,0,0,1,0,0.331
2019,15.0,6.94,0,0,0,0,1,0,0,0,0,0,0,0,1,1,0,0.227
2019,21.7,1.19,0,0,1,0,0,0,0,0,0,0,0,0,0,1,0,0.458
2019,17.6,2.1,0,0,0,0,0,0,0,0,0,0,0,0,0,1,0,0.301
2019,20.4,6.17,0,0,0,0,0,0,0,0,0,0,0,0,0,1,0,0.316
2019,24.2,0.95,0,1,1,1,1,0,0,0,0,0,0,1,1,1,1,0.855
2019,24.7,1.47,0,0,0,0,0,0,0,0,0,0,0,0,0,1,0,0.322
2019,19.4,1.02,0,0,0,0,1,0,0,0,0,0,0,0,0,1,0,0.358
2019,20.1,1.17,0,0,0,0,1,0,1,0,1,0,0,0,0,1,0,0.394
2019,23.3,0.75,0,0,0,0,0,0,0,0,0,0,0,0,0,1,0,0.349
2019,18.4,1.03,0,0,0,0,1,1,0,1,0,0,0,0,0,1,0,0.374
2019,15.0,6.38,0,0,0,0,0,0,0,0,0,0,0,0,0,1,0,0.336
2019,24.6,1.12,0,0,0,0,0,0,0,0,0,0,0,0,0,1,0,0.275
2019,21.6,1.11,0,1,0,0,0,0,0,0,0,0,0,0,0,1,0,0.401
2019,24.7,4.07,0,0,0,0,0,0,0,0,0,1,0,0,0,1,0,0.165
2019,22.5,2.61,1,0,0,0,0,0,0,0,0,0,0,0,0,1,0,0.437
2019,22.6,0.3,1,1,0,0,1,0,0,0,0,0,0,0,1,1,1,0.65
2019,17.8,2.9,0,0,0,0,0,0,0,0,0,0,0,0,0,1,0,0.269
2019,24.9,1.44,0,0,0,0,0,0,0,0,0,0,0,1,0,1,0,0.222
2019,24.0,9.04,0,0,0,0,0,0,0,0,0,0,1,0,0,1,0,0.197
2019,15.0,5.81,0,0,0,0,0,0,0,0,0,0,0,0,0,1,0,0.32
2019,19.7,7.23,0,0,0,0,0,0,0,0,0,0,0,1,0,1,0,0.27
2019,15.0,30.0,1,0,0,0,0,0,0,0,0,0,0,0,0,1,0,0.348
2019,24.1,1.26,1,0,0,0,0,0,0,0,1,0,0,0,1,1,0,0.461
2019,21.3,2.4,0,0,0,0,0,0,0,0,0,0,0,0,0,1,0,0.262
2019,18.3,0.07,0,0,0,0,0,0,0,0,0,0,0,0,0,1,0,0.339
2019,24.5,2.19,0,0,0,0,0,0,0,0,0,0,0,0,0,1,0,0.299
2019,18.2,2.93,0,1,0,0,0,0,0,0,0,0,1,0,0,1,0,0.301
2019,23.2,1.26,0,0,0,0,0,0,0,0,0,0,0,0,0,1,0,0.285
2019,18.2,0.05,1,1,0,0,0,0,0,0,1,0,0,0,0,1,0,0.494
2019,21.7,1.72,0,0,1,0,1,0,0,0,0,0,0,0,0,1,0,0.427
2019,20.2,1.34,0,0,0,0,0,0,0,0,0,0,0,0,0,1,0,0.287
2019,19.0,0.41,0,0,0,1,1,0,0,0,0,0,0,0,0,1,1,0.593
2019,24.4,1.58,0,0,0,1,1,0,0,0,0,0,0,0,0,1,1,0.704
2019,24.6,0.43,0,0,0,0,0,0,0,0,0,0,0,0,0,1,0,0.145
2019,15.0,1.04,0,0,0,0,1,0,0,0,0,0,0,0,0,1,0,0.365
2019,21.9,0.07,1,0,0,0,0,0,0,0,0,0,0,0,0,1,0,0.417
2019,18.6,3.32,0,0,1,0,1,0,0,0,0,0,0,0,0,1,0,0.338
2019,15.0,1.66,0,0,0,0,0,0,0,0,0,0,0,0,0,1,0,0.351
2019,15.8,1.72,0,0,1,0,0,0,0,0,0,0,0,0,0,1,0,0.434
2019,24.4,1.28,0,0,0,0,1,0,0,0,0,1,0,0,0,1,0,0.322
2019,23.3,1.54,0,0,0,0,0,0,0,0,0,0,0,0,0,1,0,0.302
2019,17.4,2.22,1,0,0,0,0,0,0,0,0,0,0,0,0,1,0,0.263
2019,15.0,0.59,0,0,0,0,0,0,0,0,0,0,0,0,0,1,0,0.349
2019,15.0,1.5,0,0,0,0,1,0,0,0,0,0,0,1,0,1,0,0.259
2019,18.0,2.17,0,0,0,0,0,0,0,0,0,0,0,0,0,1,0,0.336
2019,15.0,2.97,0,0,0,0,1,0,0,0,0,0,0,0,0,1,0,0.355
2019,21.5,1.26,0,0,0,0,0,0,0,0,0,0,0,0,0,1,0,0.338
2019,23.2,1.47,0,1,0,0,0,0,0,0,0,0,1,1,0,1,0,0.236
2019,15.6,2.18,0,0,0,0,0,1,0,1,0,1,0,0,0,1,0,0.253
2019,19.3,1.92,0,1,0,0,0,1,0,0,0,0,0,0,0,1,0,0.282
2019,23.5,2.83,0,0,0,0,0,0,0,0,0,0,0,0,0,1,0,0.263
2019,15.0,1.51,1,0,0,0,1,0,1,0,1,0,0,0,0,1,0,0.478
2019,23.1,7.45,0,1,0,0,0,0,0,0,0,0,0,0,0,1,0,0.362
2019,16.5,2.12,0,0,1,0,1,0,0,0,0,1,0,0,0,1,1,0.507
2019,15.2,2.17,0,0,0,0,0,0,0,0,0,0,0,0,0,1,0,0.328
2019,18.5,1.37,0,0,0,0,0,0,0,0,1,0,0,0,0,1,0,0.193
2019,22.8,2.62,0,0,0,0,0,0,0,0,0,1,0,0,0,1,0,0.411
2019,15.0,1.42,0,0,0,0,0,1,0,0,0,0,0,0,0,1,0,0.228
2019,17.5,2.61,0,1,1,0,0,0,0,0,0,0,0,1,0,1,1,0.599
2019,15.0,5.95,0,0,0,0,0,0,0,0,0,0,0,0,0,1,0,0.295
2019,19.0,0.06,0,0,0,0,0,0,0,0,0,0,0,0,0,1,0,0.266
2019,15.9,0.26,0,0,0,0,0,0,1,0,0,0,0,0,0,1,0,0.285
2019,23.6,3.68,0,0,0,0,1,0,0,0,0,0,0,0,0,1,0,0.315
2019,18.8,3.03,0,0,0,0,0,0,0,0,0,0,0,0,0,1,0,0.286
2019,16.9,0.88,0,1,0,1,1,0,0,0,0,1,0,0,0,1,1,0.721
2019,24.8,0.23,0,0,0,0,0,0,0,0,0,0,0,0,0,1,0,0.185
2019,15.0,3.66,1,0,0,0,0,0,0,0,0,0,0,0,0,1,0,0.328
2019,21.0,0.05,0,0,0,0,0,0,0,0,0,0,0,0,0,1,0,0.208
2019,15.0,4.83,0,0,0,0,0,0,0,0,0,0,0,0,0,1,0,0.28
2019,15.0,1.76,0,0,0,0,0,0,0,0,0,1,0,0,0,1,0,0.216
2019,23.0,1.21,1,0,0,0,0,0,0,0,0,0,0,0,0,1,0,0.306
2019,16.3,2.22,0,0,1,0,0,0,0,0,0,0,0,0,0,1,0,0.313
2019,15.0,2.72,0,0,0,0,0,0,0,0,0,0,0,0,0,1,0,0.367
2019,22.0,0.92,0,0,0,1,0,0,0,0,0,0,0,0,0,1,0,0.492
2019,20.4,4.86,1,0,1,1,1,0,0,0,0,0,0,0,0,1,1,0.655
2019,22.6,4.8,0,0,0,0,0,0,0,0,0,0,0,0,0,1,0,0.353
2019,15.0,5.55,0,0,0,0,0,0,0,0,0,0,0,0,0,1,0,0.352
2019,15.0,2.26,0,0,0,0,0,0,0,0,0,0,0,1,0,1,0,0.197
2019,24.6,1.78,0,0,0,0,0,0,0,0,1,0,0,0,0,1,0,0.226
2019,20.7,3.98,0,0,0,0,0,0,0,0,0,0,0,0,0,1,0,0.33
2019,19.3,7.03,1,0,0,0,1,0,0,0,0,0,0,0,0,1,0,0.423
2019,23.3,1.08,0,0,0,0,1,0,0,0,0,0,0,0,0,1,0,0.354
2019,17.8,4.01,0,0,0,0,1,0,1,0,0,0,0,0,0,1,0,0.413
2019,16.7,4.13,0,0,0,0,0,0,0,0,0,0,0,0,0,1,0,0.357
2019,23.8,1.8,0,0,0,0,0,0,0,0,0,0,0,0,0,1,0,0.204
2019,17.0,1.23,0,0,0,0,0,0,0,0,0,0,0,0,0,1,0,0.244
2019,23.0,6.0,0,0,0,0,0,0,0,0,0,0,0,0,0,1,0,0.194
2019,15.7,0.06,0,0,0,0,0,0,0,0,0,0,0,0,0,1,0,0.333
2019,17.9,1.11,0,0,0,0,0,0,0,0,0,0,0,1,0,1,0,0.347
2019,15.0,0.79,0,0,0,0,1,0,0,1,0,0,0,0,0,1,0,0.353
2019,18.1,0.15,0,1,0,1,1,0,0,0,0,0,0,0,0,1,1,0.767
2019,15.0,0.05,0,0,0,0,1,0,0,0,0,0,0,0,0,1,0,0.329
2019,18.8,2.29,0,0,0,0,0,0,0,1,0,0,0,0,0,1,0,0.264
2019,21.1,1.9,0,0,0,0,0,0,0,0,0,0,0,0,0,1,0,0.304
2019,19.0,3.65,0,0,0,0,0,0,0,0,0,0,0,0,0,1,0,0.323
2019,15.0,1.83,0,0,0,0,0,0,0,0,0,1,0,0,0,1,0,0.212
2019,21.0,1.17,0,0,0,0,0,0,0,0,0,0,0,0,0,1,0,0.392
2019,15.0,0.55,0,0,0,0,0,0,0,0,0,0,0,0,0,1,0,0.318
2019,18.8,1.27,0,0,0,0,1,0,0,0,0,0,0,0,0,1,0,0.3
2019,15.0,1.53,0,0,0,0,1,0,0,0,0,0,0,0,0,1,0,0.313
2019,23.2,1.55,0,0,0,1,0,0,0,0,0,0,0,0,0,1,1,0.579
2019,15.0,3.39,0,0,0,0,0,0,0,0,0,0,0,0,0,1,0,0.266
2019,15.0,0.43,0,0,0,0,0,0,0,0,0,0,0,0,0,1,0,0.293
2019,21.7,6.32,0,0,0,0,0,0,0,0,0,0,0,0,0,1,0,0.334
2019,18.8,0.54,1,1,0,0,0,0,0,0,0,0,0,0,0,1,0,0.494
2019,20.8,1.99,0,0,0,0,1,0,0,0,0,0,0,0,0,1,0,0.4
2019,22.5,0.5,0,0,0,0,0,0,0,0,0,0,0,0,0,1,0,0.352
2019,18.0,1.0,0,0,1,1,1,0,0,0,0,0,0,0,0,1,1,0.703
2019,15.0,1.23,0,0,0,0,1,0,0,0,0,0,0,0,0,1,0,0.346
2019,23.7,0.52,0,0,0,0,0,0,0,0,0,0,0,1,0,1,0,0.322
2019,17.4,0.18,0,0,0,0,0,0,0,0,0,0,0,0,0,1,0,0.319
2019,23.3,2.23,0,0,1,0,1,0,0,0,0,0,0,0,0,1,0,0.398
2019,16.8,0.66,0,0,0,0,0,0,0,0,0,0,0,0,0,1,0,0.365
2019,15.3,16.05,1,0,0,0,1,0,0,0,0,0,0,0,0,1,0,0.304
2019,16.1,17.46,0,0,0,0,0,0,0,0,0,0,0,0,0,1,0,0.392
2019,15.0,0.15,0,0,0,0,0,0,0,0,0,0,0,0,0,1,0,0.356
2019,22.2,2.15,0,0,0,0,0,0,0,0,0,0,0,1,0,1,0,0.318
2019,24.6,0.62,0,0,0,0,0,0,0,0,0,0,0,0,0,1,0,0.241
2019,15.0,1.05,0,0,0,0,1,0,0,0,0,0,0,0,0,1,0,0.365
2019,21.3,2.51,0,0,0,1,0,0,0,0,0,0,0,0,0,1,1,0.521
2019,22.8,2.14,0,1,0,0,1,0,0,0,0,0,0,0,0,1,0,0.44
2019,24.2,2.69,0,0,0,0,1,1,0,0,0,0,0,0,0,1,0,0.262
2019,18.4,12.59,0,0,0,0,1,0,0,0,0,0,0,0,0,1,0,0.253
2019,15.0,7.34,0,0,0,0,0,0,0,0,0,0,0,0,0,1,0,0.271
2019,24.4,1.32,0,0,1,0,0,0,0,0,0,1,0,0,0,1,0,0.274
2019,15.0,0.59,0,0,0,0,0,0,0,0,0,0,0,0,0,1,0,0.349
2019,15.0,1.38,0,0,0,0,0,0,0,0,0,0,0,0,0,1,0,0.264
2019,15.0,0.26,0,1,0,1,1,0,0,0,0,0,0,0,0,1,1,0.766
2019,18.2,2.37,0,0,0,0,1,0,0,0,0,0,0,0,0,1,0,0.258
2019,15.0,1.1,0,0,0,0,0,0,0,0,0,0,0,1,0,1,0,0.385
2019,18.6,5.4,0,0,0,0,1,0,0,0,0,0,0,0,0,1,0,0.333
2019,15.0,1.09,0,0,0,1,0,0,0,0,0,0,0,0,0,1,1,0.69
2019,20.4,1.42,0,1,0,1,1,0,0,0,0,0,0,0,0,1,1,0.715
2019,23.0,0.48,1,0,0,1,1,0,0,0,0,0,0,0,0,1,0,0.489
2019,24.1,0.36,1,0,1,0,0,0,0,0,0,0,0,0,1,1,0,0.449
2019,15.0,0.35,1,1,1,1,1,1,0,0,0,0,0,0,0,1,1,0.824
2019,17.1,1.38,0,0,0,0,0,0,0,1,0,0,0,0,0,1,0,0.24
2019,15.1,3.69,0,0,0,0,0,0,0,0,0,0,0,0,0,1,0,0.262
2019,16.5,1.0,0,0,0,0,0,0,0,0,0,0,0,0,0,1,0,0.26
2019,15.0,1.19,0,0,1,0,0,0,0,0,0,0,0,0,0,1,0,0.389
2019,15.0,1.75,0,0,0,0,0,0,0,0,0,0,0,0,0,1,0,0.263
2019,15.0,0.18,0,0,0,1,1,0,0,0,0,0,0,1,0,1,1,0.793
2019,18.9,16.86,0,0,0,0,1,0,0,0,0,0,0,0,0,1,0,0.451
2019,16.9,30.0,0,0,0,0,0,0,0,0,1,0,0,1,0,1,0,0.203
2019,23.8,3.81,0,0,0,0,0,0,0,0,0,0,0,0,0,1,0,0.254
2019,22.3,0.05,0,0,0,0,0,0,0,1,0,0,0,0,0,1,0,0.187
2019,23.6,0.41,0,0,0,0,0,0,0,0,0,0,0,1,0,1,0,0.243
2019,15.0,1.49,0,0,0,0,0,0,0,0,0,0,0,0,0,1,0,0.306
2019,21.8,8.55,0,0,0,0,0,0,0,0,0,0,1,0,0,1,0,0.262
2019,15.0,0.94,0,0,0,0,1,0,0,0,0,0,0,0,0,1,0,0.369
2019,15.8,1.6,0,0,0,0,0,0,0,0,0,0,0,0,0,1,0,0.361
2019,15.0,0.18,0,0,0,0,1,0,0,0,0,0,0,0,0,1,0,0.369
2019,15.0,1.04,0,0,0,0,0,0,0,0,0,0,0,0,0,1,0,0.365
2019,24.5,0.28,0,1,0,1,1,0,0,0,0,0,0,0,0,1,1,0.798
2019,15.0,2.66,0,0,0,0,0,0,0,0,0,0,0,0,0,1,0,0.407
2019,19.6,5.61,0,0,0,0,0,0,0,0,0,0,0,0,0,1,0,0.324
2019,21.0,1.22,0,0,0,0,0,0,0,0,0,0,0,0,0,1,0,0.347
2019,23.9,1.36,0,0,0,0,0,0,0,0,0,0,0,0,0,1,0,0.244
2019,19.3,2.42,0,0,0,0,0,0,0,0,0,0,0,1,0,1,0,0.244
2019,18.8,0.13,1,1,0,1,1,0,0,0,0,0,0,0,0,1,1,0.784
2019,15.0,0.5,0,0,0,0,0,0,0,0,0,0,0,0,0,1,0,0.399
2019,20.1,1.89,0,0,0,0,0,0,0,0,0,0,0,0,0,1,0,0.313
2019,21.9,0.4,1,0,0,0,1,0,0,0,0,0,0,0,0,1,0,0.371
2019,15.0,1.08,0,0,0,0,1,0,0,0,0,0,0,0,0,1,0,0.402
2019,15.0,0.39,0,0,0,0,0,0,0,0,0,0,0,0,0,1,0,0.269
2019,18.7,5.14,0,0,0,0,0,0,0,0,0,0,0,0,0,1,0,0.341
2019,19.1,6.11,1,1,0,1,1,0,0,0,0,0,0,0,0,1,1,0.724
2019,24.4,3.54,0,1,0,1,1,0,0,0,0,0,0,1,0,1,1,0.652
2019,23.0,2.19,0,0,0,0,0,0,0,0,0,0,0,0,0,1,0,0.22
2019,15.0,10.63,0,0,0,0,0,0,0,0,0,0,0,0,0,1,0,0.193
2019,15.0,29.32,1,0,0,0,0,0,0,1,0,0,0,0,0,1,0,0.347
2019,15.0,2.63,0,0,0,0,0,0,0,0,0,0,0,1,0,1,0,0.35
2019,22.5,5.06,0,0,0,0,1,0,0,0,0,0,0,0,1,1,0,0.299
2019,22.8,5.99,0,0,0,0,0,0,0,0,0,0,0,0,0,1,0,0.323
2019,15.4,4.94,0,0,0,0,0,0,0,0,0,0,0,0,0,1,0,0.28
2019,15.0,0.22,0,0,0,0,0,0,0,0,0,0,0,0,0,1,0,0.329
2019,21.6,1.14,0,0,1,0,1,0,0,0,0,0,0,0,0,1,0,0.49
2019,15.3,0.43,0,1,0,0,1,0,0,0,0,0,0,0,1,1,1,0.535
2019,19.3,4.08,0,0,0,0,1,0,0,0,0,0,0,0,0,1,0,0.391
2019,15.0,2.16,0,0,0,0,0,0,0,0,0,0,0,1,0,1,0,0.283
2019,17.7,4.11,0,0,0,0,0,0,0,0,0,0,0,0,0,1,0,0.369
2019,20.3,5.55,0,0,0,0,0,0,0,1,0,0,0,0,0,1,0,0.348
2019,21.1,2.86,0,1,0,0,0,0,0,0,0,0,0,0,0,1,0,0.331
2019,18.4,2.94,0,0,0,0,0,0,0,0,0,0,0,0,0,1,0,0.339
2019,24.5,3.17,1,0,0,0,1,0,0,0,0,0,0,0,0,1,0,0.359
2019,19.9,0.05,0,0,0,0,0,0,0,0,0,0,0,0,0,1,0,0.274
2019,15.0,1.77,0,0,0,0,0,0,0,0,0,0,0,0,0,1,0,0.227
2019,15.0,0.47,0,0,0,0,0,0,0,0,0,0,0,0,0,1,0,0.356
2019,21.9,2.26,0,0,0,0,0,0,0,0,0,0,0,0,0,1,0,0.259
2019,21.9,1.17,0,1,0,1,1,0,0,0,0,0,0,0,0,1,1,0.666
2019,15.0,0.1,0,0,0,0,0,0,0,0,0,0,0,0,0,1,0,0.324
2019,22.1,10.41,0,0,0,0,1,0,0,0,0,0,0,0,0,1,0,0.224
2019,15.0,7.15,0,0,0,0,0,0,0,0,0,0,0,0,0,1,0,0.262
2019,22.0,0.65,0,0,0,0,0,0,0,0,0,0,0,0,0,1,0,0.355
2019,15.0,0.55,0,0,0,0,1,0,0,0,0,0,0,0,0,1,0,0.318
2019,17.0,1.87,0,0,0,0,0,0,0,0,0,0,0,0,0,1,0,0.236
2019,22.0,2.37,0,0,0,0,0,0,0,0,0,0,0,0,0,1,0,0.243
2019,21.9,0.63,0,0,0,0,0,0,0,0,1,0,0,0,0,1,0,0.32
2019,15.0,3.1,0,0,1,0,0,0,0,0,0,0,0,0,0,1,0,0.335
2019,15.0,2.56,0,0,0,0,1,0,0,0,0,0,0,0,0,1,0,0.397
2019,18.6,2.28,0,0,0,0,0,0,0,0,0,0,0,0,0,1,0,0.264
2019,16.1,1.32,0,0,0,0,0,0,0,0,0,0,0,0,0,1,0,0.275
2019,21.4,1.57,0,0,0,0,1,0,0,0,0,0,0,0,0,1,0,0.355
2019,17.0,1.26,0,0,0,0,0,0,0,0,0,0,0,0,0,1,0,0.244
2019,24.9,0.08,0,0,0,0,0,0,0,1,0,0,0,0,0,1,0,0.109
2019,19.4,0.14,0,0,0,0,1,0,0,0,0,0,0,0,0,1,0,0.354
2019,15.0,3.31,1,0,0,0,0,0,0,0,0,0,0,1,0,1,0,0.27
2019,21.2,1.1,1,1,0,1,1,0,0,0,1,0,0,0,0,1,1,0.753
2019,16.0,0.08,0,0,0,1,0,0,0,0,0,0,0,0,1,1,0,0.467
2019,15.3,0.35,0,0,0,0,0,0,0,0,0,0,0,0,0,1,0,0.268
2019,24.4,0.74,0,0,0,0,0,0,0,0,0,0,0,1,0,1,0,0.244
2019,17.5,1.01,0,0,0,0,0,0,0,0,0,0,0,0,0,1,0,0.253
2019,20.2,3.06,0,0,0,1,1,0,0,0,0,0,0,0,0,1,1,0.609
2019,15.0,2.34,0,0,0,0,0,0,0,0,0,0,0,0,0,1,0,0.278
2019,15.0,4.28,0,0,0,0,0,0,0,0,0,0,0,0,0,1,0,0.297
2019,22.1,1.39,0,0,0,1,1,0,0,0,0,0,0,0,0,1,1,0.567
2019,19.5,0.77,0,0,1,0,0,0,0,0,0,0,0,0,0,1,0,0.459
2019,22.4,1.55,0,0,0,0,1,0,0,0,0,1,0,0,0,1,0,0.369
2019,23.3,3.11,0,0,0,0,0,0,0,0,0,0,0,0,0,1,0,0.243
2019,15.0,1.18,0,0,0,0,0,0,0,0,0,0,1,0,0,1,0,0.257
2019,15.0,2.07,0,0,0,0,0,0,0,0,0,0,0,0,0,1,0,0.299
2019,24.5,0.11,0,0,0,0,0,0,0,1,0,0,0,0,0,1,0,0.171
2019,19.2,2.29,0,0,0,0,0,0,0,0,0,0,0,1,0,1,0,0.226
2019,23.5,3.98,1,0,0,0,0,0,0,0,0,0,0,0,0,1,0,0.382
2019,15.0,0.5,0,0,0,0,0,0,0,0,0,0,0,0,0,1,0,0.399
2019,20.5,1.66,0,0,0,0,0,0,0,0,0,0,0,1,0,1,0,0.301
2019,15.8,13.57,0,1,0,0,0,0,0,0,1,0,0,1,0,1,0,0.339
2019,21.6,2.16,1,0,0,0,1,0,0,0,0,0,0,0,0,1,0,0.482
2019,15.0,5.17,0,0,0,0,0,0,0,0,0,0,0,0,0,1,0,0.299
2019,23.4,4.35,0,0,0,0,0,0,0,0,0,0,0,0,0,1,0,0.286
2019,16.4,1.99,0,0,0,0,0,0,0,0,0,0,0,0,0,1,0,0.291
2019,15.0,1.09,0,0,0,0,0,0,0,0,0,0,0,0,0,1,0,0.402
2019,23.5,8.77,0,0,0,0,1,0,0,0,0,0,0,0,0,1,0,0.25
2019,16.2,1.11,0,0,0,0,1,0,0,0,0,0,0,0,0,1,0,0.346
2019,24.6,5.39,0,1,0,0,0,0,0,0,0,0,0,1,0,1,0,0.33
2019,15.0,1.05,0,0,0,0,0,0,0,0,0,0,0,0,0,1,0,0.365
2019,24.6,2.12,0,0,0,0,0,0,0,0,0,0,0,0,0,1,0,0.24
2019,24.6,0.22,0,0,0,0,0,0,0,0,0,0,0,0,0,1,0,0.144
2019,22.5,0.47,0,0,0,0,0,0,0,1,0,0,0,0,0,1,0,0.274
2019,15.0,7.93,0,0,0,0,0,0,0,0,0,0,0,0,0,1,0,0.344
2019,16.2,0.1,0,0,0,0,0,0,0,0,0,0,0,0,0,1,0,0.203
2019,15.6,1.51,1,0,0,0,0,0,0,0,0,0,0,0,0,1,0,0.457
2019,15.0,5.37,1,0,0,1,1,0,0,1,0,1,0,1,0,1,1,0.801
2019,15.0,0.29,0,0,0,0,0,0,0,0,0,0,0,1,0,1,0,0.281
2019,18.1,5.53,1,0,0,0,0,0,0,0,0,0,0,0,0,1,0,0.351
2019,16.6,0.76,0,0,0,0,0,0,0,0,0,0,0,0,0,1,0,0.318
2019,23.2,0.32,1,1,1,1,0,0,0,0,0,1,0,0,0,1,0,0.493
2019,24.1,6.91,1,0,0,0,0,0,0,0,0,0,0,0,0,1,0,0.358
2019,24.6,0.05,0,0,0,0,0,0,0,0,0,0,0,0,0,1,0,0.116
2019,21.5,2.02,0,0,0,0,0,0,0,0,0,0,0,0,0,1,0,0.377
2019,15.0,1.43,0,0,0,0,1,0,0,1,0,0,0,0,0,1,0,0.229
2019,15.0,12.38,0,0,0,0,0,0,0,0,0,0,0,0,0,1,0,0.206
2019,24.1,25.94,0,0,0,0,1,0,0,1,0,0,0,0,0,1,0,0.411
2019,23.9,6.06,0,0,0,0,0,0,1,0,0,0,0,0,0,1,0,0.264
2019,24.8,1.1,0,0,0,0,1,0,0,0,0,0,0,0,0,1,0,0.34
2019,20.4,4.05,0,0,0,0,0,0,0,0,0,0,0,0,0,1,0,0.358
2019,18.6,1.13,0,0,0,0,1,0,0,1,0,0,0,0,0,1,0,0.319
2019,15.0,2.86,1,1,0,0,1,0,0,0,0,0,0,0,0,1,0,0.439
2019,15.0,0.78,0,0,0,0,0,0,0,0,0,0,0,1,0,1,0,0.29
2019,23.4,0.5,0,0,0,0,0,0,0,0,0,0,0,0,0,1,0,0.364
2019,24.4,1.42,0,0,0,0,0,0,0,0,0,0,0,0,0,1,0,0.324
2019,22.1,1.17,0,0,0,0,0,0,0,0,0,0,0,0,0,1,0,0.369
2019,15.0,8.04,0,0,0,0,0,0,0,0,0,0,0,0,0,1,0,0.315
2019,21.1,0.53,0,0,0,0,0,0,0,1,0,0,0,0,0,1,0,0.288
2019,15.3,1.15,0,0,0,0,0,0,0,0,0,0,0,0,0,1,0,0.371
2019,15.0,0.98,0,1,0,0,0,0,0,0,0,0,0,0,0,1,0,0.27
2019,15.0,1.5,1,0,0,0,0,0,0,0,0,0,0,0,0,1,0,0.436
2019,15.0,1.48,0,0,0,0,0,0,0,0,0,0,0,0,0,1,0,0.306
2019,24.3,2.7,0,0,0,0,0,0,1,0,0,0,0,0,0,1,0,0.343
2019,24.0,19.38,0,0,1,0,0,0,0,0,0,0,0,0,0,1,0,0.348
2019,17.7,16.64,0,0,0,0,0,0,0,0,0,0,0,0,0,1,0,0.373
2019,15.0,0.87,0,0,0,0,0,0,0,0,0,0,0,0,0,1,0,0.389
2019,17.6,3.25,0,0,0,0,0,0,0,0,0,0,0,1,0,1,0,0.219
2019,15.0,0.2,1,1,0,1,1,0,0,0,0,0,0,0,0,1,1,0.876
2019,23.7,0.11,0,0,0,0,1,0,0,1,0,0,0,0,0,1,0,0.422
2019,22.6,1.51,0,0,0,0,0,0,0,0,0,0,0,1,0,1,0,0.224
2019,17.1,1.38,1,1,1,0,0,0,0,0,0,0,0,0,1,1,1,0.572
2019,22.0,0.59,1,0,0,0,1,0,0,0,0,0,0,0,0,1,0,0.499
2019,22.7,1.48,0,0,0,0,0,0,0,0,0,0,0,0,0,1,0,0.283
2019,22.4,21.02,0,0,0,0,0,0,0,0,0,0,0,0,0,1,0,0.372
2019,24.5,3.61,0,0,0,0,0,0,0,0,0,0,0,0,0,1,0,0.245
2019,23.1,0.88,0,0,0,0,0,0,0,0,0,0,0,0,0,1,0,0.358
2019,19.5,1.03,0,0,0,0,0,0,0,0,0,0,0,0,0,1,0,0.355
2019,23.6,0.8,0,1,0,0,0,0,0,0,0,0,0,0,0,1,0,0.423
2019,15.8,1.65,0,0,0,0,0,0,0,0,0,0,0,0,0,1,0,0.391
2019,24.6,2.0,0,0,0,0,0,0,0,0,0,0,0,0,0,1,0,0.247
2019,23.5,3.23,0,0,0,0,0,1,0,0,1,0,0,0,0,1,0,0.18
2019,15.0,0.47,1,1,0,0,0,1,0,0,0,0,0,0,1,1,1,0.854
2019,19.1,1.32,0,0,0,0,0,0,0,0,0,0,0,0,0,1,0,0.223
2019,21.2,2.51,0,1,0,0,1,0,0,0,0,0,0,0,0,1,0,0.37
2019,23.6,1.16,1,0,1,1,1,0,0,0,0,0,0,0,0,1,1,0.685
2019,22.8,5.58,1,0,0,0,1,0,0,0,0,0,1,1,0,1,1,0.612
2019,21.7,6.79,0,0,0,0,0,0,0,0,0,0,0,0,0,1,0,0.349
2019,15.4,1.98,0,0,0,0,0,0,0,0,0,0,0,0,0,1,0,0.294
2019,15.0,2.49,0,0,0,0,0,0,0,0,0,1,0,0,0,1,0,0.309
2019,16.8,0.5,0,0,0,0,1,0,0,0,0,0,0,0,0,1,0,0.434
2019,24.3,1.64,0,0,0,0,0,0,0,0,0,0,0,0,0,1,0,0.406
2019,19.4,2.71,0,0,0,0,1,0,0,0,0,0,0,1,0,1,0,0.305
2019,15.0,0.77,0,0,1,0,1,0,0,0,0,0,0,0,0,1,0,0.465
2019,15.6,0.12,0,0,0,0,0,0,0,0,0,0,0,0,0,1,0,0.333
2019,15.1,0.05,0,0,0,0,0,0,0,0,0,0,0,1,0,1,0,0.442
2019,20.3,0.16,0,0,0,0,0,0,0,0,0,0,0,0,0,1,0,0.299
2019,15.0,2.35,0,0,0,0,0,0,1,0,0,0,0,1,0,1,0,0.208
2019,20.6,1.75,0,0,0,0,0,0,0,0,0,0,0,1,0,1,0,0.181
2019,24.9,1.93,0,0,0,0,0,0,0,0,0,0,0,0,0,1,0,0.264
2019,24.3,8.76,0,0,1,0,1,0,0,0,0,0,0,1,0,1,0,0.325
2019,19.8,1.3,0,0,0,0,0,0,0,0,0,0,0,0,0,1,0,0.322
2019,15.0,2.0,1,0,1,1,1,0,0,0,0,0,0,0,0,1,1,0.795
2019,15.0,1.83,0,0,0,0,0,0,0,1,0,0,0,0,0,1,0,0.168
2019,15.0,0.14,1,0,1,0,0,0,0,1,0,0,0,0,0,1,1,0.501
2019,20.2,24.24,0,1,1,0,1,0,0,0,0,0,0,0,0,1,1,0.53
2019,23.0,3.62,0,0,0,0,0,0,0,0,0,0,0,0,0,1,0,0.181
2019,15.0,4.71,1,1,0,0,1,0,0,0,1,0,0,1,0,1,0,0.413
2019,15.0,2.92,0,0,0,0,0,0,0,0,0,0,0,0,0,1,0,0.351
2019,15.0,8.35,1,0,1,1,1,0,0,0,0,0,0,0,0,1,1,0.759
2019,18.7,7.62,1,0,0,0,1,0,0,1,0,0,0,0,1,1,0,0.308
2019,21.5,6.23,0,1,1,0,1,0,0,0,0,1,0,1,0,1,1,0.711
2019,16.6,0.11,0,0,0,0,0,0,0,0,0,0,0,0,0,1,0,0.238
2019,15.1,1.22,1,0,1,0,1,1,0,0,0,1,1,0,0,1,1,0.749
2019,23.4,1.03,0,0,0,0,0,0,0,1,0,0,0,1,0,1,0,0.299
2019,19.9,3.03,0,1,0,0,0,0,0,0,0,0,1,1,0,1,0,0.328
2019,22.7,0.58,0,0,0,0,0,0,0,0,0,0,0,0,0,1,0,0.307
2019,16.0,2.57,0,0,0,0,0,0,0,0,0,0,0,0,0,1,0,0.403
2019,15.0,3.73,0,0,0,0,1,0,0,0,1,1,0,0,0,1,0,0.228
2019,23.1,0.37,0,0,0,0,1,0,0,0,0,0,0,0,0,1,0,0.264
2019,19.1,8.53,0,0,0,0,1,0,0,0,0,0,0,0,0,1,0,0.273
2019,17.6,0.64,0,0,0,1,1,0,0,0,0,0,0,0,0,1,1,0.704
2019,15.0,0.41,0,0,0,1,1,0,1,0,0,0,0,1,0,1,1,0.682
2019,23.4,1.38,0,0,0,0,0,0,0,0,0,0,0,0,0,1,0,0.257
2019,16.8,1.97,0,0,0,0,0,0,0,0,0,0,0,0,0,1,0,0.351
2019,15.0,1.37,0,0,0,0,0,0,0,0,0,0,0,0,0,1,0,0.264
2019,15.0,2.61,0,0,0,0,1,0,0,0,0,0,0,0,0,1,0,0.407
2019,18.7,1.97,0,0,0,0,1,0,1,0,0,0,0,0,0,1,0,0.36
2019,15.0,0.86,0,1,0,1,0,0,0,1,0,1,0,1,0,1,1,0.672
2019,20.0,0.22,0,0,0,1,0,0,0,0,0,0,0,0,0,1,1,0.597
2019,23.3,9.41,0,0,0,0,0,0,0,0,0,0,0,1,0,1,0,0.201
2019,17.1,1.89,1,1,0,0,1,0,0,0,0,0,0,1,1,1,0,0.461
2019,23.4,3.24,0,0,0,0,0,0,0,0,0,0,0,0,1,1,0,0.254
2019,15.0,22.13,1,1,1,0,1,0,0,0,0,0,0,0,0,1,1,0.544
2019,15.0,1.56,0,0,0,0,1,0,0,0,0,0,0,0,0,1,0,0.318
2019,24.3,0.57,0,0,0,0,0,0,0,0,0,0,0,0,0,1,0,0.272
2019,20.7,0.47,0,0,0,0,0,0,0,0,0,0,0,0,0,1,0,0.322
2019,21.7,1.77,0,0,0,0,0,0,0,0,0,0,0,0,0,1,0,0.224
2019,23.2,0.57,0,0,0,0,0,0,0,0,0,0,0,0,0,1,0,0.244
2019,24.0,2.74,0,0,0,0,0,0,0,0,0,0,0,0,0,1,0,0.223
2019,15.0,1.7,0,0,0,0,0,0,0,1,0,0,0,0,0,1,0,0.284
2019,21.7,1.14,0,1,0,0,0,0,0,0,0,0,0,0,0,1,0,0.38
2019,23.2,2.52,0,0,0,1,1,0,0,0,0,0,0,0,0,1,0,0.466
2019,18.8,0.67,0,0,0,0,1,0,0,0,0,0,0,0,0,1,0,0.425
2019,15.0,1.18,0,0,0,0,0,0,0,0,0,0,0,0,0,1,0,0.331
2019,15.5,0.77,1,1,0,0,0,0,0,0,0,0,1,0,0,1,0,0.466
2019,23.3,1.15,0,0,0,0,1,0,0,0,0,0,0,0,0,1,0,0.344
2019,15.0,1.53,1,0,0,0,1,1,0,1,0,0,0,0,0,1,0,0.369
2019,15.0,2.38,0,0,0,1,1,0,0,0,0,0,0,0,0,1,1,0.56
2019,15.0,1.84,0,0,0,0,0,0,0,0,0,0,0,0,0,1,0,0.244
2019,15.0,1.13,1,1,0,0,0,0,0,0,1,1,0,0,0,1,0,0.498
2019,21.5,1.06,1,0,1,1,1,0,0,0,0,1,0,0,0,1,1,0.797
2019,15.0,7.79,0,0,0,0,0,0,0,0,1,0,0,0,0,1,0,0.264
2019,24.4,2.0,1,0,0,0,0,0,0,0,0,0,0,0,0,1,0,0.335
2019,18.5,0.27,0,0,0,1,1,1,0,0,1,0,0,1,0,1,1,0.9
2019,16.7,0.37,0,0,0,0,0,0,0,0,0,0,0,0,0,1,0,0.285
2019,15.1,0.39,0,1,0,0,0,0,0,0,0,0,0,0,0,1,0,0.308
2019,20.8,3.38,0,0,0,0,1,0,0,0,0,0,0,0,0,1,0,0.271
2019,17.8,1.04,0,0,0,0,0,0,0,0,0,0,0,0,0,1,0,0.334
2019,22.9,1.49,0,0,1,0,1,0,0,0,0,0,0,0,0,1,0,0.374
2019,17.3,0.46,1,0,0,0,1,0,0,0,0,0,0,0,0,1,0,0.457
2019,15.0,1.49,0,0,0,0,0,0,0,0,0,0,0,0,0,1,0,0.306
2019,21.0,0.26,0,0,0,0,0,0,0,1,0,0,0,0,0,1,0,0.2
2019,18.7,1.29,0,0,0,0,0,0,1,0,0,0,0,0,0,1,0,0.261
2019,17.5,0.05,0,0,0,0,0,0,0,0,0,0,0,0,0,1,0,0.205
2019,22.3,0.4,0,0,0,0,0,0,0,0,0,0,1,1,0,1,0,0.167
2019,24.8,0.23,0,0,0,0,0,0,0,0,0,0,0,0,1,1,0,0.139
2019,15.0,9.62,0,0,0,0,0,0,0,0,0,0,0,0,0,1,0,0.269
2019,22.4,13.08,1,1,0,1,1,0,0,0,0,0,0,0,0,1,1,0.776
2019,23.5,4.76,1,0,0,0,0,0,0,0,0,0,0,0,0,1,0,0.331
2019,24.8,1.04,0,1,1,0,1,0,0,0,0,0,0,0,0,1,1,0.623
2019,15.0,1.5,0,0,0,0,0,0,0,0,0,0,0,0,0,1,0,0.306
2019,18.6,0.35,1,0,0,0,1,0,0,0,0,1,0,1,0,1,0,0.376
2019,15.0,1.82,0,0,0,1,1,0,0,0,0,0,0,0,0,1,1,0.593
2019,21.7,1.51,0,0,0,0,1,0,0,0,0,0,0,0,0,1,0,0.357
2019,15.0,1.64,0,0,1,1,1,0,1,1,1,1,0,0,0,1,1,0.947
2019,18.6,3.82,1,0,0,0,0,0,0,0,0,0,0,0,0,1,0,0.339
2019,15.0,2.96,0,0,0,0,0,0,0,0,0,0,0,0,0,1,0,0.355
2019,19.7,0.2,0,0,0,0,0,0,0,0,0,0,0,0,0,1,0,0.393
2019,15.3,1.61,1,0,0,0,0,0,0,0,0,0,0,0,0,1,0,0.422
2019,17.1,1.22,0,0,0,0,1,0,0,0,0,0,0,0,0,1,0,0.353
2019,20.3,2.16,1,0,0,0,1,0,0,0,0,0,0,0,0,1,0,0.429
2019,22.4,1.14,1,0,1,0,0,0,0,1,0,0,0,0,0,1,1,0.505
2019,21.3,1.67,1,0,0,0,0,0,0,0,0,0,0,0,1,1,0,0.381
2019,19.9,4.3,0,0,0,0,0,0,0,0,0,0,0,0,0,1,0,0.344
2019,15.0,0.48,0,0,0,0,0,0,0,0,0,0,0,0,0,1,0,0.356
2019,22.2,2.18,0,0,0,1,1,0,0,1,0,0,0,0,0,1,0,0.46
2019,16.4,3.94,0,0,0,0,0,0,0,0,0,0,0,1,0,1,0,0.359
2019,15.0,1.18,0,1,0,0,0,0,0,0,0,0,0,0,0,1,0,0.3
2019,19.6,0.05,0,1,1,0,1,0,0,0,1,1,0,0,0,1,1,0.811
2019,17.4,0.74,0,0,0,0,1,0,0,0,0,0,0,0,0,1,0,0.295
2019,19.5,1.13,0,0,0,0,0,0,0,0,0,0,0,1,0,1,0,0.378
2019,15.0,1.35,0,0,0,0,0,0,0,0,0,0,0,0,0,1,0,0.265
2019,20.5,0.92,0,0,0,0,0,0,0,0,0,0,0,0,0,1,0,0.354
2019,21.1,0.05,0,0,0,0,0,0,0,0,0,0,0,1,0,1,0,0.396
2019,18.7,2.97,0,0,0,0,1,0,0,0,0,0,0,0,0,1,0,0.412
2019,19.9,2.37,0,0,0,0,0,0,0,0,0,0,0,0,0,1,0,0.289
2019,15.0,1.91,0,0,0,0,0,0,0,0,0,0,0,0,0,1,0,0.244
2019,17.2,1.6,1,0,0,0,1,0,0,0,0,0,0,0,0,1,0,0.403
2019,18.6,1.24,0,0,0,0,0,0,0,0,0,0,0,1,0,1,0,0.223
2019,15.0,1.13,0,1,0,0,0,0,0,0,1,0,0,0,0,1,0,0.278
2019,18.7,4.36,0,0,0,0,0,0,0,0,0,0,0,0,0,1,0,0.359
2019,24.1,1.06,0,0,0,0,0,0,0,0,0,0,0,0,0,1,0,0.299
2019,16.1,0.34,0,0,0,0,0,0,0,0,0,0,0,0,0,1,0,0.269
2019,15.0,1.02,0,0,0,0,0,0,0,0,0,0,0,0,0,1,0,0.321
2019,15.3,10.25,1,0,0,0,0,0,0,0,0,0,0,0,0,1,0,0.345
2019,15.0,0.39,1,1,1,0,0,0,0,1,0,0,0,0,0,1,1,0.514
2019,21.8,0.2,0,0,0,0,0,1,0,0,0,0,0,0,0,1,0,0.254
2019,18.4,0.19,1,0,0,0,0,0,0,0,0,0,0,0,0,1,0,0.413
2019,15.0,0.57,0,0,0,0,0,0,0,0,0,0,0,0,0,1,0,0.327
2019,24.6,0.53,0,0,0,0,0,0,0,1,0,0,0,0,0,1,0,0.198
2019,15.0,0.12,0,0,1,1,1,0,0,0,0,1,0,0,0,1,1,0.814
2019,15.0,2.71,0,0,0,0,0,0,0,0,0,0,0,0,0,1,0,0.367
2019,19.1,1.9,0,0,0,1,1,1,0,0,0,0,0,0,0,1,1,0.544
2019,18.6,1.18,0,0,0,0,0,0,0,0,0,0,0,0,0,1,0,0.309
2019,23.7,22.91,0,0,0,0,0,0,0,0,0,0,0,0,0,1,0,0.414
2019,15.0,1.54,0,0,0,1,1,0,0,0,0,0,0,0,0,1,1,0.717
2019,22.7,7.64,0,1,0,0,0,0,0,0,0,0,0,0,0,1,0,0.328
2019,18.2,1.39,0,0,0,0,0,0,0,0,0,0,0,0,0,1,0,0.224
2019,15.0,0.89,0,0,1,0,1,0,0,0,0,0,0,0,0,1,1,0.525
2019,15.0,2.33,0,0,0,0,0,0,0,0,1,0,1,0,0,1,0,0.233
2019,17.8,2.03,1,0,0,0,1,0,0,0,0,0,0,0,0,1,0,0.358
2019,15.0,17.94,0,0,0,0,1,0,0,0,0,0,0,0,0,1,0,0.342
2019,17.6,0.91,0,0,1,0,0,0,0,0,0,0,0,0,0,1,0,0.431
2019,15.0,1.86,0,0,0,0,0,0,0,0,0,0,0,0,0,1,0,0.244
2019,15.0,0.58,0,0,0,0,0,0,0,0,0,0,0,0,0,1,0,0.349
2019,22.6,2.9,0,0,0,1,0,0,0,0,0,0,0,0,0,1,0,0.318
2019,15.0,1.04,0,0,0,0,0,0,0,0,0,0,0,0,0,1,0,0.365
2019,15.0,3.05,0,0,0,0,0,0,0,0,0,0,0,0,0,1,0,0.248
2019,20.8,4.21,0,1,0,1,1,0,0,0,0,0,0,0,0,1,1,0.653
2019,24.7,2.01,0,0,0,0,0,0,0,0,0,0,0,1,0,1,0,0.183
2019,21.5,4.51,0,0,0,1,1,0,0,0,0,0,0,0,0,1,1,0.612
2019,24.8,1.56,0,0,0,0,1,0,0,0,0,0,0,0,0,1,0,0.388
2019,15.0,8.66,0,0,0,0,0,0,0,0,0,0,0,0,0,1,0,0.267
2019,24.1,1.5,0,0,0,0,0,0,0,0,1,0,0,0,0,1,0,0.222
2019,20.6,0.22,0,0,0,0,0,0,0,0,0,0,0,0,0,1,0,0.205
2019,23.5,1.84,1,0,0,1,1,0,0,0,0,0,0,1,0,1,1,0.717
2019,21.4,1.32,0,0,0,0,1,0,0,0,0,0,0,0,0,1,0,0.323
2019,15.0,2.23,0,0,0,0,0,0,0,0,0,0,0,0,0,1,0,0.255
2019,17.1,3.8,0,1,1,1,1,0,0,0,0,0,0,0,0,1,1,0.846
2019,23.6,1.56,0,0,0,0,0,0,0,0,0,0,0,0,0,1,0,0.371
2019,21.3,3.97,0,0,0,0,0,0,0,0,0,0,0,1,0,1,0,0.286
2019,21.9,6.97,0,0,0,0,1,0,0,0,0,1,0,1,0,1,0,0.3
2019,20.4,1.7,0,0,0,1,1,0,0,0,0,0,0,1,0,1,1,0.706
2019,16.4,7.45,0,0,0,0,1,0,0,0,0,0,0,0,0,1,0,0.346
2019,15.0,1.07,0,0,0,0,0,0,1,0,0,0,0,0,0,1,0,0.305
2019,15.0,1.08,0,0,0,0,0,0,1,0,1,0,0,0,0,1,0,0.302
2019,19.1,0.82,0,0,0,0,0,0,0,0,0,0,0,0,0,1,0,0.256
2019,15.5,2.38,0,0,0,0,0,0,0,0,0,0,0,0,0,1,0,0.288
2019,21.3,5.85,0,0,0,0,0,0,0,0,0,0,0,0,0,1,0,0.323
2019,18.6,4.27,1,0,1,0,0,0,0,0,0,0,0,1,0,1,0,0.38
2019,21.8,2.36,1,1,0,0,1,0,0,0,0,0,0,0,0,1,0,0.392
2019,20.7,3.78,1,0,0,0,0,0,0,0,0,0,0,1,0,1,0,0.276
2019,15.0,1.08,0,0,0,0,0,0,0,0,0,0,0,0,0,1,0,0.402
2019,16.0,2.93,0,0,0,0,0,0,0,0,0,0,0,0,0,1,0,0.365
2019,22.3,0.45,0,0,0,0,1,0,0,0,0,0,0,0,0,1,0,0.354
2019,19.7,0.84,0,0,0,0,0,1,0,0,1,0,0,0,0,1,0,0.267
2019,16.0,2.33,0,0,0,0,0,0,0,0,0,0,0,0,0,1,0,0.289
2019,20.0,0.17,0,1,0,1,1,0,0,0,0,0,0,0,0,1,1,0.766
2019,22.9,3.08,0,0,0,0,0,0,0,0,0,0,0,0,0,1,0,0.253
2019,23.2,2.11,1,0,0,0,0,0,0,0,1,0,0,0,0,1,0,0.32
2019,24.2,0.07,0,0,0,0,1,0,0,1,0,0,0,0,0,1,0,0.321
2019,15.0,0.33,0,0,0,0,0,0,0,0,0,0,0,0,0,1,0,0.22
2019,15.0,2.43,0,0,0,0,0,0,0,0,0,0,0,0,0,1,0,0.273
2019,23.7,1.65,0,1,1,0,1,0,0,1,0,0,0,0,0,1,0,0.479
2019,19.6,1.15,1,0,0,0,0,0,0,0,0,0,0,0,0,1,1,0.529
2019,15.0,1.05,0,0,0,0,0,0,0,0,0,0,0,0,0,1,0,0.365
2019,23.6,3.7,1,1,0,0,1,0,0,0,0,0,0,0,0,1,0,0.428
2019,15.0,0.1,1,1,0,0,0,0,0,0,0,0,0,0,0,1,1,0.567
2019,15.0,0.57,0,0,0,0,0,0,0,0,0,0,0,0,0,1,0,0.327
2019,23.0,0.1,0,0,0,0,0,0,0,0,0,0,0,0,0,1,0,0.27
2019,20.8,1.78,0,1,0,1,1,0,0,0,0,0,0,0,0,1,1,0.531
2019,15.0,0.54,0,0,0,0,0,0,0,0,0,0,0,0,0,1,0,0.318
2019,15.0,7.28,1,0,0,0,1,0,0,0,0,0,0,0,0,1,0,0.353
2019,23.4,2.77,0,0,0,0,1,0,0,0,0,0,0,0,0,1,0,0.291
2019,24.4,1.42,1,1,0,0,1,0,0,0,0,0,0,0,0,1,0,0.459
2019,15.0,1.87,0,0,0,0,0,0,0,0,0,0,0,0,0,1,0,0.244
2019,23.4,4.45,0,0,0,0,0,0,0,1,0,0,0,0,0,1,0,0.235
2019,15.0,1.6,0,0,0,1,1,0,1,0,1,0,0,0,1,1,1,0.752
2019,15.0,0.77,0,1,0,0,0,0,0,0,0,0,0,0,0,1,0,0.321
2019,15.0,2.39,1,0,0,0,0,1,0,0,0,0,0,0,0,1,0,0.285
2019,24.7,1.48,1,0,1,1,0,0,1,0,0,0,0,0,0,1,1,0.719
2019,24.3,0.05,0,1,0,0,1,0,0,0,0,0,0,0,0,1,1,0.607
2019,15.0,4.27,0,0,0,0,0,0,1,0,0,0,0,0,0,1,0,0.268
2019,15.0,0.32,0,0,0,0,0,0,0,0,0,0,0,0,0,1,0,0.22
2019,15.2,3.66,1,0,0,0,1,0,0,0,1,0,1,0,0,1,1,0.571
2019,15.3,0.64,0,0,0,0,0,1,0,0,0,0,0,0,0,1,0,0.37
2019,16.6,2.81,1,0,0,0,1,0,0,0,0,0,0,0,0,1,0,0.436
2019,15.0,2.44,0,0,0,0,0,0,0,0,0,0,0,0,0,1,0,0.273
2019,24.7,2.01,0,1,0,0,0,0,0,0,1,0,0,0,0,1,0,0.283
2019,16.5,2.61,0,0,0,0,1,0,0,0,0,0,0,0,0,1,0,0.428
2019,15.0,0.72,0,1,1,0,1,0,0,0,0,0,0,0,0,1,1,0.612
2019,22.9,0.55,0,1,0,1,0,0,0,0,0,0,0,1,0,1,0,0.428
2019,23.6,1.05,0,0,0,0,0,0,0,0,0,0,0,0,0,1,0,0.428
2019,24.5,0.27,0,0,0,0,0,0,0,0,0,0,0,0,0,1,0,0.187
2019,22.0,3.14,1,0,1,0,1,1,0,0,0,0,0,0,1,1,1,0.608
2019,18.5,1.33,0,1,0,1,0,0,0,0,0,1,0,0,0,1,1,0.58
2019,15.0,1.76,0,0,0,0,1,0,0,0,0,0,0,0,0,1,0,0.227
2019,18.7,1.65,0,0,0,1,1,0,0,0,0,0,0,0,0,1,1,0.693
2019,20.7,6.26,0,0,0,0,0,0,0,0,0,0,0,0,0,1,0,0.29
2019,24.4,2.66,0,0,0,0,0,0,0,0,0,0,0,1,0,1,0,0.227
2019,15.0,2.58,1,0,0,0,1,0,0,0,0,0,0,0,0,1,0,0.457
2019,22.2,2.31,0,0,0,0,0,0,0,0,0,0,0,0,0,1,0,0.255
2019,20.8,1.11,0,0,0,0,1,0,0,0,0,0,0,0,0,1,0,0.419
2019,15.0,0.71,0,0,0,0,0,0,1,0,0,0,0,0,0,1,0,0.307
2019,15.0,3.91,0,0,0,0,1,0,0,0,0,0,0,0,0,1,0,0.283
2019,21.0,0.29,0,0,0,0,1,0,0,0,0,0,0,0,0,1,0,0.288
2019,15.0,1.42,0,0,0,0,0,0,1,0,0,0,0,0,0,1,0,0.239
2019,17.2,1.51,0,0,0,0,0,0,0,0,0,0,0,0,0,1,0,0.272
2019,21.6,4.9,0,1,0,0,1,0,0,0,1,0,1,0,0,1,1,0.511
2019,24.6,2.45,0,0,0,0,0,0,0,0,0,0,0,0,0,1,0,0.241
2019,21.7,11.73,0,0,0,1,1,0,0,0,0,0,0,0,0,1,0,0.458
2019,15.0,3.33,1,1,0,1,1,0,0,0,0,0,0,0,0,1,1,0.793
2019,18.2,2.4,1,0,0,0,1,0,0,0,0,0,0,0,0,1,0,0.308
2019,17.7,0.05,0,0,0,0,0,0,0,0,0,0,0,0,0,1,0,0.27
2019,24.5,4.24,0,0,0,0,0,1,0,0,0,0,0,0,0,1,0,0.243
2019,24.1,0.05,0,0,0,0,0,0,0,0,0,0,0,0,0,1,0,0.179
2019,21.1,2.03,0,0,0,0,1,0,0,0,0,0,0,0,0,1,0,0.361
2019,15.0,1.44,0,0,1,1,1,0,0,1,0,0,0,0,1,1,1,0.742
2019,16.6,3.71,1,0,0,0,0,0,0,1,0,1,0,1,0,1,0,0.298
2019,15.5,6.23,0,0,0,0,1,0,0,0,0,0,0,1,0,1,0,0.289
2019,17.5,0.2,1,0,1,0,0,0,0,0,0,0,0,0,0,1,0,0.465
2019,20.9,1.6,0,0,0,0,0,0,0,0,0,0,0,0,0,1,0,0.332
2019,18.2,1.62,0,0,0,0,0,0,0,0,0,0,0,0,0,1,0,0.292
2019,23.7,3.29,1,0,0,0,0,0,0,0,1,0,0,0,0,1,0,0.303
2019,15.0,0.78,1,1,0,1,1,0,0,0,0,0,0,1,1,1,1,0.857
2019,24.6,2.81,0,0,0,0,0,0,0,0,0,0,1,0,0,1,0,0.197
2019,15.0,0.5,0,0,0,0,1,0,0,0,0,0,0,0,0,1,0,0.399
2019,20.0,10.71,0,0,0,0,0,0,0,0,0,0,0,0,0,1,0,0.253
2019,16.7,26.02,1,0,1,1,1,0,0,0,1,0,0,0,0,1,1,0.782
2019,24.1,26.77,0,0,0,0,1,0,0,0,0,0,0,0,0,1,0,0.441
2019,17.5,0.52,0,0,0,0,1,0,0,0,0,0,0,0,0,1,0,0.307
2019,16.0,0.21,0,0,0,0,0,0,0,0,0,0,0,0,0,1,0,0.297
2019,15.3,2.76,0,0,0,0,0,0,0,0,0,0,0,0,0,1,0,0.359
2019,24.0,3.21,0,0,0,0,0,0,0,0,0,0,0,0,0,1,0,0.18
2019,15.0,1.75,0,0,0,0,0,0,0,0,0,0,0,0,0,1,0,0.263
2019,21.0,0.72,0,0,0,0,1,0,0,0,0,0,0,0,0,1,0,0.386
2019,18.6,0.05,0,0,0,0,1,0,0,0,0,0,0,0,0,1,0,0.323
2019,17.6,1.66,0,0,0,0,1,0,0,0,0,0,0,0,0,1,0,0.341
2019,23.6,11.47,0,0,0,0,0,0,0,0,0,1,0,0,0,1,0,0.256
2019,16.5,0.96,0,1,0,0,1,0,0,0,0,0,0,0,0,1,0,0.361
2019,24.9,4.86,0,0,0,0,0,0,0,0,0,0,0,1,0,1,0,0.197
2019,22.2,1.31,1,1,0,1,1,0,1,0,1,0,0,0,0,1,1,0.84
2019,18.4,1.56,0,0,0,0,0,0,0,0,1,0,0,0,0,1,0,0.252
2019,17.6,5.61,0,0,0,0,0,0,0,0,0,0,0,0,0,1,0,0.323
2019,23.1,2.69,0,0,0,0,0,0,0,0,0,0,0,0,0,1,0,0.288
2019,20.5,1.02,0,0,0,1,0,0,0,0,0,0,0,0,0,1,1,0.544
2019,15.9,0.13,0,0,0,0,0,0,0,0,1,0,0,0,0,1,0,0.321
2019,18.7,1.34,0,1,0,0,0,0,1,0,1,0,0,0,0,1,0,0.282
2019,18.0,0.55,0,0,0,0,0,0,0,0,0,0,1,0,0,1,0,0.243
2019,15.0,1.07,1,1,0,1,1,0,1,0,0,0,0,0,0,1,1,0.816
2019,18.1,0.83,0,0,0,0,0,0,0,0,0,0,0,0,0,1,0,0.283
2019,15.0,0.21,0,0,0,0,0,0,0,1,0,0,0,0,1,1,0,0.25
2019,15.0,0.98,1,0,0,0,0,0,0,0,0,0,0,0,0,1,0,0.396
2019,15.0,7.07,0,0,0,0,0,0,0,0,0,0,0,0,0,1,0,0.268
2019,20.3,0.33,1,0,0,0,0,0,0,0,0,1,0,1,0,1,0,0.382
2019,22.9,2.63,0,0,0,0,1,0,0,1,0,0,0,0,0,1,0,0.344
2019,15.0,3.03,1,1,0,0,0,0,0,0,0,0,0,0,0,1,0,0.414
2019,21.9,1.82,0,0,0,0,1,0,0,0,0,0,0,0,0,1,0,0.215
2019,23.4,1.12,0,0,0,0,1,0,0,0,1,0,0,0,0,1,0,0.303
2019,15.0,3.05,0,0,1,0,1,0,0,1,0,0,0,0,0,1,0,0.371
2019,20.3,0.17,0,0,0,0,1,0,0,1,0,0,0,1,1,1,1,0.607
2019,23.9,1.48,0,0,0,0,1,0,1,0,0,0,0,0,0,1,0,0.33
2019,19.9,2.25,1,0,0,0,0,0,0,0,0,0,0,0,1,1,0,0.319
2019,15.0,18.04,0,0,0,0,0,0,0,1,0,0,0,0,0,1,0,0.269
2019,21.8,1.41,0,0,0,0,0,0,0,0,0,0,0,0,0,1,0,0.285
2019,16.4,1.15,1,1,0,0,1,0,0,0,0,0,0,1,0,1,1,0.544
2019,21.8,0.05,1,0,1,1,1,0,0,0,0,0,0,0,0,1,1,0.537
2019,15.0,1.79,0,0,0,0,0,0,0,0,0,0,0,0,0,1,0,0.227
2019,15.0,6.12,1,1,0,1,1,0,0,0,0,0,0,0,0,1,1,0.809
2019,15.0,0.4,0,1,0,0,0,0,0,0,0,0,0,0,0,1,0,0.337
2019,23.6,3.43,0,0,0,1,0,0,0,0,0,0,0,0,0,1,1,0.527
2019,15.0,0.15,0,0,0,0,0,0,0,1,0,0,0,0,0,1,0,0.263
2019,23.7,1.81,0,0,0,0,0,0,0,0,0,0,0,1,0,1,0,0.207
2019,23.3,5.79,0,1,0,0,0,0,0,0,0,0,0,0,0,1,0,0.357
2019,15.7,0.22,1,0,0,0,1,0,0,0,0,0,0,0,0,1,1,0.576
2019,15.0,0.68,0,0,0,0,0,0,0,0,0,0,0,0,0,1,0,0.383
2020,15.0,19.89,0,1,0,0,1,0,0,0,0,1,0,0,0,1,1,0.625
2020,19.2,6.46,1,0,1,0,1,0,0,0,1,0,0,1,0,1,1,0.526
2020,15.0,3.37,0,0,0,0,0,0,0,0,1,0,0,1,0,1,0,0.189
2020,16.2,1.42,1,0,0,0,0,0,0,0,0,1,0,0,0,1,0,0.391
2020,15.0,4.84,1,0,0,0,0,0,0,0,0,0,0,0,0,1,0,0.319
2020,15.0,22.29,0,0,0,0,0,0,1,0,0,0,0,0,0,1,0,0.21
2020,24.9,1.18,0,0,0,1,1,0,0,0,0,0,0,0,0,1,1,0.592
2020,15.0,3.59,0,1,0,1,1,0,1,0,0,1,0,1,0,1,1,0.826
2020,22.0,7.14,0,0,0,0,0,0,0,0,0,0,0,0,0,1,0,0.316
2020,15.0,1.93,1,1,1,1,1,0,1,0,0,0,0,0,0,1,1,0.868
2020,24.1,2.78,1,0,1,1,1,1,1,1,0,0,1,0,1,1,1,0.869
2020,15.0,0.07,1,1,0,1,0,0,0,0,0,1,0,0,0,1,1,0.828
2020,15.1,9.21,0,0,0,0,0,0,0,1,0,0,0,0,0,1,0,0.215
2020,15.0,0.11,0,0,0,0,0,0,0,0,0,0,0,0,0,1,0,0.359
2020,16.9,5.8,1,0,1,1,1,0,0,0,0,0,0,0,0,1,1,0.728
2020,19.0,2.27,0,0,0,0,0,0,0,0,0,0,0,1,0,1,0,0.253
2020,22.3,8.09,0,0,0,0,0,0,1,0,0,0,0,0,0,1,0,0.253
2020,15.0,5.02,1,1,1,0,0,0,0,0,1,0,0,1,1,1,1,0.518
2020,24.6,4.22,0,0,0,0,1,0,0,0,0,0,0,0,0,1,0,0.256
2020,15.0,5.1,0,0,0,0,0,0,1,0,0,0,0,0,0,1,0,0.266
2020,20.9,10.89,0,0,0,0,0,0,0,0,0,1,0,0,0,1,0,0.26
2020,19.0,1.89,0,0,0,0,0,0,0,0,0,0,0,0,0,1,0,0.264
2020,19.3,1.18,1,0,0,0,1,0,0,0,0,0,0,1,0,1,1,0.501
2020,23.5,4.16,0,0,0,0,0,0,1,0,0,0,0,0,0,1,0,0.371
2020,15.0,2.76,0,0,0,0,0,0,0,0,1,0,0,0,1,1,0,0.338
2020,22.3,3.05,0,0,1,1,0,0,0,0,0,0,0,1,0,1,1,0.564
2020,15.4,2.15,1,0,0,0,0,0,0,0,0,0,0,0,0,1,0,0.412
2020,18.8,4.87,0,0,0,0,0,0,1,0,0,0,0,0,0,1,0,0.298
2020,17.1,1.59,0,0,0,0,0,0,0,0,0,0,0,1,0,1,0,0.299
2020,15.0,8.77,0,0,0,1,1,0,1,0,0,0,0,0,0,1,1,0.659
2020,15.0,0.61,1,0,1,1,1,0,0,0,0,0,0,0,1,1,1,0.802
2020,15.6,0.05,1,1,0,0,1,0,0,0,0,0,0,1,0,1,1,0.786
2020,17.1,7.97,1,1,0,0,1,0,0,0,0,0,0,0,0,1,1,0.541
2020,16.8,1.92,0,0,0,1,0,0,0,0,1,0,1,0,1,1,1,0.52
2020,20.6,30.0,0,0,0,0,0,0,0,0,0,0,0,1,0,1,0,0.238
2020,15.0,7.81,0,0,0,0,0,0,1,0,0,0,0,0,0,1,0,0.277
2020,20.5,5.91,1,1,0,0,1,0,0,0,0,0,0,0,0,1,0,0.452
2020,17.7,2.05,1,1,0,0,1,0,0,0,0,0,0,0,0,1,0,0.453
2020,23.9,1.27,1,1,0,1,1,0,1,0,0,0,1,0,0,1,1,0.846
2020,23.3,4.15,0,1,0,0,1,0,0,0,1,0,0,0,0,1,0,0.337
2020,15.7,3.03,1,0,0,0,1,0,0,0,0,0,0,0,0,1,0,0.411
2020,15.0,1.39,0,1,0,0,0,0,0,0,1,0,0,0,0,1,0,0.219
2020,22.8,2.03,1,1,1,0,0,0,0,0,0,0,0,0,0,1,1,0.505
2020,18.7,11.19,1,1,0,1,0,0,0,0,1,0,0,0,0,1,1,0.719
2020,21.4,18.26,0,1,0,0,1,0,0,1,0,0,0,0,0,1,0,0.49
2020,23.3,20.18,1,1,1,0,1,0,0,0,0,0,0,0,0,1,1,0.785
2020,15.0,1.3,0,0,0,0,1,0,0,1,0,0,0,0,0,1,0,0.224
2020,17.2,14.35,1,1,1,1,1,0,0,0,0,0,1,0,0,1,1,0.798
2020,22.8,2.85,1,0,0,1,1,0,0,0,0,0,0,0,1,1,1,0.606
2020,23.4,6.27,0,0,0,1,0,0,0,0,0,0,0,1,0,1,1,0.558
2020,19.9,5.03,0,0,0,0,0,0,0,1,0,0,0,0,0,1,0,0.297
2020,15.0,0.5,0,0,0,1,1,0,0,1,0,0,0,0,0,1,1,0.643
2020,18.0,4.01,1,1,1,1,1,0,0,0,1,0,0,1,0,1,1,0.909
2020,21.0,3.67,1,1,1,1,1,1,1,0,0,0,1,1,0,1,1,0.895
2020,15.0,1.66,1,0,0,0,0,0,0,0,0,0,0,0,0,1,0,0.431
2020,15.0,1.74,0,0,0,0,1,0,0,0,0,0,0,0,0,1,0,0.263
2020,23.0,0.08,0,0,0,0,1,0,0,0,0,0,0,1,0,1,0,0.494
2020,18.1,3.98,0,0,0,1,1,0,1,1,0,0,0,0,0,1,1,0.777
2020,15.0,3.87,1,0,0,0,0,0,0,0,0,0,0,0,0,1,0,0.333
2020,15.0,5.86,1,0,0,0,1,0,0,0,0,0,0,0,0,1,0,0.354
2020,15.2,2.45,0,0,0,0,0,0,0,0,0,0,0,0,0,1,0,0.324
2020,15.0,4.3,0,0,0,0,0,0,0,0,0,1,0,0,0,1,0,0.286
2020,15.4,4.54,0,0,0,0,0,0,0,1,0,0,1,1,0,1,0,0.277
2020,15.0,1.09,0,0,0,1,1,0,0,0,0,1,0,0,0,1,1,0.767
2020,23.8,8.16,0,1,0,0,1,0,0,0,0,0,0,0,0,1,0,0.279
2020,16.7,2.23,1,0,0,1,0,0,0,0,0,0,0,0,0,1,1,0.669
2020,15.0,0.76,1,1,0,1,1,0,0,0,0,0,0,0,0,1,1,0.793
2020,20.3,0.69,1,0,0,0,0,0,0,0,1,0,0,1,0,1,0,0.329
2020,22.1,0.32,0,1,0,1,0,0,0,0,0,0,0,1,0,1,1,0.519
2020,24.9,3.25,1,0,0,0,0,0,0,0,0,0,0,0,0,1,0,0.222
2020,15.0,3.4,1,0,0,1,1,0,0,0,0,0,0,1,0,1,1,0.719
2020,21.9,7.89,0,1,0,0,1,0,0,0,0,0,0,0,0,1,0,0.373
2020,15.0,6.04,1,0,0,0,1,0,1,0,0,0,1,0,0,1,0,0.437
2020,15.0,10.42,1,1,0,0,0,0,1,0,0,0,0,0,0,1,0,0.332
2020,18.0,2.67,1,0,0,0,1,0,0,0,1,0,0,0,0,1,0,0.456
2020,22.1,2.93,0,0,0,0,1,0,0,0,0,0,0,0,0,1,0,0.391
2020,24.0,0.65,1,1,0,0,1,0,0,0,0,0,0,1,0,1,0,0.417
2020,18.7,2.74,0,0,0,1,1,0,0,0,0,0,0,0,0,1,1,0.531
2020,15.0,4.14,0,0,0,0,0,0,0,0,1,0,0,0,0,1,0,0.288
2020,23.3,9.06,1,1,1,0,1,0,0,1,1,0,0,0,0,1,1,0.543
2020,15.8,22.51,1,1,1,1,1,1,0,0,1,1,0,1,0,1,1,0.955
2020,15.0,0.44,0,1,0,0,0,0,1,0,0,0,0,0,0,1,0,0.262
2020,21.8,1.21,1,0,0,0,0,0,0,1,0,0,0,0,0,1,0,0.469
2020,23.9,21.17,0,0,0,0,0,0,0,0,0,0,0,0,0,1,0,0.369
2020,24.4,0.68,0,1,1,1,1,0,0,0,1,1,0,0,0,1,1,0.889
2020,15.8,9.66,0,0,0,0,1,0,0,0,0,0,0,0,0,1,0,0.304
2020,15.0,8.75,0,0,0,0,0,0,0,0,0,0,0,0,0,1,0,0.267
2020,23.0,0.27,0,0,0,0,0,0,0,0,0,0,0,0,0,1,0,0.164
2020,23.8,3.86,1,0,0,0,0,0,0,0,0,0,0,0,0,1,0,0.309
2020,15.0,2.92,0,1,0,1,1,0,0,0,1,1,0,0,0,1,1,0.792
2020,21.1,6.73,0,0,0,0,1,0,0,1,0,0,0,1,0,1,0,0.237
2020,21.0,1.6,1,1,1,1,1,0,1,0,1,0,0,1,1,1,1,0.824
2020,19.9,30.0,0,0,0,0,0,0,0,0,0,0,0,0,0,1,0,0.309
2020,21.8,30.0,0,1,0,0,0,0,0,0,0,0,0,0,0,1,0,0.377
2020,24.4,6.45,0,0,0,0,0,0,0,0,0,0,0,0,0,1,0,0.36
2020,15.0,3.43,0,0,0,0,0,0,0,1,0,0,0,0,0,1,0,0.216
2020,15.0,2.49,0,0,1,0,0,0,0,0,0,0,0,0,0,1,0,0.435
2020,15.5,8.42,0,0,0,0,0,0,0,1,0,0,0,0,0,1,0,0.236
2020,23.0,1.49,0,0,0,0,0,0,0,0,0,0,0,0,0,1,0,0.221
2020,17.2,2.04,0,1,0,0,0,0,0,0,0,0,0,0,0,1,0,0.301
2020,24.2,0.81,1,1,1,0,1,0,0,0,0,0,0,1,0,1,1,0.735
2020,22.6,1.17,1,0,0,0,0,0,0,0,0,0,0,0,0,1,0,0.435
2020,22.2,0.41,1,1,1,1,0,0,0,0,0,0,1,0,0,1,1,0.533
2020,15.0,5.12,0,0,0,0,0,0,0,0,0,0,0,0,0,1,0,0.294
2020,15.0,1.44,0,0,0,0,0,0,0,0,0,0,0,0,0,1,0,0.251
2020,20.7,2.37,0,0,0,0,0,0,0,1,0,0,0,1,0,1,0,0.194
2020,17.1,14.48,0,0,0,0,1,0,0,0,0,0,0,0,0,1,0,0.342
2020,21.1,24.34,0,0,0,0,0,0,0,0,0,0,0,0,0,1,0,0.355
2020,15.0,1.2,0,0,0,0,0,1,0,0,0,0,0,1,0,1,0,0.334
2020,20.3,6.75,0,1,0,0,1,0,0,0,0,0,0,0,0,1,0,0.385
2020,19.1,1.48,0,0,0,1,0,0,0,0,0,0,0,0,0,1,1,0.621
2020,22.7,6.76,0,1,0,0,1,0,0,1,0,0,0,0,0,1,0,0.29
2020,15.0,3.75,0,0,0,0,0,0,0,0,0,0,0,0,0,1,0,0.279
2020,16.3,1.6,1,1,0,0,0,0,0,0,0,0,0,0,1,1,1,0.525
2020,22.6,30.0,0,0,1,0,0,0,0,0,0,0,0,0,0,1,0,0.399
2020,15.0,2.4,0,1,0,1,1,0,0,0,0,1,0,0,0,1,1,0.713
2020,24.4,14.81,0,0,0,0,0,1,0,0,0,0,0,0,0,1,0,0.265
2020,15.0,0.97,0,1,1,0,0,0,0,0,0,0,0,0,0,1,1,0.508
2020,15.5,6.94,0,0,0,0,1,0,0,0,1,0,0,0,0,1,0,0.281
2020,20.6,4.62,1,0,0,1,0,0,0,0,0,0,0,0,0,1,0,0.478
2020,22.2,1.55,0,1,0,0,1,0,0,0,0,0,0,0,1,1,0,0.358
2020,18.4,1.58,1,1,1,1,1,1,0,0,1,1,1,0,0,1,1,0.919
2020,15.0,5.05,0,0,1,0,1,0,0,0,0,0,0,0,0,1,0,0.374
2020,15.0,3.73,1,0,0,0,0,0,1,0,0,0,0,0,0,1,0,0.291
2020,20.4,6.96,0,0,0,0,0,0,0,0,0,0,0,1,0,1,0,0.258
2020,23.1,30.0,0,0,0,1,0,0,0,0,1,0,0,0,0,1,0,0.447
2020,19.9,6.4,1,1,1,1,1,0,1,0,0,0,0,0,0,1,1,0.935
2020,21.7,1.55,0,0,0,0,0,0,0,0,0,0,0,0,0,1,0,0.361
2020,15.0,2.69,0,0,0,0,0,0,0,0,0,0,0,0,0,1,0,0.384
2020,15.0,2.92,1,1,0,0,0,0,0,0,1,0,0,0,0,1,1,0.506
2020,15.0,7.55,1,0,0,1,1,0,0,0,0,0,0,0,0,1,1,0.741
2020,16.1,0.93,1,1,0,1,1,0,0,0,0,0,1,1,0,1,1,0.789
2020,21.3,13.71,1,1,0,1,1,0,1,0,0,0,0,0,0,1,1,0.856
2020,23.0,7.94,0,0,0,0,0,0,0,0,0,0,0,1,0,1,0,0.159
2020,15.6,3.11,1,1,1,0,1,0,0,0,1,0,0,0,1,1,1,0.635
2020,18.2,2.39,0,0,0,0,0,0,0,0,0,0,0,0,0,1,0,0.253
2020,15.0,9.28,1,1,0,0,0,0,0,0,0,0,0,1,0,1,0,0.414
2020,18.4,0.99,1,0,0,0,1,0,0,0,0,0,0,1,0,1,0,0.345
2020,24.4,0.21,1,1,0,1,1,0,0,0,0,0,0,1,1,1,1,0.908
2020,16.5,4.48,0,0,0,0,1,0,0,0,0,0,0,0,0,1,0,0.348
2020,24.7,2.59,0,0,0,1,0,0,0,0,0,0,0,0,0,1,0,0.43
2020,22.9,1.09,0,1,0,1,1,0,0,0,0,1,0,0,0,1,1,0.782
2020,15.0,6.03,0,0,0,0,0,0,0,0,0,0,0,0,0,1,0,0.293
2020,15.0,1.7,1,0,1,0,0,0,0,0,0,0,0,0,0,1,0,0.493
2020,20.9,1.97,1,0,0,1,1,0,0,1,0,0,0,0,0,1,1,0.778
2020,15.0,7.93,0,0,0,1,1,0,0,1,0,0,0,0,0,1,1,0.622
2020,20.7,2.49,1,1,1,0,1,0,0,0,0,0,0,0,0,1,1,0.553
2020,24.3,21.33,1,1,0,0,1,0,0,0,0,0,0,1,0,1,1,0.665
2020,18.8,14.12,0,0,0,1,1,0,0,0,0,1,0,1,0,1,1,0.634
2020,17.5,5.57,0,1,0,1,1,0,1,1,0,0,1,1,0,1,1,0.739
2020,15.0,3.22,1,0,1,1,1,0,0,0,0,0,0,0,1,1,1,0.785
2020,18.4,7.27,0,0,0,0,0,0,0,0,0,0,0,0,1,1,0,0.201
2020,16.8,1.39,0,0,0,0,1,0,0,1,1,0,0,0,0,1,0,0.227
2020,15.1,1.75,1,0,0,1,1,0,1,0,0,0,0,1,0,1,1,0.811
2020,22.1,2.5,1,0,0,0,1,0,0,0,0,0,0,0,0,1,0,0.366
2020,22.1,3.59,0,0,0,0,0,0,0,0,0,0,0,1,0,1,0,0.216
2020,23.2,2.76,0,1,1,0,1,0,0,0,0,0,0,1,0,1,0,0.488
2020,15.0,6.1,0,0,0,0,0,1,0,1,0,0,0,1,0,1,0,0.197
2020,20.6,1.13,1,0,0,0,1,0,0,0,0,0,0,1,1,1,0,0.5
2020,20.0,30.0,0,0,0,0,1,0,0,0,0,0,1,0,0,1,0,0.493
2020,21.6,3.54,0,0,1,0,0,0,0,1,0,0,0,0,0,1,0,0.441
2020,15.0,1.09,0,0,0,0,0,0,0,0,0,0,0,0,0,1,0,0.402
2020,15.0,1.42,0,0,1,0,0,0,0,0,0,0,0,0,0,1,0,0.308
2020,15.0,3.6,0,0,0,0,0,0,0,0,0,0,0,0,0,1,0,0.274
2020,16.2,4.04,0,0,0,0,0,0,0,0,0,0,0,0,0,1,0,0.332
2020,23.1,1.68,0,0,0,0,1,1,0,0,0,0,0,0,0,1,0,0.41
2020,22.2,1.68,0,0,1,0,0,0,0,1,0,1,0,0,1,1,0,0.242
2020,17.0,3.98,1,0,1,0,0,0,0,0,0,0,0,0,0,1,1,0.556
2020,15.0,2.17,1,1,1,0,1,0,0,0,0,0,0,0,0,1,1,0.604
2020,21.7,1.47,1,0,1,0,1,0,1,0,0,1,0,1,1,1,1,0.686
2020,23.0,4.73,0,1,0,0,0,0,0,0,0,0,0,0,0,1,0,0.25
2020,20.0,13.82,0,0,0,0,0,0,0,0,0,0,0,0,0,1,0,0.325
2020,24.8,2.59,0,0,0,0,0,0,0,1,0,0,0,0,0,1,0,0.186
2020,15.2,1.98,0,0,0,0,0,0,0,1,0,0,0,0,0,1,0,0.242
2020,22.8,1.03,0,1,0,0,0,1,0,0,0,0,0,0,0,1,0,0.325
2020,23.1,3.39,1,0,1,0,0,0,0,0,1,0,0,0,0,1,0,0.369
2020,18.5,1.06,0,0,0,0,0,0,0,0,0,0,0,0,0,1,0,0.329
2020,15.0,1.62,0,0,0,0,0,0,0,1,0,0,0,0,0,1,0,0.274
2020,15.0,1.75,0,0,0,1,1,0,0,1,0,0,0,0,0,1,1,0.607
2020,21.5,6.22,0,0,0,0,0,0,0,0,0,0,0,0,0,1,0,0.323
2020,15.0,0.75,0,0,0,0,1,0,1,0,0,0,0,1,0,1,0,0.306
2020,18.2,0.26,0,0,0,0,0,0,0,0,0,0,0,0,0,1,0,0.269
2020,22.3,16.68,1,0,0,0,0,0,0,0,0,0,0,0,0,1,0,0.44
2020,15.6,6.35,0,0,0,0,0,0,0,0,0,0,0,1,0,1,0,0.31
2020,20.8,3.2,0,0,1,0,1,0,0,0,0,0,0,0,1,1,0,0.31
2020,15.0,4.76,0,0,1,1,0,0,0,0,0,0,0,0,0,1,1,0.561
2020,15.0,4.02,0,0,0,0,0,0,0,0,0,0,0,0,0,1,0,0.388
2020,23.2,3.78,0,0,0,0,0,0,0,1,0,1,0,0,0,1,0,0.164
2020,19.7,5.88,1,0,1,0,0,0,0,0,0,0,0,0,0,1,0,0.45
2020,15.0,0.62,0,0,0,0,0,0,0,0,0,0,0,1,0,1,0,0.287
2020,24.4,1.32,0,0,0,0,1,0,0,0,0,0,0,0,0,1,0,0.336
2020,24.3,7.44,0,0,0,0,1,0,1,1,0,0,0,0,0,1,1,0.527
2020,17.5,4.9,1,0,0,0,0,0,0,0,0,0,0,0,0,1,0,0.284
2020,18.1,2.19,1,1,0,0,1,1,0,1,1,0,0,0,1,1,1,0.73
2020,16.4,4.13,1,0,1,0,0,0,0,0,1,0,0,1,0,1,1,0.575
2020,20.5,30.0,0,0,0,0,0,0,1,0,0,0,0,0,0,1,0,0.245
2020,15.0,4.53,0,0,0,0,0,0,0,0,0,0,0,0,0,1,0,0.305
2020,22.6,7.7,0,0,0,0,0,0,0,0,0,0,0,0,0,1,0,0.218
2020,15.0,0.05,1,0,1,0,1,0,0,0,1,0,0,1,1,1,1,0.711
2020,24.6,3.81,1,1,0,0,1,0,0,1,0,0,1,1,0,1,0,0.423
2020,15.0,0.49,0,1,0,0,1,0,0,0,0,1,0,1,1,1,0,0.321
2020,16.3,2.78,1,1,1,1,1,0,0,0,1,0,0,1,1,1,1,0.855
2020,19.9,1.36,0,1,1,0,1,0,1,0,1,0,0,0,1,1,1,0.557
2020,19.6,1.19,0,0,0,0,0,0,0,0,0,0,0,0,0,1,0,0.351
2020,15.0,5.8,0,0,0,0,0,0,0,0,1,0,0,0,0,1,0,0.277
2020,22.6,1.01,0,0,0,0,0,0,0,0,0,0,0,1,0,1,0,0.209
2020,15.0,3.11,0,0,1,0,0,0,0,0,0,0,0,0,0,1,0,0.332
2020,22.8,16.91,1,1,1,0,1,0,0,0,1,0,0,0,0,1,1,0.736
2020,15.0,12.53,0,0,0,0,0,0,0,0,0,0,0,0,0,1,0,0.206
2020,15.0,4.83,0,0,0,0,0,0,0,1,0,0,0,1,1,1,0,0.21
2020,17.2,0.58,0,0,0,0,0,0,0,0,0,0,0,0,0,1,0,0.319
2020,15.0,3.89,0,0,0,1,0,0,0,0,0,0,0,0,0,1,1,0.592
2020,15.9,1.77,1,0,0,0,1,0,1,0,0,1,0,0,0,1,0,0.355
2020,15.0,2.16,0,0,0,0,0,0,0,0,0,0,0,0,0,1,0,0.317
2020,19.5,1.39,0,0,1,1,1,0,1,1,0,1,0,0,1,1,1,0.829
2020,23.9,1.06,0,0,0,0,0,0,0,0,0,0,0,0,0,1,0,0.265
2020,21.6,2.08,1,1,0,0,1,0,0,0,0,0,0,0,0,1,1,0.553
2020,19.9,1.75,0,0,1,1,1,0,0,0,0,0,0,0,0,1,1,0.717
2020,15.0,22.99,0,0,0,0,0,0,0,0,0,0,0,0,0,1,0,0.3
2020,21.6,7.51,0,0,0,0,0,0,0,0,0,0,0,0,0,1,0,0.307
2020,15.5,0.31,1,1,1,1,1,0,0,0,0,0,0,1,1,1,1,0.868
2020,19.8,1.07,0,0,1,0,1,0,0,0,0,0,0,0,0,1,1,0.559
2020,17.7,0.62,0,1,0,1,1,0,0,0,0,1,1,0,0,1,1,0.693
2020,15.0,30.0,0,0,0,0,1,0,0,0,0,0,0,0,0,1,0,0.364
2020,23.4,1.84,1,1,0,0,0,1,0,0,0,0,0,1,0,1,0,0.451
2020,15.0,4.68,1,0,0,1,1,0,0,0,0,0,0,0,0,1,1,0.655
2020,15.0,1.63,0,0,0,1,0,0,0,0,0,0,0,1,0,1,1,0.737
2020,18.2,17.11,1,0,1,0,0,0,0,0,0,0,0,0,0,1,0,0.437
2020,24.9,2.25,0,0,0,0,0,0,0,0,0,0,0,0,1,1,0,0.254
2020,19.7,2.72,0,0,0,0,0,0,0,0,0,0,0,0,0,1,0,0.352
2020,15.1,3.35,0,0,1,0,0,0,0,0,0,0,0,0,0,1,0,0.374
2020,18.3,1.06,0,1,0,1,1,0,0,0,1,1,1,0,0,1,1,0.813
2020,22.0,30.0,1,0,1,0,1,0,0,0,0,0,0,1,0,1,0,0.413
2020,24.9,1.76,1,0,0,0,1,0,0,0,0,0,1,0,1,1,1,0.542
2020,22.0,2.04,1,1,0,0,1,0,0,0,0,1,0,0,0,1,1,0.615
2020,24.8,2.15,0,0,0,0,1,0,0,0,0,0,0,0,0,1,0,0.297
2020,24.4,5.9,0,1,0,0,0,0,0,1,0,0,0,0,0,1,0,0.334
2020,17.3,0.24,0,0,0,0,0,0,0,1,0,0,1,1,0,1,0,0.211
2020,15.0,8.01,0,0,0,0,0,0,0,0,0,0,0,0,0,1,0,0.315
2020,18.5,2.44,1,1,0,0,1,1,0,0,1,0,0,1,0,1,1,0.613
2020,15.0,16.6,0,1,0,0,1,0,0,1,0,0,0,0,0,1,0,0.382
2020,24.0,3.61,0,0,0,0,0,0,0,0,0,0,0,0,0,1,0,0.196
2020,18.1,1.58,0,0,0,1,1,0,0,0,0,0,0,0,0,1,1,0.666
2020,17.8,0.82,1,1,0,1,1,1,0,1,0,0,0,1,0,1,1,0.795
2020,16.5,2.91,0,0,0,0,0,0,0,0,0,0,0,1,0,1,0,0.326
2020,15.8,30.0,0,0,0,0,0,0,0,1,0,0,0,0,0,1,0,0.306
2020,21.4,1.79,0,0,0,0,0,0,0,0,0,0,0,1,0,1,0,0.185
2020,15.0,2.01,1,1,0,1,1,0,0,0,0,0,0,0,0,1,1,0.792
2020,21.0,12.83,1,0,0,0,0,0,1,0,0,0,0,0,0,1,0,0.372
2020,18.5,9.32,0,0,1,0,0,0,1,0,0,1,0,0,0,1,1,0.514
2020,15.0,5.42,0,0,0,1,1,0,0,0,0,0,0,0,0,1,1,0.644
2020,23.6,5.79,0,0,0,1,1,0,0,0,0,0,0,0,0,1,1,0.57
2020,15.0,0.62,0,0,0,0,1,0,0,0,0,0,0,0,0,1,0,0.357
2020,24.2,6.74,0,0,0,0,0,0,0,1,0,0,0,0,0,1,0,0.367
2020,15.0,7.46,0,0,0,0,0,0,0,0,0,0,0,0,0,1,0,0.311
2020,17.9,7.45,0,0,0,1,1,0,1,0,0,0,0,0,0,1,1,0.67
2020,19.4,4.36,0,0,0,0,1,0,0,0,0,0,0,1,0,1,0,0.297
2020,20.0,2.59,0,0,0,0,0,0,0,0,0,0,0,1,0,1,0,0.354
2020,19.8,9.1,0,0,0,0,0,0,0,0,0,0,0,0,0,1,0,0.276
2020,23.3,11.69,0,0,0,0,0,0,0,0,0,0,0,1,0,1,0,0.224
2020,21.5,1.37,1,1,1,1,1,0,0,0,0,0,0,0,0,1,1,0.785
2020,24.1,1.3,0,0,0,0,0,0,0,0,0,0,0,0,0,1,0,0.253
2020,24.0,1.77,0,0,0,0,0,0,0,0,0,0,0,0,0,1,0,0.215
2020,16.4,0.99,0,0,1,0,0,0,0,0,0,0,0,0,0,1,0,0.313
2020,15.0,30.0,0,0,0,0,0,0,0,0,0,0,0,0,0,1,0,0.364
2020,15.2,0.76,0,0,0,0,0,0,0,0,0,0,0,1,0,1,0,0.29
2020,20.5,0.17,0,1,0,1,0,0,0,0,0,1,0,0,0,1,1,0.766
2020,15.0,6.68,0,0,0,0,0,0,0,1,0,0,0,0,0,1,0,0.244
2020,15.0,12.68,0,0,0,1,1,0,0,0,0,0,0,1,0,1,1,0.524
2020,16.3,4.38,1,0,0,0,0,0,0,0,0,0,0,0,0,1,0,0.335
2020,24.0,3.35,1,1,0,1,1,1,0,0,0,0,0,1,0,1,1,0.801
2020,15.0,1.16,0,1,0,1,1,0,0,0,0,1,0,0,0,1,1,0.755
2020,18.5,2.08,1,0,1,0,1,0,0,0,0,0,0,0,0,1,1,0.516
2020,15.0,8.34,0,0,0,0,1,0,0,0,0,0,0,0,0,1,0,0.279
2020,16.4,1.21,0,0,0,0,0,0,0,0,0,1,0,1,0,1,0,0.234
2020,19.9,2.49,1,1,0,1,1,0,1,0,0,0,0,0,0,1,1,0.887
2020,18.2,4.54,0,1,0,0,0,0,0,0,0,0,0,0,0,1,0,0.31
2020,22.4,4.68,0,0,0,0,0,0,0,0,0,0,0,0,0,1,0,0.391
2020,23.7,5.15,1,1,0,0,0,0,0,0,0,0,0,0,0,1,0,0.355
2020,19.7,12.58,1,1,1,1,1,0,0,0,1,1,1,0,0,1,1,0.957
2020,18.3,24.57,0,0,0,0,0,0,0,0,0,0,0,0,0,1,0,0.325
2020,24.8,2.12,1,0,1,1,1,0,0,0,0,0,0,1,0,1,1,0.803
2020,24.4,1.65,1,1,0,1,1,0,0,0,1,1,0,0,0,1,1,0.894
2020,21.7,0.29,0,0,0,0,1,0,0,0,0,0,0,0,0,1,0,0.255
2020,23.3,3.36,1,0,0,0,0,0,0,0,0,0,0,0,0,1,0,0.307
2020,21.9,6.04,1,1,0,1,1,0,0,0,0,0,1,0,0,1,1,0.814
2020,15.0,2.02,1,1,1,1,1,1,1,0,1,1,0,0,1,1,1,0.894
2020,15.8,3.0,0,1,0,0,0,0,0,0,0,0,0,0,0,1,0,0.374
2020,23.7,14.99,0,0,0,0,0,1,0,0,0,0,0,0,0,1,0,0.326
2020,23.4,1.5,0,0,0,0,0,0,0,0,0,0,0,0,0,1,0,0.3
2020,15.0,3.22,0,0,0,1,1,0,1,0,0,0,1,0,0,1,1,0.732
2020,15.2,2.07,1,1,0,0,0,0,0,0,0,0,0,1,0,1,0,0.429
2020,15.0,1.91,0,0,0,0,0,0,0,0,1,0,0,0,0,1,0,0.186
2020,20.5,0.88,1,1,0,0,1,0,0,1,0,0,0,0,0,1,1,0.602
2020,15.0,3.93,0,0,0,0,0,0,0,1,0,0,0,1,0,1,0,0.275
2020,19.1,2.09,0,0,0,0,0,0,0,0,0,0,0,1,0,1,0,0.225
2020,21.4,1.34,1,0,0,0,0,0,0,0,0,0,0,0,0,1,0,0.495
2020,15.0,1.6,0,0,1,0,1,0,0,0,0,1,0,1,0,1,0,0.485
2020,24.5,7.65,1,1,0,0,1,0,0,0,1,0,0,0,0,1,1,0.67
2020,20.5,4.46,0,0,0,0,0,0,0,0,0,0,0,0,0,1,0,0.341
2020,24.2,0.58,0,0,0,0,0,0,0,0,0,0,0,0,0,1,0,0.297
2020,15.0,0.5,0,0,0,0,0,0,0,0,0,0,0,0,0,1,0,0.399
2020,15.0,1.27,0,0,0,0,0,0,1,0,0,0,0,1,0,1,0,0.292
2020,23.3,1.83,0,0,0,0,0,0,0,0,0,0,0,0,0,1,0,0.223
2020,18.5,4.38,0,1,0,0,0,0,0,0,0,0,0,0,0,1,0,0.347
2020,15.0,6.1,0,0,0,0,0,0,0,0,0,0,0,0,0,1,0,0.297
2020,23.4,10.25,1,1,0,0,1,0,0,0,1,0,0,0,0,1,0,0.434
2020,21.5,1.05,0,0,0,0,0,0,0,0,0,0,0,0,0,1,0,0.396
2020,20.9,30.0,1,1,0,1,1,0,0,0,0,1,0,0,0,1,1,0.747
2020,15.0,11.66,1,0,0,1,1,0,0,0,1,0,1,0,0,1,1,0.848
2020,22.9,3.62,0,0,0,0,0,0,0,0,0,0,0,0,0,1,0,0.288
2020,22.7,3.11,0,0,0,0,0,1,0,0,0,0,0,0,0,1,0,0.245
2020,15.0,13.42,1,0,0,0,0,0,0,0,0,0,0,0,0,1,0,0.35
2020,15.0,7.19,1,1,0,1,1,0,0,0,1,1,1,0,0,1,1,0.901
2020,24.1,19.05,1,0,1,0,1,0,0,0,0,0,0,0,0,1,0,0.482
2020,20.8,6.17,1,0,0,1,1,0,0,1,1,1,1,0,0,1,1,0.862
2020,15.0,26.25,0,0,0,0,0,0,0,1,0,0,0,0,0,1,0,0.235
2020,22.9,24.75,0,0,1,0,1,0,0,1,0,0,0,1,0,1,0,0.391
2020,16.7,2.66,0,0,1,0,1,0,1,1,0,0,0,0,0,1,1,0.624
2020,15.6,7.48,0,0,0,1,1,0,0,0,0,0,0,1,0,1,1,0.657
2020,20.1,1.69,0,0,1,0,0,0,0,1,0,0,0,0,0,1,0,0.406
2020,16.1,1.84,0,0,0,0,0,0,0,0,0,0,0,0,0,1,0,0.255
2020,23.5,1.3,0,0,0,0,1,0,0,0,0,1,1,0,0,1,0,0.359
2020,24.6,23.03,0,0,0,0,0,0,0,0,0,0,0,0,0,1,0,0.378
2020,24.8,4.16,0,1,0,0,0,0,0,0,0,0,0,0,0,1,0,0.315
2020,24.4,1.14,0,1,0,0,0,0,0,0,0,0,0,1,0,1,0,0.298
2020,22.4,6.47,1,0,0,0,1,1,0,0,0,0,0,0,0,1,0,0.437
2020,15.0,0.18,1,1,0,0,0,0,0,0,0,1,0,0,0,1,1,0.588
2020,24.0,30.0,0,0,0,0,0,0,0,0,0,0,0,0,0,1,0,0.361
2020,18.1,1.25,0,0,1,1,1,0,0,0,1,0,0,1,0,1,1,0.821
2020,19.7,7.53,0,1,0,0,0,0,0,0,0,0,0,0,0,1,0,0.336
2020,20.4,19.64,0,0,0,0,0,0,0,0,0,0,0,0,0,1,0,0.4
2020,15.0,30.0,0,0,0,0,0,0,0,0,0,0,0,0,1,1,0,0.352
2020,24.5,28.2,1,1,0,0,0,1,1,0,0,0,0,1,0,1,0,0.32
2020,18.5,2.03,0,1,0,0,1,0,0,0,0,0,0,0,0,1,0,0.317
2020,23.9,0.56,1,0,0,0,0,0,0,0,0,0,0,0,0,1,0,0.297
2020,15.0,5.61,0,0,0,1,0,0,0,0,0,0,0,0,0,1,1,0.642
2020,24.0,30.0,0,0,0,0,1,0,0,1,0,0,0,0,0,1,0,0.357
2020,15.0,20.96,0,0,0,0,0,0,0,0,0,0,0,0,0,1,0,0.329
2020,15.0,12.68,0,0,0,0,0,0,0,0,0,1,0,0,0,1,0,0.296
2020,21.5,5.02,1,1,0,1,1,0,1,0,1,1,0,1,0,1,1,0.877
2020,20.7,0.11,1,0,0,0,0,0,0,1,0,0,0,1,0,1,1,0.695
2020,20.1,3.71,1,0,0,0,1,0,0,0,0,0,0,0,0,1,0,0.385
2020,21.6,3.16,0,1,1,0,0,0,0,0,0,0,0,1,0,1,0,0.485
2020,15.0,18.33,1,0,0,0,1,0,0,0,0,0,0,1,0,1,0,0.392
2020,19.3,1.83,0,0,0,0,0,0,0,0,0,0,0,1,0,1,0,0.211
2020,24.4,5.18,0,0,0,0,0,0,0,0,0,0,0,1,0,1,0,0.253
2020,18.6,3.7,0,0,0,1,1,0,0,0,0,0,0,0,0,1,1,0.579
2020,23.3,5.95,1,0,0,0,0,0,0,0,0,0,0,0,0,1,0,0.311
2020,18.4,1.33,0,0,1,0,0,0,0,0,0,0,0,1,0,1,0,0.27
2020,21.5,3.89,0,1,0,1,1,0,0,0,0,0,0,0,0,1,1,0.717
2020,20.3,0.19,1,0,0,0,0,0,0,0,0,0,0,0,0,1,0,0.461
2020,20.5,0.08,0,0,0,0,0,0,0,0,0,0,0,0,0,1,0,0.305
2020,16.3,4.19,0,1,0,1,1,1,0,0,1,0,0,0,0,1,1,0.776
2020,20.7,3.22,0,0,0,0,0,0,0,0,0,0,0,0,0,1,0,0.248
2020,15.5,4.07,0,0,0,0,1,0,0,0,0,0,0,0,0,1,0,0.388
2020,15.0,2.07,0,0,0,0,0,0,0,0,0,0,0,1,1,1,0,0.294
2020,15.0,6.33,0,0,0,0,0,0,0,1,0,0,0,0,0,1,0,0.265
2020,17.3,3.59,0,0,0,1,0,0,0,0,0,1,0,1,0,1,1,0.673
2020,15.3,1.91,0,1,0,0,0,0,0,1,0,0,0,0,0,1,0,0.2
2020,19.2,2.74,0,1,0,1,0,0,0,0,1,0,0,0,0,1,1,0.646
2020,15.0,0.93,0,0,0,1,1,0,0,0,0,1,0,0,0,1,1,0.725
2020,15.0,3.9,0,0,0,0,0,0,0,0,0,0,0,1,0,1,0,0.241
2020,17.0,0.05,1,0,1,0,1,0,0,0,0,0,0,1,0,1,1,0.683
2020,15.0,0.9,1,1,0,0,1,1,0,0,0,1,0,0,0,1,1,0.608
2020,24.3,0.29,1,1,1,1,1,0,0,0,1,1,0,1,0,1,1,0.931
2020,15.0,25.82,0,0,1,0,1,0,0,0,0,0,0,0,0,1,0,0.335
2020,23.3,19.11,0,0,0,0,1,0,0,1,0,0,0,0,0,1,0,0.357
2020,23.3,0.14,0,0,0,0,1,0,0,0,0,0,0,1,0,1,1,0.505
2020,15.4,6.83,0,0,0,0,0,0,0,0,0,0,0,0,0,1,0,0.316
2020,23.0,3.99,1,1,1,1,1,0,0,0,0,0,0,1,0,1,1,0.818
2020,20.5,4.38,0,0,0,0,0,0,0,0,0,0,0,0,0,1,0,0.341
2020,17.3,30.0,0,0,0,0,0,0,0,0,0,0,0,0,0,1,0,0.3
2020,18.8,3.01,0,0,0,0,1,0,1,0,0,0,0,0,0,1,0,0.341
2020,21.9,4.36,0,0,0,1,0,0,0,0,0,0,0,0,0,1,1,0.518
2020,21.3,8.13,1,0,1,0,1,0,0,0,0,0,0,0,0,1,1,0.5
2020,20.5,3.16,0,0,0,0,1,0,0,0,0,0,0,0,0,1,0,0.29
2020,24.7,4.17,0,0,0,0,1,0,0,0,0,0,0,0,0,1,0,0.245
2020,20.5,4.61,0,1,1,0,1,0,0,0,0,0,0,0,1,1,1,0.526
2020,20.4,1.44,0,0,0,0,0,0,0,0,0,0,0,0,0,1,0,0.267
2020,16.4,0.99,0,0,0,0,0,0,0,0,0,0,0,0,0,1,0,0.224
2020,23.6,2.41,0,0,0,0,0,0,0,0,0,0,0,0,0,1,0,0.295
2020,19.1,14.35,0,0,0,0,0,0,0,0,0,0,0,0,0,1,0,0.255
2020,15.0,1.15,0,0,0,0,1,0,0,0,0,0,0,1,0,1,0,0.365
2020,21.4,0.2,0,0,0,0,1,0,0,1,0,0,0,1,1,1,0,0.485
2020,15.0,8.14,1,0,0,0,1,0,0,0,0,0,0,0,0,1,0,0.349
2020,15.0,3.08,1,0,0,1,1,0,0,0,1,0,0,1,0,1,1,0.777
2020,15.0,6.92,0,0,0,0,1,0,0,1,0,0,0,0,0,1,0,0.241
2020,23.8,2.15,0,0,0,0,0,1,0,0,1,0,0,1,0,1,0,0.304
2020,15.0,5.35,0,0,0,0,0,0,0,1,0,0,0,0,0,1,0,0.264
2020,16.6,0.55,1,1,1,0,1,0,0,0,0,0,0,0,0,1,1,0.646
2020,22.0,4.95,1,0,0,0,1,0,1,0,0,1,0,1,0,1,1,0.527
2020,22.1,5.45,1,1,1,0,0,0,1,0,0,0,0,0,0,1,1,0.509
2020,15.0,1.24,0,0,0,0,0,0,0,1,0,0,0,1,0,1,0,0.214
2020,15.0,4.52,1,0,0,0,1,0,0,0,0,1,0,0,0,1,0,0.411
2020,15.0,0.27,0,0,0,0,0,0,0,0,0,0,0,0,0,1,0,0.33
2020,24.6,3.25,1,0,0,0,1,1,0,0,0,0,0,0,0,1,0,0.395
2020,15.0,1.09,0,0,0,1,1,1,1,0,0,0,0,1,0,1,1,0.758
2020,15.0,1.43,0,0,0,0,0,0,0,0,0,0,0,0,0,1,0,0.271
2020,15.0,11.28,1,0,0,0,1,0,0,0,1,0,0,0,0,1,0,0.385
2020,24.5,3.23,1,0,1,0,0,0,0,1,1,0,0,0,1,1,1,0.687
2020,24.4,2.15,1,1,1,0,1,0,0,0,1,1,0,0,1,1,1,0.771
2020,23.6,0.73,0,0,0,1,1,0,0,0,0,1,0,0,0,1,1,0.753
2020,21.3,2.78,0,0,0,0,1,0,0,0,0,0,0,0,0,1,0,0.341
2020,21.7,10.07,1,0,0,0,0,0,0,0,1,1,0,1,1,1,0,0.424
2020,15.0,8.23,1,1,1,1,1,0,0,0,0,1,0,1,1,1,1,0.923
2020,21.9,27.24,0,1,0,0,1,0,0,0,0,0,0,0,0,1,0,0.453
2020,23.2,6.38,1,1,0,0,1,0,0,1,0,1,0,1,0,1,0,0.475
2020,23.0,0.86,0,0,0,0,0,0,0,0,0,1,0,1,0,1,0,0.225
2020,23.4,8.67,0,0,0,0,0,0,0,0,0,0,0,0,0,1,0,0.237
2020,21.8,5.55,1,0,0,0,1,0,0,1,0,0,0,1,0,1,0,0.397
2020,15.0,24.5,1,0,0,1,0,0,0,0,0,0,0,0,0,1,1,0.642
2020,15.0,8.07,1,0,1,1,0,0,0,0,0,0,0,1,1,1,1,0.769
2020,24.2,1.19,0,0,0,0,1,0,0,0,0,0,0,0,0,1,0,0.397
2020,24.8,5.48,0,0,0,0,0,0,0,0,0,0,0,0,1,1,0,0.281
2020,15.0,2.41,0,0,0,0,0,0,0,0,0,0,0,0,0,1,0,0.273
2020,22.5,12.47,0,1,0,1,1,0,0,0,0,0,0,0,0,1,0,0.461
2020,15.0,3.32,1,0,0,1,1,1,0,0,0,0,0,0,0,1,1,0.721
2020,15.0,2.69,0,1,0,0,0,0,0,1,1,0,0,0,0,1,0,0.377
2020,21.1,3.47,0,0,0,0,0,0,0,0,0,0,0,0,0,1,0,0.279
2020,23.7,2.22,1,0,0,1,0,0,0,1,0,0,0,1,0,1,1,0.602
2020,21.3,4.6,0,1,0,1,1,0,0,0,1,0,0,0,0,1,1,0.636
2020,17.2,0.43,0,0,0,0,1,0,0,0,0,0,0,0,1,1,0,0.369
2020,16.3,1.06,0,0,1,0,1,1,0,0,0,1,0,0,0,1,1,0.599
2020,22.7,2.27,0,0,0,1,0,0,0,0,0,0,0,0,0,1,0,0.405
2020,21.4,2.6,0,0,0,0,1,1,0,0,0,0,0,0,0,1,0,0.4
2020,19.5,4.83,1,0,1,0,1,0,0,0,0,0,0,0,0,1,0,0.468
2020,15.0,19.55,0,0,0,0,0,0,0,0,0,0,0,0,0,1,0,0.442
2020,20.4,4.0,0,0,0,0,1,0,1,0,0,0,0,0,0,1,0,0.394
2020,22.8,1.23,1,1,1,1,1,0,1,0,1,0,0,1,0,1,1,0.792
2020,16.8,8.95,1,0,1,1,1,0,0,0,0,0,0,0,0,1,1,0.717
2020,24.0,30.0,0,0,1,0,1,0,0,0,0,0,0,0,0,1,0,0.304
2020,15.0,1.69,1,1,0,0,1,0,0,0,0,0,0,1,0,1,0,0.457
2020,15.0,2.64,0,1,1,1,1,0,0,0,1,0,0,0,0,1,1,0.868
2020,15.4,1.21,0,1,0,0,0,1,0,0,0,0,0,0,0,1,0,0.285
2020,17.0,3.12,1,1,0,1,1,0,0,0,0,0,0,0,0,1,1,0.759
2020,15.0,2.4,1,0,1,0,0,1,0,0,0,0,0,1,1,1,0,0.463
2020,16.9,30.0,0,0,0,0,0,0,0,0,0,0,0,1,0,1,0,0.242
2020,24.2,5.2,0,0,0,0,0,0,0,0,0,0,0,0,0,1,0,0.375
2020,20.5,2.73,1,0,0,0,1,0,0,0,0,0,0,0,0,1,0,0.442
2020,20.2,2.83,0,1,0,0,0,0,0,0,0,0,0,0,0,1,0,0.339
2020,15.0,7.32,0,0,0,0,0,0,1,1,0,0,0,0,0,1,0,0.243
2020,22.0,7.1,0,0,0,0,0,1,0,0,0,1,0,1,0,1,0,0.329
2020,15.0,2.15,0,1,1,0,0,0,0,0,0,0,0,1,0,1,1,0.531
2020,23.8,1.23,0,0,0,0,0,0,0,0,0,0,0,1,0,1,0,0.256
2020,19.9,2.02,0,0,0,0,0,0,0,0,0,0,0,0,0,1,0,0.357
2020,21.4,6.49,0,0,0,0,0,0,0,0,0,0,0,1,1,1,0,0.21
2020,15.0,5.29,0,0,1,0,0,0,0,0,0,0,0,0,0,1,0,0.393
2020,15.0,4.45,0,0,0,0,1,0,0,0,0,0,0,0,0,1,0,0.314
2020,23.8,3.73,1,0,1,1,1,0,0,1,0,0,0,1,0,1,1,0.664
2020,24.9,13.37,0,0,0,1,1,1,0,0,0,0,0,0,0,1,1,0.603
2020,15.0,30.0,1,1,0,1,0,0,0,1,0,0,0,0,0,1,1,0.814
2020,18.7,3.15,1,0,0,0,0,1,0,0,0,0,0,0,0,1,0,0.361
2020,21.3,7.63,0,0,0,0,0,0,0,0,0,0,0,0,0,1,0,0.295
2020,18.4,0.95,0,0,0,0,0,0,1,0,0,0,0,1,0,1,0,0.241
2020,15.0,10.25,1,1,1,1,1,0,0,0,0,0,0,1,0,1,1,0.881
2020,18.3,15.91,0,1,0,0,1,0,0,0,0,0,0,0,0,1,0,0.396
2020,15.3,30.0,0,0,1,0,1,0,0,0,0,0,0,0,0,1,0,0.425
2020,23.1,12.48,1,1,0,0,0,0,0,0,0,0,0,0,0,1,0,0.241
2020,18.9,0.83,0,0,0,0,0,0,0,1,0,0,0,0,0,1,0,0.328
2020,19.0,10.83,0,0,0,0,0,0,0,0,0,0,0,0,0,1,0,0.314
2020,15.0,1.16,1,1,1,1,1,1,0,0,0,0,0,0,0,1,1,0.848
2020,20.1,7.67,0,0,0,0,0,0,0,0,0,0,0,0,0,1,0,0.241
2020,15.0,30.0,1,1,0,0,1,0,0,0,0,0,0,0,0,1,0,0.46
2020,22.1,2.71,1,1,0,0,1,0,0,0,0,0,0,0,0,1,0,0.499
2020,20.2,30.0,0,0,0,0,0,0,0,0,0,0,0,0,0,1,0,0.305
2020,15.0,20.31,0,0,0,0,1,0,1,0,0,0,0,1,0,1,0,0.444
2020,15.1,4.32,0,0,0,1,1,0,0,0,0,0,0,0,0,1,1,0.615
2020,15.0,8.65,1,0,0,0,0,0,0,0,0,0,0,0,0,1,0,0.36
2020,24.6,0.2,0,0,0,0,1,0,0,0,0,0,0,0,0,1,0,0.178
2020,19.0,1.29,0,0,0,0,0,0,0,0,0,0,0,0,0,1,0,0.274
2020,20.2,3.25,1,0,1,0,0,0,0,0,0,0,0,0,0,1,0,0.476
2020,22.1,2.88,0,0,0,0,0,0,0,0,0,0,0,0,1,1,0,0.249
2020,21.2,0.84,1,0,1,0,1,0,0,0,0,0,0,1,1,1,1,0.571
2020,15.0,12.54,1,0,0,0,0,0,0,0,0,0,0,0,0,1,0,0.268
2020,23.1,30.0,1,0,0,1,1,0,0,1,0,0,0,0,0,1,1,0.648
2020,19.8,2.07,1,0,0,0,0,0,0,0,0,0,0,0,0,1,0,0.416
2020,15.1,19.03,0,0,0,0,0,0,0,1,0,0,0,0,0,1,0,0.34
2020,23.2,7.03,0,0,0,0,1,0,1,0,0,0,0,0,0,1,0,0.369
2020,21.3,1.92,0,0,0,1,0,0,0,0,0,0,0,1,0,1,1,0.547
2020,15.0,7.99,0,0,0,0,0,0,0,0,0,0,0,1,0,1,0,0.244
2020,23.1,1.51,0,0,0,0,1,1,0,0,0,0,0,0,0,1,0,0.357
2020,15.0,3.15,0,1,0,1,1,0,0,0,0,1,0,1,0,1,1,0.772
2020,19.3,4.9,1,0,0,1,1,0,0,0,0,0,0,0,0,1,1,0.598
2020,15.6,13.28,1,0,0,0,0,0,0,0,0,0,0,0,0,1,0,0.384
2020,19.4,11.58,0,0,0,0,0,0,0,0,0,0,0,0,0,1,0,0.255
2020,15.0,0.85,1,0,0,1,1,0,0,0,0,0,1,0,0,1,1,0.771
2020,24.1,1.8,0,0,0,1,1,0,0,0,0,0,0,0,0,1,1,0.575
2020,24.2,0.06,0,1,1,0,1,1,0,0,0,0,0,0,0,1,1,0.699
2020,15.0,3.66,0,0,0,0,0,0,0,0,0,0,0,0,0,1,0,0.273
2020,15.0,2.07,1,0,0,0,0,0,0,0,0,0,0,1,0,1,0,0.334
2020,21.3,2.41,0,1,0,1,1,0,0,0,0,0,0,0,0,1,1,0.596
2020,18.7,0.93,0,0,0,0,0,0,0,0,0,0,0,0,0,1,0,0.365
2020,23.6,1.26,0,0,0,0,0,0,0,0,0,0,0,0,0,1,0,0.368
2020,24.9,15.63,0,1,0,1,0,0,0,0,0,0,0,0,0,1,0,0.235
2020,23.0,1.13,0,0,0,0,1,0,0,0,0,0,0,1,0,1,0,0.218
2020,17.6,9.78,0,0,0,0,0,0,0,0,0,0,0,0,0,1,0,0.285
2020,15.0,8.64,0,0,0,0,1,0,0,0,0,0,0,0,0,1,0,0.267
2020,21.9,4.47,1,0,0,1,1,0,0,0,0,0,0,1,0,1,1,0.646
2020,23.1,1.07,0,0,0,0,1,0,0,0,0,0,0,0,0,1,0,0.341
2020,17.9,1.82,0,0,0,1,1,0,0,0,1,1,0,1,0,1,1,0.652
2020,15.0,4.35,1,0,0,1,1,0,0,0,0,0,0,1,0,1,1,0.701
2020,20.8,27.56,0,1,0,0,0,0,1,0,1,0,0,0,1,1,0,0.235
2020,15.0,3.72,0,0,0,0,0,0,0,0,0,0,0,1,0,1,0,0.232
2020,17.1,3.04,1,0,1,1,1,0,0,0,0,0,0,1,0,1,1,0.752
2020,16.7,1.69,0,0,0,1,1,0,0,0,0,1,0,1,0,1,1,0.824
2020,17.8,3.06,0,0,0,0,0,0,1,0,0,0,0,0,0,1,0,0.237
2020,17.5,30.0,0,0,0,0,0,0,0,0,0,0,0,0,0,1,0,0.284
2020,15.0,7.04,1,0,0,0,0,0,0,0,0,0,0,0,0,1,0,0.343
2020,15.5,5.61,0,1,0,1,1,0,0,0,0,0,0,1,0,1,1,0.733
2020,15.0,13.97,0,0,0,0,0,0,0,0,0,0,0,0,0,1,0,0.264
2020,15.0,2.81,0,0,0,0,0,0,0,0,0,0,0,0,0,1,0,0.335
2020,15.5,1.61,1,1,0,1,0,0,0,0,1,0,0,0,0,1,1,0.834
2020,18.8,9.5,0,0,1,0,0,0,1,0,0,0,0,1,0,1,0,0.277
2020,15.0,6.08,0,0,0,0,0,0,0,0,0,0,0,0,1,1,0,0.225
2020,19.0,0.08,1,1,1,0,1,0,0,0,0,0,1,0,0,1,1,0.616
2020,18.9,7.9,0,0,0,0,0,0,0,0,0,0,0,0,0,1,0,0.371
2020,24.8,1.63,0,0,0,0,0,0,0,0,0,0,0,0,0,1,0,0.367
2020,15.0,1.48,1,0,1,0,0,0,0,0,0,0,0,0,0,1,0,0.466
2020,21.7,0.16,1,1,0,1,1,0,0,0,0,0,0,0,0,1,1,0.741
2020,16.4,8.6,0,0,1,0,0,0,0,0,0,0,0,1,0,1,0,0.33
2020,22.9,6.61,0,0,0,0,0,0,0,1,0,1,0,1,0,1,0,0.383
2020,15.0,3.68,0,0,0,0,1,0,0,0,0,0,0,0,0,1,0,0.273
2020,23.0,2.18,0,0,0,0,0,0,0,0,0,0,0,0,0,1,0,0.22
2020,15.0,1.72,1,0,1,0,0,0,0,1,1,0,0,0,0,1,0,0.479
2020,15.0,10.49,0,0,0,0,0,0,0,0,0,0,0,0,0,1,0,0.196
2020,16.4,8.33,0,1,0,0,0,0,0,0,0,0,0,0,0,1,0,0.32
2020,15.6,15.33,0,1,0,0,1,0,0,1,0,0,0,0,0,1,0,0.435
2020,24.5,3.6,0,1,0,1,1,0,0,0,0,0,0,0,0,1,1,0.697
2020,16.2,1.29,0,0,0,0,0,0,0,0,0,0,0,0,0,1,0,0.244
2020,15.0,1.09,1,0,0,0,0,0,0,0,0,0,0,0,0,1,1,0.52
2020,24.8,5.63,0,0,0,1,1,0,0,0,0,0,0,1,0,1,1,0.626
2020,21.1,1.95,0,0,0,1,1,0,1,1,1,0,0,1,0,1,1,0.716
2020,23.4,1.85,0,0,1,0,1,0,0,0,0,0,0,1,0,1,0,0.32
2020,19.7,0.48,1,0,1,0,1,0,0,0,0,0,0,0,0,1,1,0.665
2020,18.2,0.84,1,0,1,0,1,0,0,0,0,0,0,0,0,1,1,0.558
2020,15.0,3.16,0,0,0,1,1,0,0,0,0,1,0,0,0,1,1,0.701
2020,22.3,0.45,0,1,0,1,1,0,0,0,0,1,0,0,1,1,1,0.788
2020,19.9,0.47,1,1,0,0,1,0,0,0,0,0,0,0,0,1,1,0.635
2020,16.0,2.14,1,1,0,0,0,0,0,0,0,1,0,0,0,1,1,0.542
2020,22.2,2.38,1,0,1,0,0,0,0,0,0,0,0,0,0,1,0,0.422
2020,22.6,3.82,1,1,0,0,1,0,0,0,0,0,0,1,0,1,0,0.414
2020,15.0,2.65,1,1,0,0,1,0,0,0,0,0,0,1,0,1,1,0.516
2020,23.7,16.8,0,0,0,0,0,0,0,1,0,0,0,0,0,1,0,0.351
2020,23.0,13.46,0,0,0,0,1,0,1,0,0,0,0,0,0,1,0,0.383
2020,17.2,0.53,0,0,0,0,0,0,0,0,0,0,0,1,0,1,0,0.249
2020,15.0,9.45,1,1,0,1,1,0,1,1,1,1,1,0,0,1,1,0.931
2020,22.5,2.15,1,1,0,1,1,1,1,1,0,0,0,0,0,1,1,0.828
2020,15.0,30.0,0,0,0,0,0,0,0,0,0,0,0,0,0,1,0,0.364
2020,19.8,1.24,0,0,1,1,1,0,0,0,0,0,0,0,0,1,1,0.77
2020,24.8,12.69,0,1,1,0,1,0,0,0,0,0,0,0,0,1,1,0.673
2020,21.4,3.11,0,0,0,0,0,0,0,0,0,0,0,0,1,1,0,0.256
2020,22.6,1.83,0,1,0,0,0,0,0,0,0,0,0,0,0,1,0,0.209
2020,17.6,0.42,1,1,1,0,0,0,0,0,0,0,0,1,0,1,1,0.526
2020,18.5,2.23,0,0,0,0,0,0,0,0,0,0,0,0,0,1,0,0.252
2020,22.4,0.68,0,0,0,0,0,0,0,0,0,0,0,0,0,1,0,0.381
2020,18.9,0.78,0,0,0,0,0,0,0,0,0,0,0,1,0,1,0,0.258
2020,22.2,1.93,1,1,0,1,1,0,0,0,1,0,0,0,0,1,1,0.808
2020,22.1,12.34,0,0,0,0,0,0,0,0,0,0,0,0,0,1,0,0.17
2020,16.2,8.11,1,1,0,0,1,0,0,0,0,0,0,0,0,1,0,0.364
2020,21.3,0.32,1,0,0,0,0,0,0,0,0,0,1,0,0,1,0,0.345
2020,20.5,1.87,0,0,0,0,0,0,0,0,0,1,0,0,0,1,0,0.281
2020,21.9,7.28,0,0,0,0,1,0,0,0,0,0,0,0,0,1,0,0.364
2020,15.0,4.73,0,0,0,0,0,0,0,1,0,0,0,0,0,1,0,0.237
2020,15.0,6.74,1,1,0,1,1,0,0,0,0,0,0,0,0,1,1,0.747
2020,23.2,3.12,0,0,0,0,0,0,0,0,0,0,0,0,0,1,0,0.241
2020,19.6,1.38,0,0,0,0,0,0,0,0,0,0,0,0,0,1,0,0.286
2020,16.1,2.79,0,0,1,0,1,0,0,0,0,0,1,1,0,1,0,0.418
2020,15.0,4.95,0,0,0,0,0,0,0,0,0,0,0,0,0,1,0,0.266
2020,20.1,3.8,0,0,0,0,0,0,0,0,0,0,0,1,0,1,0,0.267
2020,17.7,6.98,0,0,0,0,0,0,0,0,0,0,0,0,0,1,0,0.307
2020,21.4,1.95,0,0,0,0,0,0,0,0,0,0,0,0,0,1,0,0.464
2020,15.0,1.03,0,0,0,0,1,0,0,1,0,0,0,0,0,1,0,0.327
2020,19.0,5.28,1,0,0,0,0,0,1,0,0,0,0,0,1,1,0,0.273
2020,20.5,5.43,0,1,0,0,0,0,0,0,0,0,0,0,0,1,0,0.387
2020,17.6,3.8,0,1,1,1,1,0,0,0,0,0,0,1,0,1,1,0.837
2020,15.0,6.11,0,0,0,0,0,0,0,0,0,0,0,1,0,1,0,0.253
2020,18.5,3.77,0,0,0,0,1,0,0,0,0,0,0,0,0,1,0,0.286
2020,24.0,22.79,0,0,1,0,0,0,0,1,0,0,0,0,0,1,0,0.338
2020,18.9,1.18,0,0,0,0,0,0,0,0,0,0,0,0,0,1,0,0.338
2020,22.7,0.3,0,1,0,1,1,1,0,0,0,0,0,0,0,1,1,0.743
2020,23.6,12.42,0,0,0,0,0,0,0,1,0,0,0,0,0,1,0,0.172
2020,21.7,3.04,0,0,1,0,0,0,0,0,0,0,0,0,0,1,0,0.362
2020,17.0,30.0,1,1,0,0,0,0,0,0,0,0,0,0,0,1,0,0.404
2020,22.1,0.53,1,1,1,1,0,0,0,0,0,0,0,0,0,1,1,0.556
2020,22.9,6.87,1,0,0,0,1,0,0,0,0,0,0,0,0,1,0,0.385
2020,15.0,1.89,0,0,0,0,0,0,0,0,0,0,0,1,0,1,0,0.209
2020,15.0,7.82,0,1,0,1,1,0,0,0,0,0,1,0,0,1,1,0.705
2020,23.4,18.43,0,1,0,0,0,0,0,0,0,0,0,0,0,1,0,0.441
2020,15.0,5.37,0,0,1,1,0,0,0,0,0,0,0,1,0,1,1,0.658
2020,21.0,3.5,0,1,0,0,0,0,0,1,0,0,0,0,0,1,0,0.257
2020,16.0,15.52,0,0,0,0,1,0,0,0,0,0,0,0,0,1,0,0.397
2020,19.5,30.0,1,1,1,1,1,0,0,0,0,0,1,1,0,1,1,0.884
2020,23.2,1.58,1,1,0,0,0,0,0,0,1,0,0,0,0,1,0,0.426
2020,15.0,3.91,1,1,1,0,0,0,0,0,0,0,0,0,0,1,1,0.586
2020,24.8,2.13,0,0,0,0,0,0,0,0,0,0,1,0,0,1,0,0.27
2020,23.2,0.69,0,0,0,0,1,0,1,0,0,0,0,0,0,1,0,0.346
2020,17.8,2.75,0,0,1,0,0,0,0,0,0,0,0,0,0,1,0,0.446
2020,15.1,0.55,0,0,0,0,0,0,0,0,0,0,0,0,0,1,0,0.321
2020,17.5,4.03,0,0,0,1,1,0,0,0,0,1,0,0,0,1,1,0.727
2020,23.4,5.76,1,1,0,1,1,1,0,0,0,0,0,0,0,1,1,0.751
2020,24.2,1.7,1,0,1,0,1,0,1,0,1,0,0,0,0,1,1,0.664
2020,20.1,1.41,0,0,0,1,1,0,1,0,0,0,1,0,0,1,1,0.745
2020,17.7,10.43,0,0,0,0,1,0,0,1,0,0,0,1,0,1,0,0.295
2020,21.6,12.95,0,1,0,1,1,0,0,0,0,0,0,1,0,1,1,0.771
2020,15.0,1.06,1,0,0,0,1,1,0,0,0,0,0,0,0,1,0,0.461
2020,18.3,5.76,0,0,0,0,0,0,0,1,0,0,0,0,0,1,0,0.28
2020,21.5,6.18,0,0,0,0,0,0,0,0,0,0,0,0,0,1,0,0.323
2020,15.0,3.9,1,0,0,0,0,0,0,0,0,1,0,0,0,1,0,0.401
2020,15.0,4.59,0,0,0,0,1,0,0,0,0,0,0,1,0,1,0,0.259
2020,19.0,3.6,0,0,0,0,0,0,0,0,0,0,0,0,0,1,0,0.319
2020,22.2,0.34,1,0,0,1,1,0,0,0,1,0,1,1,0,1,1,0.771
2020,23.9,17.04,0,0,0,0,0,0,0,0,0,0,0,1,0,1,0,0.266
2020,21.9,3.31,0,1,1,1,0,0,0,0,0,0,1,0,0,1,1,0.663
2020,24.0,0.63,0,0,0,0,1,0,0,0,0,0,0,0,0,1,0,0.271
2020,15.0,1.39,1,0,0,1,0,1,0,0,0,0,0,0,1,1,1,0.795
2020,17.5,1.64,1,0,0,0,0,0,1,1,0,0,0,1,0,1,0,0.296
2020,15.9,2.13,1,0,1,0,1,0,0,0,0,1,0,1,0,1,1,0.713
2020,15.0,2.1,1,1,0,1,1,0,0,1,0,0,1,1,0,1,1,0.779
2020,23.5,5.26,0,1,0,0,1,0,0,0,0,0,0,0,0,1,0,0.338
2020,16.1,1.75,0,0,0,0,1,0,0,0,0,0,0,0,0,1,0,0.278
2020,15.0,1.04,0,1,0,0,1,0,0,0,0,0,0,0,0,1,0,0.355
2020,19.3,30.0,0,0,0,0,1,0,0,0,0,0,0,0,0,1,0,0.426
2020,20.6,2.3,0,0,0,0,0,0,0,0,0,0,0,0,0,1,0,0.246
2020,15.0,2.45,0,0,0,0,0,0,0,0,0,0,0,0,0,1,0,0.312
2020,22.6,0.96,1,0,0,0,1,0,0,0,0,0,0,0,0,1,0,0.428
2020,23.4,0.73,1,1,0,0,0,0,0,0,0,1,0,0,0,1,0,0.456
2020,22.8,3.13,1,1,1,1,1,0,0,0,0,0,0,0,0,1,1,0.769
2020,15.0,1.03,1,1,0,0,1,0,0,1,0,0,0,1,0,1,0,0.492
2020,18.5,4.53,1,1,0,1,0,0,0,1,0,0,0,0,0,1,1,0.651
2020,20.6,0.34,0,0,0,1,0,0,0,0,0,0,0,0,0,1,0,0.388
2020,15.0,2.42,0,1,0,0,0,0,0,0,0,0,0,1,0,1,0,0.288
2020,16.4,3.37,0,0,0,0,0,0,0,0,0,0,0,1,0,1,0,0.234
2020,17.6,1.8,1,0,0,1,1,0,0,0,0,0,0,0,0,1,1,0.643
2020,15.0,8.0,1,1,0,1,1,0,0,1,0,0,0,0,0,1,1,0.801
2020,15.0,10.42,1,0,0,1,0,1,0,0,0,0,0,0,0,1,1,0.678
2020,17.3,0.75,0,0,0,0,0,0,0,0,0,0,0,0,0,1,0,0.295
2020,24.7,10.48,1,1,0,0,0,0,0,0,0,0,0,0,0,1,0,0.249
2020,15.0,13.63,0,0,1,0,0,0,1,0,1,0,0,0,0,1,0,0.367
2020,15.0,0.05,1,0,0,0,1,0,0,0,0,0,0,1,0,1,1,0.718
2020,17.6,0.55,0,0,0,1,0,0,1,0,0,0,0,0,0,1,1,0.515
2020,23.2,30.0,0,0,0,0,0,0,0,1,1,0,0,0,0,1,0,0.241
2020,17.2,5.76,0,0,0,0,0,0,0,1,0,0,0,0,0,1,0,0.27
2020,20.5,8.93,0,0,0,1,1,0,0,0,1,0,0,0,0,1,1,0.572
2020,17.1,4.97,0,0,0,0,1,0,0,0,0,0,0,0,0,1,0,0.34
2020,15.0,1.75,1,1,0,1,1,0,0,0,0,0,0,1,0,1,1,0.746
2020,16.7,1.36,0,0,0,0,0,0,0,0,0,0,0,0,0,1,0,0.262
2020,18.2,3.42,0,1,0,0,1,0,0,0,0,0,0,0,0,1,0,0.318
2020,18.7,0.57,0,0,1,0,1,0,0,0,0,0,0,0,0,1,1,0.502
2020,18.3,3.97,0,0,0,0,0,0,0,1,0,0,0,1,0,1,0,0.302
2020,15.0,0.64,0,0,0,1,1,0,0,0,0,0,0,0,0,1,1,0.697
2020,21.5,1.45,1,1,0,0,0,0,0,0,0,0,0,0,0,1,1,0.522
2020,22.8,3.65,0,0,0,0,0,0,0,1,0,0,0,0,0,1,0,0.216
2020,15.0,1.05,0,0,0,0,0,0,0,0,0,0,0,0,0,1,0,0.365
2020,19.9,6.07,1,1,1,0,1,0,1,0,1,0,0,0,0,1,1,0.697
2020,16.5,8.94,1,1,0,1,1,0,1,0,0,1,0,1,0,1,1,0.899
2020,20.6,2.75,0,0,0,0,0,0,0,0,0,0,0,0,0,1,0,0.306
2020,15.0,3.61,0,0,0,0,0,0,0,0,0,0,0,0,0,1,0,0.278
2020,19.7,16.54,1,0,0,0,0,0,0,0,0,0,1,0,0,1,1,0.639
2020,15.0,3.02,0,0,0,0,0,0,0,0,0,0,0,0,0,1,0,0.281
2020,23.1,6.57,1,1,0,0,0,0,0,1,0,0,0,1,0,1,0,0.353
2020,21.8,2.41,0,0,0,0,0,0,0,0,0,0,0,0,0,1,0,0.249
2020,20.2,1.03,1,0,1,0,1,0,0,0,1,0,0,0,0,1,1,0.603
2020,22.9,0.82,0,0,0,0,1,0,0,0,0,0,0,0,0,1,0,0.403
2020,16.8,2.42,0,0,0,0,0,0,0,0,0,0,0,0,0,1,0,0.295
2020,22.4,3.21,1,0,0,1,1,0,0,0,0,0,0,0,0,1,1,0.651
2020,15.0,4.92,0,1,0,0,0,0,0,0,0,0,1,0,0,1,0,0.263
2020,20.4,1.2,1,1,0,0,1,0,0,0,0,0,0,0,0,1,1,0.548
2020,15.0,4.4,1,1,0,1,1,1,1,0,0,1,1,0,0,1,1,0.879
2020,15.0,1.89,0,0,0,1,0,0,0,0,0,0,0,0,0,1,1,0.57
2020,22.3,30.0,0,0,0,1,1,0,0,0,1,0,1,0,0,1,1,0.743
2020,18.6,5.85,1,1,0,0,1,0,0,0,0,0,0,0,0,1,0,0.448
2020,22.7,1.61,1,1,0,1,1,0,0,0,0,1,0,0,0,1,1,0.831
2020,20.9,12.22,0,0,0,1,0,0,0,0,0,0,0,1,0,1,0,0.403
2020,15.0,2.26,0,0,0,1,1,0,0,0,0,0,0,0,1,1,1,0.522
2020,15.0,1.74,1,0,1,0,1,0,0,0,1,1,0,0,0,1,1,0.535
2020,15.0,0.55,1,1,0,1,1,0,0,0,0,0,0,0,0,1,1,0.766
2020,22.9,6.94,0,0,0,0,0,0,0,0,0,0,0,0,0,1,0,0.364
2020,15.0,5.77,0,0,0,0,1,0,0,0,0,0,0,0,0,1,0,0.327
2020,24.2,0.68,1,1,1,0,1,0,0,0,0,0,0,0,1,1,1,0.783
2020,21.1,7.47,0,0,1,0,1,0,0,0,0,1,0,1,0,1,1,0.55
2020,20.9,1.19,0,0,0,0,1,0,1,0,0,0,0,0,0,1,0,0.332
2020,16.0,3.12,0,0,0,0,0,0,0,0,0,0,0,0,0,1,0,0.264
2020,18.1,1.32,0,0,0,0,0,0,0,1,0,0,0,1,0,1,0,0.206
2020,20.8,8.95,0,0,0,0,1,0,0,0,0,0,0,0,0,1,0,0.265
2020,15.0,2.58,1,1,0,1,1,0,0,0,0,0,0,0,0,1,1,0.81
2020,15.0,2.29,1,0,0,0,0,0,0,0,0,0,0,0,0,1,0,0.313
2020,15.2,1.13,1,0,1,0,1,0,0,0,0,0,0,0,0,1,1,0.572
2020,15.1,1.97,1,1,0,1,1,1,0,1,0,0,0,0,0,1,1,0.836
2020,15.0,6.75,1,1,0,0,0,0,0,0,0,0,0,0,0,1,0,0.457
2020,15.0,2.98,0,0,0,0,1,0,0,0,0,0,0,1,0,1,0,0.308
2020,18.8,9.83,1,1,0,0,1,0,0,1,0,0,0,0,0,1,1,0.511
2020,15.0,8.34,0,0,1,0,0,0,0,0,0,0,0,0,0,1,0,0.366
2020,22.7,2.84,0,0,0,0,0,0,0,0,0,0,0,0,0,1,0,0.252
2020,15.0,0.35,0,0,0,0,0,0,0,0,0,1,0,1,0,1,0,0.239
2020,24.1,7.33,0,0,0,0,0,0,0,1,0,0,0,0,0,1,0,0.303
2020,21.3,3.14,1,0,1,0,0,1,0,0,0,0,0,0,0,1,0,0.384
2020,15.0,17.48,0,1,0,0,0,0,0,0,0,0,0,0,0,1,0,0.448
2020,15.0,0.9,0,0,1,0,1,0,0,1,0,0,0,1,0,1,1,0.508
2020,23.6,4.64,0,0,0,0,0,0,0,0,0,0,0,0,0,1,0,0.313
2020,22.0,4.52,1,1,1,1,1,1,0,1,1,0,0,1,0,1,1,0.922
2020,15.0,11.72,0,1,0,1,1,0,0,0,0,0,1,0,1,1,1,0.654
2020,19.9,1.97,1,1,1,0,1,0,0,0,0,0,0,1,1,1,1,0.687
2020,24.9,3.11,0,1,0,1,1,0,1,0,0,0,0,0,0,1,0,0.405
2020,15.0,30.0,0,1,0,0,1,0,0,0,1,0,1,0,0,1,0,0.45
2020,15.0,3.65,1,0,1,0,1,0,0,0,0,0,0,0,0,1,0,0.472
2020,20.0,2.21,0,0,0,0,0,0,0,0,0,0,0,1,0,1,0,0.274
2020,17.3,8.84,0,0,0,0,0,0,0,0,0,0,0,1,0,1,0,0.206
2020,15.0,1.68,0,0,0,1,1,0,0,0,0,0,0,0,0,1,1,0.757
2020,19.9,4.44,0,1,0,0,0,1,1,1,0,0,0,0,0,1,0,0.385
2020,19.6,9.85,1,1,0,0,1,0,0,0,0,0,0,1,0,1,0,0.445
2020,21.6,1.5,1,1,0,1,1,0,0,0,0,0,0,0,0,1,1,0.798
2020,24.4,2.46,0,0,0,0,1,0,0,0,0,0,0,0,0,1,0,0.284
2020,24.1,1.2,0,1,0,0,0,0,0,0,0,0,0,1,0,1,0,0.231
2020,23.9,2.93,1,1,0,0,1,0,0,0,0,0,0,1,0,1,0,0.466
2020,18.1,4.56,0,1,0,1,0,1,0,0,1,1,0,1,0,1,1,0.755
2020,15.0,5.32,0,0,0,0,0,0,0,0,0,1,0,0,0,1,0,0.3
2020,15.0,11.86,0,0,0,0,0,0,0,0,0,0,0,1,0,1,0,0.233
2020,15.9,1.04,0,0,0,0,0,0,0,0,0,0,0,0,0,1,0,0.424
2020,21.2,2.3,0,0,0,0,0,0,1,0,0,0,0,0,0,1,0,0.219
2020,16.8,4.37,1,0,0,0,0,0,0,0,0,0,0,0,0,1,0,0.396
2020,24.1,2.23,1,0,0,0,1,0,0,0,0,0,0,0,0,1,0,0.34
2020,16.8,9.84,0,1,0,0,1,0,0,0,0,0,0,0,0,1,0,0.351
2020,15.0,4.13,1,0,1,0,0,0,0,1,0,0,0,1,0,1,1,0.504
2020,24.7,1.84,1,1,0,0,1,0,0,0,0,0,0,0,0,1,0,0.439
2020,15.0,0.31,0,0,0,0,0,0,0,0,0,0,0,0,0,1,0,0.317
2020,15.0,2.07,0,0,0,0,0,0,0,1,0,0,0,0,0,1,0,0.255
2020,19.4,0.11,1,1,0,0,1,0,0,0,1,0,1,0,0,1,1,0.6
2020,24.7,5.28,0,0,0,0,1,0,0,0,0,0,1,0,0,1,0,0.363
2020,20.8,1.26,1,1,1,0,1,1,0,1,0,0,0,1,1,1,1,0.706
2020,22.5,0.15,1,0,0,1,1,0,0,0,0,0,0,0,0,1,1,0.546
2020,16.8,5.43,0,0,0,0,0,0,0,0,0,0,0,0,0,1,0,0.352
2020,16.1,6.27,0,0,0,0,1,0,0,0,0,0,0,0,0,1,0,0.291
2020,15.0,0.95,0,0,0,0,0,0,0,1,1,0,0,0,0,1,0,0.252
2020,15.0,1.2,1,0,0,0,0,0,0,1,0,0,0,1,0,1,0,0.389
2020,20.4,1.06,0,0,1,1,1,0,0,0,0,0,0,0,0,1,1,0.717
2020,19.3,3.71,0,0,0,1,0,0,0,0,0,0,0,0,0,1,1,0.625
2020,18.4,0.7,0,0,0,0,0,0,0,0,0,0,0,0,0,1,0,0.362
2020,24.8,30.0,0,0,0,0,0,0,0,1,0,0,0,0,0,1,0,0.304
2020,20.8,3.72,0,0,0,0,0,0,0,0,0,0,0,0,1,1,0,0.231
2020,23.1,2.4,1,0,0,0,0,0,0,0,0,0,0,0,0,1,0,0.272
2020,15.0,9.23,0,0,0,0,0,0,0,0,1,0,0,0,0,1,0,0.214
2020,23.3,3.25,1,0,0,0,0,0,1,0,0,0,0,0,1,1,0,0.355
2020,15.0,1.18,0,0,0,0,0,0,0,0,0,1,0,0,0,1,0,0.319
2020,24.0,0.38,0,0,0,1,1,0,0,0,0,0,0,0,0,1,1,0.513
2020,15.0,1.49,0,0,0,1,1,0,0,1,0,0,0,0,0,1,1,0.691
2020,16.9,0.21,1,0,1,1,1,0,0,0,0,0,0,0,0,1,1,0.81
2020,23.7,6.59,1,1,1,0,0,0,0,0,0,1,0,0,0,1,1,0.525
2020,23.2,0.26,0,0,0,0,1,0,0,0,0,0,0,0,0,1,0,0.183
2020,18.7,1.09,0,0,0,1,0,0,0,0,0,0,0,0,0,1,1,0.645
2020,18.1,4.16,0,1,1,1,1,0,0,1,0,0,0,1,0,1,1,0.89
2020,19.5,1.21,0,0,0,0,0,0,0,0,0,0,0,0,0,1,0,0.35
2020,24.8,0.05,0,1,0,1,0,0,0,1,0,0,0,0,0,1,1,0.544
2020,18.7,1.79,0,0,0,0,1,1,0,0,0,0,0,1,0,1,0,0.266
2020,18.9,1.45,1,0,0,1,1,0,1,1,1,0,0,0,0,1,1,0.814
2020,22.4,3.38,0,0,0,0,0,0,0,0,0,0,0,0,0,1,0,0.263
2020,15.0,20.36,0,0,0,0,0,0,0,0,0,0,0,1,0,1,0,0.43
2020,24.6,1.0,1,1,0,1,0,0,0,1,0,0,0,1,0,1,1,0.686
2020,17.1,4.41,0,0,0,0,0,0,0,0,0,0,0,0,0,1,0,0.372
2020,22.5,2.72,0,0,0,0,0,0,0,0,0,1,0,0,0,1,0,0.353
2020,15.0,1.04,0,0,0,0,0,0,0,1,0,0,0,1,0,1,0,0.296
2020,15.0,17.0,0,1,1,1,1,0,0,0,1,0,0,0,0,1,1,0.751
2020,15.0,2.36,1,0,0,0,0,0,0,0,0,0,0,0,0,1,0,0.341
2020,15.0,9.26,0,0,0,0,1,0,0,0,0,0,0,1,0,1,0,0.215
2020,24.9,2.09,0,0,0,0,0,0,0,0,0,0,0,0,0,1,0,0.244
2020,19.7,3.4,0,0,0,0,0,0,0,0,0,0,0,0,0,1,0,0.284
2020,20.4,4.87,0,0,0,1,0,0,0,0,0,0,0,0,0,1,0,0.481
2020,17.8,11.86,1,0,1,0,1,0,0,0,0,0,0,0,0,1,0,0.437
2020,15.0,6.49,0,0,0,0,0,0,0,0,0,0,0,1,0,1,0,0.26
2020,17.8,30.0,0,1,0,0,0,0,0,1,0,0,0,1,0,1,0,0.377
2020,24.2,8.1,1,0,0,0,0,0,0,0,0,0,0,1,0,1,0,0.32
2020,24.0,1.66,0,1,0,0,0,0,0,0,0,0,0,0,0,1,0,0.284
2020,19.5,0.25,0,0,1,0,1,0,0,0,0,0,0,1,0,1,1,0.519
2020,22.4,5.12,1,0,0,0,0,0,0,0,0,0,0,0,0,1,0,0.382
2020,15.0,1.08,1,0,0,0,0,0,0,1,0,0,0,0,0,1,0,0.45
2020,23.1,1.0,0,0,0,0,0,0,1,1,0,0,1,0,0,1,0,0.212
2020,23.2,22.71,0,1,0,0,0,0,1,0,0,1,0,0,0,1,0,0.356
2020,15.0,8.91,0,0,1,0,0,0,0,0,0,0,0,0,0,1,0,0.362
2020,15.0,1.54,0,0,0,0,0,0,0,0,0,0,0,0,0,1,0,0.313
2020,23.2,1.23,0,0,0,0,0,0,0,0,0,0,0,0,0,1,0,0.285
2020,23.8,1.58,1,1,1,1,0,0,0,0,0,1,0,0,1,1,1,0.721
2020,15.0,4.41,1,0,0,1,1,0,0,1,0,0,0,1,0,1,1,0.702
2020,22.5,3.86,0,0,1,0,0,0,0,1,0,0,0,0,0,1,0,0.312
2020,20.7,11.38,0,0,0,0,0,0,0,0,0,0,0,0,0,1,0,0.224
2020,21.3,2.23,0,0,0,0,0,0,0,1,0,0,0,0,0,1,0,0.232
2020,20.1,3.34,0,0,1,0,0,0,0,0,0,0,0,1,0,1,0,0.329
2020,22.7,2.57,0,0,0,0,1,0,0,0,0,0,0,0,0,1,0,0.346
2020,23.5,15.83,0,0,0,1,1,0,0,0,0,0,0,0,0,1,0,0.393
2020,20.0,7.67,0,0,0,0,0,0,0,0,0,0,0,0,0,1,0,0.235
2020,15.9,5.12,0,0,0,0,1,0,0,0,0,0,0,0,0,1,0,0.339
2020,19.8,0.83,0,0,0,0,0,0,0,0,0,0,0,0,0,1,0,0.364
2020,15.0,0.25,0,0,0,0,0,0,0,0,0,0,0,0,0,1,0,0.326
2020,15.0,9.94,0,0,0,0,0,0,0,0,0,0,0,1,0,1,0,0.231
2020,22.3,1.89,1,1,0,1,1,0,0,1,1,1,0,0,0,1,1,0.825
2020,15.2,5.49,0,1,0,1,0,1,0,0,1,0,0,0,0,1,1,0.643
2020,23.3,1.1,0,0,0,0,0,0,0,0,0,0,0,0,0,1,0,0.349
2020,20.1,5.4,1,0,0,1,1,0,1,0,1,0,1,0,0,1,1,0.954
2020,18.2,1.51,0,0,1,0,0,0,0,0,0,0,0,1,0,1,0,0.258
2020,24.9,0.81,0,0,0,0,1,0,0,0,0,0,0,0,1,1,0,0.476
2020,17.9,2.35,0,0,0,0,0,0,0,0,0,0,0,1,0,1,0,0.231
2020,24.1,4.29,1,0,0,0,0,0,0,1,0,0,0,0,0,1,0,0.242
2020,15.0,12.21,0,1,0,0,0,0,0,0,0,0,0,0,0,1,0,0.293
2020,16.4,3.42,0,0,0,0,0,0,0,0,0,0,0,0,0,1,0,0.29
2020,19.7,3.51,0,0,0,0,0,0,0,0,0,0,0,1,0,1,0,0.224
2020,15.0,5.22,1,1,1,0,0,0,1,0,0,0,0,0,1,1,0,0.43
2020,23.8,6.99,1,1,0,1,0,0,0,1,0,1,0,0,0,1,1,0.696
2020,19.5,20.44,0,0,0,0,0,0,0,0,0,0,0,0,0,1,0,0.455
2020,22.5,4.57,0,0,0,0,0,0,0,0,0,0,0,0,0,1,0,0.293
2020,15.0,5.27,0,0,0,1,1,0,0,0,0,0,0,0,0,1,1,0.634
2020,15.3,0.72,1,1,0,1,1,0,0,0,0,0,0,0,0,1,1,0.792
2020,15.0,1.39,0,0,0,0,0,0,0,0,0,0,0,0,0,1,0,0.26
2020,24.4,3.34,1,1,0,1,1,0,1,0,0,1,0,0,0,1,1,0.904
2020,22.4,5.79,0,0,0,0,0,0,0,0,0,0,0,0,0,1,0,0.331
2020,23.0,8.85,1,1,0,0,0,0,0,0,0,0,0,0,0,1,0,0.258
2020,15.0,18.07,1,1,0,0,0,0,0,0,1,0,0,0,0,1,0,0.407
2020,15.0,1.13,0,0,0,0,0,0,0,0,0,0,0,0,0,1,0,0.378
2020,24.0,6.19,1,1,0,0,0,0,0,0,1,0,0,0,0,1,0,0.415
2020,21.3,30.0,1,1,1,1,1,1,0,1,0,0,0,0,0,1,1,0.863
2020,21.9,6.4,1,1,0,0,0,0,0,1,1,0,0,1,0,1,0,0.466
2020,23.0,3.64,1,1,0,0,0,0,0,0,1,1,0,0,0,1,0,0.363
2020,16.0,0.77,1,0,0,0,1,0,0,0,0,0,0,1,1,1,0,0.498
2020,19.2,5.07,0,0,0,0,0,0,0,0,0,0,0,0,0,1,0,0.336
2020,22.1,1.02,1,0,0,1,1,0,0,0,0,0,0,0,0,1,1,0.591
2020,23.0,4.77,0,0,0,0,0,0,0,0,1,0,0,0,0,1,0,0.179
2020,16.2,3.02,1,0,0,0,0,0,0,0,0,0,0,0,0,1,0,0.331
2020,15.0,14.88,1,1,0,0,0,0,0,0,0,0,0,1,0,1,0,0.468
2020,23.2,6.08,1,1,0,0,1,0,0,0,1,0,0,1,0,1,0,0.395
2020,20.3,1.39,0,0,0,0,0,0,0,1,0,0,0,0,0,1,0,0.257
2020,15.0,0.89,1,1,1,0,1,0,0,0,0,1,0,1,1,1,1,0.609
2020,18.0,2.25,1,1,1,0,0,1,0,0,1,1,0,0,0,1,1,0.602
2020,17.4,1.34,1,0,0,0,0,0,0,0,0,0,0,0,0,1,0,0.32
2020,24.3,0.4,1,0,0,0,0,0,0,0,0,0,0,0,0,1,0,0.258
2020,16.9,2.73,1,1,0,0,1,0,0,0,1,1,0,0,0,1,1,0.608
2020,15.0,5.98,0,0,0,0,1,0,0,0,0,1,0,1,0,1,0,0.285
2020,19.2,30.0,1,0,1,0,1,0,0,0,0,0,0,1,0,1,0,0.434
2020,21.9,1.92,0,0,0,1,1,0,0,1,0,0,0,0,0,1,1,0.584
2020,17.1,9.83,0,0,0,0,0,0,0,0,0,0,0,0,0,1,0,0.299
2020,21.1,0.76,0,0,0,1,1,0,0,0,0,0,0,0,0,1,1,0.619
2020,15.0,5.43,0,0,0,0,0,0,0,0,0,0,0,0,0,1,0,0.327
2020,24.9,6.33,1,1,0,0,1,0,0,0,0,0,0,1,0,1,0,0.435
2020,16.6,1.85,0,0,0,1,0,0,0,0,0,0,0,0,0,1,1,0.643
2020,17.8,3.29,0,0,0,0,1,0,0,0,0,0,0,0,0,1,0,0.284
2020,15.0,15.82,0,0,0,0,0,0,0,0,0,0,0,1,1,1,0,0.299
2020,21.8,4.58,0,0,0,0,0,0,0,0,0,0,0,0,0,1,0,0.311
2020,24.5,17.14,0,0,0,0,1,1,0,1,0,0,0,1,0,1,0,0.439
2020,18.9,30.0,0,0,0,0,1,0,0,0,0,0,0,0,0,1,0,0.437
2020,15.0,18.45,0,0,1,0,1,1,1,0,1,1,1,1,0,1,1,0.78
2020,20.1,2.22,0,0,1,0,0,0,0,0,0,0,0,0,0,1,0,0.336
2020,18.5,12.35,0,0,0,0,0,1,0,1,0,0,0,0,0,1,0,0.23
2020,17.8,2.75,1,0,0,1,0,0,0,1,0,1,1,0,0,1,1,0.689
2020,20.4,2.7,0,0,0,0,0,0,0,0,0,0,0,0,0,1,0,0.373
2020,15.0,8.42,0,0,0,0,0,0,0,0,0,0,0,0,0,1,0,0.278
2020,24.2,2.4,1,0,0,0,0,0,0,0,0,0,0,0,0,1,0,0.4
2020,15.0,9.99,0,0,0,0,0,0,0,0,0,0,0,0,0,1,0,0.271
2020,20.8,2.31,0,0,0,0,0,0,1,0,0,0,0,0,0,1,0,0.197
2020,17.4,3.0,0,0,0,1,1,0,0,1,0,0,0,0,0,1,1,0.576
2020,15.0,1.16,1,0,1,0,0,0,0,0,0,0,0,1,0,1,0,0.485
2020,15.0,1.42,0,1,0,1,0,0,0,0,0,0,0,0,1,1,1,0.745
2020,17.9,6.06,0,0,0,0,0,0,0,0,0,0,0,0,0,1,0,0.27
2020,23.3,2.68,1,1,0,1,1,0,0,0,0,0,0,0,0,1,1,0.759
2020,16.5,0.51,0,0,1,1,1,0,1,1,0,0,0,0,0,1,1,0.826
2020,18.9,1.19,0,0,0,0,0,0,0,0,0,0,0,0,0,1,0,0.338
2020,15.0,1.47,0,0,0,0,0,0,0,0,0,0,1,0,0,1,0,0.246
2020,18.7,8.12,0,0,0,0,0,0,0,0,0,0,0,1,0,1,0,0.248
2020,16.7,2.52,0,0,0,0,0,0,0,0,0,0,0,0,0,1,0,0.344
2020,24.5,1.34,0,0,0,0,0,0,0,0,0,0,0,0,0,1,0,0.33
2020,18.4,8.99,0,0,0,0,0,0,0,0,0,0,0,0,0,1,0,0.279
2020,15.0,0.16,1,1,0,1,1,0,1,1,0,1,1,1,0,1,1,0.779
2020,22.9,0.95,1,0,0,0,1,0,0,0,0,0,0,0,0,1,0,0.459
2020,15.0,3.58,1,0,0,0,1,0,1,1,0,0,0,0,0,1,0,0.292
2020,18.0,0.33,0,0,0,0,0,0,0,0,0,0,0,0,0,1,0,0.229
2020,20.4,0.21,0,0,0,0,0,0,0,0,0,0,1,0,0,1,0,0.228
2020,24.4,3.79,0,0,0,0,0,0,0,0,0,0,0,0,0,1,0,0.248
2020,21.9,2.13,0,0,0,0,0,0,0,0,0,0,0,0,0,1,0,0.365
2020,20.5,7.51,0,0,0,1,1,0,1,0,0,1,0,0,0,1,1,0.769
2020,24.2,8.27,0,0,0,1,0,0,0,0,0,0,0,0,0,1,1,0.55
2020,18.1,2.97,0,0,0,0,0,0,0,1,0,0,0,0,0,1,0,0.3
2020,16.9,8.87,0,0,1,0,1,0,0,0,0,0,0,0,0,1,0,0.376
2020,22.9,5.58,0,0,0,0,0,0,0,0,0,0,0,1,0,1,0,0.318
2020,19.4,1.07,0,0,0,0,0,0,0,1,0,0,0,1,0,1,0,0.351
2020,23.2,7.04,1,1,1,1,1,0,0,0,0,0,0,0,0,1,1,0.8
2020,21.1,2.9,0,0,0,0,1,0,0,0,0,0,1,0,0,1,0,0.295
2020,15.0,2.7,1,1,0,1,1,0,0,0,0,0,0,0,0,1,1,0.775
2020,22.9,6.37,0,0,0,1,0,0,0,0,0,0,0,0,0,1,0,0.434
2020,16.9,3.84,0,0,0,0,1,0,0,0,0,0,0,0,0,1,0,0.31
2020,15.0,6.51,1,1,1,1,0,0,0,0,0,0,0,0,0,1,1,0.871
2020,17.2,27.79,1,1,0,1,1,0,1,0,0,0,0,0,0,1,1,0.817
2020,21.3,2.03,1,0,0,1,1,0,0,0,0,0,0,0,0,1,1,0.733
2020,15.0,2.13,0,0,0,0,0,0,0,0,0,0,0,0,0,1,0,0.32
2020,15.0,2.92,0,0,0,0,1,1,0,0,0,0,0,0,0,1,0,0.315
2020,16.1,0.38,1,0,0,1,0,0,0,0,0,0,0,1,0,1,1,0.74
2020,24.7,2.8,0,1,0,0,0,0,0,0,0,0,0,0,0,1,0,0.216
2020,15.0,7.08,1,1,0,0,0,0,0,0,1,0,0,1,0,1,0,0.403
2020,23.6,1.83,0,0,0,1,1,0,0,0,0,0,0,1,0,1,1,0.638
2020,15.5,30.0,1,0,0,0,1,0,0,0,0,0,0,1,0,1,0,0.378
2020,19.1,3.63,1,0,1,1,1,0,0,0,0,0,0,0,0,1,1,0.697
2020,15.0,2.78,0,0,0,1,1,0,0,1,0,0,0,0,0,1,1,0.572
2020,24.5,0.44,0,0,0,0,0,0,0,0,0,0,0,1,0,1,0,0.142
2020,22.7,1.06,0,0,0,0,0,0,0,0,0,0,0,0,0,1,0,0.307
2020,23.0,1.02,0,0,0,0,0,0,0,0,0,0,0,0,0,1,0,0.196
2020,17.2,1.85,1,0,1,0,1,0,0,0,0,0,0,0,0,1,0,0.371
2020,24.6,0.57,1,0,0,0,0,0,0,1,0,0,0,0,0,1,0,0.307
2020,21.7,8.86,0,0,0,0,0,0,0,0,0,0,0,0,0,1,0,0.272
2020,20.3,1.15,0,0,0,0,0,0,0,0,0,0,0,0,0,1,0,0.394
2020,19.9,2.93,1,1,0,0,1,0,0,0,0,0,0,1,0,1,1,0.55
2020,15.0,1.48,1,1,0,0,1,0,0,0,0,0,0,0,0,1,1,0.504
2020,15.5,3.05,0,1,1,1,1,0,1,0,0,0,1,1,1,1,1,0.907
2020,24.0,0.08,0,0,1,1,0,0,0,1,0,0,1,0,0,1,0,0.319
2020,23.7,0.1,1,1,1,0,1,1,0,0,0,0,1,1,0,1,1,0.719
2020,18.3,1.79,0,0,0,0,0,0,0,0,0,0,0,0,0,1,0,0.229
2020,20.8,0.05,0,0,0,0,1,0,0,0,1,0,0,0,0,1,0,0.264
2020,20.4,0.38,0,1,0,0,1,0,0,0,0,0,0,1,0,1,0,0.347
2020,15.0,0.1,0,0,0,0,0,0,0,0,0,0,0,1,0,1,0,0.363
2020,23.1,5.09,1,1,0,1,1,0,0,1,0,0,0,1,0,1,1,0.71
2020,20.0,19.97,0,0,0,0,1,0,0,0,0,0,0,0,0,1,1,0.542
2020,21.6,2.37,0,0,0,0,0,0,0,0,0,0,0,1,0,1,0,0.232
2020,18.9,23.8,0,0,0,0,0,0,0,0,0,0,0,1,0,1,0,0.356
2020,15.0,1.19,0,0,0,0,0,0,0,1,0,0,0,1,0,1,0,0.232
2020,15.0,6.45,0,1,1,0,0,0,0,0,1,0,0,0,0,1,1,0.572
2020,22.4,30.0,1,0,0,1,1,0,0,0,1,0,0,0,0,1,1,0.68
2020,24.7,18.7,0,1,0,1,1,0,0,0,0,0,0,0,0,1,1,0.602
2020,15.0,0.71,1,1,0,1,1,0,0,0,0,0,0,0,0,1,1,0.799
2020,15.0,3.92,1,0,0,0,1,0,0,0,0,0,0,0,0,1,0,0.454
2020,22.7,3.52,1,0,0,1,1,0,0,1,0,0,0,0,0,1,0,0.491
2020,21.4,0.86,1,0,0,0,0,0,0,0,0,0,0,1,0,1,0,0.483
2020,15.0,30.0,0,0,0,0,0,0,0,0,0,0,0,1,0,1,0,0.321
2020,15.0,2.44,0,0,0,0,0,0,1,1,1,0,0,1,0,1,0,0.21
2020,17.7,6.24,1,1,0,1,1,1,0,0,1,1,1,0,0,1,1,0.895
2020,15.0,4.19,0,0,0,0,1,0,0,0,0,0,0,0,0,1,0,0.356
2020,20.7,3.69,1,1,1,1,1,0,0,0,0,0,0,0,0,1,1,0.821
2020,24.8,6.45,0,1,0,1,0,0,0,0,0,0,0,0,0,1,1,0.578
2020,15.0,8.1,0,0,0,0,0,0,0,0,0,0,0,0,0,1,0,0.276
2020,15.0,6.16,1,1,0,1,1,0,0,0,1,0,1,0,0,1,1,0.886
2020,21.4,0.8,0,0,0,0,0,1,0,0,0,0,0,0,0,1,0,0.373
2020,23.5,5.38,0,1,0,0,1,0,0,0,0,1,0,0,0,1,0,0.419
2020,21.7,27.14,0,0,0,0,0,0,1,1,0,0,1,0,0,1,0,0.374
2020,15.0,11.74,0,0,0,1,1,0,0,0,0,0,1,0,0,1,1,0.545
2020,24.7,7.67,0,0,0,0,0,0,0,0,0,0,0,0,0,1,0,0.275
2020,16.0,1.86,1,0,0,1,1,0,0,0,0,0,0,0,0,1,1,0.753
2020,23.0,2.48,0,0,0,0,1,0,0,0,0,0,0,0,0,1,0,0.174
2020,15.0,4.25,0,0,0,0,0,0,0,0,0,1,0,1,0,1,0,0.295
2020,24.1,2.47,1,1,0,1,1,0,0,0,0,0,0,0,1,1,1,0.815
2020,15.0,6.1,0,0,0,0,0,0,0,0,0,0,0,0,0,1,0,0.297
2020,24.1,0.93,1,1,1,0,1,0,0,0,0,0,0,0,0,1,1,0.573
2020,15.0,1.93,1,1,0,1,1,0,0,0,0,0,0,0,0,1,1,0.742
2020,15.0,5.43,1,0,0,1,1,1,0,0,1,0,0,0,0,1,1,0.668
2020,22.2,0.49,0,0,1,1,1,1,0,0,0,0,0,1,0,1,1,0.818
2020,15.0,6.33,0,0,0,0,0,0,0,1,0,0,0,1,0,1,0,0.224
2020,20.7,0.25,0,0,0,0,0,0,0,0,0,0,0,1,1,1,0,0.234
2020,22.6,4.79,1,1,1,0,1,0,0,0,0,0,0,0,0,1,1,0.516
2020,23.6,30.0,0,1,0,0,1,0,0,0,0,0,0,0,0,1,0,0.376
2020,17.6,0.79,1,1,0,0,0,0,0,0,0,0,0,1,0,1,0,0.472
2020,19.8,8.43,0,0,0,0,0,0,0,0,0,0,0,0,0,1,0,0.308
2020,22.6,0.19,0,1,0,0,1,0,0,0,1,0,0,0,0,1,1,0.513
2020,21.8,1.12,0,0,0,0,1,0,0,0,1,0,0,1,0,1,0,0.343
2020,20.5,1.78,0,0,0,0,0,0,0,0,0,0,0,0,0,1,0,0.229
2020,19.7,5.14,0,0,0,0,0,0,0,1,0,0,0,0,0,1,0,0.281
2020,23.2,1.7,0,0,0,0,0,0,0,0,0,0,0,0,0,1,0,0.342
2020,15.0,1.74,0,0,0,1,1,0,0,0,0,0,0,0,0,1,1,0.676
2020,24.0,1.27,0,0,0,0,0,0,1,0,0,0,0,0,0,1,0,0.328
2020,24.0,8.06,1,1,0,0,1,0,0,0,0,0,0,0,1,1,0,0.465
2020,23.6,0.91,0,0,0,0,1,0,0,1,0,0,0,0,0,1,1,0.522
2020,18.5,8.18,1,0,1,0,1,0,0,1,0,0,0,1,0,1,1,0.515
2020,23.3,0.54,1,1,0,0,1,0,0,0,1,0,0,0,0,1,0,0.462
2020,15.0,1.77,0,0,0,0,1,0,0,0,0,0,0,1,0,1,0,0.194
2020,15.0,1.74,0,0,1,0,0,0,0,0,0,0,0,1,0,1,0,0.259
2020,17.5,1.69,1,0,1,0,0,0,0,0,1,0,0,0,1,1,0,0.389
2020,22.9,0.5,1,0,0,0,1,0,0,0,0,0,0,1,1,1,1,0.603
2020,24.0,1.75,0,0,0,0,1,0,0,0,0,0,0,1,0,1,0,0.209
2020,15.0,0.54,1,0,0,0,0,0,0,0,0,0,0,0,0,1,0,0.448
2020,17.1,1.02,0,0,0,0,0,0,0,0,0,0,0,1,0,1,0,0.322
2020,15.0,7.42,0,0,1,0,0,0,0,0,0,0,0,0,0,1,0,0.394
2020,22.5,0.12,0,0,0,1,1,0,1,0,0,0,0,0,0,1,0,0.397
2020,18.6,0.11,0,0,0,0,0,0,0,0,0,0,0,0,0,1,0,0.341
2020,17.0,30.0,1,0,1,0,0,0,0,0,0,0,0,1,0,1,0,0.284
2020,15.0,6.19,1,0,0,0,1,0,0,1,0,0,0,0,0,1,0,0.338
2020,20.0,0.07,0,0,1,0,0,0,1,0,0,0,0,1,0,1,0,0.433
2020,23.7,4.47,0,0,0,0,0,0,0,0,0,0,0,0,0,1,0,0.277
2020,24.6,6.03,0,0,0,0,0,0,0,0,0,0,0,0,0,1,0,0.264
2020,16.8,7.82,1,1,0,0,1,0,0,0,1,0,0,0,0,1,1,0.508
2020,15.0,0.58,1,0,0,0,0,0,0,0,0,0,0,0,0,1,0,0.494
2020,20.8,1.61,1,0,0,0,0,0,0,1,0,0,0,0,0,1,0,0.396
2020,15.0,3.26,0,0,1,0,1,0,0,1,0,0,0,0,0,1,0,0.407
2020,15.0,1.6,1,1,1,0,1,0,0,0,0,0,0,1,0,1,1,0.553
2020,15.0,1.01,1,1,1,1,1,0,0,0,1,0,1,1,0,1,1,0.826
2020,22.2,30.0,0,1,0,0,1,0,0,0,0,0,0,0,0,1,0,0.422
2020,15.0,2.66,0,1,0,0,0,1,0,0,0,0,0,0,0,1,0,0.399
2020,24.3,2.91,0,1,0,1,1,0,0,0,1,0,0,0,0,1,1,0.843
2020,15.0,4.72,0,0,0,0,0,0,0,0,0,0,0,0,0,1,0,0.324
2020,23.1,2.7,1,1,1,1,1,0,0,0,1,0,0,0,0,1,1,0.795
2020,16.0,2.96,1,0,0,1,1,0,1,0,0,0,0,0,0,1,1,0.86
2020,19.8,1.29,1,1,0,0,1,0,0,0,0,0,0,0,0,1,1,0.557
2020,24.2,7.06,0,0,0,0,1,0,0,0,0,0,0,1,0,1,0,0.368
2020,24.1,0.05,0,1,0,0,1,0,0,0,0,0,0,0,0,1,0,0.342
2020,15.0,6.44,0,0,0,0,1,0,0,0,0,0,0,0,0,1,0,0.336
2020,24.6,5.01,0,0,0,0,1,0,0,0,0,0,1,0,0,1,0,0.356
2020,15.0,4.21,1,1,0,0,1,0,0,0,1,0,0,0,0,1,0,0.387
2020,22.3,0.66,0,0,0,0,1,0,0,1,0,0,0,0,0,1,0,0.384
2020,22.1,5.55,0,0,0,0,1,0,0,0,0,0,0,0,0,1,0,0.372
2020,15.0,4.15,0,0,0,0,1,0,0,1,0,0,0,0,0,1,0,0.305
2020,22.3,0.56,0,0,0,0,0,1,1,0,0,0,0,0,0,1,0,0.307
2020,23.4,6.54,0,0,0,0,0,0,0,1,0,0,0,0,0,1,0,0.287
2020,24.6,4.22,0,0,0,0,0,0,0,0,0,0,0,0,0,1,0,0.256
2020,23.0,10.52,0,1,1,0,0,0,0,0,0,0,0,0,0,1,0,0.237
2020,15.0,7.49,1,1,1,1,1,0,0,0,0,0,0,0,0,1,1,0.87
2020,19.1,6.95,0,0,0,0,0,0,0,0,0,0,0,0,1,1,0,0.17
2020,15.0,0.87,0,0,0,0,1,0,1,1,0,0,0,0,0,1,0,0.413
2020,17.2,4.52,0,0,0,0,0,0,0,0,0,0,0,0,0,1,0,0.312
2020,15.0,8.88,1,1,0,1,1,0,0,1,0,0,0,0,0,1,1,0.765
2020,20.6,3.36,1,1,1,1,1,0,0,0,0,0,0,0,0,1,1,0.772
2020,19.4,1.03,0,0,0,0,1,0,0,0,0,0,0,0,0,1,0,0.358
2020,24.9,4.57,1,0,0,1,0,0,0,0,0,0,0,0,0,1,0,0.457
2020,24.2,2.29,0,0,0,0,0,0,0,0,0,0,0,0,0,1,0,0.356
2020,22.2,5.9,1,0,1,1,1,0,0,0,0,0,0,0,0,1,1,0.634
2020,15.0,30.0,0,0,0,0,1,0,0,0,0,0,0,0,0,1,0,0.364
2020,17.8,21.5,1,1,0,1,1,0,0,0,0,0,1,0,0,1,1,0.783
2020,15.0,4.71,0,0,0,0,0,0,0,0,1,0,0,1,0,1,0,0.261
2020,20.5,8.35,0,0,1,0,0,0,0,0,0,0,0,0,0,1,0,0.372
2020,15.0,17.33,1,0,0,0,1,0,0,0,0,0,0,1,0,1,0,0.332
2020,15.0,1.96,0,0,0,0,0,0,0,1,0,1,0,0,0,1,0,0.269
2020,18.8,5.66,0,1,0,0,0,0,0,0,0,0,0,0,0,1,0,0.4
2020,15.0,3.53,1,0,0,1,1,0,1,1,1,1,0,1,0,1,1,0.926
2020,20.5,5.79,0,0,0,0,0,0,0,0,0,0,0,0,0,1,0,0.335
2020,19.4,4.78,1,1,0,0,0,0,0,0,1,0,0,1,1,1,0,0.362
2020,16.7,1.22,0,1,0,0,0,0,0,0,0,0,0,0,1,1,0,0.292
2020,24.4,3.18,0,1,0,0,1,0,0,0,0,0,0,0,0,1,0,0.358
2020,23.5,2.53,0,0,0,0,0,0,0,0,0,0,0,0,0,1,0,0.284
2020,15.4,19.7,1,0,0,0,1,0,0,0,1,0,0,0,0,1,0,0.47
2020,21.3,2.07,0,1,1,0,0,0,0,0,0,0,0,0,0,1,1,0.602
2020,15.0,3.99,0,0,0,0,0,0,0,0,0,0,0,0,0,1,0,0.388
2020,15.0,2.45,0,0,0,0,0,0,0,0,0,1,0,0,0,1,0,0.286
2020,24.6,30.0,1,0,0,0,1,0,0,0,0,0,0,1,0,1,0,0.443
2020,15.0,3.51,0,1,1,1,1,0,0,0,1,0,0,0,1,1,1,0.84
2020,21.3,1.75,0,0,0,0,0,0,0,0,0,0,1,1,0,1,0,0.184
2020,18.9,9.67,0,0,0,0,0,0,0,0,0,0,0,0,0,1,0,0.313
2020,22.4,2.3,0,0,0,0,0,0,0,0,0,0,0,0,0,1,0,0.28
2020,16.5,6.01,0,0,0,0,0,0,0,0,0,0,0,1,0,1,0,0.279
2020,22.4,4.91,0,1,1,1,0,0,0,0,0,0,0,0,1,1,1,0.547
2020,18.9,4.5,0,0,0,0,1,0,0,0,0,0,0,0,0,1,0,0.352
2020,24.5,2.12,1,0,1,0,0,0,0,0,0,0,0,1,0,1,0,0.429
2020,15.0,4.56,0,0,0,1,1,0,0,0,0,0,0,0,0,1,1,0.554
2020,24.0,1.81,0,1,0,0,1,0,0,0,0,0,0,0,0,1,0,0.208
2020,15.0,1.93,1,1,0,0,1,0,0,0,0,0,0,0,0,1,0,0.378
2020,16.4,0.71,0,0,0,0,0,0,0,0,0,0,0,0,0,1,0,0.324
2020,21.7,2.46,1,0,0,0,1,0,0,1,0,0,0,0,0,1,0,0.337
2020,22.3,3.45,0,0,0,0,0,0,0,0,0,0,0,0,0,1,0,0.267
2020,22.3,3.9,0,0,0,1,0,0,0,0,1,0,0,1,0,1,1,0.554
2020,15.0,3.42,0,0,0,0,0,0,0,0,0,0,0,0,0,1,0,0.266
2020,15.0,6.12,1,1,1,1,1,0,0,0,0,0,0,0,0,1,1,0.856
2020,22.0,3.94,0,0,1,0,1,0,1,1,0,0,0,0,0,1,0,0.482
2020,15.0,3.97,0,0,0,0,0,0,0,0,0,1,0,0,0,1,0,0.384
2020,23.2,1.68,1,1,1,1,1,0,0,1,0,0,0,0,0,1,1,0.81
2020,18.7,1.02,1,1,0,1,0,0,0,0,1,1,0,0,0,1,1,0.535
2020,20.9,1.23,1,1,0,1,0,0,0,0,0,0,0,0,0,1,1,0.754
2020,24.9,1.42,0,1,0,0,0,0,0,0,0,0,0,0,0,1,0,0.274
2020,15.0,1.38,0,0,0,0,1,0,0,0,0,0,0,0,0,1,0,0.264
2020,15.0,1.58,0,0,0,0,0,0,0,0,0,0,0,0,0,1,0,0.311
2020,16.2,3.33,1,1,1,1,1,0,0,0,0,0,0,0,0,1,1,0.85
2020,21.3,9.88,1,0,0,1,1,0,0,0,0,0,0,0,0,1,1,0.654
2020,22.3,1.87,1,1,0,0,0,0,0,0,0,0,0,1,0,1,1,0.503
2020,17.2,5.62,0,0,0,0,1,0,0,0,0,0,0,0,0,1,0,0.303
2020,19.9,12.8,1,0,0,0,1,0,0,0,0,0,0,0,0,1,0,0.384
2020,15.0,0.34,1,1,0,1,1,0,1,1,1,0,0,0,0,1,1,0.875
2020,24.1,5.27,0,0,0,0,0,0,0,0,0,0,0,0,0,1,0,0.277
2020,22.0,4.63,0,0,0,0,0,0,0,0,0,1,0,1,0,1,0,0.286
2020,15.0,1.24,0,0,0,0,0,1,0,0,0,0,0,0,0,1,0,0.286
2020,21.3,2.99,0,1,0,1,1,0,0,0,0,0,0,1,0,1,1,0.686
2020,15.0,30.0,0,0,0,0,0,0,0,0,1,0,1,0,0,1,0,0.401
2020,24.4,3.91,0,1,0,0,1,0,0,0,0,0,0,0,0,1,0,0.345
2020,19.7,1.49,0,0,0,0,0,0,0,0,0,0,0,0,0,1,0,0.328
2020,19.0,20.38,1,1,0,1,1,0,0,0,0,0,0,0,0,1,1,0.846
2020,15.0,6.65,1,1,1,1,1,0,0,1,0,0,0,0,1,1,1,0.847
2020,24.1,0.22,0,0,0,0,1,0,0,0,0,0,0,0,0,1,0,0.159
2020,16.6,0.21,1,0,0,0,0,0,0,0,1,0,0,0,0,1,0,0.461
2020,15.0,0.77,0,1,0,1,1,0,0,0,0,0,0,0,0,1,1,0.652
2020,23.1,20.47,0,0,0,0,0,0,0,0,1,0,0,0,0,1,0,0.324
2020,15.0,9.99,0,1,0,0,1,0,0,0,1,1,0,0,0,1,0,0.367
2020,15.0,0.13,1,1,0,0,1,0,0,0,1,0,0,0,0,1,1,0.566
2020,20.2,9.35,0,1,0,0,0,0,0,0,1,0,0,0,0,1,0,0.288
2020,23.7,4.12,1,1,1,0,0,0,0,0,0,0,0,1,1,1,1,0.54
2020,23.7,4.35,0,0,0,1,1,0,0,0,0,0,0,0,0,1,1,0.534
2020,15.0,3.74,0,0,1,0,1,0,0,0,0,0,0,0,1,1,0,0.363
2020,17.3,10.33,1,1,0,0,1,0,0,0,0,0,0,0,0,1,0,0.43
2020,15.0,1.07,0,0,0,0,1,0,0,0,0,0,0,1,0,1,0,0.36
2020,15.0,3.92,0,0,1,0,1,0,0,0,0,0,0,1,0,1,0,0.441
2020,16.9,1.08,0,0,0,1,0,0,0,0,0,0,0,0,0,1,1,0.64
2020,18.9,10.17,0,0,0,0,0,0,0,0,0,0,0,1,0,1,0,0.297
2020,15.0,1.82,0,0,0,0,1,0,0,0,0,0,0,0,0,1,0,0.223
2020,15.0,1.33,0,0,1,0,0,0,1,0,1,0,0,0,0,1,0,0.329
2020,16.9,3.94,1,0,0,0,0,0,0,0,0,0,0,0,0,1,0,0.483
2021,24.2,10.94,1,1,0,0,1,0,0,1,0,0,0,0,0,1,0,0.493
2021,15.0,30.0,1,0,1,0,1,0,0,1,1,1,0,0,0,1,1,0.672
2021,16.8,0.05,0,0,0,0,0,0,0,0,0,0,0,0,0,1,0,0.167
2021,24.4,1.13,1,1,0,1,0,0,0,0,0,0,0,1,0,1,1,0.748
2021,20.7,9.1,1,1,0,1,0,0,1,0,0,0,0,1,0,1,1,0.74
2021,15.0,0.8,1,0,1,1,1,0,0,0,0,0,0,0,0,1,1,0.812
2021,15.4,1.44,1,1,1,1,1,0,0,0,0,0,0,0,0,1,1,0.859
2021,19.9,10.87,1,0,0,1,1,0,0,1,0,0,0,1,0,1,1,0.74
2021,15.9,9.39,0,0,0,0,0,0,0,0,0,0,0,0,0,1,0,0.284
2021,15.0,0.05,0,0,0,1,0,0,0,1,0,0,0,0,0,1,0,0.494
2021,22.5,9.51,0,0,0,0,0,1,0,0,0,0,0,0,0,1,0,0.275
2021,19.2,4.34,0,0,0,0,0,0,0,1,0,0,0,1,0,1,0,0.285
2021,19.1,2.47,0,0,0,1,0,0,0,1,0,0,0,1,0,1,1,0.526
2021,17.0,2.7,0,0,1,1,0,0,1,0,0,0,0,0,0,1,1,0.763
2021,23.0,4.98,1,1,0,1,1,0,0,0,1,0,1,1,0,1,1,0.705
2021,21.6,5.63,0,0,0,1,1,0,0,0,0,0,0,0,0,1,1,0.597
2021,23.3,2.5,1,1,1,1,1,1,1,1,0,0,0,1,0,1,1,0.9
2021,22.8,4.35,1,1,0,1,1,0,0,0,0,1,1,0,0,1,1,0.894
2021,22.8,22.15,1,0,1,0,0,0,0,0,0,0,0,0,0,1,1,0.501
2021,24.6,21.24,0,0,0,0,1,0,0,0,0,0,0,0,1,1,1,0.508
2021,15.0,1.48,0,0,0,0,0,0,0,0,0,0,0,0,0,1,0,0.306
2021,17.2,6.12,0,0,0,0,0,0,0,0,0,0,0,0,0,1,0,0.273
2021,21.2,4.62,1,1,0,1,1,1,0,1,1,0,1,0,0,1,1,0.83
2021,20.8,2.25,0,0,0,0,0,0,0,0,0,0,0,1,0,1,0,0.205
2021,22.4,0.77,1,1,1,0,1,0,1,0,0,0,0,1,1,1,1,0.738
2021,17.1,3.38,1,1,0,1,0,0,0,0,0,0,0,0,0,1,1,0.783
2021,15.2,5.2,0,1,0,0,1,1,0,0,0,0,0,1,0,1,0,0.405
2021,15.0,1.09,0,0,1,1,1,0,0,0,0,0,0,0,0,1,1,0.768
2021,17.2,5.84,1,0,0,0,1,0,0,0,0,0,1,1,0,1,0,0.412
2021,15.0,10.77,0,1,0,0,0,0,0,0,0,0,0,1,0,1,0,0.33
2021,24.1,4.96,1,0,1,1,1,1,0,0,0,0,1,0,0,1,1,0.774
2021,19.1,8.45,1,1,0,0,1,0,0,0,1,0,0,0,1,1,0,0.374
2021,21.9,15.33,1,0,1,0,0,0,0,1,0,0,0,1,1,1,0,0.451
2021,17.8,2.16,0,0,0,0,1,0,0,1,0,0,0,1,0,1,0,0.314
2021,20.1,0.57,1,0,0,0,1,0,0,0,0,0,0,0,0,1,1,0.53
2021,19.6,4.53,1,1,0,1,1,1,0,0,0,0,0,0,0,1,1,0.772
2021,15.0,5.83,1,0,0,0,0,0,0,0,0,0,0,0,0,1,0,0.362
2021,21.4,3.51,0,0,0,0,1,0,0,0,0,0,0,0,1,1,0,0.272
2021,20.9,3.26,1,1,1,0,0,0,0,0,0,0,0,0,0,1,1,0.525
2021,16.7,9.32,1,1,1,1,1,0,0,1,1,1,1,0,0,1,1,0.945
2021,22.6,5.81,1,1,0,1,1,0,0,0,0,0,0,1,0,1,1,0.747
2021,15.0,1.03,0,0,0,0,0,0,0,0,0,0,0,0,0,1,0,0.321
2021,18.8,1.87,0,1,0,1,0,1,0,1,1,0,0,1,0,1,1,0.544
2021,22.7,1.04,1,1,0,1,1,0,0,0,1,0,0,0,0,1,1,0.692
2021,20.8,1.74,1,0,0,1,1,0,0,0,0,1,0,1,0,1,1,0.688
2021,24.0,3.11,0,0,0,0,0,0,0,0,0,0,0,0,0,1,0,0.178
2021,19.6,0.18,0,1,0,0,1,0,0,0,1,0,0,0,1,1,1,0.618
2021,21.4,2.95,0,0,0,0,1,0,0,0,0,1,0,0,0,1,0,0.413
2021,22.5,1.05,1,1,1,0,0,0,1,0,0,0,0,1,0,1,1,0.519
2021,22.4,5.85,1,1,0,0,0,0,0,0,1,1,0,0,0,1,1,0.627
2021,15.0,30.0,1,0,0,0,0,0,0,0,0,1,0,1,1,1,1,0.523
2021,20.7,0.19,1,1,0,0,1,0,0,0,0,0,0,1,0,1,1,0.652
2021,19.9,10.11,0,1,0,0,1,0,0,0,0,0,0,0,0,1,0,0.397
2021,23.8,0.38,1,1,0,0,0,0,0,0,0,0,0,0,0,1,0,0.333
2021,20.9,7.07,1,1,0,0,1,0,0,0,0,0,0,1,0,1,0,0.4
2021,15.0,3.04,0,0,0,0,0,1,0,1,0,0,0,1,0,1,0,0.183
2021,23.5,1.89,0,0,0,0,0,0,0,0,0,0,0,1,0,1,0,0.259
2021,22.7,5.75,0,0,1,0,1,0,0,0,0,0,0,0,0,1,0,0.421
2021,23.3,6.89,0,0,0,0,0,0,0,0,0,0,0,0,0,1,0,0.322
2021,23.6,30.0,0,0,0,0,1,0,0,0,0,0,0,0,0,1,0,0.356
2021,17.0,8.39,0,1,0,0,0,0,0,0,0,1,0,1,0,1,0,0.347
2021,22.3,30.0,0,0,0,0,0,0,0,0,0,0,0,1,0,1,0,0.271
2021,19.5,1.71,1,1,1,0,1,0,1,1,0,1,0,0,0,1,1,0.785
2021,15.0,4.61,1,1,0,1,0,0,1,0,0,0,0,0,0,1,1,0.803
2021,21.9,8.05,0,0,0,0,0,0,0,1,0,0,0,0,0,1,0,0.274
2021,18.2,20.78,0,0,0,0,1,0,0,0,0,0,0,0,0,1,0,0.475
2021,18.8,1.56,1,0,1,1,1,0,0,1,0,0,0,0,0,1,1,0.663
2021,17.6,9.32,0,0,0,0,0,0,0,0,0,0,0,0,0,1,0,0.274
2021,19.5,7.76,1,0,1,1,1,1,0,0,0,0,1,0,0,1,1,0.818
2021,18.6,13.98,1,1,0,0,0,0,0,0,0,0,0,0,1,1,0,0.368
2021,16.7,8.71,1,0,1,0,1,0,0,0,0,0,0,0,0,1,1,0.508
2021,15.0,0.15,0,0,0,0,0,0,0,0,0,0,1,0,0,1,0,0.257
2021,21.8,2.14,1,0,0,1,1,1,0,0,0,0,0,0,0,1,1,0.747
2021,23.9,9.65,0,0,1,0,0,0,0,1,1,0,0,0,0,1,0,0.239
2021,15.0,9.1,0,0,0,1,0,0,0,0,0,0,0,0,0,1,1,0.538
2021,24.7,5.04,1,0,0,0,1,0,1,0,0,0,0,0,0,1,0,0.44
2021,15.0,2.14,0,0,0,0,0,0,0,0,0,0,0,0,0,1,0,0.32
2021,15.0,6.26,1,0,0,0,0,0,0,0,0,0,0,0,0,1,0,0.375
2021,24.3,6.59,0,0,0,0,1,0,0,1,0,0,0,0,0,1,0,0.416
2021,24.5,1.46,0,0,0,0,1,0,1,0,0,1,1,1,0,1,1,0.53
2021,15.0,25.0,0,0,0,0,0,0,0,0,1,0,0,0,0,1,0,0.242
2021,21.1,10.72,1,1,0,1,1,1,0,0,0,0,0,1,0,1,1,0.861
2021,20.3,4.24,0,1,1,0,0,0,0,1,1,0,0,0,0,1,1,0.624
2021,18.0,1.01,1,0,1,0,0,1,0,1,0,0,0,1,0,1,1,0.542
2021,15.0,8.03,1,1,0,0,1,0,0,0,0,0,0,1,0,1,0,0.436
2021,23.0,9.12,0,0,0,1,1,0,1,0,0,1,0,0,0,1,1,0.609
2021,15.9,25.4,1,0,1,0,0,0,0,0,0,0,0,0,0,1,1,0.522
2021,23.8,7.54,1,0,0,1,0,0,0,1,0,0,0,1,0,1,1,0.62
2021,21.3,10.28,0,0,0,0,0,0,0,0,0,0,0,0,0,1,0,0.273
2021,16.9,10.83,1,1,1,1,1,0,0,0,0,0,0,1,0,1,1,0.835
2021,23.9,2.63,0,0,0,0,0,0,0,0,0,0,0,1,0,1,0,0.213
2021,21.5,6.77,1,1,0,0,1,0,0,0,0,0,0,0,0,1,1,0.517
2021,20.0,6.98,0,1,1,1,1,0,0,0,0,0,0,0,0,1,1,0.791
2021,22.8,12.36,1,1,1,1,1,0,0,0,0,0,1,0,0,1,1,0.783
2021,22.8,10.25,1,0,1,0,1,0,0,0,0,0,0,0,0,1,0,0.44
2021,15.0,8.09,1,1,1,1,1,0,0,1,0,0,0,0,0,1,1,0.828
2021,21.7,0.7,1,0,0,0,0,0,0,0,0,0,0,1,1,1,0,0.36
2021,15.0,10.36,1,1,1,0,0,0,1,0,0,0,0,0,0,1,0,0.463
2021,20.9,0.15,1,1,0,0,0,0,0,0,1,1,0,0,0,1,0,0.481
2021,15.0,2.21,0,0,0,0,0,0,0,0,0,0,0,1,0,1,0,0.252
2021,15.0,30.0,1,1,0,1,1,0,0,0,0,0,0,0,0,1,1,0.787
2021,24.5,2.69,1,0,1,1,1,0,0,0,0,0,0,1,0,1,1,0.763
2021,23.4,23.24,0,1,0,0,0,0,0,0,0,1,0,0,0,1,0,0.39
2021,15.0,10.01,0,1,0,1,0,0,0,0,0,0,0,0,1,1,1,0.652
2021,23.0,10.42,1,1,0,0,0,0,0,0,0,0,0,0,0,1,0,0.248
2021,19.3,14.34,0,0,0,0,0,0,0,0,0,0,0,0,0,1,0,0.341
2021,15.0,7.02,0,0,0,1,1,0,0,0,0,0,0,1,0,1,1,0.501
2021,16.2,3.98,0,0,0,0,0,0,0,0,0,0,0,0,0,1,0,0.359
2021,22.2,2.4,0,0,0,0,0,0,0,0,0,0,0,0,0,1,0,0.25
2021,19.8,10.67,0,0,0,0,0,0,0,0,1,0,0,0,0,1,0,0.196
2021,18.0,19.48,0,0,0,0,1,0,0,0,0,0,0,0,0,1,0,0.473
2021,22.8,8.26,1,1,0,0,1,0,0,0,0,0,0,0,1,1,1,0.516
2021,21.8,11.99,1,1,0,1,1,0,0,0,1,1,0,0,0,1,1,0.786
2021,15.0,0.44,1,1,0,1,0,0,0,0,0,0,0,1,0,1,1,0.752
2021,19.0,30.0,1,1,0,1,1,0,0,0,0,0,1,1,0,1,1,0.809
2021,18.4,16.06,1,0,0,1,0,0,0,1,0,0,0,0,0,1,0,0.487
2021,15.0,7.32,1,0,0,1,1,0,0,1,0,0,1,0,0,1,1,0.761
2021,15.0,13.93,0,0,0,0,0,0,0,0,0,0,0,0,0,1,0,0.264
2021,15.6,1.69,0,1,0,0,0,0,0,0,0,0,0,0,0,1,0,0.357
2021,22.8,3.45,1,1,0,0,1,0,0,0,1,0,0,1,0,1,0,0.447
2021,17.8,7.03,1,0,0,0,1,0,0,0,0,0,0,1,0,1,0,0.339
2021,18.8,21.83,1,1,1,1,1,0,0,0,1,0,0,0,0,1,1,0.789
2021,21.4,5.64,0,0,0,1,0,0,0,0,0,0,0,0,0,1,1,0.587
2021,15.0,2.59,0,1,0,1,1,0,0,0,0,0,0,0,0,1,1,0.729
2021,15.0,1.94,1,1,0,1,1,0,0,0,0,0,0,0,0,1,1,0.742
2021,15.9,7.92,0,1,0,1,1,0,0,0,0,0,0,0,0,1,1,0.784
2021,15.5,29.71,0,1,1,0,1,1,0,0,0,0,0,0,0,1,1,0.648
2021,17.4,28.87,1,0,0,0,0,0,0,0,0,0,0,0,0,1,0,0.292
2021,15.0,2.82,0,0,0,0,0,0,0,0,0,0,0,0,0,1,0,0.335
2021,23.7,18.6,0,0,0,0,0,0,0,0,0,0,0,0,0,1,0,0.439
2021,15.1,13.55,0,0,0,0,1,1,0,0,0,0,0,0,0,1,0,0.389
2021,21.0,7.55,1,0,0,0,0,0,0,0,0,0,0,0,0,1,0,0.34
2021,19.4,2.3,1,1,0,1,0,0,0,0,0,0,0,0,0,1,1,0.668
2021,23.8,9.68,0,0,1,0,0,0,0,0,0,1,0,0,0,1,0,0.332
2021,20.1,2.34,1,1,0,0,0,0,0,0,0,0,0,0,0,1,0,0.419
2021,19.9,14.37,0,0,0,0,0,0,0,0,0,0,0,0,1,1,0,0.224
2021,18.9,3.34,0,1,1,0,1,0,0,1,0,0,0,1,0,1,1,0.571
2021,23.4,1.39,0,0,0,1,1,0,1,1,0,0,0,1,0,1,1,0.722
2021,17.9,6.57,0,1,0,0,0,0,0,0,0,0,0,1,0,1,0,0.316
2021,15.5,5.81,1,1,0,0,1,0,0,1,1,1,0,0,1,1,1,0.604
2021,20.5,3.31,1,0,0,0,1,0,1,0,0,0,0,0,0,1,0,0.318
2021,22.4,11.81,1,1,0,0,1,0,0,0,1,1,0,0,0,1,1,0.63
2021,19.1,0.15,1,0,0,0,0,0,0,1,0,0,0,0,0,1,0,0.359
2021,20.9,9.38,0,0,0,1,0,0,0,0,0,0,0,0,1,1,0,0.379
2021,24.7,30.0,0,0,0,1,0,0,0,0,0,1,0,0,0,1,0,0.472
2021,15.0,2.12,1,1,0,1,0,0,0,1,0,0,0,0,0,1,1,0.774
2021,15.0,2.8,1,1,0,0,0,0,0,0,1,0,0,1,0,1,0,0.468
2021,20.6,3.79,0,0,0,1,0,0,0,0,0,0,0,0,0,1,0,0.45
2021,15.0,3.69,1,0,0,0,0,0,0,0,0,0,0,0,0,1,0,0.328
2021,15.5,3.01,1,1,1,1,1,1,0,1,0,1,1,0,0,1,1,0.9
2021,15.0,5.65,1,1,1,1,1,0,0,0,1,1,0,0,0,1,1,0.906
2021,15.0,5.08,1,0,0,0,0,0,0,0,0,1,0,0,0,1,0,0.365
2021,18.6,3.17,1,1,1,0,0,0,0,0,0,0,0,1,0,1,0,0.477
2021,19.4,3.03,0,0,0,0,0,0,0,0,0,0,0,0,0,1,0,0.265
2021,21.7,6.69,0,0,0,1,1,0,0,1,0,0,0,0,0,1,0,0.495
2021,19.7,11.73,0,0,0,0,0,0,1,0,0,0,0,0,0,1,0,0.227
2021,24.4,4.15,1,1,1,0,1,0,0,0,0,0,0,1,0,1,1,0.554
2021,21.9,7.1,0,0,0,1,1,0,0,0,0,0,0,0,0,1,0,0.499
2021,15.0,0.32,1,0,0,0,0,0,1,0,0,0,0,1,1,1,0,0.266
2021,15.0,2.55,1,0,0,1,1,0,1,0,0,0,0,0,0,1,1,0.857
2021,15.0,9.51,0,0,1,0,0,0,0,0,0,0,0,0,1,1,0,0.295
2021,17.4,11.17,0,0,0,0,0,0,0,0,0,0,0,1,0,1,0,0.256
2021,21.2,0.84,1,0,0,0,1,0,0,1,0,0,0,0,0,1,1,0.562
2021,16.7,11.21,0,0,0,0,0,0,0,0,0,0,0,0,0,1,0,0.288
2021,20.7,3.45,0,0,0,1,0,0,0,0,1,0,0,1,0,1,1,0.597
2021,23.7,3.54,0,0,0,0,0,0,0,0,0,0,0,0,0,1,0,0.271
2021,24.5,2.0,1,1,1,0,1,0,0,0,1,1,0,1,0,1,1,0.742
2021,18.4,0.71,0,1,0,1,1,0,0,0,0,1,1,1,0,1,1,0.69
2021,15.0,0.71,0,1,1,0,1,0,0,0,0,0,1,1,0,1,0,0.493
2021,15.0,1.19,1,1,0,1,0,0,0,0,0,0,0,1,0,1,1,0.811
2021,15.0,3.79,1,1,0,1,1,0,0,0,0,0,0,0,0,1,1,0.789
2021,19.3,2.06,0,0,0,0,0,0,0,0,0,0,0,0,0,1,0,0.322
2021,20.3,4.13,1,1,1,1,1,0,0,0,1,0,0,1,0,1,1,0.886
2021,22.2,0.46,0,0,0,1,1,0,0,1,0,0,0,1,0,1,0,0.46
2021,17.9,10.51,0,1,0,0,0,0,0,0,0,1,0,1,0,1,0,0.383
2021,16.4,2.54,0,0,0,1,1,1,0,0,0,0,0,1,1,1,1,0.804
2021,15.0,2.65,0,0,0,0,0,0,0,1,0,0,0,0,0,1,0,0.362
2021,22.0,4.16,1,0,0,1,0,0,0,0,0,0,0,1,0,1,1,0.65
2021,23.5,30.0,0,0,0,0,0,0,0,0,0,0,1,1,0,1,0,0.38
2021,15.0,2.26,0,0,0,1,0,0,0,0,0,0,0,0,0,1,1,0.514
2021,18.0,22.69,0,0,0,1,1,0,0,0,1,0,0,1,0,1,1,0.582
2021,24.3,1.13,1,1,0,1,1,0,0,1,1,0,0,1,0,1,1,0.812
2021,20.9,8.34,1,1,1,1,1,0,0,1,0,0,0,1,0,1,1,0.829
2021,16.4,3.31,1,1,1,1,1,0,0,1,0,0,0,1,0,1,1,0.873
2021,24.8,0.26,1,1,0,0,1,0,0,0,0,0,0,0,0,1,0,0.336
2021,15.0,6.08,0,0,0,1,1,0,0,0,0,0,0,0,0,1,1,0.624
2021,24.9,10.35,0,0,0,0,0,0,0,0,0,0,0,0,0,1,0,0.176
2021,22.7,14.65,0,0,0,0,0,0,0,1,0,0,0,0,1,1,0,0.216
2021,15.7,1.32,1,0,1,0,1,0,0,0,0,0,0,0,1,1,1,0.577
2021,17.9,3.17,1,1,0,1,1,0,0,1,0,0,0,0,0,1,1,0.747
2021,18.9,5.98,0,0,0,0,1,0,0,0,0,0,0,1,0,1,0,0.273
2021,22.1,4.82,1,1,0,0,0,0,0,0,0,0,0,1,0,1,0,0.43
2021,15.0,20.15,1,1,0,0,1,0,0,1,0,0,0,0,0,1,1,0.647
2021,15.0,3.14,1,0,0,0,0,0,0,0,0,0,0,0,0,1,0,0.305
2021,23.5,5.16,1,1,1,1,0,0,0,0,0,0,0,0,0,1,1,0.745
2021,15.0,1.91,1,0,0,0,0,0,0,0,0,0,0,0,0,1,0,0.284
2021,23.0,5.26,0,0,0,0,0,0,0,0,0,0,0,0,0,1,0,0.227
2021,15.0,10.4,0,0,0,0,0,0,0,0,0,0,0,1,0,1,0,0.234
2021,15.0,3.89,1,1,1,1,1,1,0,0,0,0,0,1,0,1,1,0.881
2021,15.0,7.27,0,0,0,1,0,0,0,1,0,0,0,1,0,1,0,0.499
2021,20.1,6.16,0,1,0,0,1,0,0,0,0,0,0,1,0,1,0,0.353
2021,17.1,5.19,0,1,1,0,0,0,0,0,0,0,0,0,0,1,1,0.545
2021,15.0,5.41,0,0,0,0,0,0,0,0,0,0,0,1,0,1,0,0.281
2021,17.6,8.18,0,0,0,0,1,0,0,0,0,0,0,0,0,1,0,0.286
2021,24.4,1.45,1,1,0,1,1,0,0,0,0,0,0,0,0,1,1,0.795
2021,23.3,1.39,1,1,0,0,0,0,0,0,0,0,0,0,0,1,0,0.414
2021,20.4,0.86,0,1,1,0,1,0,0,0,0,1,0,0,0,1,1,0.699
2021,24.3,6.14,1,1,0,0,1,0,0,0,1,1,0,1,0,1,1,0.768
2021,22.4,2.49,0,0,0,0,1,0,0,0,0,0,0,1,0,1,0,0.297
2021,20.8,21.26,0,0,0,0,1,0,0,0,0,0,0,0,0,1,0,0.339
2021,21.7,0.05,0,1,0,0,1,0,0,1,0,0,0,1,0,1,1,0.59
2021,18.5,7.18,0,1,0,0,0,0,0,0,0,0,0,0,0,1,0,0.346
2021,20.1,6.81,1,0,0,1,1,0,0,0,0,0,0,0,1,1,1,0.626
2021,15.0,1.45,0,0,0,0,0,0,0,1,0,0,0,0,0,1,0,0.21
2021,15.0,5.65,1,1,0,0,0,0,0,0,0,0,0,1,0,1,0,0.431
2021,18.3,1.35,1,0,0,1,1,0,0,0,0,0,0,1,0,1,1,0.667
2021,22.4,10.96,1,0,0,0,1,0,0,0,0,1,0,0,0,1,0,0.47
2021,22.2,13.1,1,1,0,1,1,0,1,1,1,0,0,1,0,1,1,0.915
2021,15.0,1.46,1,1,1,0,1,1,1,1,1,1,0,0,0,1,1,0.822
2021,15.0,3.07,0,0,0,0,0,0,0,0,1,0,0,0,0,1,0,0.218
2021,15.0,19.89,1,1,1,1,1,0,1,0,0,1,0,0,1,1,1,0.934
2021,20.0,0.42,0,0,1,0,0,0,0,0,0,0,0,0,0,1,0,0.463
2021,18.2,5.43,1,0,0,0,0,0,0,0,0,0,0,1,0,1,0,0.312
2021,22.3,4.28,0,0,0,0,1,0,0,0,0,0,0,1,1,1,0,0.303
2021,15.7,26.24,0,0,1,0,0,0,0,0,0,0,0,0,1,1,0,0.342
2021,24.2,2.2,1,1,0,0,1,1,1,0,1,0,0,1,0,1,1,0.688
2021,15.0,1.15,0,0,0,0,0,0,0,0,0,0,0,0,0,1,0,0.378
2021,21.8,1.76,1,1,1,0,1,0,0,1,0,0,0,0,0,1,0,0.354
2021,19.4,1.81,0,0,0,0,0,0,0,1,0,1,0,1,0,1,0,0.203
2021,21.3,30.0,0,1,0,0,1,0,0,0,0,0,0,0,0,1,0,0.46
2021,20.6,2.96,1,0,0,1,1,0,0,0,0,0,1,0,0,1,1,0.694
2021,15.0,30.0,1,1,0,0,0,0,1,0,0,0,0,0,0,1,0,0.33
2021,17.4,15.48,0,0,1,0,0,0,0,0,0,0,0,1,0,1,0,0.258
2021,21.7,13.33,1,0,0,0,0,0,1,0,1,1,0,1,0,1,1,0.727
2021,15.0,10.93,1,0,0,1,1,0,0,0,0,0,0,0,0,1,1,0.709
2021,24.2,17.42,1,0,0,0,1,0,0,0,0,0,0,0,0,1,0,0.499
2021,20.3,30.0,0,0,0,0,0,0,0,0,0,0,0,0,0,1,0,0.324
2021,15.0,15.41,0,0,0,0,0,0,0,1,1,1,0,1,0,1,0,0.241
2021,15.1,9.79,0,0,0,0,0,0,0,0,0,0,0,1,0,1,0,0.204
2021,20.6,13.51,0,0,0,0,1,0,0,0,0,1,0,1,0,1,0,0.45
2021,15.0,3.97,0,1,0,1,1,0,0,0,0,1,0,0,0,1,1,0.839
2021,22.9,1.9,0,0,0,0,1,0,0,1,0,0,0,0,0,1,0,0.381
2021,15.0,8.6,1,1,1,0,1,0,1,0,0,0,0,1,0,1,1,0.53
2021,15.2,7.07,1,1,0,0,0,0,0,0,0,0,0,1,0,1,0,0.387
2021,15.0,7.75,1,1,0,0,1,0,0,1,0,0,0,0,0,1,0,0.441
2021,23.2,6.16,1,0,1,0,1,0,0,0,0,0,0,1,0,1,0,0.382
2021,16.5,30.0,1,0,0,1,1,0,0,0,0,1,1,1,0,1,1,0.897
2021,15.0,6.5,1,0,0,0,0,1,0,0,1,1,1,0,0,1,1,0.548
2021,23.8,1.8,1,0,0,1,0,1,0,0,0,0,0,0,0,1,1,0.6
2021,24.3,3.4,1,1,1,0,1,1,0,0,0,0,0,0,1,1,1,0.781
2021,21.1,7.67,0,0,0,0,0,0,0,0,0,0,0,0,0,1,0,0.24
2021,23.8,29.3,1,1,1,1,1,0,0,0,0,1,0,1,0,1,1,0.81
2021,20.4,2.9,0,0,0,0,0,0,0,1,1,1,0,1,0,1,0,0.235
2021,17.5,8.12,1,0,0,0,0,0,0,0,0,0,0,0,0,1,0,0.277
2021,21.3,2.94,0,1,1,0,1,0,0,0,0,0,0,1,0,1,1,0.616
2021,18.1,1.01,0,0,1,0,0,0,0,0,1,1,0,1,0,1,0,0.337
2021,15.0,1.55,0,1,0,0,1,0,0,1,0,1,0,1,0,1,0,0.306
2021,15.0,6.47,0,0,0,0,1,0,0,0,0,0,0,0,0,1,0,0.322
2021,15.0,18.25,1,0,0,1,1,0,1,0,0,0,0,1,0,1,1,0.785
2021,18.8,15.57,1,0,0,0,0,0,0,0,0,0,0,0,0,1,0,0.403
2021,22.7,1.28,1,0,0,0,0,0,0,0,0,0,0,0,0,1,0,0.338
2021,24.9,0.82,0,0,0,0,1,0,0,1,0,0,0,0,1,1,1,0.544
2021,20.0,8.75,0,0,0,1,0,0,0,0,1,0,0,1,0,1,1,0.58
2021,15.0,13.5,0,0,0,0,1,0,1,0,0,0,0,1,0,1,0,0.323
2021,21.9,30.0,0,1,0,0,0,0,0,0,0,0,0,0,0,1,0,0.385
2021,23.7,7.86,1,0,1,0,1,0,0,1,0,0,0,0,0,1,1,0.508
2021,15.0,1.29,1,0,0,0,1,0,0,0,0,1,0,1,0,1,0,0.487
2021,22.8,3.15,1,1,0,0,0,1,0,0,0,0,0,0,0,1,0,0.463
2021,15.0,3.21,0,0,0,1,0,0,0,0,0,0,0,0,0,1,1,0.628
2021,20.4,25.77,0,1,0,1,1,0,1,0,0,0,1,1,0,1,1,0.751
2021,19.6,1.51,1,0,1,0,1,0,0,1,0,0,0,0,0,1,1,0.523
2021,19.3,30.0,1,0,0,0,1,1,0,0,0,0,0,1,0,1,0,0.47
2021,15.0,2.14,0,0,0,0,0,0,0,0,0,0,0,0,0,1,0,0.32
2021,19.9,30.0,1,1,1,1,1,0,0,0,0,0,0,0,0,1,1,0.735
2021,15.0,0.86,0,0,0,1,0,0,0,0,0,0,0,1,1,1,1,0.678
2021,24.9,24.85,0,0,0,0,0,0,0,0,0,0,0,0,0,1,0,0.401
2021,22.4,13.07,0,0,0,0,0,0,0,1,0,0,0,0,0,1,0,0.354
2021,23.7,16.22,0,0,0,0,0,0,0,0,0,0,0,0,0,1,0,0.351
2021,17.9,2.21,0,0,0,0,0,0,0,0,1,0,0,1,1,1,0,0.269
2021,22.2,6.6,1,0,0,1,1,0,0,0,1,0,0,0,0,1,1,0.699
2021,22.4,11.56,1,1,1,1,1,0,0,0,0,0,0,0,0,1,1,0.762
2021,15.0,1.4,0,1,0,0,0,0,0,0,0,0,0,0,0,1,0,0.262
2021,22.2,19.78,0,1,0,1,0,0,0,1,0,0,0,0,0,1,1,0.594
2021,22.7,1.14,1,0,0,0,0,0,1,0,0,0,0,0,0,1,0,0.355
2021,18.0,5.32,0,0,1,0,1,0,0,1,0,0,0,1,0,1,0,0.429
2021,23.2,22.74,1,0,1,1,1,0,1,0,0,1,0,0,0,1,1,0.873
2021,24.6,7.72,1,1,0,0,0,0,0,0,0,0,0,1,0,1,0,0.481
2021,19.7,1.06,1,0,0,0,1,0,0,0,0,0,0,1,0,1,1,0.538
2021,23.2,0.69,1,1,1,1,1,0,0,0,0,0,0,0,0,1,1,0.597
2021,15.2,1.82,1,1,0,1,1,0,1,1,1,1,1,1,0,1,1,0.85
2021,24.8,20.55,1,0,1,0,1,0,0,0,0,0,0,0,0,1,1,0.655
2021,15.0,30.0,1,1,0,0,0,0,0,0,0,0,1,1,0,1,1,0.552
2021,19.7,14.98,0,0,0,0,0,0,0,0,0,0,0,0,0,1,0,0.29
2021,15.0,24.9,0,1,0,1,1,0,0,0,0,0,0,1,0,1,1,0.732
2021,19.4,30.0,1,1,1,0,1,0,0,0,0,0,0,0,1,1,1,0.531
2021,24.5,30.0,1,1,1,1,0,0,1,0,0,0,1,1,0,1,1,0.786
2021,22.6,7.3,0,1,1,0,1,0,0,0,1,0,0,0,0,1,1,0.562
2021,19.7,1.59,0,0,0,1,1,0,0,0,0,0,0,0,0,1,1,0.694
2021,17.9,4.59,0,0,0,0,0,0,0,0,0,0,0,0,1,1,0,0.287
2021,15.0,3.11,1,0,0,0,0,0,0,0,0,0,0,0,0,1,0,0.305
2021,20.7,11.21,0,0,0,1,1,1,1,0,0,0,0,0,0,1,1,0.635
2021,15.0,27.03,0,0,0,0,1,0,0,0,1,0,0,0,0,1,0,0.288
2021,15.0,2.04,0,0,0,1,1,0,0,0,0,0,0,0,1,1,1,0.608
2021,15.2,2.22,0,0,1,0,0,0,0,0,0,0,0,0,0,1,0,0.333
2021,22.8,30.0,1,0,0,0,0,0,0,0,0,0,0,1,0,1,0,0.358
2021,23.8,29.16,0,0,1,0,0,0,0,0,1,0,0,1,0,1,0,0.302
2021,20.9,5.21,0,0,0,1,0,0,0,1,0,1,0,0,0,1,1,0.55
2021,15.0,1.46,0,0,0,1,1,1,1,0,0,1,1,1,0,1,1,0.842
2021,15.0,3.0,0,0,1,0,1,0,0,0,0,0,0,0,0,1,0,0.374
2021,19.1,5.54,1,0,1,0,0,0,0,0,0,0,0,1,0,1,0,0.432
2021,23.4,2.77,1,1,1,1,0,0,0,1,1,0,0,1,0,1,1,0.865
2021,24.1,7.36,0,0,0,0,0,0,0,1,0,1,0,0,0,1,0,0.218
2021,19.9,13.67,1,0,0,0,0,0,1,0,0,0,0,0,0,1,0,0.306
2021,21.3,2.84,1,0,0,1,0,1,0,0,1,0,0,0,0,1,1,0.558
2021,15.0,7.72,0,0,0,0,0,0,0,0,0,0,0,1,0,1,0,0.224
2021,15.0,2.59,0,0,0,0,1,0,0,0,0,0,0,1,0,1,0,0.35
2021,23.4,0.4,0,1,0,0,0,0,0,0,0,0,0,0,0,1,0,0.246
2021,22.8,3.68,1,1,0,0,0,0,0,0,0,0,0,0,0,1,0,0.446
2021,16.2,17.58,0,1,0,0,1,0,0,0,1,0,0,0,0,1,0,0.39
2021,21.7,4.88,0,0,0,1,0,0,0,1,1,0,0,0,0,1,1,0.504
2021,20.1,1.49,0,0,1,0,0,0,0,0,0,0,0,1,0,1,0,0.297
2021,20.2,5.97,1,1,1,0,0,0,0,0,0,0,0,0,0,1,1,0.548
2021,17.7,6.29,0,1,1,0,0,0,0,0,0,0,0,1,0,1,1,0.505
2021,20.8,8.29,0,0,0,1,1,0,0,0,0,0,0,0,1,1,0,0.38
2021,24.4,1.01,1,0,1,0,0,0,0,0,0,0,0,0,0,1,0,0.363
2021,22.3,2.11,1,0,1,0,1,0,0,0,1,0,0,0,0,1,1,0.561
2021,15.0,1.14,0,0,0,0,0,0,0,0,0,0,0,0,0,1,0,0.378
2021,24.2,3.34,0,0,0,0,0,0,0,0,0,0,0,0,0,1,0,0.278
2021,19.5,6.05,0,0,0,0,0,0,0,0,0,0,0,0,0,1,0,0.3
2021,18.4,11.9,0,0,0,1,0,0,0,0,0,0,0,1,0,1,0,0.469
2021,21.5,4.14,1,1,1,0,1,0,1,0,1,0,0,0,0,1,1,0.73
2021,21.0,3.26,0,0,0,0,0,0,0,0,0,1,1,1,0,1,0,0.23
2021,24.1,3.57,0,0,0,0,0,1,0,0,1,0,0,0,0,1,0,0.15
2021,19.0,15.68,0,0,0,0,0,0,0,0,0,1,0,0,0,1,0,0.37
2021,24.1,3.39,1,1,1,0,1,1,0,0,1,1,0,1,0,1,1,0.652
2021,15.0,6.78,0,0,1,0,0,0,0,0,0,0,0,0,0,1,0,0.373
2021,23.8,1.67,1,1,0,0,1,0,0,0,1,0,1,0,0,1,1,0.545
2021,15.0,0.2,1,1,0,0,0,0,0,0,1,1,1,0,0,1,1,0.566
2021,20.7,3.09,1,0,1,1,1,0,1,0,1,1,0,0,0,1,1,0.841
2021,20.4,1.1,0,0,0,0,1,0,0,0,0,0,0,0,0,1,0,0.407
2021,16.4,4.82,0,1,0,0,0,0,0,0,0,0,0,1,0,1,0,0.296
2021,23.9,1.28,1,1,0,0,0,0,0,0,0,0,0,0,0,1,0,0.394
2021,19.8,9.41,0,0,0,1,0,0,0,0,0,0,0,0,0,1,1,0.542
2021,24.4,1.06,1,1,1,1,0,1,0,0,0,0,0,0,0,1,1,0.674
2021,17.5,2.03,1,0,0,1,1,0,0,0,0,0,0,1,0,1,1,0.652
2021,15.0,1.77,1,0,1,0,0,0,1,0,0,0,0,0,0,1,0,0.285
2021,16.6,1.35,0,1,0,0,1,0,0,0,0,0,0,1,0,1,0,0.288
2021,22.2,3.76,1,1,0,0,0,0,0,0,0,0,0,1,0,1,0,0.444
2021,15.0,13.18,0,0,0,1,1,0,0,0,0,0,0,0,0,1,1,0.545
2021,15.0,1.31,1,1,0,1,1,0,0,1,0,0,0,1,0,1,1,0.792
2021,19.1,2.98,0,0,0,1,0,0,0,0,0,0,0,0,0,1,1,0.541
2021,19.9,3.74,1,0,0,0,0,0,1,0,0,0,0,1,1,1,0,0.26
2021,22.0,12.46,0,1,0,0,0,0,0,1,0,0,1,0,0,1,0,0.24
2021,16.2,9.58,0,0,0,0,0,0,1,0,0,0,0,1,0,1,0,0.191
2021,21.8,4.58,0,0,0,0,0,0,0,0,1,0,0,0,0,1,0,0.292
2021,20.2,0.86,0,0,1,0,1,1,0,0,0,0,0,1,1,1,1,0.588
2021,22.3,5.12,0,1,0,1,0,0,0,0,0,0,0,0,0,1,1,0.584
2021,15.0,1.52,1,1,1,0,0,0,0,0,0,0,0,0,0,1,1,0.586
2021,21.3,3.86,1,0,0,0,0,0,0,1,0,0,0,0,0,1,0,0.314
2021,18.6,6.02,0,0,0,1,1,0,0,0,0,0,0,1,0,1,1,0.584
2021,15.0,5.45,0,0,0,1,1,0,0,0,1,0,0,1,0,1,1,0.671
2021,24.6,4.77,1,0,0,0,0,0,0,0,0,0,0,1,0,1,0,0.341
2021,15.0,10.27,1,0,0,0,0,0,0,1,0,0,0,0,0,1,0,0.332
2021,23.1,4.12,1,1,1,0,1,0,0,0,0,0,1,1,0,1,1,0.646
2021,23.8,8.0,0,0,1,1,1,0,0,0,0,0,0,0,1,1,1,0.572
2021,15.0,7.67,1,1,1,1,1,0,0,0,0,1,0,1,0,1,1,0.924
2021,15.0,4.34,1,1,0,0,0,0,0,0,1,0,0,0,0,1,0,0.368
2021,24.8,5.17,1,0,0,0,0,0,0,0,0,0,0,1,0,1,0,0.406
2021,19.0,2.08,0,1,0,0,0,0,0,1,0,0,0,0,0,1,0,0.35
2021,21.8,9.98,0,0,0,0,0,0,0,0,0,0,0,1,0,1,0,0.226
2021,16.2,20.51,1,0,0,0,0,0,0,0,0,0,0,0,0,1,1,0.53
2021,21.4,0.89,1,1,0,1,1,0,1,0,0,0,0,0,1,1,1,0.817
2021,21.0,9.65,1,0,0,1,1,1,0,0,0,0,1,0,0,1,1,0.8
2021,18.4,5.99,1,0,0,0,0,0,0,0,0,0,0,0,0,1,0,0.34
2021,15.0,0.54,1,1,0,1,1,0,1,0,1,0,0,1,0,1,1,0.813
2021,15.9,30.0,0,0,0,0,0,0,0,0,0,0,0,0,0,1,0,0.486
2021,19.9,2.8,0,1,0,0,1,0,0,0,0,0,0,0,0,1,0,0.392
2021,15.0,3.21,0,0,1,0,0,0,1,1,0,1,0,1,0,1,1,0.511
2021,18.7,0.32,0,1,0,0,0,0,0,0,0,0,0,0,1,1,0,0.386
2021,21.1,2.34,0,0,0,0,0,0,0,1,0,0,0,1,0,1,0,0.203
2021,21.2,3.07,1,1,0,1,1,0,0,0,0,0,0,1,0,1,1,0.753
2021,22.9,9.13,1,1,1,1,1,0,0,0,0,0,1,0,0,1,1,0.776
2021,15.0,1.47,1,1,1,0,0,0,0,0,1,0,0,0,0,1,1,0.603
2021,15.4,11.71,0,0,0,0,0,0,0,0,0,0,0,1,0,1,0,0.274
2021,15.0,2.9,0,0,0,0,1,0,0,0,0,0,0,0,0,1,0,0.3
2021,24.0,13.05,0,0,0,0,0,0,0,0,0,0,0,0,0,1,0,0.427
2021,15.0,9.89,1,0,0,0,0,0,0,0,0,0,0,0,0,1,0,0.333
2021,21.0,5.12,1,0,0,0,0,0,0,1,0,0,0,0,0,1,0,0.32
2021,15.1,1.46,1,1,0,0,0,0,0,0,0,0,0,0,0,1,0,0.495
2021,23.6,0.8,1,0,0,0,1,0,0,1,0,0,0,1,0,1,1,0.57
2021,16.4,11.47,0,1,0,1,1,0,0,0,0,0,0,0,0,1,1,0.688
2021,20.8,15.3,1,1,1,0,1,0,1,0,1,0,0,1,0,1,1,0.702
2021,22.4,1.03,1,1,0,0,1,0,1,0,1,0,1,0,0,1,1,0.704
2021,15.0,9.6,0,0,0,0,0,0,0,0,0,0,0,0,0,1,0,0.261
2021,17.4,6.13,0,1,0,1,1,0,0,0,1,0,1,1,0,1,1,0.7
2021,21.1,1.51,0,0,0,0,0,0,0,0,0,0,0,0,0,1,0,0.34
2021,18.1,22.31,1,1,0,0,1,0,0,0,0,1,1,1,0,1,0,0.493
2021,21.4,1.33,0,0,0,0,0,0,0,0,0,0,0,1,1,1,0,0.245
2021,15.8,7.4,0,0,1,0,0,0,0,0,0,0,0,0,0,1,0,0.428
2021,24.9,1.4,1,0,1,1,0,0,1,0,0,0,0,1,0,1,1,0.682
2021,23.1,4.02,1,1,1,0,0,0,0,0,0,0,0,0,0,1,0,0.496
2021,22.5,9.82,1,0,0,1,1,0,0,0,0,0,0,0,0,1,1,0.58
2021,15.0,4.28,1,1,0,0,0,0,0,0,0,0,0,0,0,1,0,0.393
2021,22.9,0.36,0,0,0,1,0,0,0,0,0,0,0,0,0,1,0,0.356
2021,16.4,3.62,0,0,0,0,0,1,0,0,0,0,0,0,0,1,0,0.303
2021,24.6,2.54,1,1,1,1,1,0,0,0,1,0,0,1,0,1,1,0.923
2021,23.1,2.84,0,1,0,1,1,0,0,0,0,0,0,0,0,1,1,0.533
2021,21.9,2.09,0,1,0,0,0,1,1,1,0,1,0,0,1,1,0,0.39
2021,24.0,3.28,0,1,0,0,1,1,0,0,1,0,0,1,0,1,0,0.271
2021,19.4,1.26,1,1,1,0,0,0,0,0,1,0,0,0,0,1,1,0.664
2021,15.0,3.99,1,1,0,0,1,0,0,1,0,0,0,0,1,1,1,0.652
2021,15.0,4.9,0,0,1,0,0,0,0,0,0,0,1,1,1,1,0,0.316
2021,24.9,19.8,0,0,1,1,0,0,0,0,0,0,1,0,0,1,0,0.36
2021,20.6,10.69,1,0,0,0,0,0,0,0,0,0,0,0,0,1,0,0.205
2021,15.0,15.04,0,0,0,0,0,0,0,0,1,1,0,1,0,1,0,0.285
2021,21.0,9.88,1,1,1,1,1,0,0,0,0,0,0,0,0,1,1,0.814
2021,15.0,9.5,0,0,1,0,0,0,0,0,0,0,0,0,1,1,0,0.295
2021,15.0,10.36,1,1,1,1,1,0,0,0,0,0,0,0,0,1,1,0.868
2021,18.3,2.86,0,0,0,1,0,0,0,1,0,0,0,1,0,1,1,0.529
2021,23.9,30.0,0,1,0,1,0,0,0,0,0,0,0,1,0,1,1,0.646
2021,23.1,3.62,1,1,0,0,0,0,0,0,0,0,0,0,0,1,0,0.362
2021,23.2,3.06,0,0,0,0,1,0,1,1,1,1,0,0,0,1,0,0.211
2021,22.4,4.55,0,1,0,0,0,0,1,0,0,0,0,1,1,1,0,0.445
2021,17.2,4.02,0,0,0,0,0,0,0,1,0,0,0,1,0,1,0,0.31
2021,15.0,1.61,0,0,0,0,0,0,0,0,0,0,0,0,0,1,0,0.334
2021,15.8,5.05,1,0,0,0,0,0,0,0,1,0,0,1,0,1,0,0.369
2021,15.0,13.68,0,1,0,1,1,1,0,0,0,0,0,1,0,1,1,0.735
2021,23.1,30.0,1,1,0,1,0,0,0,0,0,1,0,1,0,1,1,0.771
2021,15.0,7.85,1,1,1,1,1,0,0,0,1,1,0,0,1,1,1,0.927
2021,15.0,4.83,1,1,0,0,1,1,1,0,0,0,0,0,0,1,0,0.324
2021,15.0,2.87,0,0,1,1,1,0,1,1,0,0,0,0,0,1,1,0.77
2021,21.3,24.04,1,0,0,0,0,1,0,0,0,0,0,0,0,1,0,0.39
2021,22.9,0.48,0,1,0,1,0,0,0,0,0,0,0,0,0,1,0,0.396
2021,15.0,0.46,1,0,0,1,1,1,0,0,0,0,1,1,0,1,1,0.755
2021,15.0,10.2,0,1,1,0,1,0,0,1,0,0,0,1,0,1,1,0.597
2021,18.5,11.66,0,1,0,0,0,1,0,1,0,0,0,0,0,1,0,0.355
2021,22.0,2.43,1,0,1,1,1,0,1,0,0,0,0,1,0,1,1,0.584
2021,23.5,10.53,0,1,0,1,1,1,0,0,0,0,0,1,1,1,1,0.83
2021,20.9,9.45,1,1,1,1,1,0,0,0,1,1,0,1,0,1,1,0.915
2021,15.0,4.21,0,1,1,0,1,0,0,0,0,1,0,0,0,1,1,0.713
2021,15.0,2.7,0,0,0,0,1,0,0,0,0,0,0,0,0,1,0,0.367
2021,19.7,20.63,1,1,0,1,1,0,0,0,1,0,0,0,0,1,1,0.794
2021,15.0,13.4,1,0,0,0,0,0,0,0,0,0,0,1,0,1,0,0.35
2021,15.7,2.05,0,0,0,0,0,0,0,0,0,0,0,0,0,1,0,0.373
2021,20.1,30.0,1,0,0,0,0,0,1,0,1,0,0,0,0,1,0,0.291
2021,24.3,0.08,0,0,0,0,1,0,0,0,0,1,0,1,0,1,1,0.504
2021,22.4,4.88,0,0,0,0,1,0,0,0,0,0,1,0,0,1,0,0.451
2021,19.8,12.13,1,1,0,0,1,0,0,0,0,1,0,0,0,1,1,0.589
2021,18.5,8.61,0,0,0,0,0,0,0,0,0,0,0,1,0,1,0,0.241
2021,15.0,6.12,0,0,0,0,1,0,0,0,1,0,0,0,0,1,0,0.256
2021,23.4,4.88,1,0,0,0,0,0,0,0,0,0,0,0,0,1,0,0.307
2021,20.4,1.32,1,0,0,0,0,0,0,1,0,0,0,1,0,1,0,0.415
2021,15.0,2.05,1,0,0,1,1,1,0,1,0,0,0,0,0,1,1,0.746
2021,15.0,6.82,1,0,1,1,1,0,0,0,0,1,0,0,1,1,1,0.842
2021,18.1,6.78,1,0,0,1,1,0,0,0,1,0,0,0,0,1,1,0.638
2021,23.4,2.47,0,1,0,0,0,0,0,0,0,0,0,0,0,1,0,0.289
2021,15.0,1.17,0,0,0,0,1,1,0,0,0,0,0,1,0,1,0,0.395
2021,18.9,3.04,1,0,0,1,1,0,0,0,0,0,0,1,0,1,1,0.711
2021,20.1,1.39,0,0,0,0,1,0,0,0,0,0,0,0,0,1,0,0.297
2021,15.0,3.14,1,1,0,1,1,0,0,0,0,0,0,1,1,1,1,0.873
2021,24.1,9.69,1,1,1,1,1,0,0,1,1,0,0,1,0,1,1,0.764
2021,15.0,2.56,1,1,1,0,0,1,0,0,1,0,0,0,0,1,1,0.664
2021,24.6,18.82,0,1,0,0,0,1,0,0,1,0,0,0,0,1,0,0.431
2021,21.7,0.62,0,0,0,0,0,0,0,1,0,0,0,0,0,1,0,0.343
2021,15.0,0.89,0,1,1,1,0,0,0,0,1,0,0,0,1,1,1,0.848
2021,15.0,7.88,1,0,1,1,1,0,0,0,0,0,1,0,0,1,1,0.884
2021,15.0,7.79,0,0,1,0,1,0,0,0,0,0,0,1,0,1,0,0.31
2021,18.9,3.79,0,0,0,0,0,0,0,1,0,0,0,0,1,1,0,0.213
2021,16.4,4.93,0,0,0,0,1,1,0,1,1,0,0,1,0,1,0,0.362
2021,21.7,16.68,1,1,0,1,1,0,0,0,1,0,1,1,0,1,1,0.889
2021,20.9,2.82,0,1,0,1,0,0,0,0,0,0,0,0,0,1,1,0.512
2021,15.0,3.16,1,1,1,0,0,0,1,0,0,0,0,0,1,1,1,0.554
2021,19.9,2.09,0,0,0,0,0,0,1,1,0,0,0,0,0,1,0,0.28
2021,16.2,2.25,0,0,0,0,0,0,0,0,1,0,0,1,0,1,0,0.181
2021,15.0,5.13,0,0,0,0,0,0,0,0,0,0,0,0,0,1,0,0.294
2021,23.6,10.55,0,1,0,0,0,0,0,0,0,0,0,0,0,1,0,0.192
2021,20.2,3.46,1,1,1,1,1,0,1,1,0,1,1,1,0,1,1,0.941
2021,23.5,5.43,1,0,0,0,1,0,0,0,1,0,0,0,0,1,0,0.382
2021,22.7,1.5,0,0,1,0,0,0,0,0,0,0,0,0,0,1,0,0.3
2021,17.9,3.7,0,0,0,0,0,0,0,0,1,0,0,0,0,1,0,0.254
2021,18.3,5.61,1,1,0,0,0,0,0,1,0,0,0,0,0,1,0,0.439
2021,20.0,1.93,0,0,0,0,0,0,0,0,0,0,0,0,0,1,0,0.307
2021,15.1,0.72,1,0,1,0,1,0,0,0,0,0,0,0,0,1,1,0.577
2021,15.0,5.88,0,0,0,0,0,0,0,1,0,0,0,1,0,1,0,0.218
2021,15.0,0.72,1,1,1,0,0,0,0,1,0,1,0,0,1,1,1,0.619
2021,15.0,6.6,0,0,0,0,0,0,0,0,1,0,0,0,0,1,0,0.262
2021,24.8,2.27,1,1,0,0,0,0,0,0,0,0,1,1,1,1,0,0.45
2021,24.7,5.91,1,0,0,1,1,0,1,1,0,1,0,0,0,1,1,0.78
2021,16.6,10.5,1,1,0,1,1,0,0,1,1,0,0,1,0,1,1,0.846
2021,15.5,6.65,1,1,0,0,0,0,0,0,1,0,0,1,0,1,0,0.466
2021,15.0,4.49,1,1,0,0,1,0,0,1,0,0,0,0,0,1,0,0.368
2021,21.4,3.29,1,0,1,1,0,0,0,0,0,0,0,0,0,1,1,0.684
2021,22.6,5.03,0,0,1,1,1,1,1,0,0,0,0,1,0,1,1,0.796
2021,15.0,5.65,0,0,0,0,0,0,0,0,0,0,0,1,0,1,0,0.273
2021,18.7,3.98,1,0,0,1,1,0,0,1,0,0,0,1,0,1,1,0.767
2021,23.4,30.0,0,0,0,0,1,0,0,0,0,0,0,1,0,1,0,0.279
2021,21.2,2.85,1,0,0,1,1,0,0,0,0,0,0,1,0,1,1,0.551
2021,19.3,0.05,1,1,0,1,1,1,1,0,1,1,0,0,1,1,1,0.855
2021,15.0,4.44,0,0,0,0,1,0,1,0,0,0,0,0,0,1,0,0.284
2021,22.8,3.09,0,0,0,0,0,0,0,1,0,0,0,0,0,1,0,0.2
2021,15.0,1.29,0,0,1,0,0,0,0,0,1,1,1,0,0,1,0,0.469
2021,15.0,21.93,1,0,1,0,0,1,0,0,0,0,0,1,0,1,0,0.285
2021,15.0,22.09,1,0,1,1,0,0,0,0,0,0,0,1,0,1,1,0.678
2021,15.0,3.11,0,0,0,0,1,1,0,0,0,0,0,0,0,1,0,0.207
2021,22.7,0.05,1,1,0,0,0,0,0,0,0,0,0,0,0,1,1,0.52
2021,15.0,4.75,1,1,1,1,1,0,0,0,0,0,0,0,1,1,1,0.79
2021,15.9,8.86,1,0,0,0,0,0,0,0,1,0,0,0,0,1,0,0.419
2021,23.2,10.44,1,1,1,1,1,0,1,0,0,1,0,1,0,1,1,0.889
2021,16.6,11.37,1,1,1,1,1,1,0,0,1,0,1,1,0,1,1,0.95
2021,15.0,6.07,0,0,0,0,0,0,0,0,0,0,0,1,0,1,0,0.251
2021,18.7,10.25,0,0,0,1,1,0,0,0,0,0,0,0,0,1,1,0.605
2021,16.6,16.3,0,0,0,1,0,0,0,0,0,0,0,0,0,1,1,0.657
2021,19.2,3.52,0,1,0,0,0,0,0,0,0,0,0,0,1,1,0,0.374
2021,17.9,30.0,0,1,0,0,1,0,0,1,0,1,0,0,1,1,0,0.415
2021,23.0,8.89,0,1,0,0,0,0,0,0,0,0,0,0,0,1,0,0.203
2021,15.0,15.13,1,1,0,1,1,0,0,1,0,0,0,0,0,1,1,0.733
2021,16.6,6.49,1,1,0,0,1,1,1,0,1,1,0,0,0,1,1,0.693
2021,24.5,3.69,0,0,0,0,0,0,0,1,0,0,0,1,0,1,0,0.15
2021,24.9,8.53,1,1,1,0,1,0,0,0,1,0,0,0,0,1,0,0.361
2021,23.4,5.09,0,0,0,0,0,0,0,1,1,0,0,0,0,1,0,0.232
2021,15.0,7.61,1,0,1,0,0,0,0,0,0,0,0,1,0,1,0,0.454
2021,15.0,1.52,1,1,1,1,1,0,0,0,0,0,0,0,0,1,1,0.866
2021,15.0,0.73,0,1,0,1,1,0,0,0,0,0,0,0,0,1,1,0.653
2021,20.5,3.96,1,0,0,0,1,1,0,1,1,0,0,0,0,1,1,0.526
2021,17.1,0.12,1,0,0,0,1,0,0,0,0,0,0,1,0,1,1,0.769
2021,19.0,2.56,0,0,0,0,0,0,0,0,0,0,0,0,0,1,0,0.422
2021,15.0,4.17,1,1,1,0,0,0,0,0,1,0,1,0,0,1,1,0.72
2021,22.6,9.45,1,0,0,0,0,0,0,0,0,0,0,0,0,1,0,0.32
2021,18.6,6.14,0,0,0,0,0,0,0,0,0,0,0,1,0,1,0,0.251
2021,15.0,0.12,1,0,1,1,1,0,0,1,0,0,0,0,0,1,1,0.84
2021,17.3,27.07,0,0,1,0,0,0,0,0,0,0,0,1,0,1,0,0.213
2021,16.0,2.0,1,1,0,1,1,0,0,1,1,0,1,1,0,1,1,0.818
2021,17.8,2.37,0,0,0,0,0,0,0,1,0,0,0,0,0,1,0,0.236
2021,22.1,8.29,1,0,0,0,0,0,0,0,1,0,0,0,0,1,0,0.368
2021,15.0,2.2,0,0,1,0,0,0,0,0,0,0,0,1,0,1,0,0.307
2021,15.0,3.9,1,0,1,1,0,0,0,1,0,0,0,1,0,1,1,0.736
2021,15.0,2.52,0,0,0,0,0,0,0,0,0,0,0,0,0,1,0,0.336
2021,21.6,30.0,1,1,0,1,1,0,0,0,0,0,0,1,0,1,1,0.823
2021,24.1,2.42,0,0,1,1,0,0,0,1,0,1,0,0,0,1,0,0.433
2021,15.0,9.4,1,0,0,1,1,0,0,0,0,0,0,0,0,1,1,0.677
2021,15.0,1.52,0,0,0,0,0,0,0,0,0,0,0,0,0,1,0,0.313
2021,15.0,0.3,0,0,0,0,0,0,0,0,1,0,0,0,1,1,0,0.281
2021,21.4,9.04,0,0,0,0,1,0,0,0,0,0,0,0,0,1,0,0.3
2021,15.0,8.22,1,1,0,0,0,0,0,0,1,0,0,0,0,1,0,0.429
2021,15.0,0.33,1,0,0,1,0,0,1,0,0,0,0,0,0,1,1,0.667
2021,18.5,0.24,0,0,0,0,0,0,0,0,0,0,0,0,0,1,0,0.281
2021,20.6,1.94,1,1,0,0,0,0,0,0,0,1,0,0,1,1,0,0.335
2021,18.0,15.48,1,1,1,1,1,0,0,0,1,1,1,0,1,1,1,0.869
2021,20.4,18.8,1,1,1,1,1,0,0,0,1,1,0,0,0,1,1,0.825
2021,22.4,1.2,0,0,0,1,1,0,0,0,0,0,0,0,0,1,1,0.63
2021,15.6,2.85,1,1,0,0,1,0,0,0,0,0,0,0,1,1,1,0.641
2021,21.3,0.29,0,0,0,0,0,0,0,1,0,0,0,1,0,1,0,0.237
2021,19.6,9.36,0,0,0,0,1,0,0,0,0,0,0,0,0,1,0,0.256
2021,18.1,2.16,0,0,0,0,1,0,0,0,0,0,0,0,0,1,0,0.336
2021,18.7,19.3,0,0,0,0,1,1,1,0,0,0,0,1,0,1,1,0.67
2021,22.0,7.87,1,1,0,0,0,0,0,0,1,1,0,0,1,1,1,0.676
2021,19.7,1.96,1,0,0,0,1,0,0,0,0,0,0,0,0,1,0,0.472
2021,24.0,6.04,0,0,0,1,0,0,0,0,0,1,0,1,0,1,1,0.589
2021,16.5,0.33,0,0,0,0,0,0,0,0,0,0,0,0,0,1,0,0.218
2021,21.0,1.12,0,0,0,0,0,0,0,1,0,0,0,0,0,1,0,0.367
2021,24.0,7.34,1,0,0,0,1,0,0,0,0,1,0,1,0,1,0,0.395
2021,15.0,0.65,1,0,1,1,1,0,0,0,0,0,0,0,0,1,1,0.795
2021,16.5,1.33,1,1,0,0,1,0,1,0,0,0,0,0,0,1,0,0.443
2021,24.2,4.79,1,1,0,1,1,0,0,0,0,0,0,1,0,1,1,0.688
2021,20.8,6.04,0,0,0,0,0,0,0,0,0,0,0,0,0,1,0,0.29
2021,22.7,0.35,1,0,0,1,1,0,0,0,0,0,0,1,0,1,1,0.566
2021,15.5,12.35,1,0,0,0,0,0,0,1,1,0,0,1,0,1,0,0.287
2021,24.8,3.82,0,0,0,0,0,0,0,0,0,0,0,0,0,1,0,0.205
2021,19.4,0.57,1,1,0,0,1,0,0,0,1,0,1,0,0,1,1,0.623
2021,19.5,0.38,0,0,0,1,0,0,1,0,0,0,0,0,0,1,1,0.651
2021,15.0,2.24,1,0,0,0,0,0,0,0,0,0,0,0,0,1,0,0.307
2021,22.1,30.0,0,1,1,1,1,0,0,1,0,1,0,1,1,1,1,0.751
2021,15.0,21.45,0,0,0,0,0,0,0,0,0,0,0,1,0,1,0,0.286
2021,19.7,21.48,0,0,0,0,0,0,0,0,1,0,0,1,0,1,0,0.214
2021,15.0,2.72,0,0,0,0,0,1,0,0,0,0,0,0,0,1,0,0.31
2021,15.0,0.05,1,1,1,0,0,0,0,0,0,0,0,0,0,1,1,0.738
2021,21.4,7.27,1,1,1,1,1,0,0,0,0,0,1,1,0,1,1,0.89
2021,15.0,1.65,0,0,0,1,1,0,0,0,0,1,0,0,0,1,1,0.816
2021,16.9,2.54,1,1,0,1,1,0,0,0,0,0,0,0,1,1,1,0.807
2021,15.0,4.6,1,1,1,1,1,0,0,0,0,0,0,0,0,1,1,0.792
2021,23.7,2.47,0,0,0,0,0,0,0,0,0,0,0,0,0,1,0,0.282
2021,15.0,2.16,1,1,1,0,1,0,0,0,0,0,0,1,0,1,1,0.603
2021,15.0,3.52,1,0,0,1,1,0,1,1,0,0,0,0,0,1,1,0.869
2021,21.0,1.94,1,1,1,1,1,0,0,0,1,1,0,0,1,1,1,0.809
2021,24.6,2.96,1,1,0,0,0,0,0,1,0,0,1,0,0,1,0,0.401
2021,22.4,22.55,1,1,0,1,1,0,0,0,0,0,0,0,1,1,1,0.808
2021,15.0,4.71,0,1,0,1,1,1,0,0,0,0,0,0,0,1,1,0.605
2021,18.7,27.15,0,1,0,0,1,0,0,0,1,0,0,1,0,1,0,0.432
2021,22.9,6.84,0,1,1,1,1,0,0,1,0,1,1,0,1,1,1,0.801
2021,21.2,0.85,1,1,1,0,0,0,0,0,1,0,1,0,0,1,1,0.715
2021,15.0,2.97,0,1,1,1,1,0,1,0,0,0,1,0,0,1,1,0.851
2021,23.3,7.92,0,1,1,1,1,0,0,0,0,1,0,0,0,1,1,0.858
2021,15.0,4.23,0,0,0,1,1,0,0,0,0,0,0,1,0,1,1,0.638
2021,22.6,19.16,0,0,0,0,1,0,0,0,0,0,0,0,0,1,0,0.427
2021,16.0,5.48,1,0,1,1,1,0,1,1,1,0,0,0,0,1,1,0.918
2021,23.5,8.72,0,0,0,0,0,0,0,0,0,0,0,1,0,1,0,0.208
2021,21.8,1.93,1,1,0,1,0,0,0,0,1,0,0,0,0,1,1,0.818
2021,20.0,7.32,1,0,0,0,1,0,0,0,0,0,0,0,0,1,0,0.415
2021,15.0,0.05,0,1,0,1,0,0,0,0,0,0,0,0,0,1,1,0.77
2021,22.8,1.12,0,0,0,0,1,0,1,0,0,1,0,1,0,1,1,0.58
2021,20.9,4.11,0,0,0,0,0,0,0,0,0,1,0,1,0,1,0,0.255
2021,20.9,30.0,0,1,0,0,0,0,0,1,0,0,0,1,0,1,0,0.307
2021,15.4,8.31,1,0,1,0,0,0,0,0,0,0,0,0,0,1,0,0.46
2021,15.0,1.1,1,0,0,1,0,0,0,0,0,0,0,0,0,1,1,0.757
2021,15.0,9.04,0,0,0,0,1,0,1,0,0,0,0,0,0,1,0,0.201
2021,15.0,4.56,1,1,0,1,1,0,0,0,0,1,0,1,0,1,1,0.785
2021,15.0,24.35,1,1,0,1,1,0,0,0,0,0,0,1,0,1,1,0.827
2021,15.1,2.37,0,0,0,0,0,0,1,0,0,0,0,0,0,1,0,0.203
2021,15.0,9.05,1,0,0,0,0,0,1,0,1,1,0,0,0,1,0,0.438
2021,20.5,3.0,1,1,1,1,1,1,0,1,1,1,0,1,1,1,1,0.944
2021,15.0,3.85,1,0,0,0,0,0,0,0,1,0,0,0,0,1,0,0.366
2021,18.9,9.09,1,0,1,0,1,0,0,0,0,0,0,1,0,1,0,0.429
2021,15.0,1.72,0,0,0,1,1,0,0,0,0,0,0,1,0,1,1,0.754
2021,15.0,1.89,1,0,0,1,1,0,0,0,0,0,0,0,0,1,1,0.688
2021,21.7,0.72,1,1,0,1,1,0,0,0,0,0,0,1,0,1,1,0.692
2021,22.8,3.55,1,0,0,0,0,0,0,0,0,0,0,0,0,1,0,0.325
2021,20.7,2.57,0,0,0,0,0,0,0,0,0,1,0,0,0,1,0,0.305
2021,15.0,0.44,0,0,0,1,0,0,0,0,0,1,1,1,0,1,1,0.57
2021,17.8,3.87,0,0,1,0,0,0,0,0,0,0,0,1,1,1,0,0.343
2021,22.4,8.89,0,0,0,0,0,0,0,0,0,0,0,0,0,1,0,0.261
2021,15.0,0.17,0,0,0,0,0,0,0,0,0,0,0,0,0,1,0,0.369
2021,15.7,19.86,1,0,0,0,0,0,0,1,0,0,0,0,0,1,1,0.552
2021,24.6,1.47,0,0,1,0,1,0,0,0,0,1,0,0,0,1,0,0.255
2021,24.3,5.24,0,0,0,0,1,1,1,1,0,0,0,1,0,1,0,0.461
2021,18.3,1.67,1,0,0,0,1,1,0,0,0,1,0,1,0,1,1,0.525
2021,22.2,9.92,1,1,0,0,1,1,0,0,0,1,0,1,0,1,1,0.765
2021,23.3,2.98,0,0,1,0,1,0,0,1,0,0,0,0,0,1,1,0.526
2021,22.4,11.53,0,0,0,0,0,0,0,0,0,0,0,0,0,1,0,0.227
2021,20.4,2.14,1,0,1,0,1,0,0,1,0,0,0,1,0,1,1,0.559
2021,20.0,8.21,0,0,0,0,1,0,0,1,0,0,0,1,0,1,0,0.291
2021,18.5,2.81,0,0,0,0,0,0,0,1,0,0,0,0,0,1,0,0.27
2021,18.9,7.87,0,0,0,0,1,0,0,1,0,0,0,1,0,1,0,0.317
2021,23.5,4.23,1,0,0,0,0,0,0,0,0,0,0,0,0,1,0,0.325
2021,21.5,1.76,1,0,0,0,0,0,0,1,0,0,0,0,0,1,0,0.236
2021,23.9,3.03,0,0,0,0,0,0,0,1,0,0,0,0,1,1,0,0.156
2021,24.7,22.08,1,1,0,1,1,0,0,0,0,0,0,1,1,1,1,0.869
2021,15.0,30.0,1,0,0,0,1,0,0,0,0,0,1,0,1,1,1,0.643
2021,20.0,2.13,0,0,1,0,0,0,0,0,0,0,0,0,0,1,0,0.418
2021,15.0,30.0,1,0,0,1,1,0,1,0,1,0,0,0,0,1,1,0.767
2021,22.0,5.75,0,0,0,1,0,0,1,0,0,0,0,0,0,1,1,0.569
2021,15.0,9.87,1,1,1,0,1,0,0,0,1,1,1,0,1,1,1,0.781
2021,15.0,0.49,1,0,1,0,0,0,0,1,0,0,0,1,0,1,0,0.42
2021,15.0,30.0,1,0,0,0,1,0,0,0,0,0,0,0,0,1,0,0.348
2021,15.0,2.6,0,1,1,0,1,0,0,0,0,0,0,0,0,1,1,0.668
2021,16.6,2.03,1,1,0,1,1,1,0,1,0,1,0,1,1,1,1,0.872
2021,15.0,5.98,1,1,0,1,1,0,1,0,0,0,0,0,0,1,1,0.884
2021,23.5,0.6,0,0,0,0,0,1,0,0,0,0,0,0,0,1,0,0.336
2021,15.0,2.53,1,0,1,0,0,0,0,0,0,0,0,0,0,1,1,0.505
2021,15.0,6.62,0,1,1,0,1,0,0,0,0,0,0,0,0,1,1,0.577
2021,20.6,10.08,1,1,1,1,1,0,0,0,0,1,0,1,0,1,1,0.896
2021,15.0,4.45,1,1,0,0,1,0,0,1,0,0,0,1,0,1,0,0.354
2021,24.3,2.95,0,0,0,1,1,1,0,0,1,1,1,0,0,1,1,0.684
2021,15.0,7.28,0,1,0,0,0,0,0,0,0,0,0,1,0,1,0,0.253
2021,22.3,4.9,1,0,0,0,1,1,0,0,0,1,0,1,1,1,1,0.621
2021,15.0,2.91,0,1,1,1,1,0,0,0,0,0,0,1,0,1,1,0.803
2021,23.8,2.59,1,1,1,1,1,0,0,1,1,1,0,0,0,1,1,0.827
2021,19.7,7.62,1,1,0,1,1,0,0,0,1,0,0,0,0,1,1,0.816
2021,15.0,10.33,0,0,1,0,1,0,0,0,1,1,1,0,0,1,1,0.604
2021,23.4,1.87,0,1,0,0,0,0,0,0,0,0,0,0,0,1,0,0.266
2021,23.4,13.05,0,0,1,0,1,0,0,0,0,0,0,0,0,1,1,0.592
2021,21.3,12.11,0,0,1,0,0,0,0,1,0,0,0,1,0,1,0,0.317
2021,23.7,4.25,1,1,0,0,0,0,0,0,0,0,0,1,0,1,0,0.352
2021,23.6,3.81,1,1,0,1,1,0,0,0,1,0,0,1,1,1,1,0.798
2021,15.7,1.77,0,1,0,0,0,0,0,0,1,0,1,0,0,1,0,0.213
2021,20.1,0.9,1,1,1,0,1,0,0,0,0,0,0,0,0,1,1,0.696
2021,18.9,6.27,0,0,0,0,0,0,0,0,0,0,0,0,0,1,0,0.327
2021,15.0,14.39,0,0,0,0,0,0,0,0,0,0,0,1,0,1,0,0.28
2021,18.0,0.35,1,0,0,0,1,0,0,1,0,0,0,1,0,1,0,0.362
2021,17.3,11.95,0,0,1,0,0,0,0,0,0,0,0,0,0,1,0,0.262
2021,16.5,10.57,0,0,0,0,0,0,0,0,0,0,0,0,0,1,0,0.309
2021,21.2,6.88,1,0,0,0,0,0,0,0,0,0,0,1,0,1,0,0.342
2021,15.2,13.5,0,0,0,0,0,0,0,0,0,0,0,0,1,1,0,0.258
2021,15.0,3.37,0,1,1,1,1,0,0,0,0,0,0,0,0,1,1,0.833
2021,15.0,11.97,0,0,0,0,0,0,0,0,0,0,0,1,0,1,0,0.233
2021,15.0,12.27,1,1,0,0,1,0,0,0,0,0,0,0,0,1,0,0.394
2021,15.0,30.0,0,1,0,0,0,0,0,1,0,0,0,0,1,1,0,0.393
2021,20.3,0.32,0,1,0,0,1,1,0,1,0,0,0,0,0,1,0,0.437
2021,15.0,12.51,1,1,1,1,1,0,0,0,0,1,0,1,0,1,1,0.932
2021,22.6,0.08,0,1,1,0,0,0,0,0,0,0,0,1,0,1,1,0.536
2021,20.2,1.19,1,0,0,1,0,0,0,0,0,1,0,0,0,1,1,0.668
2021,17.2,5.5,0,0,0,0,0,0,0,0,0,0,1,1,1,1,0,0.294
2021,24.6,2.17,1,0,0,1,1,0,0,1,0,1,0,1,1,1,1,0.885
2021,17.7,1.55,1,1,1,1,0,0,0,0,0,0,1,0,0,1,1,0.812
2021,19.9,7.15,1,1,0,0,0,0,0,1,0,1,0,1,0,1,1,0.528
2021,15.0,3.69,1,1,0,1,1,0,0,1,0,0,0,0,1,1,1,0.83
2021,15.0,15.16,1,1,1,0,1,0,0,1,1,0,0,1,0,1,1,0.69
2021,24.5,2.68,1,1,1,1,1,0,0,0,0,0,0,1,0,1,1,0.877
2021,15.0,1.2,1,0,1,1,0,0,0,1,0,0,0,0,1,1,1,0.755
2021,23.7,15.37,1,0,0,0,1,0,1,0,1,0,0,1,1,1,1,0.541
2021,22.2,9.05,1,0,0,1,0,0,0,0,0,0,0,0,0,1,1,0.569
2021,21.9,6.83,0,0,0,0,1,0,0,0,0,0,0,1,1,1,0,0.214
2021,15.0,4.53,0,1,0,1,1,0,1,0,1,1,0,0,0,1,1,0.778
2021,15.0,2.79,1,0,0,0,1,0,0,0,0,0,0,0,1,1,0,0.478
2021,15.0,1.02,1,0,0,1,0,1,0,0,0,0,0,1,0,1,1,0.747
2021,17.3,0.29,1,0,0,0,0,0,0,0,0,0,0,0,0,1,0,0.407
2021,21.6,3.29,1,1,0,1,1,0,0,0,0,0,0,0,0,1,1,0.767
2021,18.3,2.94,1,1,1,0,1,0,0,0,1,0,0,0,0,1,1,0.728
2021,15.0,1.44,0,0,0,0,1,0,0,0,0,1,0,0,0,1,0,0.269
2021,17.5,3.76,0,0,0,0,1,0,0,0,0,0,0,0,0,1,0,0.261
2021,15.0,5.8,1,1,0,0,1,0,1,0,1,0,0,1,0,1,1,0.533
2021,19.4,0.53,0,1,1,1,0,0,0,0,0,0,0,0,0,1,1,0.69
2021,20.5,20.3,1,1,0,1,1,0,0,0,0,0,0,0,0,1,1,0.82
2021,20.5,4.8,0,0,0,0,0,0,0,0,0,0,0,0,0,1,0,0.33
2021,15.0,1.16,0,0,0,0,0,0,0,0,0,0,0,0,0,1,0,0.378
2021,24.7,9.22,1,0,0,0,0,0,0,0,0,0,0,1,0,1,0,0.292
2021,20.6,0.56,0,0,0,0,0,0,0,0,1,0,0,0,0,1,0,0.248
2021,16.5,6.12,0,0,1,0,0,0,0,0,0,0,0,0,0,1,0,0.401
2021,17.4,6.5,0,1,0,0,0,0,0,1,0,0,0,0,0,1,0,0.331
2021,16.3,3.43,1,0,0,1,1,0,0,0,0,1,0,0,0,1,1,0.739
2021,15.2,5.07,1,1,0,0,0,0,0,0,0,1,0,0,0,1,0,0.408
2021,15.0,4.76,0,0,0,0,0,0,0,1,0,1,0,0,0,1,0,0.235
2021,15.0,2.43,0,0,0,1,0,0,0,0,0,0,0,1,0,1,1,0.55
2021,24.2,1.99,0,0,1,0,1,0,0,1,0,0,0,1,0,1,0,0.442
2021,21.3,5.13,0,0,0,0,1,0,0,0,0,0,0,0,0,1,0,0.334
2021,15.3,26.61,1,1,0,1,1,0,0,1,0,0,0,0,0,1,1,0.738
2021,15.0,16.36,1,1,0,1,1,0,0,0,0,0,0,1,0,1,1,0.768
2021,20.7,1.55,0,0,0,0,0,0,0,1,0,0,0,1,0,1,0,0.252
2021,24.6,6.71,0,0,0,1,0,0,0,0,0,0,0,0,0,1,1,0.615
2021,23.0,2.18,0,1,1,0,0,0,1,0,0,0,0,0,0,1,0,0.354
2021,15.0,0.3,0,0,0,0,0,0,0,0,0,0,0,0,0,1,0,0.317
2021,16.8,30.0,1,0,0,0,1,0,0,0,0,0,1,0,0,1,1,0.55
2021,18.9,4.4,0,0,0,0,0,0,0,0,0,0,0,0,0,1,0,0.352
2021,21.8,1.13,1,1,1,1,1,0,1,1,1,1,1,0,1,1,1,0.881
2021,24.0,4.13,0,0,0,1,0,0,0,0,0,0,0,1,0,1,1,0.526
2021,23.6,10.29,1,1,0,1,1,0,0,0,0,1,0,0,0,1,1,0.807
2021,16.2,12.19,0,0,1,0,0,0,0,1,0,0,0,1,0,1,0,0.256
2021,17.2,1.84,1,1,1,1,1,0,0,0,1,0,1,1,0,1,1,0.864
2021,23.0,2.06,0,0,0,0,0,0,0,0,0,0,0,0,0,1,0,0.217
2021,15.0,1.53,1,0,1,1,1,0,0,0,0,0,0,0,0,1,1,0.799
2021,15.0,5.19,1,1,0,0,0,0,0,1,0,0,0,0,0,1,0,0.358
2021,17.6,30.0,1,1,0,0,1,0,0,1,1,0,0,0,1,1,1,0.567
2021,24.3,4.04,0,0,0,0,1,0,0,0,0,0,0,0,0,1,0,0.352
2021,21.6,5.68,1,1,0,0,1,0,0,0,1,0,0,0,0,1,1,0.503
2021,15.0,6.95,0,0,0,0,0,0,0,0,1,0,0,1,0,1,0,0.209
2021,23.8,6.27,1,1,0,0,0,0,0,0,0,0,0,0,0,1,0,0.406
2021,21.1,2.03,1,1,0,0,0,0,1,0,0,1,0,1,0,1,1,0.541
2021,15.2,0.12,1,1,0,0,1,1,0,0,0,0,0,1,0,1,1,0.788
2021,15.0,2.99,1,0,0,0,0,0,0,1,0,1,0,1,0,1,0,0.352
2021,20.7,10.68,0,0,0,0,0,0,0,1,0,0,0,0,0,1,0,0.166
2021,23.6,1.8,0,0,0,0,1,0,0,0,0,0,0,0,0,1,0,0.246
2021,15.0,2.25,1,0,1,1,0,0,0,1,1,0,0,0,0,1,1,0.758
2021,15.0,3.63,0,0,0,0,0,0,0,0,0,0,0,0,0,1,0,0.278
2021,20.7,9.47,0,0,0,0,0,0,0,0,0,0,0,1,0,1,0,0.216
2021,23.6,0.48,1,1,0,0,0,0,0,0,1,0,0,0,0,1,1,0.501
2021,15.3,5.82,1,1,0,0,0,0,0,0,0,0,0,1,0,1,0,0.425
2021,15.0,14.63,1,1,0,0,1,0,0,0,0,0,0,0,0,1,0,0.475
2021,24.1,10.87,1,1,1,1,1,0,0,0,0,0,0,0,0,1,1,0.767
2021,18.3,1.32,0,0,1,0,0,0,0,1,0,0,0,0,0,1,0,0.358
2021,19.8,11.7,1,1,0,1,1,0,0,0,0,1,0,1,0,1,1,0.886
2021,15.0,30.0,1,1,1,0,0,0,0,0,0,0,0,0,0,1,0,0.469
2021,24.8,0.46,1,0,0,0,0,0,1,0,0,0,0,0,0,1,0,0.304
2021,22.0,1.12,1,1,0,0,1,0,0,0,1,0,0,0,0,1,1,0.591
2021,16.6,3.67,1,0,1,1,1,0,0,1,1,0,0,0,0,1,1,0.837
2021,19.9,18.63,0,0,0,0,1,0,0,0,0,1,0,0,0,1,0,0.48
2021,16.2,30.0,0,0,0,1,0,0,0,1,0,0,0,0,0,1,1,0.608
2021,23.8,5.28,0,0,0,1,1,0,0,0,0,0,0,0,0,1,1,0.555
2021,15.0,0.24,1,1,0,0,1,0,1,0,0,0,0,1,0,1,0,0.485
2021,22.1,8.46,1,1,0,1,1,0,1,0,0,1,1,0,1,1,1,0.917
2021,16.0,7.32,0,0,0,1,1,0,1,0,0,0,0,0,0,1,1,0.709
2021,15.0,2.59,0,0,0,0,0,0,1,0,0,0,0,0,0,1,0,0.338
2021,20.4,9.46,0,0,1,0,0,0,1,1,0,0,0,0,0,1,0,0.35
2021,20.8,2.61,1,1,0,1,1,0,0,0,0,1,0,0,0,1,1,0.754
2021,20.5,10.88,1,1,0,1,0,0,0,0,0,0,0,0,0,1,1,0.72
2021,22.0,0.79,1,0,1,0,1,1,0,0,0,0,0,0,0,1,1,0.676
2021,20.4,17.98,0,0,0,0,1,0,0,0,0,0,0,0,0,1,0,0.398
2021,17.1,7.82,1,0,0,0,0,0,0,0,0,0,0,0,1,1,0,0.326
2021,23.6,13.35,0,1,0,0,0,0,0,0,0,0,0,0,0,1,0,0.49
2021,15.0,2.71,0,0,0,0,0,0,0,0,0,0,0,0,0,1,0,0.367
2021,19.1,6.81,0,1,1,1,1,0,0,0,0,0,0,0,0,1,1,0.759
2021,23.6,4.44,1,1,0,1,1,1,1,1,0,1,1,0,0,1,1,0.888
2021,15.0,1.42,1,1,0,1,1,1,0,1,0,1,0,1,1,1,1,0.824
2021,16.8,8.71,0,1,0,1,1,0,0,0,1,0,0,1,0,1,1,0.604
2021,24.7,7.5,0,0,0,0,1,0,0,0,0,0,0,0,0,1,0,0.33
2021,19.2,16.06,0,0,0,0,0,0,0,0,0,0,0,1,0,1,0,0.257
2021,24.0,21.66,1,1,0,1,1,1,1,0,0,0,0,1,0,1,1,0.871
2021,15.8,4.52,0,0,0,0,0,0,0,0,0,0,0,1,0,1,0,0.317
2021,15.0,4.09,0,0,0,0,0,0,0,0,0,0,0,0,0,1,0,0.368
2021,19.2,11.81,0,0,1,0,1,0,0,0,0,1,0,0,0,1,1,0.565
2021,24.0,1.08,1,1,1,1,1,0,0,0,1,0,0,0,0,1,1,0.761
2021,19.3,2.8,1,1,0,1,0,0,0,1,0,0,0,0,0,1,1,0.666
2021,24.1,0.72,1,1,0,1,1,0,0,0,0,1,0,0,0,1,1,0.738
2021,15.0,2.2,0,1,0,1,0,0,1,0,0,0,1,0,0,1,1,0.663
2021,19.7,0.81,0,1,0,0,0,0,0,0,0,0,0,0,0,1,0,0.326
2021,24.0,3.16,0,1,0,0,0,0,0,1,0,0,0,0,0,1,0,0.203
2021,15.0,5.48,1,1,0,0,0,0,0,0,0,0,0,1,0,1,0,0.394
2021,22.8,0.38,0,0,0,0,0,0,1,0,0,0,0,0,0,1,0,0.25
2021,15.0,30.0,1,1,0,1,1,0,0,1,0,1,0,1,0,1,1,0.865
2021,18.9,5.12,0,0,1,0,0,0,0,0,0,0,0,1,0,1,0,0.35
2021,15.8,11.07,0,0,0,0,1,1,0,0,1,0,0,0,0,1,0,0.394
2021,17.6,1.83,0,0,0,0,0,0,0,1,0,0,0,0,0,1,0,0.188
2021,22.7,1.34,1,1,0,1,1,0,0,1,0,0,1,0,0,1,1,0.614
2021,15.0,19.11,1,1,0,0,1,1,1,1,1,0,0,0,0,1,1,0.646
2021,15.3,4.98,1,1,0,0,0,0,0,0,0,1,0,1,0,1,0,0.401
2021,22.0,2.26,1,1,1,0,0,0,0,0,1,0,0,0,0,1,0,0.481
2021,18.5,5.28,0,0,1,0,0,0,0,0,0,0,0,0,1,1,0,0.25
2021,23.8,4.67,1,0,0,0,1,0,0,0,0,0,0,0,0,1,0,0.371
2021,21.5,3.82,0,0,0,0,0,0,0,0,0,0,0,0,0,1,0,0.344
2021,17.5,5.07,1,1,0,0,0,0,0,0,0,0,0,1,0,1,0,0.315
2021,17.0,0.68,0,0,0,0,0,0,0,0,0,0,0,0,0,1,0,0.34
2021,24.9,2.05,1,0,1,1,1,0,0,1,0,0,1,1,0,1,1,0.856
2021,19.2,6.12,0,1,0,1,1,0,0,1,0,1,0,0,0,1,1,0.735
2021,15.0,8.26,0,0,0,0,0,0,0,0,0,0,0,0,0,1,0,0.285
2021,19.6,1.4,0,1,0,0,0,0,0,0,0,0,0,0,0,1,0,0.294
2021,15.0,1.4,0,0,0,1,1,0,0,0,0,0,0,0,0,1,1,0.676
2021,20.7,2.33,1,0,0,0,0,0,0,0,0,0,0,1,0,1,0,0.259
2021,15.0,10.46,1,0,0,0,0,0,0,0,0,0,0,1,0,1,0,0.221
2021,23.8,7.41,1,0,0,0,1,0,0,0,0,0,0,1,0,1,0,0.364
2021,21.1,1.86,0,0,0,0,0,1,0,0,0,0,0,0,0,1,0,0.25
2021,20.5,0.36,1,0,1,0,0,0,1,0,1,0,0,1,0,1,1,0.505
2021,15.0,10.07,0,0,0,1,0,0,0,0,0,0,0,1,0,1,1,0.554
2021,24.5,17.47,0,0,0,0,0,0,0,0,0,0,0,0,0,1,0,0.382
2021,16.3,0.84,1,0,1,0,0,0,0,1,0,0,0,1,0,1,0,0.475
2021,23.3,17.98,0,0,0,0,1,0,0,0,1,0,0,0,0,1,0,0.313
2021,15.0,0.55,1,1,0,1,1,0,0,1,0,0,1,0,0,1,1,0.666
2021,24.5,5.04,0,0,1,1,1,0,0,0,0,0,0,0,0,1,1,0.557
2021,15.0,5.85,1,1,0,0,0,0,0,0,0,0,0,0,0,1,0,0.467
2021,15.0,3.73,1,1,0,1,1,0,0,0,0,0,0,1,0,1,1,0.794
2021,15.0,1.36,1,1,1,0,0,0,0,0,0,0,0,0,0,1,1,0.556
2021,22.7,20.27,0,1,0,1,1,0,0,0,1,0,0,0,0,1,1,0.808
2021,15.0,3.89,0,1,0,0,0,0,1,1,0,0,0,0,0,1,0,0.28
2021,21.8,5.86,1,1,0,1,1,0,1,0,1,1,0,1,0,1,1,0.892
2021,15.0,30.0,0,0,0,0,0,0,0,0,0,0,0,0,0,1,0,0.364
2021,20.4,3.19,1,0,0,1,1,0,1,0,0,0,0,0,0,1,1,0.853
2021,15.2,2.45,1,1,0,0,1,0,0,0,1,0,0,1,1,1,1,0.608
2021,17.6,13.14,1,1,1,0,1,1,0,0,0,1,0,0,0,1,1,0.813
2021,23.7,5.31,0,0,0,1,0,0,0,0,0,0,0,0,0,1,1,0.559
2021,15.2,8.89,0,1,1,1,1,0,1,0,1,0,0,1,0,1,1,0.837
2021,15.0,3.26,0,0,0,0,0,0,0,0,0,0,0,0,0,1,0,0.263
2021,22.6,1.85,1,0,0,0,1,0,0,1,0,0,1,0,0,1,0,0.436
2021,19.0,11.88,0,0,0,0,0,0,0,1,0,0,0,0,0,1,0,0.233
2021,22.3,6.84,0,1,0,0,0,0,0,1,1,1,0,1,0,1,1,0.505
2021,24.4,13.91,1,1,0,1,1,0,0,0,0,0,0,1,1,1,1,0.835
2021,16.7,14.41,0,0,0,0,0,0,0,0,0,0,0,1,0,1,0,0.291
2021,24.5,3.34,1,1,0,0,1,0,0,0,0,0,0,0,1,1,1,0.683
2021,21.1,6.84,0,0,0,0,0,0,0,0,0,0,0,1,0,1,0,0.264
2021,17.2,11.44,1,0,0,0,1,0,0,0,0,0,0,0,0,1,0,0.325
2021,15.0,21.93,1,0,1,0,0,0,0,0,0,0,0,1,0,1,0,0.296
2021,22.4,5.71,1,1,0,0,0,0,0,0,0,0,0,1,0,1,0,0.489
2021,21.5,10.81,0,0,0,1,1,0,0,1,0,0,1,0,0,1,1,0.517
2021,24.5,30.0,0,0,1,0,0,0,0,0,0,0,0,0,0,1,0,0.346
2021,15.9,12.62,0,0,1,0,1,0,0,0,0,0,0,0,0,1,0,0.442
2021,19.6,18.11,0,0,0,1,1,0,0,0,0,0,1,0,0,1,1,0.762
2021,15.0,30.0,1,1,0,0,1,0,0,1,0,0,1,0,0,1,1,0.544
2021,19.3,0.27,0,0,0,1,0,0,0,0,0,0,0,0,0,1,1,0.622
2021,20.1,4.96,1,0,0,0,0,0,0,0,0,0,0,1,0,1,0,0.335
2021,23.8,1.79,0,0,0,0,0,0,0,0,0,1,0,0,0,1,0,0.17
2021,22.5,3.17,0,1,0,0,1,0,0,0,1,0,0,0,0,1,0,0.373
2021,18.6,3.27,0,0,0,0,0,0,0,0,0,0,0,0,0,1,0,0.271
2021,21.6,4.04,1,0,1,0,1,0,0,0,0,0,0,1,0,1,1,0.555
2021,24.4,3.09,1,1,0,0,1,0,0,1,1,0,1,0,0,1,0,0.366
2021,22.2,0.2,0,0,0,1,1,0,0,0,0,0,0,0,0,1,1,0.502
2021,23.4,3.87,1,1,0,1,1,1,1,0,1,0,0,0,0,1,1,0.895
2021,16.8,1.81,1,1,1,0,0,0,0,0,0,0,0,0,1,1,0,0.404
2021,15.0,1.39,0,0,0,1,0,0,0,0,0,0,0,0,0,1,1,0.676
2021,19.7,1.64,0,0,0,1,1,0,1,1,0,1,0,0,0,1,1,0.855
2021,18.3,11.45,1,0,0,1,1,0,0,0,0,0,0,1,1,1,1,0.705
2021,15.0,7.57,1,1,1,1,1,0,1,0,0,1,0,1,0,1,1,0.955
2021,19.1,14.32,1,1,1,1,1,0,0,0,1,0,0,1,1,1,1,0.825
2021,23.6,30.0,1,0,0,1,1,0,0,0,0,0,0,0,0,1,1,0.687
2021,16.2,9.98,1,0,0,0,0,0,0,0,0,0,0,0,0,1,0,0.351
2021,23.2,0.32,1,0,0,1,0,0,0,0,0,0,0,0,1,1,0,0.493
2021,20.2,1.86,0,0,0,0,1,0,0,0,0,0,0,0,0,1,0,0.292
2021,18.1,30.0,1,1,1,1,1,1,0,0,0,0,0,0,1,1,1,0.898
2021,15.0,6.66,1,1,0,1,1,1,0,1,0,1,0,1,0,1,1,0.83
2021,15.0,9.02,1,1,1,0,0,0,0,1,0,0,1,1,0,1,1,0.608
2021,23.6,9.05,1,1,0,1,0,1,0,1,0,1,0,0,0,1,1,0.762
2021,21.1,7.75,1,1,0,1,1,0,0,0,1,0,0,0,0,1,1,0.773
2021,20.6,6.98,0,1,0,0,0,0,1,0,0,1,0,1,0,1,0,0.395
2021,20.7,7.37,1,1,0,1,1,0,1,0,0,0,0,0,0,1,1,0.844
2021,15.0,1.36,0,0,0,1,0,0,1,1,0,0,1,0,0,1,0,0.416
2021,15.0,12.57,0,0,0,0,0,0,0,0,0,0,0,0,0,1,0,0.244
2021,20.6,5.23,0,0,0,0,0,0,0,1,0,0,0,1,0,1,0,0.254
2021,23.5,2.42,1,1,1,1,1,0,1,0,1,1,1,1,0,1,1,0.918
2021,20.6,2.03,0,0,1,1,1,0,0,0,0,0,1,1,0,1,1,0.588
2021,18.5,3.37,0,1,0,0,0,0,0,0,0,0,0,1,0,1,0,0.277
2021,24.0,30.0,0,0,0,1,1,0,0,0,0,0,0,0,1,1,1,0.656
2021,15.0,6.57,1,1,1,1,1,0,0,0,0,1,0,0,0,1,1,0.916
2021,24.0,23.3,1,0,0,0,0,0,0,0,0,0,0,0,0,1,0,0.413
2021,24.4,17.17,1,1,1,0,1,0,1,0,0,0,0,1,1,1,1,0.81
2021,15.0,17.28,1,0,0,1,0,0,0,1,0,0,0,0,1,1,1,0.7
2021,24.2,1.34,1,1,0,1,1,0,1,0,0,0,0,0,0,1,1,0.891
2021,15.0,0.69,0,1,0,0,0,0,0,1,0,0,0,0,0,1,0,0.338
2021,22.8,3.09,0,0,0,0,0,0,0,0,0,0,0,0,0,1,0,0.254
2021,18.2,5.8,1,1,0,1,0,0,0,0,0,1,1,1,0,1,1,0.766
2021,22.8,6.58,1,0,1,0,0,1,0,0,0,0,0,0,0,1,0,0.452
2021,17.7,0.05,0,0,0,0,0,0,0,1,0,0,0,0,0,1,0,0.26
2021,15.0,2.84,1,0,1,0,0,0,0,1,0,0,0,0,0,1,0,0.461
2021,15.0,12.86,0,0,0,1,1,0,0,0,0,0,0,0,0,1,1,0.503
2021,15.0,0.05,0,0,0,0,0,0,0,0,0,0,0,0,0,1,0,0.329
2021,20.0,2.06,0,0,0,0,1,0,0,0,1,1,0,0,0,1,0,0.306
2021,22.8,0.17,0,0,0,0,0,0,1,0,0,0,1,0,0,1,0,0.244
2021,15.0,2.36,0,0,0,0,0,0,0,1,0,0,0,0,0,1,0,0.238
2021,15.0,0.31,1,1,1,1,0,0,0,0,0,1,1,1,1,1,1,0.716
2021,24.4,0.72,1,1,1,1,1,0,0,1,0,0,0,0,0,1,1,0.713
2021,15.0,1.6,1,1,0,0,0,0,1,0,0,0,0,0,0,1,0,0.405
2021,18.7,0.05,0,0,0,0,0,0,0,0,0,0,0,0,0,1,0,0.348
2021,22.7,0.8,0,1,0,0,0,0,0,1,0,0,0,1,0,1,0,0.278
2021,21.9,1.5,1,1,1,0,1,0,0,0,0,0,0,0,0,1,1,0.573
2021,24.9,1.52,1,1,0,1,1,0,0,0,0,0,0,0,0,1,1,0.729
2021,15.0,6.62,0,0,0,0,1,0,0,0,0,0,0,0,0,1,0,0.322
2021,18.8,5.11,0,0,0,1,0,0,0,0,0,0,0,1,0,1,1,0.568
2021,24.9,4.71,0,0,0,0,0,0,0,0,0,0,0,0,0,1,0,0.307
2021,18.5,30.0,0,0,1,0,0,0,0,0,0,0,0,0,0,1,0,0.459
2021,19.1,5.62,1,1,0,0,0,0,1,0,1,0,0,0,0,1,0,0.468
2021,20.9,2.59,0,0,0,0,0,0,0,0,1,0,0,0,0,1,0,0.344
2021,15.0,3.06,1,1,1,1,1,0,0,1,0,0,0,1,1,1,1,0.884
2021,18.1,4.52,1,1,0,0,1,0,0,0,1,0,0,1,0,1,0,0.365
2021,15.0,5.02,0,0,0,0,0,0,0,0,0,1,0,0,0,1,0,0.259
2021,24.0,2.25,0,0,0,1,0,1,0,0,1,0,0,0,0,1,0,0.407
2021,18.3,2.15,0,0,0,0,1,0,0,0,0,0,0,0,0,1,0,0.379
2021,23.7,30.0,0,0,0,0,1,0,1,0,0,0,0,0,0,1,0,0.41
2021,18.7,17.65,0,0,0,0,0,0,0,0,0,0,0,1,0,1,0,0.357
2021,22.1,3.75,0,0,0,0,1,0,0,0,0,0,0,0,0,1,0,0.301
2021,16.0,5.5,0,1,1,0,1,1,0,1,0,1,0,1,0,1,1,0.77
2021,15.0,23.21,0,1,0,0,0,0,0,1,0,0,0,1,0,1,0,0.304
2021,23.9,11.68,0,0,1,0,0,0,0,0,0,0,0,0,0,1,0,0.211
2021,23.9,0.36,0,0,0,0,0,1,0,0,0,0,0,0,0,1,0,0.182
2021,18.1,6.19,1,0,0,0,1,0,0,0,0,0,0,0,1,1,0,0.326
2021,18.7,10.32,1,1,1,0,0,0,0,0,0,0,0,0,1,1,0,0.484
2021,24.4,1.11,1,0,0,0,0,0,0,0,0,0,0,0,0,1,0,0.319
2021,24.9,3.9,0,0,1,0,0,0,0,1,0,0,0,0,0,1,0,0.156
2021,24.4,9.12,1,1,1,0,1,0,0,0,0,0,0,0,1,1,1,0.723
2021,15.0,2.31,0,0,1,0,1,0,0,1,0,0,0,0,0,1,0,0.41
2021,17.1,0.31,0,0,0,0,0,0,0,0,0,0,0,0,0,1,0,0.377
2021,15.0,2.93,1,0,0,1,0,0,0,0,0,0,0,0,0,1,1,0.714
2021,23.3,6.83,0,0,0,1,0,0,0,0,0,0,0,0,0,1,0,0.487
2021,18.3,14.78,0,0,0,0,0,0,0,0,0,0,0,0,0,1,0,0.335
2021,20.1,3.24,0,0,0,0,1,0,0,1,0,0,0,1,0,1,0,0.256
2021,20.1,7.19,1,1,0,1,1,0,0,0,1,0,0,1,0,1,1,0.788
2021,23.2,16.36,1,1,1,1,1,0,0,0,0,0,0,0,0,1,1,0.762
2021,15.8,2.44,0,0,0,0,0,0,0,0,0,0,0,0,1,1,0,0.311
2021,22.8,1.67,0,0,0,0,0,0,0,0,0,0,0,0,1,1,0,0.3
2021,17.6,26.1,1,0,1,0,0,0,0,0,1,0,0,0,0,1,0,0.499
2021,24.4,3.16,0,0,0,1,1,0,0,0,0,0,0,0,0,1,1,0.56
2021,16.7,6.38,1,0,0,0,0,1,0,0,0,0,0,0,0,1,0,0.449
2021,20.6,9.84,0,0,1,0,0,0,0,0,0,0,0,1,0,1,0,0.28
2021,20.6,2.27,0,0,1,1,0,0,0,0,0,1,0,0,0,1,1,0.578
2021,15.0,1.62,1,1,0,1,1,0,1,0,0,0,0,0,1,1,1,0.868
2021,21.1,3.48,1,0,0,0,0,0,0,0,0,0,0,0,0,1,0,0.348
2021,21.3,1.66,1,1,1,1,1,0,0,1,1,0,0,0,0,1,1,0.862
2021,24.5,15.0,1,1,0,1,1,0,0,1,0,0,0,0,0,1,1,0.723
2021,24.0,4.15,1,1,0,0,1,0,0,0,0,0,0,0,0,1,0,0.359
2021,15.0,3.5,0,0,0,0,0,0,0,0,0,0,0,0,0,1,0,0.266
2021,23.2,30.0,1,0,0,0,1,0,0,0,0,0,0,0,0,1,0,0.334
2021,15.0,4.42,0,0,1,1,0,1,0,0,0,0,1,0,0,1,1,0.751
2021,23.3,1.46,0,1,0,0,1,0,0,1,0,0,0,0,0,1,0,0.297
2021,15.0,4.14,1,0,0,1,0,0,0,0,0,0,0,1,0,1,1,0.789
2021,16.6,0.77,1,1,1,0,1,0,1,0,0,0,0,1,0,1,1,0.663
2021,15.0,11.93,1,0,1,0,0,0,0,0,0,0,0,0,0,1,0,0.397
2021,18.5,8.93,1,1,1,1,1,0,1,0,0,0,0,0,0,1,1,0.896
2021,16.4,3.54,0,0,0,0,0,0,0,0,0,1,0,0,0,1,0,0.24
2021,22.1,0.97,1,1,1,0,1,0,0,0,0,0,0,0,0,1,1,0.571
2021,18.7,0.25,0,1,0,1,1,0,1,0,1,0,0,0,0,1,1,0.862
2021,15.0,4.77,0,0,0,0,0,0,1,1,1,0,0,0,0,1,0,0.255
2021,20.8,5.84,0,0,1,1,1,0,0,0,0,0,0,0,0,1,1,0.593
2021,21.3,1.61,0,0,0,0,0,0,0,0,0,0,0,0,0,1,0,0.346
2021,15.0,2.2,1,1,1,1,1,0,0,0,0,0,0,1,0,1,1,0.86
2021,17.0,5.93,1,1,0,0,0,0,0,0,0,0,0,1,0,1,0,0.364
2021,20.5,5.75,1,1,1,0,1,0,0,1,0,0,0,0,0,1,1,0.629
2021,23.6,13.79,1,1,0,1,1,0,1,1,1,1,0,0,1,1,1,0.944
2021,15.0,11.01,0,1,0,1,1,0,0,0,0,0,0,1,0,1,1,0.727
2021,23.3,4.92,0,0,0,0,0,0,0,0,0,0,0,1,0,1,0,0.247
2021,15.0,9.24,0,0,0,0,0,0,0,0,0,0,0,0,0,1,0,0.248
2021,24.7,3.78,0,0,0,0,0,0,0,0,0,0,0,1,0,1,0,0.138
2021,15.0,5.49,0,1,0,0,0,0,0,1,0,0,0,0,0,1,0,0.284
2021,15.4,9.62,1,1,1,0,0,0,1,0,0,0,0,1,1,1,0,0.46
2021,16.7,8.36,1,1,0,0,0,0,0,1,0,0,0,0,0,1,0,0.439
2021,20.6,7.28,0,0,0,0,0,0,0,0,0,0,0,0,0,1,0,0.297
2021,17.2,30.0,0,0,0,0,0,0,0,1,0,0,0,0,0,1,0,0.264
2021,16.8,9.45,0,0,1,0,0,0,0,0,0,0,0,1,0,1,0,0.332
2021,15.0,4.11,1,1,0,1,1,1,0,0,0,0,0,1,0,1,1,0.891
2021,15.0,9.79,1,1,0,0,1,0,0,0,0,0,0,0,0,1,0,0.45
2021,22.4,4.89,1,1,1,0,0,0,0,1,1,0,0,0,0,1,0,0.489
2021,21.8,0.96,1,1,1,0,1,0,1,1,1,1,0,1,1,1,1,0.575
2021,20.6,15.4,1,1,0,1,1,0,1,1,0,0,0,1,0,1,1,0.782
2021,23.2,4.09,0,0,0,0,0,0,0,0,0,0,0,0,0,1,0,0.306
2021,23.7,4.99,0,0,0,0,0,0,0,0,0,0,0,0,0,1,0,0.295
2021,20.1,0.4,1,1,1,1,1,0,0,1,1,0,0,0,0,1,1,0.877
2021,22.7,9.83,1,1,0,0,1,0,0,0,0,0,0,1,0,1,0,0.395
2021,24.3,2.9,1,0,0,0,0,0,0,1,0,0,0,1,0,1,0,0.314
2021,15.0,1.53,1,0,0,0,1,0,1,0,0,0,0,1,0,1,0,0.386
2021,17.4,10.93,1,0,0,0,0,0,0,0,0,0,0,0,0,1,0,0.286
2021,19.4,12.71,1,1,0,1,1,1,0,0,1,1,0,0,0,1,1,0.81
2021,19.0,3.45,1,1,1,1,1,0,0,0,0,0,0,1,0,1,1,0.853
2021,20.7,1.26,1,1,0,1,1,0,0,0,0,0,0,0,0,1,1,0.758
2021,18.9,3.06,1,0,0,0,0,0,0,0,0,0,0,0,0,1,0,0.338
2021,19.2,1.13,0,0,0,0,0,0,0,0,0,0,0,1,0,1,0,0.387
2021,24.6,3.74,1,1,0,1,1,0,1,0,0,0,0,1,0,1,1,0.902
2021,15.0,12.78,0,0,0,0,0,0,0,0,0,0,0,0,0,1,0,0.281
2021,17.9,7.16,0,0,0,0,0,0,0,0,0,0,0,0,0,1,0,0.271
2021,18.2,6.92,0,0,0,0,0,0,0,0,0,0,0,0,0,1,0,0.275
2021,18.7,13.38,0,1,0,0,1,1,0,0,0,1,0,1,0,1,1,0.603
2021,15.0,1.19,1,1,1,1,1,0,0,1,0,0,0,1,0,1,1,0.87
2021,15.0,2.25,1,1,1,1,0,1,1,0,0,1,0,0,0,1,1,0.724
2021,15.0,0.73,0,0,1,0,0,0,0,0,0,0,0,1,0,1,0,0.39
2021,20.7,3.22,0,0,0,0,0,0,0,0,0,0,0,0,0,1,0,0.248
2021,22.8,4.81,0,0,0,0,1,0,0,0,0,0,0,1,0,1,0,0.357
2021,16.8,0.4,1,0,0,0,0,0,0,0,0,0,0,0,0,1,0,0.483
2021,20.4,1.12,1,1,1,1,0,0,0,0,1,1,0,1,1,1,1,0.79
2021,15.0,11.3,1,0,0,0,1,0,0,0,0,0,0,0,0,1,0,0.361
2021,22.8,1.98,0,0,0,0,1,0,0,1,0,1,1,0,0,1,0,0.468
2021,22.0,6.5,0,0,0,0,1,0,0,1,0,0,0,0,0,1,0,0.31
2021,16.1,9.76,0,0,1,0,0,0,0,0,0,0,0,0,0,1,0,0.349
2021,20.1,1.73,1,1,0,0,1,0,0,1,1,0,0,1,0,1,0,0.408
2021,16.4,4.11,0,0,0,0,0,0,0,1,0,0,0,0,0,1,0,0.33
2021,19.4,1.1,0,0,0,0,1,0,0,1,0,0,0,0,0,1,0,0.365
2021,21.9,3.38,0,0,0,0,0,0,0,0,0,0,0,0,0,1,0,0.267
2021,20.2,5.37,0,1,0,0,0,0,0,0,0,0,0,1,0,1,0,0.331
2021,15.0,9.56,1,0,0,0,0,1,0,0,1,1,0,0,0,1,0,0.393
2021,15.0,8.69,0,0,1,0,0,0,0,0,0,0,0,0,0,1,0,0.366
2021,24.4,8.81,1,1,0,0,1,1,1,1,0,1,0,0,1,1,1,0.763
2021,20.1,3.16,0,1,0,0,0,0,0,0,0,0,0,0,0,1,0,0.355
2021,15.0,19.04,0,0,0,1,0,0,0,1,0,0,0,0,0,1,1,0.587
2021,20.0,19.88,1,0,1,0,1,0,0,1,0,0,0,0,0,1,1,0.632
2021,22.4,3.6,0,0,0,0,0,0,0,0,0,0,0,0,0,1,0,0.276
2021,15.0,16.05,1,1,0,1,1,0,0,0,0,0,0,1,0,1,1,0.649
2021,16.8,10.59,1,1,0,0,0,0,0,0,1,0,0,0,0,1,0,0.448
2021,22.9,8.76,1,1,0,1,0,0,0,0,1,0,0,1,0,1,1,0.626
2021,15.0,3.92,1,1,0,1,1,0,0,0,0,1,0,0,0,1,1,0.882
2021,24.4,12.78,0,0,0,1,0,0,0,0,0,0,0,1,0,1,1,0.527
2021,22.5,30.0,0,0,0,0,0,0,1,0,0,0,0,1,0,1,0,0.26
2021,22.6,30.0,0,1,1,0,0,0,0,0,0,0,0,0,0,1,1,0.517
2021,15.6,16.65,0,0,0,0,1,0,0,0,0,0,0,0,0,1,0,0.469
2021,24.2,7.75,1,1,0,1,1,0,0,0,1,0,0,0,1,1,1,0.858
2021,23.8,0.55,0,0,0,0,0,0,0,0,0,0,0,0,0,1,0,0.264
2021,15.0,0.29,0,0,0,0,0,0,0,1,0,0,0,1,0,1,0,0.213
2021,18.0,0.81,0,0,0,0,0,1,0,0,1,0,0,0,0,1,0,0.244
2021,17.7,14.01,0,0,0,0,0,0,0,1,0,0,0,0,0,1,0,0.241
2021,19.0,10.99,0,1,0,0,0,0,0,1,1,0,0,0,0,1,0,0.349
2021,20.6,5.35,1,1,0,0,0,0,0,0,0,0,0,0,0,1,0,0.376
2021,23.9,7.2,1,0,0,1,0,0,0,0,0,0,0,1,0,1,1,0.614
2021,23.0,5.6,0,0,0,0,0,0,0,0,1,0,0,1,0,1,0,0.174
2021,15.0,3.39,1,0,1,1,0,0,0,0,0,0,0,0,0,1,1,0.778
2021,21.3,4.51,0,1,1,0,1,0,0,0,0,0,0,0,0,1,1,0.588
2021,22.0,11.18,1,0,1,1,1,0,0,0,0,1,0,0,0,1,1,0.74
2021,16.8,0.82,1,1,1,1,1,0,0,0,0,0,0,0,0,1,1,0.827
2021,15.0,30.0,1,1,0,0,0,1,0,0,0,0,0,1,0,1,1,0.524
2021,15.0,4.04,1,0,0,0,0,0,0,1,0,0,0,0,0,1,0,0.416
2021,15.1,4.49,1,1,0,1,1,0,0,0,0,0,0,1,0,1,1,0.735
2021,15.0,1.28,1,0,0,0,1,0,0,0,1,0,0,0,0,1,0,0.482
2021,16.7,2.7,0,0,0,0,1,0,0,1,0,0,0,0,0,1,0,0.365
2021,15.0,0.68,1,1,0,1,1,0,0,0,1,0,0,0,0,1,1,0.842
2021,15.2,4.11,0,1,0,0,0,0,0,0,0,0,0,0,0,1,0,0.387
2021,15.0,4.5,1,0,1,0,0,1,0,0,0,0,0,1,0,1,0,0.396
2021,17.0,5.1,0,0,0,0,0,0,0,1,0,0,0,0,1,1,0,0.232
2021,15.0,30.0,1,0,0,0,1,0,0,1,1,0,1,0,0,1,1,0.574
2021,15.0,8.08,1,0,1,0,1,0,0,0,0,0,0,0,0,1,0,0.457
2021,23.7,17.97,0,0,1,1,1,0,0,0,0,0,0,0,0,1,1,0.504
2021,16.0,1.73,1,0,0,0,0,0,0,1,1,0,0,0,0,1,0,0.207
2021,20.8,30.0,0,0,1,1,1,0,0,0,0,0,0,1,0,1,1,0.687
2021,24.1,4.89,1,1,0,1,1,0,1,0,0,0,1,0,0,1,1,0.858
2021,24.2,0.78,0,1,0,1,0,0,0,0,0,0,0,1,0,1,1,0.665
2021,19.7,18.18,0,1,1,0,0,0,0,0,0,0,0,0,1,1,0,0.481
2021,22.6,2.17,0,0,0,1,1,0,0,0,0,0,0,0,0,1,1,0.514
2021,16.1,8.98,1,1,0,1,1,1,1,0,0,0,0,0,1,1,1,0.931
2021,15.0,26.67,1,0,0,0,0,0,0,1,0,0,0,1,0,1,0,0.288
2021,21.4,7.37,0,0,0,0,0,0,0,1,1,0,0,1,0,1,0,0.23
2021,21.9,1.35,0,0,0,1,0,0,0,0,1,1,0,1,0,1,1,0.651
2021,20.4,2.99,0,1,0,0,0,0,0,0,0,0,0,0,0,1,0,0.399
2021,15.0,5.12,1,1,1,0,0,0,0,1,0,0,0,1,0,1,1,0.515
2021,15.0,4.49,1,1,0,1,0,0,0,1,0,0,0,0,0,1,1,0.717
2021,21.7,11.29,0,0,0,0,0,0,0,0,0,0,0,1,0,1,0,0.275
2021,22.7,5.68,0,0,0,0,1,0,0,0,0,0,0,0,0,1,0,0.324
2021,23.8,0.06,1,1,0,1,0,0,1,0,1,1,0,0,0,1,1,0.776
2021,23.3,7.29,1,1,0,0,1,0,0,0,0,0,0,0,0,1,1,0.502
2021,17.5,3.82,1,0,1,0,0,0,0,1,0,0,0,1,0,1,0,0.413
2021,15.0,0.3,0,0,0,0,0,0,1,1,0,0,0,0,0,1,0,0.258
2021,23.9,1.68,0,0,0,0,0,0,0,0,0,0,0,0,0,1,0,0.269
2021,15.0,7.1,1,1,0,1,0,0,0,0,0,0,0,1,0,1,1,0.711
2021,18.9,6.15,0,0,0,1,1,0,1,0,0,0,0,0,0,1,1,0.736
2021,19.6,2.01,1,1,0,0,0,0,0,0,0,0,0,0,0,1,0,0.443
2021,16.3,0.45,0,0,0,1,1,0,0,0,0,0,0,0,0,1,1,0.711
2021,15.0,3.11,0,0,0,0,0,0,0,0,0,0,0,0,0,1,0,0.243
2021,23.7,5.55,1,0,0,0,0,0,0,0,0,0,0,0,0,1,0,0.363
2021,23.8,3.52,1,1,1,1,1,0,1,0,1,0,0,0,0,1,1,0.876
2021,15.0,0.58,1,1,0,0,1,0,0,1,0,0,0,0,0,1,1,0.525
2021,23.7,2.56,1,1,1,0,1,0,0,1,0,0,0,1,0,1,0,0.495
2021,23.6,5.2,1,1,1,0,0,0,0,0,0,0,1,1,0,1,0,0.446
2021,15.0,0.05,1,0,0,0,1,0,0,0,0,0,0,1,0,1,1,0.718
2021,24.3,25.53,1,1,0,0,1,0,0,0,0,0,0,0,0,1,1,0.678
2021,24.2,17.29,0,0,0,0,0,0,0,0,0,0,0,0,0,1,0,0.404
2021,20.1,1.61,1,0,0,0,1,0,0,0,0,0,0,0,0,1,0,0.475
2021,22.5,1.44,1,0,0,0,0,0,0,1,0,0,0,1,0,1,0,0.303
2021,19.7,3.99,0,0,1,1,1,0,0,1,1,1,0,1,0,1,1,0.897
2021,20.2,30.0,1,1,0,1,1,0,0,0,0,0,0,0,0,1,1,0.709
2021,24.3,4.95,0,0,0,0,0,0,0,1,0,0,0,0,0,1,0,0.347
2021,23.3,30.0,1,1,1,1,1,0,0,0,0,0,0,1,0,1,1,0.834
2021,17.9,28.2,1,0,0,0,1,0,0,1,0,1,0,0,1,1,0,0.481
2021,23.5,19.11,0,0,1,0,0,0,0,0,0,0,0,0,0,1,0,0.419
2021,15.0,2.34,0,1,0,1,1,0,0,0,0,1,0,0,0,1,1,0.719
2021,20.2,10.52,0,0,0,0,0,0,0,0,0,0,0,0,0,1,0,0.177
2021,16.5,6.88,0,0,0,0,1,0,0,0,0,0,0,1,0,1,0,0.27
2021,15.0,0.28,1,1,0,1,1,0,0,0,0,1,0,1,0,1,1,0.81
2021,23.1,16.37,1,1,1,1,1,0,1,1,0,1,0,0,0,1,1,0.841
2021,24.8,0.97,1,0,0,0,0,0,0,0,0,0,0,1,0,1,0,0.285
2021,18.0,29.02,0,0,0,1,1,0,0,0,0,0,0,0,0,1,1,0.677
2021,15.9,1.86,0,0,0,1,1,0,0,0,0,0,1,0,0,1,1,0.628
2021,20.9,4.95,0,1,0,0,1,0,0,1,0,0,0,0,0,1,0,0.275
2021,15.0,6.67,1,0,0,0,0,0,0,1,1,0,0,1,0,1,0,0.316
2021,16.6,2.0,1,1,0,1,1,0,0,0,0,0,0,1,0,1,1,0.835
2022,22.6,22.58,0,0,0,0,0,0,0,0,0,0,0,0,0,1,0,0.3
2022,24.9,3.96,1,0,0,1,0,0,0,1,0,0,0,0,0,1,0,0.463
2022,24.4,5.2,1,0,1,1,1,0,0,0,0,0,0,1,0,1,1,0.689
2022,23.6,1.64,0,0,1,0,0,0,0,0,0,0,0,0,0,1,0,0.31
2022,15.0,23.35,1,1,0,0,0,1,1,0,0,0,0,0,1,1,0,0.453
2022,23.5,1.84,1,1,1,0,0,0,1,0,0,0,0,0,1,1,0,0.424
2022,18.5,3.52,0,1,0,0,0,1,1,0,1,1,0,0,0,1,0,0.278
2022,24.6,5.03,0,0,0,0,1,0,0,0,1,0,0,0,0,1,0,0.36
2022,15.0,4.22,1,1,1,1,1,0,0,0,1,1,0,0,0,1,1,0.882
2022,19.5,3.84,1,1,0,1,1,0,0,1,0,1,0,1,0,1,1,0.833
2022,18.2,1.0,0,0,0,0,0,0,0,0,0,0,0,1,1,1,0,0.233
2022,19.2,0.12,0,0,0,0,0,0,0,1,0,0,0,0,0,1,0,0.295
2022,23.3,1.9,1,0,0,0,1,0,0,0,0,0,0,0,0,1,0,0.319
2022,17.1,10.66,1,1,0,1,1,0,0,0,0,0,1,1,0,1,1,0.755
2022,15.0,0.98,1,1,0,1,0,0,0,1,0,0,0,0,1,1,1,0.831
2022,20.8,7.94,0,1,0,1,1,0,0,0,0,0,0,0,0,1,1,0.69
2022,15.0,5.34,0,0,1,0,0,0,0,1,0,0,0,1,0,1,0,0.364
2022,15.6,5.19,0,1,0,0,1,0,0,1,0,0,0,1,0,1,0,0.25
2022,15.0,6.22,1,1,0,0,0,0,0,0,1,0,0,0,0,1,0,0.471
2022,15.0,5.89,0,0,0,0,1,0,0,0,0,0,0,0,0,1,0,0.312
2022,24.5,30.0,1,1,0,1,1,0,0,1,1,0,0,1,0,1,1,0.811
2022,18.4,7.64,0,0,0,0,0,0,0,1,0,0,0,1,0,1,0,0.215
2022,17.6,10.62,1,1,1,0,1,1,0,0,0,0,0,1,0,1,1,0.712
2022,16.4,0.71,1,1,1,1,1,0,0,0,0,0,0,0,0,1,1,0.825
2022,19.1,4.2,1,1,0,0,0,1,0,0,1,0,0,0,0,1,0,0.464
2022,15.0,4.02,1,1,1,1,1,1,0,1,1,0,1,0,0,1,1,0.948
2022,15.0,2.28,0,0,0,0,1,0,0,0,0,0,0,0,0,1,0,0.272
2022,21.2,2.09,1,0,1,0,0,0,1,0,0,0,1,0,0,1,0,0.491
2022,17.8,7.38,1,1,0,0,1,0,0,0,0,1,0,1,1,1,1,0.573
2022,15.0,5.47,0,0,1,1,0,1,0,1,0,0,0,0,0,1,1,0.564
2022,15.0,1.5,1,1,0,1,0,0,0,0,0,0,0,0,0,1,1,0.813
2022,23.5,1.26,0,0,0,0,0,0,0,0,1,1,1,1,0,1,0,0.328
2022,22.4,4.73,0,0,0,0,1,0,0,0,0,0,0,1,0,1,0,0.36
2022,24.8,1.32,1,1,0,0,1,0,0,0,0,0,0,1,0,1,0,0.444
2022,21.9,5.42,0,0,1,0,1,1,0,1,0,0,0,0,0,1,1,0.534
2022,18.2,1.33,1,0,0,1,0,0,1,0,0,1,0,0,0,1,1,0.571
2022,15.0,2.06,1,1,1,1,1,0,0,0,1,1,0,0,0,1,1,0.904
2022,15.0,2.43,1,0,0,0,1,0,0,0,1,0,1,0,0,1,0,0.457
2022,18.5,9.1,0,0,0,0,0,0,0,1,0,0,0,0,0,1,0,0.245
2022,24.4,2.12,0,0,0,1,0,0,0,0,0,0,0,0,0,1,1,0.557
2022,15.0,0.48,1,0,0,0,1,0,0,1,0,0,0,1,0,1,0,0.336
2022,21.1,9.59,0,0,0,0,0,0,0,0,1,0,0,0,1,1,0,0.18
2022,19.7,24.37,1,0,0,1,1,0,1,0,0,0,0,1,0,1,1,0.731
2022,21.1,0.05,0,1,0,1,1,0,1,0,0,0,0,0,0,1,1,0.71
2022,17.5,6.86,1,0,1,1,0,0,0,0,0,0,0,1,0,1,1,0.628
2022,24.2,10.08,1,0,0,1,1,1,0,1,0,0,0,1,0,1,1,0.747
2022,23.3,0.15,1,0,0,1,0,1,0,1,0,1,0,0,0,1,0,0.425
2022,18.9,3.22,0,1,0,0,1,0,0,0,0,0,0,0,0,1,0,0.359
2022,15.2,6.69,1,1,0,1,1,1,0,0,0,0,0,0,1,1,1,0.859
2022,15.5,22.94,0,0,0,0,0,0,0,0,0,0,0,0,1,1,0,0.276
2022,20.4,8.44,1,1,0,1,1,0,1,0,0,0,0,1,0,1,1,0.846
2022,20.8,5.79,1,0,0,1,1,0,1,0,0,0,0,0,0,1,1,0.702
2022,15.3,10.13,0,0,0,0,0,0,0,0,0,0,0,0,0,1,0,0.277
2022,24.2,9.82,1,0,0,0,0,0,0,0,0,0,0,1,0,1,0,0.342
2022,15.0,30.0,1,0,0,0,0,0,0,0,0,0,0,0,1,1,0,0.401
2022,15.0,3.16,0,1,1,1,1,0,0,0,1,0,0,0,0,1,1,0.854
2022,17.4,16.76,0,1,0,0,0,0,0,0,0,0,0,0,0,1,0,0.379
2022,15.0,6.4,1,1,1,0,0,0,0,1,0,0,0,0,0,1,1,0.634
2022,15.8,30.0,0,0,0,0,0,0,0,1,1,0,1,1,0,1,0,0.276
2022,24.2,12.87,1,0,0,0,0,0,0,1,0,0,0,1,1,1,0,0.49
2022,15.0,3.03,0,0,0,0,0,0,0,0,0,0,0,0,0,1,0,0.248
2022,15.0,3.37,1,1,0,1,1,1,1,0,0,1,0,0,1,1,1,0.929
2022,16.1,9.04,1,1,1,1,1,0,0,0,0,1,0,0,0,1,1,0.887
2022,15.7,4.07,1,0,0,1,1,1,0,0,1,0,0,0,0,1,1,0.878
2022,22.4,0.54,1,1,0,1,1,0,0,1,0,0,1,1,0,1,1,0.696
2022,17.9,12.61,0,1,0,0,0,0,0,0,0,0,0,0,0,1,0,0.314
2022,20.2,11.45,1,1,1,0,0,0,0,0,0,1,0,1,0,1,1,0.702
2022,22.5,27.59,0,0,0,0,1,0,0,0,1,0,0,1,0,1,0,0.333
2022,16.7,8.58,0,0,0,0,0,0,0,0,0,0,0,0,0,1,0,0.283
2022,18.5,22.29,0,0,0,0,0,1,0,0,0,0,0,0,0,1,0,0.357
2022,23.5,13.22,1,1,1,1,1,0,0,0,0,0,0,0,0,1,1,0.828
2022,21.0,29.9,1,1,0,1,1,0,0,0,0,0,0,1,0,1,1,0.793
2022,22.4,7.95,1,1,0,1,1,0,0,0,1,0,0,1,0,1,1,0.825
2022,20.8,1.97,0,0,0,0,1,0,0,0,0,0,0,1,0,1,0,0.37
2022,21.1,12.49,1,1,0,0,1,0,0,0,1,1,1,1,0,1,1,0.698
2022,21.2,1.71,0,0,0,0,0,0,0,0,1,0,0,1,0,1,0,0.234
2022,20.2,1.39,1,0,0,0,1,0,0,1,0,0,1,1,0,1,1,0.529
2022,24.2,0.71,1,1,0,0,0,0,0,0,0,1,0,1,1,1,1,0.507
2022,19.3,0.37,1,1,1,1,1,0,0,0,0,0,0,0,0,1,1,0.766
2022,22.9,4.23,1,0,1,0,0,0,0,0,0,0,1,0,0,1,1,0.587
2022,20.8,7.67,1,1,1,1,1,0,0,0,1,0,0,1,0,1,1,0.861
2022,23.3,4.4,0,1,0,1,1,0,0,0,1,0,0,0,0,1,1,0.609
2022,24.1,7.98,1,1,1,1,1,1,0,0,0,0,0,0,0,1,1,0.761
2022,22.3,17.86,0,1,1,0,1,0,0,0,1,0,0,0,0,1,1,0.629
2022,15.7,1.68,1,1,0,1,1,0,0,0,0,0,0,0,1,1,1,0.864
2022,20.3,4.15,0,0,0,1,1,0,0,0,0,1,0,1,0,1,1,0.714
2022,23.7,6.13,1,1,0,1,0,0,0,0,0,0,0,0,0,1,1,0.673
2022,23.1,8.2,1,0,1,1,0,0,0,0,0,0,0,0,0,1,1,0.609
2022,15.0,5.43,1,0,0,0,1,0,0,0,0,0,0,0,0,1,0,0.38
2022,15.0,15.72,0,1,1,1,0,0,0,0,0,1,0,0,1,1,1,0.72
2022,24.3,5.92,1,1,0,1,0,0,0,0,0,0,1,0,0,1,1,0.727
2022,16.2,6.38,1,1,0,1,1,0,0,0,0,0,0,0,1,1,1,0.815
2022,15.0,2.49,0,0,0,0,0,0,0,0,0,0,0,0,0,1,0,0.336
2022,18.8,30.0,1,1,0,0,1,0,0,1,0,0,0,1,0,1,1,0.564
2022,19.8,1.96,1,0,0,1,0,0,0,0,0,0,0,0,0,1,1,0.786
2022,17.0,2.83,1,1,1,1,0,1,0,0,0,1,0,1,0,1,1,0.765
2022,15.0,30.0,0,0,0,0,0,0,0,0,0,0,0,0,0,1,0,0.364
2022,20.1,0.05,1,0,0,0,0,0,0,1,0,0,0,0,0,1,1,0.564
2022,21.0,2.38,1,0,0,1,0,0,0,0,0,0,0,0,0,1,1,0.555
2022,23.4,2.48,0,0,0,0,0,0,0,0,0,0,0,1,0,1,0,0.216
2022,22.8,2.34,1,1,1,1,1,1,1,0,1,1,0,1,0,1,1,0.905
2022,21.1,0.19,0,0,0,0,0,1,0,0,0,0,0,0,0,1,0,0.23
2022,18.5,5.66,1,0,0,0,1,0,0,0,0,0,0,0,0,1,0,0.352
2022,21.8,30.0,0,1,1,1,1,0,0,0,1,0,0,1,0,1,1,0.709
2022,15.8,4.15,0,0,1,0,0,0,1,0,0,0,0,0,0,1,0,0.483
2022,24.7,4.52,0,0,1,0,1,0,0,0,0,0,0,1,0,1,0,0.284
2022,18.9,6.81,1,1,0,1,1,1,0,0,0,0,0,0,1,1,1,0.853
2022,24.4,17.44,1,1,0,1,1,0,1,0,1,0,0,0,0,1,1,0.899
2022,18.4,2.34,1,1,0,0,0,0,0,0,0,0,0,1,0,1,0,0.405
2022,15.0,3.74,1,1,1,1,1,0,0,0,0,1,0,1,0,1,1,0.911
2022,21.8,5.97,1,1,0,1,1,0,0,0,0,0,0,1,0,1,1,0.734
2022,24.3,3.06,1,1,0,0,1,0,0,0,1,0,0,1,0,1,1,0.606
2022,24.0,2.91,1,0,1,0,0,0,0,0,0,1,1,0,0,1,0,0.463
2022,15.7,7.92,1,0,0,0,1,0,0,0,0,0,0,0,0,1,1,0.552
2022,15.0,30.0,1,0,0,0,1,0,0,1,0,0,0,0,1,1,0,0.386
2022,17.9,2.56,1,1,0,1,1,0,1,0,1,0,1,1,0,1,1,0.906
2022,15.0,9.06,1,1,0,1,0,0,0,0,1,0,0,1,0,1,1,0.748
2022,22.5,18.58,0,1,1,0,1,0,0,0,0,1,0,0,0,1,1,0.743
2022,24.2,0.49,1,1,1,0,1,0,0,0,0,0,0,0,1,1,1,0.838
2022,15.0,4.35,0,0,1,0,0,0,0,0,0,0,0,1,0,1,0,0.369
2022,15.0,3.38,0,0,0,1,0,0,0,1,0,0,1,1,0,1,1,0.579
2022,15.0,1.79,0,1,0,0,0,0,0,0,0,0,0,1,0,1,0,0.188
2022,15.0,3.24,1,1,0,1,0,0,0,1,0,0,0,1,0,1,1,0.796
2022,15.0,5.49,0,1,1,1,0,1,1,1,0,0,0,1,0,1,1,0.781
2022,22.4,3.44,1,1,1,0,1,0,0,0,1,1,1,0,0,1,1,0.798
2022,24.8,9.28,1,1,0,0,1,0,0,0,0,0,0,1,1,1,0,0.463
2022,16.3,1.67,0,0,0,0,1,0,0,0,0,0,0,1,0,1,0,0.291
2022,23.5,8.15,0,0,0,0,0,0,0,0,0,0,0,0,0,1,0,0.272
2022,15.0,26.57,1,0,0,0,1,0,0,0,0,0,0,1,0,1,0,0.307
2022,24.5,1.81,0,0,0,0,1,0,1,0,1,0,0,0,0,1,0,0.319
2022,21.6,7.43,0,0,0,1,0,0,1,0,1,0,0,0,1,1,1,0.502
2022,22.1,4.46,0,0,0,0,0,0,0,0,0,0,0,0,0,1,0,0.324
2022,15.0,29.21,1,0,0,0,0,0,0,0,0,0,0,1,0,1,0,0.351
2022,21.4,6.15,0,0,1,0,0,0,0,1,0,0,0,0,1,1,0,0.27
2022,19.4,11.65,1,1,0,0,1,0,0,0,0,0,1,1,0,1,1,0.57
2022,22.7,14.5,1,0,0,1,0,0,0,0,0,0,1,0,0,1,1,0.662
2022,15.0,10.63,1,1,0,1,1,0,1,0,1,1,1,1,0,1,1,0.915
2022,24.3,11.02,0,0,1,0,0,0,0,1,0,0,0,0,0,1,0,0.398
2022,19.2,2.95,0,0,1,0,0,0,0,0,0,0,0,0,0,1,0,0.488
2022,22.7,6.34,1,0,0,1,0,1,0,0,0,0,0,0,0,1,1,0.622
2022,19.1,1.7,0,1,1,0,0,0,0,0,0,0,1,1,0,1,0,0.428
2022,23.8,30.0,0,1,0,0,0,0,0,1,0,0,0,0,0,1,0,0.383
2022,15.0,9.04,1,1,0,0,0,0,0,1,1,1,1,0,0,1,1,0.59
2022,22.8,4.54,1,0,1,0,1,0,0,0,0,0,0,1,1,1,0,0.429
2022,20.1,21.98,1,1,0,0,0,0,0,0,1,0,0,1,1,1,0,0.263
2022,15.0,6.8,1,0,0,0,1,0,0,0,0,0,0,0,0,1,0,0.375
2022,24.3,6.35,1,0,0,1,1,0,1,0,0,0,0,0,0,1,1,0.824
2022,20.8,3.41,1,1,0,1,1,0,0,0,0,0,0,0,0,1,1,0.721
2022,24.8,13.72,0,0,0,0,1,0,0,1,0,0,0,0,0,1,0,0.278
2022,15.0,5.09,0,1,0,0,0,0,0,0,0,0,0,1,0,1,0,0.282
2022,21.2,1.45,1,1,1,0,1,0,0,0,0,0,0,1,0,1,1,0.572
2022,17.9,13.98,0,1,0,0,1,0,1,1,0,0,1,1,0,1,0,0.334
2022,22.3,1.66,1,0,0,1,1,0,0,0,0,0,0,1,0,1,1,0.744
2022,24.4,11.3,1,1,0,0,0,0,0,0,0,0,0,0,0,1,0,0.399
2022,19.5,2.67,0,0,0,0,0,0,1,1,0,0,0,1,0,1,0,0.272
2022,23.0,19.51,1,1,0,0,1,0,0,0,0,1,0,1,0,1,1,0.633
2022,17.0,9.24,0,0,0,0,0,0,0,0,0,0,0,1,0,1,0,0.186
2022,24.3,5.31,0,0,1,1,1,0,1,0,0,0,0,0,0,1,1,0.733
2022,19.3,8.52,0,1,0,0,0,0,0,0,0,0,0,0,0,1,0,0.388
2022,15.9,1.41,1,1,1,1,1,0,0,0,0,0,0,0,0,1,1,0.902
2022,15.0,1.35,0,1,0,1,1,0,0,0,0,1,0,1,0,1,1,0.672
2022,20.8,1.76,0,0,0,0,0,0,0,0,0,0,0,0,0,1,0,0.221
2022,15.0,1.52,1,1,0,0,0,0,0,0,0,0,0,1,1,1,1,0.577
2022,15.0,5.2,1,1,0,1,1,0,0,0,1,0,0,0,0,1,1,0.742
2022,23.7,1.93,0,0,0,1,0,0,0,1,0,1,0,0,1,1,1,0.504
2022,15.0,3.24,1,1,1,1,1,0,0,1,0,0,0,1,1,1,1,0.89
2022,23.0,0.05,0,0,0,0,0,0,0,1,0,0,0,0,0,1,0,0.243
2022,20.3,14.35,0,1,0,0,1,0,0,0,0,0,0,1,0,1,0,0.429
2022,17.4,3.88,0,0,0,0,0,0,0,1,0,0,0,0,1,1,0,0.227
2022,15.0,11.37,1,0,0,0,1,0,1,1,1,0,0,1,0,1,0,0.467
2022,16.4,10.45,1,1,0,0,1,1,0,0,1,0,1,0,0,1,1,0.673
2022,15.0,2.05,1,0,0,0,1,0,0,1,0,0,0,1,0,1,0,0.299
2022,15.0,15.27,0,0,0,1,1,0,0,0,1,0,1,0,1,1,1,0.658
2022,15.0,9.25,0,0,1,0,0,0,0,0,0,0,1,0,0,1,0,0.334
2022,15.0,5.11,1,0,0,0,0,0,0,0,0,0,0,1,0,1,0,0.291
2022,21.3,15.04,0,1,0,0,0,0,0,1,0,0,0,0,0,1,0,0.393
2022,15.0,6.68,1,1,1,1,1,0,0,0,0,0,0,1,1,1,1,0.83
2022,20.4,3.54,0,0,0,0,0,0,0,0,0,0,0,0,0,1,0,0.293
2022,24.6,4.33,1,1,0,1,1,0,0,0,0,0,0,0,0,1,1,0.744
2022,20.7,5.39,0,0,0,0,0,0,0,0,0,0,0,0,0,1,0,0.305
2022,15.3,4.42,1,1,1,1,0,0,0,0,1,0,0,0,0,1,1,0.768
2022,22.7,6.27,1,1,1,1,0,0,0,0,0,0,0,1,1,1,1,0.765
2022,18.2,9.18,1,1,1,0,0,0,0,0,0,0,0,0,0,1,1,0.593
2022,24.4,16.87,1,1,1,1,1,0,0,0,0,0,1,0,0,1,1,0.836
2022,22.2,2.5,1,1,1,0,0,0,0,1,0,0,0,0,0,1,0,0.476
2022,21.0,8.35,0,1,0,0,0,0,0,0,0,0,0,0,1,1,0,0.247
2022,21.9,2.1,0,0,0,0,1,0,0,1,0,0,0,1,0,1,0,0.32
2022,23.1,12.58,1,1,1,1,1,0,0,0,0,0,0,0,0,1,1,0.799
2022,15.0,4.13,0,0,0,0,0,0,0,0,0,0,0,1,0,1,0,0.301
2022,20.7,30.0,1,1,1,0,0,0,0,1,0,0,0,1,0,1,1,0.519
2022,21.9,1.86,1,1,0,1,1,0,0,0,0,0,0,0,0,1,1,0.797
2022,15.0,30.0,0,0,0,0,0,0,0,0,0,0,0,0,0,1,0,0.364
2022,17.5,2.22,1,0,0,1,0,1,0,0,1,0,0,1,0,1,1,0.659
2022,22.2,3.33,1,1,0,0,1,0,1,0,0,0,0,0,1,1,1,0.575
2022,15.0,3.94,0,0,0,0,0,0,0,0,0,0,0,1,0,1,0,0.336
2022,15.0,10.43,1,0,0,1,1,0,0,0,0,0,1,0,0,1,1,0.699
2022,17.7,6.85,0,0,0,0,0,0,0,0,0,0,0,1,0,1,0,0.264
2022,18.5,30.0,1,0,0,1,1,0,0,1,0,0,0,1,0,1,1,0.74
2022,20.8,2.96,0,0,0,0,0,0,0,0,0,0,0,0,0,1,0,0.403
2022,15.0,9.4,0,0,0,0,0,0,0,0,0,0,0,0,0,1,0,0.251
2022,16.9,8.01,0,0,1,0,1,0,0,1,0,0,0,1,0,1,0,0.45
2022,15.4,1.03,1,0,0,0,1,0,0,1,0,0,0,0,0,1,0,0.462
2022,22.5,1.12,0,0,0,1,0,0,1,1,0,0,1,0,1,1,0,0.302
2022,17.3,9.48,0,0,0,0,0,0,0,0,0,0,0,0,0,1,0,0.233
2022,15.0,1.36,0,0,0,0,0,0,0,0,0,0,0,0,0,1,0,0.265
2022,21.3,3.03,1,1,0,0,1,1,0,0,0,0,0,0,0,1,0,0.413
2022,23.4,6.92,0,0,0,1,1,0,1,0,0,0,0,1,0,1,1,0.715
2022,15.0,2.95,0,0,1,0,0,0,0,0,0,1,0,0,0,1,1,0.511
2022,21.8,5.04,1,1,1,1,1,0,0,1,1,0,0,0,0,1,1,0.791
2022,21.3,4.62,0,0,0,1,0,0,0,0,0,0,0,0,0,1,1,0.522
2022,21.9,2.09,0,1,0,0,1,0,0,1,0,0,1,0,0,1,0,0.341
2022,15.0,30.0,1,0,0,1,0,0,0,0,0,0,0,0,0,1,1,0.713
2022,21.4,10.75,1,1,1,1,1,0,0,0,0,0,0,0,1,1,1,0.853
2022,15.0,1.28,1,0,1,0,1,0,0,0,0,0,0,0,0,1,1,0.537
2022,19.6,19.74,1,0,0,0,0,0,0,0,0,1,0,0,0,1,0,0.443
2022,15.0,4.64,1,0,0,0,0,0,0,1,0,0,1,0,0,1,0,0.324
2022,15.0,4.58,0,0,0,0,0,0,0,0,0,1,0,0,0,1,0,0.288
2022,15.0,5.36,0,0,0,1,1,0,1,1,0,1,0,0,0,1,1,0.766
2022,15.0,9.9,1,0,1,0,0,0,0,0,0,0,0,0,0,1,0,0.441
2022,20.2,4.03,1,1,1,1,1,0,1,1,0,1,0,1,0,1,1,0.956
2022,23.9,5.21,1,1,1,0,1,0,0,0,0,0,0,1,1,1,1,0.504
2022,15.0,7.84,1,0,1,0,1,0,0,0,0,0,0,0,1,1,1,0.536
2022,24.0,10.19,1,1,0,1,1,0,0,0,1,0,0,1,0,1,1,0.727
2022,23.6,6.15,1,1,1,0,0,0,0,1,1,0,0,0,0,1,0,0.383
2022,24.0,29.31,0,0,0,0,0,0,0,0,0,0,0,0,0,1,0,0.4
2022,16.8,3.1,0,0,0,1,1,0,1,1,0,1,0,1,0,1,1,0.797
2022,15.0,3.46,1,1,1,1,1,1,0,0,0,0,0,1,0,1,1,0.889
2022,19.0,30.0,0,0,1,1,1,0,0,0,0,0,0,0,0,1,1,0.729
2022,15.0,20.29,1,0,1,1,1,0,0,0,0,0,1,0,0,1,1,0.913
2022,21.1,1.16,1,0,0,0,0,0,0,1,0,0,0,0,0,1,0,0.494
2022,24.0,3.35,1,1,0,1,0,0,0,0,1,0,0,1,1,1,1,0.747
2022,15.0,6.57,0,0,0,1,1,0,0,0,0,0,0,0,0,1,1,0.647
2022,23.4,8.16,0,0,0,0,0,0,0,0,0,0,0,0,0,1,0,0.255
2022,22.9,3.83,1,1,1,1,1,0,0,0,1,0,0,1,0,1,1,0.766
2022,15.0,8.83,1,1,0,1,1,1,0,0,0,0,0,1,1,1,1,0.92
2022,22.0,7.29,1,1,1,0,0,0,0,0,0,0,0,1,0,1,1,0.569
2022,16.3,1.89,1,1,0,0,0,0,1,0,0,0,0,0,1,1,0,0.339
2022,20.7,0.46,0,1,0,0,1,0,0,1,0,0,0,0,0,1,0,0.417
2022,22.2,3.15,1,1,0,0,0,0,0,0,0,0,0,1,0,1,0,0.4
2022,20.4,3.85,1,0,0,0,1,0,0,0,0,0,0,1,0,1,0,0.334
2022,16.5,1.16,1,1,1,1,1,0,0,0,0,0,0,1,0,1,1,0.884
2022,24.2,7.06,1,1,0,1,1,0,0,0,0,0,1,1,0,1,1,0.807
2022,17.2,11.72,1,1,1,1,1,1,0,0,0,0,0,1,0,1,1,0.869
2022,15.0,2.08,1,1,0,0,0,0,0,0,0,0,0,1,0,1,0,0.428
2022,15.0,13.55,0,0,0,0,1,0,0,1,0,0,0,1,1,1,0,0.277
2022,22.9,1.96,1,1,0,0,0,0,0,0,1,0,0,1,0,1,0,0.478
2022,24.4,8.81,1,0,1,0,0,0,0,0,0,0,0,1,0,1,0,0.292
2022,21.4,20.6,1,1,0,1,1,0,0,1,0,0,0,0,1,1,1,0.876
2022,16.2,3.74,0,0,0,0,0,0,0,0,0,0,0,0,0,1,0,0.258
2022,15.0,3.14,1,1,1,0,1,0,0,0,1,1,1,1,0,1,1,0.836
2022,22.9,2.84,1,1,0,1,0,0,0,0,0,0,0,1,0,1,1,0.702
2022,15.8,10.57,1,0,1,0,1,1,0,0,1,1,0,0,1,1,1,0.839
2022,15.0,2.4,1,0,0,0,0,0,0,0,0,0,0,1,0,1,0,0.295
2022,15.0,30.0,1,1,0,1,1,0,0,0,0,0,0,0,0,1,1,0.787
2022,23.1,3.25,1,1,0,0,1,1,1,0,0,0,0,1,0,1,1,0.504
2022,21.2,3.49,1,1,0,1,0,0,1,0,0,1,0,1,0,1,1,0.832
2022,15.0,9.01,0,1,1,0,0,0,0,1,0,0,0,0,0,1,1,0.622
2022,22.8,9.97,0,0,0,1,1,0,0,0,0,0,0,0,0,1,0,0.492
2022,15.0,30.0,1,1,0,0,0,0,0,0,1,0,0,1,0,1,0,0.44
2022,22.9,0.99,1,1,1,1,0,0,0,0,0,0,0,1,0,1,1,0.534
2022,23.0,7.73,1,1,0,0,0,0,0,1,1,1,0,1,1,1,0,0.377
2022,20.2,6.95,0,1,1,0,0,0,0,0,0,0,0,1,0,1,0,0.485
2022,15.0,1.02,1,1,0,1,1,0,0,0,0,0,0,1,0,1,1,0.748
2022,23.3,0.4,0,0,0,0,0,0,0,1,0,0,0,0,0,1,0,0.197
2022,15.0,2.27,1,0,0,0,1,0,0,1,0,0,0,0,0,1,0,0.291
2022,15.0,1.42,1,0,0,0,0,0,0,1,0,0,0,1,0,1,0,0.319
2022,21.7,0.39,1,1,1,0,1,1,0,1,1,0,1,1,0,1,1,0.804
2022,15.0,30.0,0,1,0,0,0,0,0,0,1,0,0,1,0,1,0,0.332
2022,15.0,7.78,0,0,0,0,0,0,0,1,1,0,1,0,0,1,0,0.187
2022,18.9,5.24,0,0,1,0,1,1,0,0,1,0,0,0,0,1,0,0.412
2022,15.5,11.72,1,1,0,0,0,0,0,0,1,0,0,1,1,1,0,0.493
2022,20.8,13.97,1,1,0,1,0,0,0,1,0,1,0,1,1,1,1,0.776
2022,19.1,3.76,1,1,0,0,1,0,1,0,0,1,0,0,1,1,1,0.591
2022,16.6,0.51,0,1,1,0,1,0,0,0,0,1,0,0,0,1,1,0.791
2022,21.2,4.15,0,0,0,0,0,0,0,0,1,0,0,0,0,1,0,0.275
2022,22.0,28.23,1,1,0,0,0,0,0,0,0,0,0,0,0,1,0,0.499
2022,20.6,15.84,0,0,0,0,0,0,0,0,0,0,0,0,0,1,0,0.252
2022,19.5,22.86,1,1,1,0,0,0,0,0,1,0,0,0,1,1,0,0.479
2022,23.9,14.29,0,0,1,0,0,0,0,0,0,0,0,0,1,1,0,0.295
2022,22.7,4.75,1,0,0,0,0,0,0,1,0,0,0,1,0,1,0,0.279
2022,19.9,7.35,1,1,0,1,1,0,0,0,0,1,0,1,0,1,1,0.839
2022,23.3,8.06,1,1,1,1,0,0,1,0,0,0,0,1,0,1,1,0.8
2022,19.9,5.28,0,0,0,0,1,0,0,0,0,0,0,0,0,1,0,0.364
2022,15.0,0.65,1,0,0,0,0,0,1,0,0,0,0,0,0,1,0,0.376
2022,24.9,12.08,1,1,0,0,0,0,0,0,0,0,0,0,0,1,0,0.241
2022,17.7,15.62,0,0,0,0,0,0,0,0,1,0,0,1,0,1,0,0.21
2022,18.0,5.55,1,1,0,0,1,1,0,0,0,0,0,1,0,1,1,0.586
2022,18.1,6.95,1,1,0,0,0,0,0,0,0,0,0,1,0,1,0,0.4
2022,22.5,11.8,0,0,0,0,0,0,0,0,0,0,0,0,0,1,0,0.197
2022,15.3,14.83,0,1,0,1,1,0,1,1,1,0,0,1,0,1,1,0.585
2022,21.3,4.6,1,1,0,1,0,0,0,0,0,0,0,0,0,1,1,0.652
2022,17.8,20.49,1,0,1,1,1,0,0,0,1,0,1,0,0,1,1,0.928
2022,15.0,6.71,1,0,0,0,0,0,0,1,1,0,0,1,0,1,0,0.279
2022,15.0,9.15,0,1,0,1,1,0,0,0,1,0,0,1,0,1,1,0.622
2022,22.2,4.53,1,1,0,1,1,0,0,0,0,0,0,0,0,1,1,0.716
2022,21.1,10.98,1,0,0,1,0,0,0,0,0,0,0,1,0,1,1,0.663
2022,19.5,0.6,1,1,0,0,0,0,0,0,0,0,0,1,0,1,0,0.481
2022,21.0,8.95,1,0,0,0,0,0,0,0,0,0,0,1,0,1,0,0.296
2022,18.2,1.39,1,0,0,0,1,0,0,1,0,0,0,0,0,1,0,0.317
2022,15.9,4.37,0,1,0,0,0,0,0,0,0,0,0,0,0,1,0,0.36
2022,17.9,1.35,0,0,1,0,0,0,0,0,0,0,0,0,0,1,0,0.312
2022,15.0,2.65,0,0,0,0,0,0,0,1,0,0,0,0,0,1,0,0.362
2022,18.2,4.74,0,0,0,0,0,1,0,0,0,0,0,0,0,1,0,0.308
2022,24.8,1.25,1,1,0,1,1,0,0,0,1,0,0,1,0,1,1,0.86
2022,16.4,2.03,1,0,0,0,0,0,0,0,0,0,0,1,0,1,0,0.343
2022,16.1,4.96,1,1,0,1,0,0,0,0,0,0,0,0,0,1,1,0.609
2022,15.0,8.0,0,0,0,0,0,0,1,0,0,0,0,0,0,1,0,0.284
2022,15.0,0.98,0,0,0,0,0,0,0,0,0,0,0,0,0,1,0,0.253
2022,23.0,30.0,1,1,0,1,1,0,0,0,0,0,0,1,0,1,1,0.75
2022,22.7,1.67,0,0,0,1,1,0,0,1,0,0,0,1,0,1,1,0.653
2022,18.8,16.77,0,0,1,0,0,0,0,0,0,0,0,0,0,1,0,0.469
2022,15.0,6.83,1,1,0,1,1,0,0,0,0,0,0,1,0,1,1,0.727
2022,21.8,2.54,0,0,0,0,0,0,0,0,0,0,0,0,0,1,0,0.295
2022,24.3,6.03,1,1,1,1,1,1,0,0,0,1,1,1,0,1,1,0.863
2022,15.0,6.45,1,0,0,0,1,0,0,0,0,0,1,0,0,1,1,0.551
2022,23.8,12.51,1,0,1,0,1,1,0,0,1,1,0,0,0,1,1,0.638
2022,21.8,9.13,1,0,0,0,0,0,0,0,0,0,0,1,0,1,0,0.284
2022,15.0,3.62,1,0,0,0,0,0,0,0,1,0,0,0,0,1,0,0.34
2022,17.9,9.63,0,1,1,0,1,1,0,0,0,0,0,0,0,1,1,0.588
2022,21.3,0.53,0,0,0,0,1,0,0,0,0,0,0,0,0,1,0,0.306
2022,18.0,27.64,0,0,0,0,0,0,0,0,0,0,1,0,0,1,0,0.5
2022,24.7,0.27,1,1,0,0,0,0,0,1,0,0,0,0,1,1,0,0.363
2022,22.1,30.0,0,0,0,0,0,0,0,0,0,0,0,1,0,1,0,0.27
2022,24.3,6.73,0,0,0,0,0,0,0,0,0,1,0,1,0,1,0,0.324
2022,19.4,0.78,0,0,0,0,0,0,0,0,0,0,0,0,0,1,0,0.328
2022,24.1,3.78,1,1,1,0,0,0,0,1,0,0,0,1,1,1,0,0.369
2022,24.2,2.77,1,0,1,1,1,0,0,0,1,0,0,0,1,1,1,0.71
2022,24.7,9.49,0,0,0,0,1,0,0,0,0,0,0,1,0,1,0,0.228
2022,21.5,2.91,0,0,0,0,0,0,0,0,0,1,0,1,0,1,0,0.392
2022,24.9,14.66,1,1,0,1,1,0,0,0,0,1,1,1,0,1,1,0.887
2022,18.6,1.0,0,0,0,0,0,0,0,0,0,0,0,0,0,1,0,0.248
2022,15.0,6.7,0,1,0,1,1,0,0,0,1,1,1,0,0,1,1,0.795
2022,15.0,1.98,1,0,0,0,0,0,0,0,0,0,1,1,0,1,0,0.329
2022,22.1,0.64,0,1,1,0,0,0,0,0,0,0,0,0,0,1,1,0.543
2022,24.7,23.17,1,0,0,0,1,0,0,1,1,0,0,1,1,1,1,0.641
2022,15.0,30.0,1,0,1,0,0,0,0,0,0,0,0,1,1,1,0,0.43
2022,15.0,1.05,1,0,0,0,1,0,0,0,0,0,0,1,0,1,0,0.492
2022,24.6,0.59,0,0,0,0,0,0,0,0,0,0,0,1,0,1,0,0.164
2022,20.1,3.51,1,1,0,1,1,1,0,0,0,0,0,0,0,1,1,0.811
2022,20.1,3.04,1,1,0,0,0,0,0,0,0,0,0,0,0,1,0,0.444
2022,15.0,2.83,1,1,1,1,0,0,0,0,0,0,0,0,0,1,1,0.784
2022,21.2,1.62,1,1,0,1,1,0,0,0,0,0,0,0,0,1,1,0.764
2022,15.0,15.27,0,0,0,0,0,0,0,0,0,0,0,0,0,1,0,0.314
2022,24.7,1.01,1,1,1,1,1,0,1,0,1,1,1,1,0,1,1,0.739
2022,24.1,1.87,0,1,0,0,0,0,0,0,0,0,0,0,0,1,0,0.233
2022,16.9,0.22,0,0,0,0,1,0,0,0,0,0,0,1,0,1,0,0.45
2022,15.0,5.09,1,1,0,0,1,0,0,1,1,0,0,0,1,1,0,0.445
2022,18.8,30.0,1,0,0,0,0,0,0,0,0,0,0,1,0,1,0,0.368
2022,21.2,8.56,0,0,0,1,0,0,0,0,0,1,0,1,0,1,1,0.602
2022,15.0,10.42,1,1,0,1,1,0,0,0,0,0,0,0,0,1,1,0.779
2022,19.9,8.91,1,1,0,0,1,0,0,0,1,0,0,1,1,1,0,0.436
2022,22.6,16.39,1,1,0,1,1,0,0,0,0,0,0,0,1,1,1,0.777
2022,24.1,16.5,1,1,0,1,0,0,0,1,0,1,0,0,0,1,1,0.662
2022,15.0,30.0,0,1,0,0,0,0,0,0,0,0,0,0,0,1,0,0.43
2022,22.8,6.44,1,1,1,0,0,0,0,0,0,0,1,1,0,1,1,0.609
2022,17.5,17.31,0,1,0,0,0,1,0,1,1,0,0,0,0,1,0,0.309
2022,16.9,18.58,1,1,1,1,0,1,0,1,0,0,0,1,1,1,1,0.812
2022,18.8,7.44,1,0,1,0,0,0,0,0,0,0,0,0,0,1,0,0.499
2022,15.0,2.37,0,0,0,0,0,0,0,0,0,0,0,0,0,1,0,0.278
2022,19.5,16.63,1,1,0,0,0,0,0,0,0,0,0,1,0,1,0,0.483
2022,20.4,24.88,1,1,1,0,1,1,0,0,0,0,0,0,0,1,1,0.537
2022,15.0,0.16,1,1,0,1,1,0,1,0,0,1,0,0,1,1,1,0.893
2022,17.6,24.58,0,1,0,0,0,0,0,0,0,0,0,0,0,1,0,0.426
2022,15.0,3.36,0,1,0,1,1,0,0,0,0,0,0,1,0,1,1,0.698
2022,18.9,2.91,1,0,1,0,0,0,0,0,0,0,1,0,0,1,0,0.494
2022,19.9,1.42,1,0,0,0,0,0,0,0,0,0,0,1,0,1,0,0.405
2022,15.0,2.78,1,1,0,1,0,0,0,0,0,0,0,0,0,1,1,0.775
2022,15.0,12.12,1,0,0,0,0,0,0,0,0,0,1,1,0,1,0,0.359
2022,15.5,7.54,0,1,1,1,1,0,0,1,0,1,1,1,0,1,1,0.874
2022,15.0,2.66,1,0,1,0,0,0,0,0,0,0,0,0,0,1,1,0.58
2022,15.3,2.06,1,0,0,0,1,0,0,0,0,0,0,0,0,1,0,0.369
2022,22.4,12.31,1,1,0,0,1,0,0,0,0,1,0,1,0,1,1,0.696
2022,23.3,15.65,1,0,1,1,1,1,0,0,1,1,0,0,1,1,1,0.868
2022,22.6,14.88,1,1,0,0,1,0,1,0,0,0,0,0,0,1,1,0.57
2022,23.6,3.28,1,0,1,1,0,0,0,0,0,0,0,0,0,1,1,0.556
2022,15.0,7.88,1,0,0,0,0,0,0,0,0,0,0,0,1,1,0,0.473
2022,20.4,8.54,1,0,0,0,1,0,0,1,0,0,0,1,0,1,0,0.379
2022,15.0,5.86,0,0,0,1,1,0,0,0,0,0,0,1,0,1,1,0.635
2022,15.0,30.0,1,1,0,1,1,0,0,0,1,0,0,0,1,1,1,0.773
2022,15.0,1.7,0,1,0,0,0,0,0,0,1,0,0,1,1,1,0,0.264
2022,23.6,12.45,0,0,0,0,0,0,0,0,1,0,0,1,1,1,0,0.165
2022,15.3,1.01,1,1,1,1,1,0,0,0,0,0,0,0,1,1,1,0.821
2022,16.8,0.16,1,1,1,1,0,0,0,1,0,0,0,0,0,1,1,0.748
2022,21.7,1.61,0,0,0,0,1,0,1,0,0,0,0,0,0,1,0,0.378
2022,20.3,6.59,0,0,0,0,0,0,0,0,0,0,0,0,0,1,0,0.352
2022,15.0,3.22,0,0,0,0,0,0,0,0,0,0,0,1,0,1,0,0.198
2022,15.0,13.59,1,0,0,1,0,0,0,0,0,0,0,1,0,1,1,0.693
2022,23.3,0.47,0,0,0,0,0,0,0,0,0,0,0,1,0,1,0,0.243
2022,19.0,17.91,1,0,1,0,0,0,0,0,0,0,0,1,1,1,0,0.346
2022,20.0,9.8,1,0,0,1,0,0,0,0,0,0,0,0,0,1,1,0.647
2022,20.7,3.28,0,1,0,0,0,0,0,0,0,1,0,0,0,1,0,0.324
2022,22.2,2.52,0,1,0,0,0,0,0,1,0,0,0,1,0,1,0,0.297
2022,15.0,3.97,1,1,1,0,1,0,0,1,1,1,0,0,0,1,1,0.848
2022,15.0,2.12,0,0,0,0,0,0,0,0,0,0,0,1,0,1,0,0.27
2022,15.6,1.76,1,1,0,1,0,0,0,0,0,1,0,1,0,1,1,0.72
2022,22.3,1.6,1,0,0,1,1,0,0,0,1,0,0,1,0,1,1,0.755
2022,15.1,1.58,1,0,1,0,0,1,0,1,0,0,0,1,0,1,0,0.396
2022,21.8,2.42,1,1,0,0,1,1,0,0,1,0,0,1,1,1,1,0.756
2022,15.0,0.68,1,1,0,1,1,1,0,0,1,1,0,0,0,1,1,0.76
2022,23.7,1.53,0,1,1,0,1,1,0,1,0,0,0,0,0,1,0,0.438
2022,24.7,30.0,0,0,1,0,0,0,0,0,0,0,0,1,0,1,0,0.292
2022,15.0,30.0,0,0,0,0,0,0,0,0,0,0,0,1,0,1,0,0.321
2022,15.0,1.02,1,0,0,0,0,0,0,1,1,0,0,0,0,1,0,0.404
2022,20.6,6.17,0,0,0,0,0,0,0,0,0,0,0,1,1,1,0,0.151
2022,22.0,9.28,1,1,0,1,1,1,0,0,0,0,0,0,0,1,1,0.76
2022,18.0,8.41,1,1,1,1,1,0,1,0,0,0,0,1,1,1,1,0.907
2022,15.0,5.66,1,1,0,1,1,0,1,0,1,0,1,0,0,1,1,0.918
2022,22.8,2.45,1,1,1,0,1,0,0,0,0,1,0,0,0,1,1,0.58
2022,21.9,6.23,0,1,1,1,0,0,1,0,1,0,0,0,0,1,1,0.655
2022,17.4,1.12,0,0,0,1,0,0,0,0,0,0,0,0,0,1,1,0.628
2022,21.1,7.61,1,1,0,1,1,0,0,0,0,0,0,1,0,1,1,0.718
2022,15.0,21.83,1,1,0,0,0,0,1,0,0,0,0,1,0,1,0,0.3
2022,22.4,1.87,0,0,0,0,1,0,0,1,0,0,0,1,0,1,0,0.317
2022,22.4,2.51,1,1,1,0,0,0,0,1,0,0,0,0,0,1,0,0.404
2022,15.0,2.52,0,0,0,1,0,0,0,0,0,0,0,0,0,1,1,0.598
2022,21.0,22.86,1,1,0,1,1,0,0,1,0,0,0,0,0,1,1,0.797
2022,15.5,0.7,0,0,0,0,0,0,0,0,0,0,0,0,0,1,0,0.359
2022,22.5,0.67,0,0,1,0,1,0,0,0,0,0,0,0,0,1,0,0.485
2022,19.5,10.94,0,0,0,1,1,1,0,0,0,0,0,1,0,1,1,0.79
2022,15.0,3.07,0,0,0,0,0,0,0,0,0,0,0,0,0,1,0,0.247
2022,15.0,27.83,0,1,0,1,1,0,0,0,1,1,0,1,0,1,1,0.77
2022,15.0,4.98,0,0,0,0,0,0,0,0,0,0,0,0,0,1,0,0.266
2022,22.3,2.52,1,0,0,0,0,0,0,1,0,0,0,0,1,1,0,0.373
2022,21.8,6.03,0,0,0,1,1,0,0,0,0,0,0,1,0,1,1,0.526
2022,16.7,10.25,1,1,1,0,0,0,1,0,0,0,0,0,0,1,1,0.5
2022,24.2,1.82,1,1,1,1,1,0,0,0,0,0,0,0,0,1,1,0.819
2022,24.9,30.0,0,0,0,0,0,0,0,1,0,0,0,1,0,1,0,0.261
2022,20.3,4.62,0,1,0,0,0,0,0,0,0,0,0,0,0,1,0,0.351
2022,16.4,9.06,1,1,0,1,0,0,0,0,0,0,1,0,0,1,1,0.737
2022,15.0,7.37,0,0,0,0,0,0,0,0,0,0,0,0,0,1,0,0.271
2022,15.0,3.48,0,0,0,0,0,0,0,0,0,0,0,0,0,1,0,0.266
2022,23.2,0.06,1,0,0,0,0,0,0,0,0,0,0,0,0,1,0,0.339
2022,23.7,6.09,1,1,1,1,1,0,1,1,1,1,1,1,1,1,1,0.899
2022,15.0,0.88,1,0,0,0,1,0,0,1,0,0,0,0,0,1,1,0.551
2022,23.5,5.67,0,0,0,0,0,0,0,0,0,0,0,0,0,1,0,0.322
2022,20.5,0.05,1,1,1,0,1,0,0,0,0,1,0,1,0,1,1,0.834
2022,24.8,30.0,0,0,0,0,1,0,0,0,0,0,0,0,0,1,0,0.377
2022,21.0,5.51,0,1,0,0,0,0,0,0,0,0,0,1,1,1,0,0.209
2022,17.4,8.71,0,0,1,1,1,0,0,0,0,0,0,1,0,1,1,0.608
2022,19.1,6.13,1,1,0,0,0,0,0,0,1,0,0,0,0,1,0,0.394
2022,22.3,4.19,1,1,1,1,1,0,1,0,0,1,0,1,0,1,1,0.912
2022,23.9,3.53,0,0,0,1,0,0,0,0,0,0,0,0,0,1,0,0.462
2022,15.0,2.94,1,0,0,0,1,0,0,1,0,1,1,0,0,1,0,0.435
2022,15.6,17.09,0,0,1,0,1,0,1,0,1,0,0,1,0,1,0,0.481
2022,20.8,12.88,0,0,1,0,1,0,0,0,0,0,0,1,0,1,0,0.487
2022,15.0,30.0,1,0,0,0,1,1,0,0,0,0,0,0,0,1,0,0.303
2022,15.0,0.13,1,0,0,1,1,0,0,0,0,0,0,1,0,1,1,0.9
2022,15.0,1.84,1,0,0,1,0,0,0,0,0,0,0,1,0,1,1,0.694
2022,15.0,2.12,1,1,1,0,1,0,0,1,1,0,0,0,0,1,1,0.606
2022,18.5,5.11,1,1,1,1,1,0,0,0,0,0,0,0,0,1,1,0.786
2022,15.0,4.75,0,0,0,1,1,0,0,0,0,0,0,1,0,1,0,0.486
2022,23.5,16.75,0,1,0,1,0,0,0,0,0,0,0,0,1,1,1,0.64
2022,15.0,26.76,0,0,0,1,0,0,0,0,0,0,0,1,0,1,1,0.631
2022,22.4,0.29,1,0,1,0,1,0,0,0,1,0,0,0,0,1,1,0.679
2022,19.9,3.86,0,0,0,0,0,0,0,0,0,0,0,0,0,1,0,0.338
2022,15.0,7.1,1,0,0,1,1,0,0,1,0,0,0,1,0,1,1,0.637
2022,17.0,8.3,1,1,0,0,1,0,1,0,1,1,0,1,1,1,1,0.644
2022,19.1,6.55,1,0,0,0,0,0,0,0,0,0,0,0,0,1,0,0.378
2022,18.6,12.02,0,1,0,0,1,0,0,0,0,0,0,0,0,1,0,0.302
2022,19.3,18.37,1,0,0,1,1,1,0,1,0,0,0,0,0,1,1,0.828
2022,15.0,0.76,1,1,1,0,1,0,1,0,0,0,0,0,0,1,1,0.586
2022,22.9,6.27,0,1,0,1,1,0,0,0,0,1,0,0,0,1,1,0.79
2022,23.0,7.35,1,1,1,1,1,0,0,0,1,0,1,0,0,1,1,0.883
2022,17.7,3.02,1,0,1,1,0,0,0,0,0,0,0,1,0,1,1,0.69
2022,15.0,6.6,1,1,1,1,1,0,0,1,0,1,0,1,1,1,1,0.905
2022,17.9,12.61,1,0,0,0,0,0,0,0,0,0,0,0,0,1,0,0.271
2022,19.6,2.67,1,1,0,1,0,0,0,0,0,0,0,0,0,1,1,0.711
2022,18.2,4.03,1,1,1,0,0,1,0,0,1,0,0,1,0,1,1,0.807
2022,21.2,1.75,1,0,0,1,0,0,0,0,0,0,0,1,0,1,1,0.603
2022,15.0,2.42,0,0,1,0,1,0,0,0,1,0,0,0,1,1,0,0.343
2022,22.8,17.89,1,0,0,0,1,0,0,0,0,0,0,0,0,1,0,0.44
2022,23.2,0.19,0,0,1,1,1,0,0,1,0,1,0,1,0,1,1,0.74
2022,15.0,0.67,1,1,0,0,1,0,0,0,1,0,1,1,0,1,1,0.561
2022,24.2,4.87,1,1,1,1,1,0,0,0,0,0,0,0,0,1,1,0.77
2022,15.0,5.66,1,0,1,1,1,0,1,0,1,1,0,0,0,1,1,0.939
2022,20.9,6.81,1,1,0,1,0,0,0,0,0,0,0,0,0,1,1,0.711
2022,17.2,1.1,1,1,0,0,0,0,0,0,0,0,0,1,0,1,1,0.528
2022,16.1,6.34,0,0,1,0,0,0,0,0,0,0,0,0,1,1,0,0.224
2022,19.3,8.57,0,1,0,1,1,0,0,0,0,0,0,0,0,1,1,0.679
2022,23.6,1.52,1,0,0,1,0,0,0,0,0,0,0,0,0,1,1,0.688
2022,23.2,1.56,0,0,1,0,0,0,0,0,1,0,0,1,0,1,0,0.232
2022,24.5,7.22,1,0,0,0,0,0,0,0,1,0,0,1,0,1,1,0.584
2022,18.7,19.29,1,1,1,0,1,0,1,1,0,0,0,1,0,1,1,0.777
2022,22.2,15.15,0,1,0,1,1,1,0,0,0,0,1,0,0,1,1,0.709
2022,22.2,26.05,1,0,0,0,0,0,0,0,1,1,0,0,0,1,0,0.447
2022,23.5,14.99,1,0,1,0,0,0,0,0,1,0,0,1,0,1,1,0.532
2022,15.0,3.07,1,0,0,1,1,1,0,0,0,0,0,1,0,1,1,0.763
2022,21.8,4.08,0,0,0,1,0,0,0,0,0,1,0,0,0,1,1,0.601
2022,21.2,3.23,1,0,0,0,0,0,0,0,0,0,0,0,0,1,0,0.341
2022,21.9,2.32,1,0,0,1,0,1,0,0,1,0,0,0,0,1,1,0.621
2022,15.0,1.37,0,0,0,0,0,0,0,0,0,0,0,0,0,1,0,0.264
2022,16.6,18.28,1,0,1,1,1,0,1,1,1,0,0,0,0,1,1,0.905
2022,22.6,3.6,0,1,0,1,1,1,0,1,1,0,0,0,1,1,1,0.827
2022,24.8,9.08,1,1,0,1,1,0,0,0,0,1,1,0,0,1,1,0.74
2022,21.8,3.67,1,1,1,1,1,0,0,1,0,0,0,0,1,1,1,0.754
2022,15.0,2.53,1,0,0,1,1,0,0,0,0,0,0,0,0,1,1,0.717
2022,15.0,6.06,0,1,0,1,1,0,0,1,0,0,0,1,0,1,1,0.693
2022,15.9,2.59,0,0,0,0,0,0,0,0,0,0,0,1,0,1,0,0.402
2022,15.0,1.49,0,0,0,1,1,0,0,0,1,0,0,0,0,1,1,0.757
2022,23.4,5.98,0,0,0,0,0,0,0,0,0,0,0,0,0,1,0,0.281
2022,23.7,0.39,1,1,0,1,1,0,0,0,0,0,0,0,0,1,1,0.708
2022,15.0,2.01,0,0,0,0,1,0,0,0,0,0,0,0,0,1,0,0.285
2022,19.2,1.83,0,0,0,0,0,0,0,1,0,0,0,0,0,1,0,0.183
2022,16.2,3.77,0,0,1,0,0,0,0,0,0,0,0,0,0,1,0,0.363
2022,15.0,12.52,0,1,0,1,0,0,0,0,0,0,0,0,0,1,1,0.573
2022,15.0,4.07,1,1,1,0,0,0,0,0,0,1,0,1,1,1,1,0.78
2022,21.6,5.42,0,0,0,0,0,0,0,1,0,0,0,1,0,1,0,0.27
2022,21.1,30.0,1,1,0,1,1,1,1,0,1,0,0,1,0,1,1,0.902
2022,23.2,2.91,0,0,0,1,1,1,0,0,0,0,0,0,0,1,1,0.601
2022,19.4,30.0,0,0,0,0,0,0,0,1,1,1,0,0,0,1,0,0.231
2022,15.0,30.0,0,0,0,0,0,0,0,1,0,0,0,0,0,1,0,0.282
2022,15.0,1.21,0,0,1,1,1,0,0,0,0,0,0,0,0,1,1,0.783
2022,17.4,6.21,0,1,0,0,1,0,0,1,0,0,1,0,0,1,0,0.289
2022,17.7,9.06,0,0,0,0,0,0,0,0,0,0,0,0,0,1,0,0.272
2022,15.0,1.59,1,1,1,0,1,0,0,1,0,1,0,1,0,1,1,0.716
2022,23.4,3.47,0,1,0,0,0,0,0,1,0,1,0,0,0,1,0,0.25
2022,23.5,3.76,0,0,0,0,0,1,1,0,0,0,0,0,0,1,0,0.279
2022,16.3,6.24,1,1,1,1,1,1,0,1,1,0,1,1,0,1,1,0.939
2022,23.8,8.72,0,0,0,0,0,0,0,0,0,0,0,0,0,1,0,0.24
2022,15.0,9.36,0,0,1,0,0,0,0,1,0,0,0,0,0,1,0,0.417
2022,15.0,1.29,1,0,0,0,0,0,0,1,1,0,0,1,0,1,0,0.335
2022,24.1,4.96,1,1,1,1,1,0,0,0,0,0,0,0,0,1,1,0.707
2022,23.2,15.74,1,1,0,0,0,0,0,0,0,0,0,0,0,1,0,0.386
2022,15.0,30.0,0,0,0,0,0,0,0,1,0,0,0,1,0,1,0,0.249
2022,24.2,1.91,0,0,0,0,0,0,0,0,1,0,0,1,0,1,0,0.231
2022,24.3,0.27,0,0,0,0,0,0,0,0,0,1,0,1,0,1,0,0.239
2022,15.4,0.86,1,1,1,1,1,0,0,1,0,0,0,1,0,1,1,0.823
2022,24.3,4.0,0,0,0,0,0,1,1,1,1,0,0,0,1,1,0,0.387
2022,15.0,5.76,1,1,0,1,1,0,0,0,0,0,0,0,0,1,1,0.812
2022,23.2,7.45,0,0,0,0,1,0,0,0,0,0,0,0,0,1,0,0.334
2022,15.0,0.23,1,0,0,1,1,0,0,1,1,1,1,1,0,1,1,0.783
2022,24.8,20.87,1,1,1,1,1,1,0,0,1,1,0,1,1,1,1,0.909
2022,18.3,0.43,1,0,0,1,1,0,0,0,0,0,0,1,0,1,1,0.739
2022,15.0,30.0,1,1,0,0,1,0,0,0,0,0,0,1,0,1,0,0.448
2022,19.7,2.51,0,1,0,1,1,0,0,0,0,0,1,0,0,1,1,0.695
2022,20.1,2.6,0,1,0,1,1,0,0,0,0,0,0,0,0,1,1,0.701
2022,19.6,2.65,0,0,0,0,0,0,0,1,0,0,0,0,0,1,0,0.347
2022,15.0,30.0,1,0,0,0,0,0,0,0,0,0,0,0,0,1,0,0.348
2022,20.8,0.72,1,1,1,1,1,0,0,1,1,1,1,1,0,1,1,0.859
2022,15.0,30.0,1,1,0,1,1,1,0,1,0,0,0,0,0,1,1,0.84
2022,18.8,16.0,1,1,1,1,1,0,0,1,0,0,0,0,0,1,1,0.666
2022,24.0,1.47,0,0,0,0,0,0,0,1,0,0,0,1,0,1,0,0.236
2022,16.5,2.83,1,0,0,1,1,0,0,0,1,0,0,1,0,1,1,0.741
2022,20.7,3.7,1,0,0,1,1,0,0,0,1,0,0,0,0,1,1,0.67
2022,24.9,1.85,1,1,1,1,1,0,0,1,0,0,1,1,0,1,1,0.892
2022,17.0,15.82,1,1,0,0,1,0,0,1,0,0,0,0,0,1,0,0.499
2022,15.0,15.11,0,0,0,0,0,0,0,1,0,0,0,1,0,1,0,0.3
2022,15.0,2.51,0,1,1,0,1,0,0,1,0,0,0,0,0,1,1,0.648
2022,18.6,0.8,1,1,0,1,1,0,0,0,0,0,0,1,1,1,1,0.732
2022,23.9,12.07,0,0,0,0,1,0,0,1,0,0,0,1,0,1,0,0.178
2022,15.0,17.96,1,1,0,1,1,0,0,0,1,0,0,0,1,1,1,0.773
2022,15.0,7.59,1,1,0,1,1,1,0,0,0,1,0,1,0,1,1,0.848
2022,21.8,14.73,1,1,1,1,0,0,0,1,0,0,0,0,1,1,1,0.737
2022,15.0,0.35,0,0,0,0,0,0,0,0,0,0,0,0,0,1,0,0.273
2022,18.8,0.38,0,1,1,1,1,0,0,0,0,0,0,0,0,1,1,0.775
2022,15.0,2.77,0,0,1,0,1,0,0,0,0,0,0,1,0,1,0,0.406
2022,21.3,4.71,1,0,0,0,1,0,0,0,0,0,0,1,0,1,0,0.407
2022,24.7,3.94,0,0,0,0,1,0,0,0,0,0,0,0,0,1,0,0.238
2022,24.8,9.43,0,0,0,0,0,0,0,0,0,0,0,0,0,1,0,0.247
2022,24.3,12.95,1,1,0,1,0,0,0,0,0,0,0,1,0,1,1,0.738
2022,23.9,12.92,0,1,1,0,1,0,0,0,0,0,0,1,0,1,1,0.606
2022,22.0,4.05,0,0,0,1,1,1,0,1,1,0,0,0,0,1,1,0.679
2022,19.9,6.95,1,0,0,0,1,0,0,0,1,0,1,0,1,1,1,0.676
2022,21.0,2.97,0,1,0,0,0,0,0,1,0,0,1,0,0,1,0,0.318
2022,21.7,16.23,1,1,0,1,1,0,0,0,1,1,0,0,0,1,1,0.791
2022,18.8,6.4,1,1,1,1,1,0,0,0,0,0,0,0,0,1,1,0.832
2022,17.5,8.07,1,1,0,1,0,1,0,0,1,1,0,0,0,1,1,0.632
2022,19.5,18.44,1,1,0,1,1,1,0,0,0,0,0,1,0,1,1,0.857
2022,21.2,4.07,1,1,1,1,1,0,1,0,0,0,0,0,1,1,1,0.905
2022,15.0,2.24,0,1,1,1,1,0,0,0,0,0,1,0,0,1,1,0.751
2022,21.9,1.76,1,1,0,1,1,0,0,0,1,0,0,0,0,1,1,0.683
2022,22.9,3.95,1,1,0,1,1,0,0,1,1,1,1,1,0,1,1,0.921
2022,22.7,3.61,0,0,1,0,0,0,0,1,0,0,0,1,0,1,0,0.262
2022,23.9,7.94,0,0,0,0,0,0,0,0,0,0,0,0,0,1,0,0.3
2022,15.0,18.83,1,0,0,0,0,0,0,0,0,0,0,1,0,1,0,0.43
2022,23.3,30.0,1,1,1,1,1,0,0,0,1,0,1,0,0,1,1,0.892
2022,24.9,2.02,0,0,0,1,0,0,0,1,0,0,0,1,0,1,1,0.558
2022,20.9,17.69,0,0,0,1,1,0,0,0,0,0,0,0,0,1,1,0.541
2022,15.0,13.52,0,1,1,1,1,0,0,0,0,0,0,1,0,1,1,0.815
2022,21.0,2.52,0,0,0,1,1,0,0,0,1,1,0,1,0,1,1,0.658
2022,23.9,30.0,0,0,0,0,0,0,0,0,0,0,0,0,0,1,0,0.323
2022,15.0,2.65,0,0,1,0,1,0,0,0,0,0,0,0,0,1,1,0.51
2022,21.9,24.99,1,1,0,1,1,1,0,0,1,1,0,1,0,1,1,0.886
2022,17.5,1.86,1,0,0,0,0,0,0,0,1,0,0,1,0,1,0,0.202
2022,17.8,4.16,0,0,0,1,1,0,0,1,0,0,0,1,0,1,1,0.711
2022,15.0,10.7,0,0,1,0,1,0,0,0,0,0,0,0,0,1,0,0.281
2022,24.8,30.0,0,0,0,0,0,0,0,1,0,0,0,0,0,1,0,0.304
2022,15.0,2.32,0,1,1,1,1,0,0,0,0,0,0,0,0,1,1,0.793
2022,20.5,8.02,1,1,1,0,0,0,0,0,0,0,0,1,0,1,1,0.551
2022,22.3,4.1,1,1,1,1,1,0,1,0,1,0,0,0,1,1,1,0.916
2022,15.7,13.86,1,0,0,1,0,0,0,1,0,0,0,1,0,1,1,0.63
2022,15.0,1.61,0,0,0,0,0,0,0,0,0,0,0,0,0,1,0,0.334
2022,19.6,0.05,1,1,0,1,1,0,0,0,0,0,0,0,0,1,1,0.808
2022,24.6,2.52,0,0,0,1,1,0,0,0,0,0,0,0,0,1,1,0.613
2022,17.4,30.0,1,1,0,1,1,0,0,0,0,0,0,0,0,1,1,0.658
2022,24.3,2.44,0,0,0,1,0,0,0,1,0,0,0,0,0,1,0,0.48
2022,15.0,30.0,1,1,1,0,0,0,1,0,1,0,0,1,1,1,0,0.492
2022,23.1,5.98,1,0,0,0,0,0,0,0,0,0,0,0,0,1,0,0.281
2022,15.0,7.74,1,1,1,1,1,0,1,1,0,0,0,1,0,1,1,0.92
2022,16.8,8.74,0,0,1,0,1,0,0,0,0,0,0,1,0,1,0,0.339
2022,23.9,7.51,1,0,0,0,0,0,0,0,0,0,0,1,0,1,0,0.263
2022,24.4,2.91,1,1,1,1,1,1,1,0,1,0,0,1,0,1,1,0.938
2022,17.5,9.68,0,0,0,1,0,0,0,0,0,0,1,0,0,1,0,0.476
2022,15.0,6.96,0,0,0,0,1,0,0,1,0,0,0,0,0,1,0,0.241
2022,24.2,30.0,1,1,1,0,0,0,0,1,0,0,0,0,0,1,1,0.657
2022,18.7,8.35,1,1,1,0,1,0,0,1,0,0,0,0,0,1,1,0.63
2022,23.0,1.76,0,0,0,1,0,0,0,0,0,0,0,1,0,1,1,0.517
2022,19.4,0.94,0,0,0,0,0,0,0,0,0,0,0,0,1,1,0,0.283
2022,17.2,1.72,0,0,0,0,0,0,0,0,0,0,0,0,0,1,0,0.332
2022,23.5,1.38,1,1,0,1,1,0,1,0,0,0,0,0,0,1,1,0.83
2022,18.6,30.0,1,1,0,1,1,0,0,0,0,0,0,0,0,1,1,0.733
2022,15.0,3.44,0,1,0,1,1,0,0,0,0,0,0,0,0,1,1,0.705
2022,15.0,3.81,1,1,0,0,1,0,0,0,0,1,1,0,0,1,1,0.569
2022,21.6,0.06,1,0,0,0,0,0,0,0,0,0,0,1,0,1,1,0.62
2022,19.7,30.0,0,0,0,0,0,0,0,0,0,0,0,0,0,1,0,0.314
2022,15.0,3.98,1,0,0,0,1,0,0,0,0,0,0,0,0,1,0,0.445
2022,17.4,1.53,1,0,1,1,0,0,0,0,1,0,0,0,0,1,1,0.687
2022,21.0,0.28,1,1,0,0,0,0,0,0,0,0,0,0,0,1,0,0.487
2022,15.5,1.43,0,0,0,0,0,0,0,0,0,0,0,0,0,1,0,0.279
2022,15.2,15.23,1,1,0,0,0,0,0,0,0,0,0,0,0,1,0,0.498
2022,17.5,6.75,1,0,0,0,0,0,0,0,0,0,0,1,0,1,0,0.257
2022,15.0,4.84,1,0,0,1,1,0,0,0,0,0,0,0,0,1,1,0.597
2022,16.8,5.55,1,0,1,0,1,0,0,0,0,0,0,0,0,1,1,0.574
2022,16.8,4.48,1,1,0,1,1,1,0,0,1,0,0,1,0,1,1,0.802
2022,15.1,5.14,1,1,1,1,1,0,0,0,0,0,0,1,0,1,1,0.816
2022,18.7,0.12,1,0,0,0,1,0,0,0,0,0,1,0,0,1,0,0.481
2022,17.8,0.81,1,1,0,1,0,1,1,0,0,0,0,0,0,1,1,0.749
2022,15.0,15.99,1,0,1,0,0,0,0,0,0,0,0,0,0,1,0,0.376
2022,15.0,30.0,0,0,0,0,0,0,0,0,0,0,0,1,0,1,0,0.321
2022,23.8,6.79,0,0,0,0,0,0,0,1,0,0,0,1,0,1,0,0.222
2022,24.0,4.71,0,0,0,0,1,0,0,1,0,0,0,1,0,1,0,0.281
2022,23.0,3.41,0,0,0,0,0,0,0,0,0,0,0,0,0,1,0,0.17
2022,23.3,2.58,1,1,0,1,1,0,0,1,0,1,0,1,1,1,1,0.859
2022,22.6,2.68,1,1,0,1,1,1,0,1,0,0,0,0,1,1,1,0.913
2022,18.7,2.17,1,1,1,0,1,1,0,0,0,0,0,1,1,1,1,0.736
2022,23.4,0.93,1,0,0,0,0,0,0,0,0,0,0,0,0,1,0,0.468
2022,15.0,1.35,1,1,0,0,0,0,0,0,0,1,0,1,0,1,0,0.485
2022,15.0,7.03,1,1,1,1,1,0,0,1,0,0,1,0,0,1,1,0.849
2022,16.2,3.2,0,0,0,0,0,0,1,0,0,0,0,0,0,1,0,0.217
2022,19.4,21.62,0,0,0,0,0,0,0,0,0,0,0,0,0,1,0,0.245
2022,18.9,6.76,0,0,0,0,0,0,0,0,0,0,0,1,0,1,0,0.292
2022,15.0,1.11,0,0,0,1,0,0,1,0,1,0,0,0,0,1,1,0.615
2022,15.0,1.97,1,1,0,1,1,0,0,0,0,0,0,0,0,1,1,0.801
2022,22.9,7.82,1,1,0,0,0,1,0,0,0,0,0,1,0,1,1,0.562
2022,16.7,1.02,1,1,1,1,0,0,0,0,1,0,0,1,1,1,1,0.674
2022,19.9,6.04,0,0,1,0,0,0,0,1,0,0,0,1,0,1,0,0.42
2022,23.2,4.18,0,1,0,1,1,0,0,1,0,0,0,0,0,1,1,0.606
2022,22.1,1.77,1,0,1,0,0,0,0,0,0,0,0,0,0,1,0,0.329
2022,16.9,5.97,0,0,0,0,0,0,0,0,0,0,0,0,0,1,0,0.305
2022,19.7,2.01,0,1,1,0,0,1,0,0,0,0,0,0,0,1,0,0.473
2022,15.0,4.87,1,0,0,1,1,0,0,1,0,0,0,1,0,1,1,0.575
2022,16.3,30.0,1,1,0,0,1,0,0,0,0,0,0,1,0,1,1,0.596
2022,24.3,2.68,1,1,0,1,1,0,1,0,1,1,0,0,1,1,1,0.969
2022,20.0,7.03,0,0,1,0,0,1,0,0,0,0,0,0,0,1,0,0.377
2022,24.7,5.21,0,0,0,1,1,0,0,0,0,0,0,0,0,1,1,0.543
2022,24.6,30.0,1,1,0,0,1,0,0,0,1,0,0,0,0,1,1,0.654
2022,17.8,2.39,1,1,0,0,0,0,0,0,0,0,0,0,0,1,0,0.409
2022,20.9,7.16,1,0,1,1,1,0,0,1,0,0,0,0,0,1,1,0.676
2022,18.3,21.16,1,1,1,0,1,0,1,0,0,0,0,0,1,1,1,0.554
2022,15.0,3.81,1,1,1,0,1,0,0,1,1,0,0,0,0,1,1,0.64
2022,22.1,30.0,1,0,0,0,0,0,0,0,0,0,0,0,0,1,0,0.369
2022,15.0,15.48,1,0,0,1,1,0,0,0,0,1,0,0,0,1,1,0.734
2022,17.2,2.04,1,1,1,1,1,1,1,1,0,0,0,1,0,1,1,0.868
2022,23.3,18.05,0,1,0,1,0,0,0,1,0,0,0,0,1,1,1,0.577
2022,15.0,30.0,1,1,0,0,0,0,0,1,0,0,0,0,0,1,0,0.451
2022,15.0,4.02,1,1,1,0,1,0,0,0,1,0,1,0,0,1,1,0.785
2022,15.0,11.89,1,1,1,0,1,0,0,0,1,0,0,0,1,1,1,0.533
2022,23.6,4.03,0,1,0,1,0,0,0,1,0,0,0,1,0,1,1,0.679
2022,23.4,2.01,1,0,0,0,0,0,0,0,0,0,0,0,0,1,0,0.344
2022,23.1,7.4,1,1,0,0,0,0,0,0,0,1,0,0,0,1,0,0.493
2022,23.8,5.73,0,0,0,0,0,0,0,0,0,0,0,0,0,1,0,0.296
2022,23.4,9.09,1,1,1,0,1,0,0,1,0,0,0,1,1,1,1,0.598
2022,19.5,4.32,1,0,0,0,1,0,0,0,0,0,0,0,0,1,0,0.382
2022,20.3,6.8,1,1,1,1,0,0,1,1,1,1,0,1,0,1,1,0.954
2022,24.2,2.11,1,1,0,1,1,1,0,0,0,0,0,1,0,1,1,0.762
2022,20.3,3.26,1,1,0,1,1,0,0,0,0,0,0,0,0,1,1,0.758
2022,15.0,5.11,0,0,0,0,0,0,0,0,0,0,0,1,0,1,0,0.252
2022,20.2,8.52,1,1,0,1,1,0,0,0,1,1,0,0,0,1,1,0.819
2022,16.8,23.8,0,0,0,0,1,0,0,0,1,0,0,1,0,1,0,0.295
2022,17.6,2.67,1,1,0,0,1,0,0,0,0,0,0,0,0,1,1,0.523
2022,15.0,1.86,1,1,0,1,0,0,0,0,0,0,0,0,0,1,1,0.716
2022,15.0,7.61,1,1,0,1,1,1,0,1,1,1,1,1,0,1,1,0.933
2022,19.3,3.47,1,1,1,1,1,0,0,0,1,1,1,1,0,1,1,0.956
2022,22.0,7.54,1,1,0,0,1,0,0,0,1,0,0,0,1,1,1,0.528
2022,17.5,1.89,1,0,0,0,0,0,0,1,0,0,0,1,0,1,0,0.211
2022,23.3,1.43,1,0,0,1,0,0,0,0,0,0,0,0,0,1,1,0.589
2022,15.0,29.69,1,1,1,1,1,0,0,0,0,0,0,1,0,1,1,0.841
2022,24.9,0.19,0,0,0,1,0,0,0,0,0,0,0,0,0,1,0,0.43
2022,24.9,2.47,1,0,1,0,0,0,1,0,0,0,0,1,0,1,0,0.255
2022,19.7,6.85,1,1,1,0,1,0,0,0,0,0,0,0,0,1,1,0.588
2022,23.8,2.71,1,1,0,1,1,0,0,0,0,0,0,1,0,1,1,0.77
2022,19.6,2.17,1,1,0,0,0,0,0,0,0,0,0,1,0,1,0,0.436
2022,15.0,1.26,0,0,0,0,0,0,0,0,0,0,0,0,0,1,0,0.346
2022,17.0,1.0,1,1,1,1,1,0,1,1,0,1,0,0,1,1,1,0.823
2022,15.0,4.53,0,0,0,1,0,0,0,0,0,0,0,1,0,1,1,0.603
2022,19.8,6.22,0,1,0,1,1,0,0,0,1,1,0,1,0,1,1,0.824
2022,15.0,2.86,1,1,0,1,1,1,1,0,1,0,1,0,0,1,1,0.926
2022,19.9,3.15,1,0,1,1,1,0,0,1,1,0,0,1,0,1,1,0.839
2022,17.4,7.41,1,1,0,0,1,0,0,0,0,0,0,0,0,1,0,0.416
2022,22.9,16.39,0,0,0,1,1,0,0,0,0,1,0,0,0,1,1,0.617
2022,15.0,1.48,0,0,0,0,0,0,0,0,0,0,0,0,0,1,0,0.306
2022,15.0,8.5,1,1,0,0,1,1,0,0,0,0,0,0,1,1,1,0.705
2022,19.6,1.17,0,0,0,0,1,0,0,1,0,0,0,1,0,1,0,0.361
2022,22.7,5.29,1,1,0,0,1,0,0,1,0,1,0,0,0,1,1,0.555
2022,16.2,0.95,0,0,0,0,0,0,0,0,0,0,0,0,0,1,0,0.309
2022,15.0,1.99,1,0,0,1,1,0,0,0,0,0,0,1,0,1,1,0.755
2022,17.1,3.92,1,1,1,1,1,0,0,0,1,0,0,1,0,1,1,0.904
2022,23.2,13.08,1,1,0,1,1,0,0,0,0,0,0,0,0,1,1,0.767
2022,24.0,3.42,1,0,0,0,0,0,0,0,0,0,0,0,0,1,0,0.25
2022,23.1,10.33,1,1,0,0,0,0,1,0,0,0,0,1,1,1,0,0.326
2022,15.0,10.39,0,0,0,0,0,0,0,0,0,0,0,0,0,1,0,0.265
2022,24.3,15.63,1,0,0,1,1,1,0,0,0,0,0,1,0,1,1,0.566
2022,17.7,15.26,1,1,0,0,1,0,0,0,1,0,0,0,0,1,1,0.538
2022,18.6,3.38,1,0,0,0,1,0,0,1,0,0,0,0,0,1,0,0.294
2022,21.0,8.08,1,0,1,0,1,0,1,1,0,1,1,1,0,1,1,0.681
2022,23.4,28.17,1,0,0,1,1,0,0,0,1,0,0,1,0,1,1,0.723
2022,24.0,6.45,0,1,0,1,1,1,0,0,0,1,0,1,1,1,1,0.807
2022,15.0,6.1,1,1,1,0,0,0,0,1,1,1,0,1,1,1,1,0.685
2022,15.0,29.12,1,1,0,0,1,0,1,0,0,0,1,0,0,1,0,0.463
2022,17.3,5.92,1,0,1,1,0,1,0,0,0,0,0,0,0,1,1,0.56
2022,21.3,1.0,1,0,1,1,1,0,0,1,0,0,0,1,1,1,1,0.732
2022,24.3,4.21,0,0,0,0,0,0,0,0,1,0,0,0,0,1,0,0.311
2022,24.9,30.0,1,1,0,0,1,0,0,0,0,0,0,0,0,1,1,0.525
2022,15.0,0.35,0,1,0,0,0,0,0,1,0,0,0,0,0,1,0,0.289
2022,15.0,10.5,1,1,0,1,1,0,0,0,0,1,0,1,0,1,1,0.8
2022,20.6,4.38,1,0,0,1,1,0,1,0,0,0,0,1,0,1,1,0.718
2022,15.0,0.82,1,0,1,1,1,0,0,0,1,0,0,0,0,1,1,0.822
2022,22.1,15.07,1,0,0,0,1,0,0,0,0,0,0,0,0,1,0,0.406
2022,23.4,0.44,0,0,0,0,1,0,0,0,0,0,0,0,0,1,0,0.21
2022,21.9,6.65,0,0,0,1,1,0,0,0,0,0,0,0,0,1,1,0.521
2022,24.7,2.96,0,0,1,0,0,0,0,0,0,0,0,1,0,1,0,0.324
2022,22.6,1.53,0,0,0,0,1,0,0,0,0,0,0,1,0,1,0,0.235
2022,15.0,10.12,0,1,0,1,1,0,0,1,1,0,0,1,0,1,1,0.703
2022,16.9,2.58,1,1,0,0,1,1,0,0,0,0,0,0,0,1,1,0.593
2022,16.8,2.45,1,0,0,0,0,0,0,0,0,0,0,0,0,1,0,0.403
2022,15.3,9.46,0,0,0,0,1,0,0,0,0,0,0,1,0,1,0,0.221
2022,15.0,17.64,1,1,0,0,0,0,0,0,1,0,0,1,0,1,0,0.417
2022,24.1,19.6,0,0,0,0,1,0,0,0,0,0,0,0,0,1,0,0.448
2022,22.0,5.93,0,0,0,0,0,0,0,0,0,0,0,0,0,1,0,0.298
2022,23.4,30.0,1,0,0,1,1,1,1,0,1,1,1,0,0,1,1,0.898
2022,20.3,0.16,0,1,0,0,0,0,0,1,0,0,0,0,0,1,0,0.347
2022,15.0,0.05,0,1,0,0,1,0,1,1,0,0,0,0,0,1,0,0.458
2022,23.1,30.0,1,1,1,0,1,0,0,0,0,0,0,0,0,1,0,0.484
2022,20.3,2.27,0,0,0,0,0,0,0,0,0,0,0,0,0,1,0,0.283
2022,15.0,0.05,0,0,0,0,0,0,0,1,0,0,0,0,0,1,0,0.268
2022,15.0,17.21,1,1,0,1,1,1,0,0,0,0,0,0,0,1,1,0.822
2022,21.5,5.88,1,0,1,0,0,0,0,1,0,0,0,1,0,1,0,0.445
2022,20.7,5.47,1,1,1,1,1,1,0,0,1,0,0,1,0,1,1,0.899
2022,16.1,10.54,1,1,0,0,1,0,0,0,0,1,0,1,0,1,1,0.574
2022,22.5,3.76,1,1,0,1,0,0,0,0,1,0,0,0,0,1,1,0.783
2022,16.3,2.57,1,1,0,0,1,0,0,0,0,0,0,0,0,1,1,0.532
2022,24.9,5.48,0,1,0,0,0,0,0,0,0,1,0,0,0,1,0,0.209
2022,24.1,9.03,1,1,1,0,0,0,0,0,0,0,0,0,0,1,0,0.382
2022,22.4,7.7,0,0,0,1,1,0,0,1,0,0,0,0,0,1,0,0.407
2022,24.4,30.0,0,0,0,1,0,0,0,0,0,0,0,0,1,1,1,0.642
2022,24.3,5.34,0,1,0,0,1,0,0,1,0,0,0,1,0,1,0,0.43
2022,24.3,19.05,1,0,0,1,1,0,1,1,1,0,0,1,0,1,1,0.885
2022,19.6,1.36,1,0,0,0,1,0,0,0,0,0,0,0,0,1,0,0.435
2022,15.0,9.8,1,1,1,1,0,1,0,0,0,0,0,0,0,1,1,0.823
2022,17.6,2.82,1,0,0,0,0,0,0,0,0,0,0,0,0,1,0,0.365
2022,15.0,1.23,1,1,0,0,1,0,0,0,0,0,0,1,0,1,1,0.507
2022,15.0,3.69,0,0,0,0,0,0,0,0,0,0,0,0,0,1,0,0.273
2022,21.8,26.62,0,0,0,0,0,0,0,0,0,0,0,0,0,1,0,0.318
2022,15.8,0.95,1,1,0,1,1,0,0,1,1,0,0,1,0,1,1,0.797
2022,19.6,23.35,0,0,0,1,0,0,0,0,1,0,0,0,0,1,1,0.548
2022,19.0,3.82,0,0,0,0,0,0,0,0,0,0,0,1,0,1,0,0.293
2022,19.4,3.64,0,0,0,0,0,0,0,0,0,0,0,0,0,1,0,0.294
2022,19.9,30.0,0,0,0,0,0,0,0,0,0,1,0,0,0,1,0,0.277
2022,16.6,5.87,0,0,0,0,1,0,0,0,0,0,0,1,0,1,0,0.315
2022,22.4,5.9,0,0,0,0,0,0,0,0,0,0,0,0,0,1,0,0.323
2022,15.0,18.65,1,1,1,1,1,0,0,1,0,0,0,1,0,1,1,0.87
2022,15.0,1.83,1,1,1,0,1,0,0,0,0,0,0,0,0,1,0,0.404
2022,15.0,5.11,0,0,1,0,1,0,0,0,0,0,0,0,0,1,0,0.381
2022,15.0,15.49,1,1,0,0,0,0,0,0,0,0,0,1,0,1,0,0.373
2022,15.3,0.31,1,0,0,0,1,1,0,1,0,0,1,1,0,1,1,0.558
2022,24.0,5.06,1,1,1,1,1,0,1,0,1,0,0,0,0,1,1,0.862
2022,23.1,4.94,0,0,0,0,0,0,0,0,0,0,0,0,0,1,0,0.277
2022,17.2,3.69,1,0,0,1,1,0,0,0,0,0,0,0,0,1,1,0.673
2022,23.7,0.1,0,1,1,0,0,0,0,0,0,1,0,1,0,1,1,0.547
2022,24.8,3.65,1,0,0,0,0,0,0,0,0,0,0,1,0,1,0,0.235
2022,21.1,8.56,0,0,0,0,0,0,0,0,0,0,0,1,0,1,0,0.22
2022,19.9,6.0,0,0,0,1,1,0,0,0,0,1,0,1,0,1,1,0.718
2022,15.0,7.05,1,0,0,1,1,0,0,0,0,0,0,1,0,1,1,0.633
2022,17.8,29.42,0,0,0,0,0,0,0,0,0,0,0,1,0,1,0,0.352
2022,24.2,9.61,1,1,0,0,0,0,0,1,0,0,0,0,0,1,1,0.523
2022,20.5,1.44,1,0,0,0,0,0,0,0,0,0,0,0,1,1,0,0.408
2022,23.7,1.79,0,1,0,1,1,0,0,0,0,0,0,1,0,1,1,0.615
2022,15.0,4.09,1,0,0,1,1,1,0,1,0,1,0,0,1,1,1,0.866
2022,20.4,1.25,1,1,0,1,0,0,0,1,0,0,0,0,1,1,1,0.734
2022,15.0,10.53,0,0,0,1,0,0,0,0,0,0,0,0,0,1,0,0.473
2022,16.9,13.25,0,0,1,1,0,0,0,1,0,0,0,0,0,1,1,0.605
2022,15.0,11.03,0,0,0,0,0,0,0,0,0,0,0,0,0,1,0,0.286
2022,23.8,2.36,0,0,0,1,1,0,0,0,0,0,0,0,0,1,1,0.509
2022,20.9,3.72,0,0,0,0,0,0,0,0,0,0,0,1,1,1,0,0.193
2022,22.7,10.71,1,0,0,1,0,1,0,0,0,0,0,1,0,1,1,0.808
2022,15.2,2.43,1,0,0,0,1,0,0,1,0,0,0,1,0,1,0,0.303
2022,15.0,11.08,1,1,0,1,1,0,1,0,0,1,0,0,0,1,1,0.927
2022,15.0,11.85,1,0,0,0,0,0,0,0,0,0,0,1,0,1,0,0.342
2022,23.1,10.44,1,0,1,0,0,0,1,0,0,0,0,1,0,1,0,0.233
2022,15.0,7.0,1,1,0,1,0,1,0,0,0,0,0,1,0,1,1,0.737
2022,17.6,30.0,0,1,0,0,0,0,1,0,0,0,0,1,0,1,0,0.266
2022,21.1,4.73,1,1,0,1,0,0,0,0,0,1,0,0,0,1,1,0.751
2022,15.0,16.27,0,1,0,1,1,0,0,0,0,1,0,1,1,1,1,0.82
2022,15.0,1.12,0,0,0,0,0,0,0,0,0,0,0,0,0,1,0,0.39
2022,17.7,3.44,0,0,0,1,1,0,0,1,0,0,0,0,0,1,1,0.576
2022,18.7,8.9,1,1,1,1,0,0,0,0,0,0,0,0,0,1,1,0.811
2022,18.4,30.0,0,0,0,0,0,0,0,1,0,0,0,1,0,1,0,0.265
2022,15.0,4.92,0,0,0,1,0,0,0,0,0,0,0,1,0,1,0,0.462
2022,15.0,9.86,1,1,1,1,1,0,0,1,1,0,0,0,0,1,1,0.889
2022,22.1,13.64,1,0,0,0,0,0,0,0,0,0,0,1,0,1,0,0.329
2022,15.0,1.16,1,1,0,1,1,0,0,0,0,0,0,0,0,1,1,0.816
2022,15.0,7.72,1,1,0,1,1,0,1,0,1,0,0,0,0,1,1,0.903
2022,19.3,0.13,1,1,0,1,1,0,0,0,1,0,0,0,0,1,1,0.817
2022,15.0,2.49,0,0,0,0,1,0,0,1,0,0,0,0,0,1,0,0.292
2022,19.8,2.63,0,0,0,0,0,0,0,0,0,1,0,1,0,1,0,0.344
2022,20.9,30.0,0,0,0,1,1,0,0,0,0,0,0,0,0,1,1,0.656
2022,23.2,14.57,0,0,0,1,1,0,0,1,0,0,0,1,0,1,0,0.494
2022,20.3,2.3,1,1,1,1,1,0,0,0,0,0,0,0,0,1,1,0.787
2022,18.8,3.62,0,0,0,0,0,0,0,1,0,1,0,0,0,1,0,0.221
2022,23.3,1.32,1,0,1,0,1,0,0,1,0,1,1,0,0,1,0,0.408
2022,15.0,1.09,0,0,0,0,0,0,0,0,0,0,0,0,0,1,0,0.402
2022,23.1,8.42,0,0,1,0,0,0,0,0,1,0,0,1,1,1,0,0.257
2022,15.0,6.97,0,1,0,0,0,0,0,0,1,1,0,0,0,1,0,0.326
2022,18.8,1.61,1,1,1,1,1,0,0,1,0,0,1,0,0,1,1,0.709
2022,19.4,9.8,1,1,0,0,1,1,0,0,0,0,0,0,0,1,1,0.546
2022,17.3,2.05,1,1,0,0,0,0,0,1,0,1,0,1,1,1,0,0.457
2022,24.2,3.22,1,1,1,1,1,0,0,0,1,0,0,0,0,1,1,0.852
2022,15.0,1.2,0,0,1,1,1,0,1,1,0,0,1,1,0,1,1,0.707
2022,23.1,2.53,0,0,0,0,0,1,0,0,1,0,0,0,0,1,0,0.254
2022,15.0,13.76,1,1,0,0,1,0,0,0,0,0,0,0,0,1,0,0.421
2022,19.2,10.9,0,1,0,1,1,0,1,0,0,0,0,0,0,1,1,0.8
2022,15.0,1.46,1,0,0,0,1,0,0,0,0,0,0,1,0,1,0,0.4
2022,18.8,7.67,1,1,0,1,1,0,1,0,0,0,0,1,0,1,1,0.846
2022,20.8,2.84,0,0,1,0,0,0,1,0,0,0,0,0,0,1,0,0.291
2022,19.9,7.09,0,0,0,0,0,0,0,0,0,0,0,1,0,1,0,0.273
2022,15.0,0.05,1,1,0,0,0,0,0,1,0,0,1,1,0,1,1,0.661
2022,24.5,1.22,0,0,0,0,0,0,0,1,0,0,0,0,0,1,0,0.257
2022,24.1,1.27,0,1,0,0,0,0,0,1,1,0,0,0,0,1,0,0.22
2022,21.6,1.94,1,1,1,0,0,0,0,0,0,0,0,1,0,1,1,0.577
2022,15.0,8.76,1,1,1,0,1,1,0,0,0,0,0,1,0,1,1,0.642
2022,15.0,12.71,0,0,0,0,0,0,0,0,0,0,0,0,0,1,0,0.244
2022,24.7,12.77,1,1,0,1,1,1,0,1,0,0,0,1,0,1,1,0.804
2022,21.3,3.19,1,0,0,0,0,1,0,0,0,0,0,1,0,1,0,0.313
2022,15.0,1.5,1,1,0,0,1,0,0,0,0,0,0,1,0,1,0,0.465
2022,17.2,9.44,0,0,0,0,0,0,0,0,0,0,0,1,0,1,0,0.229
2022,24.3,1.0,0,0,0,1,0,0,0,0,0,0,0,0,0,1,1,0.578
2022,21.4,0.99,1,0,1,1,1,0,0,0,0,0,0,0,0,1,1,0.652
2022,24.4,30.0,1,1,1,1,1,0,1,0,0,0,0,0,0,1,1,0.895
2022,15.0,0.57,1,0,0,0,0,0,0,1,0,0,0,0,0,1,0,0.445
2022,19.3,2.09,0,0,0,0,0,0,0,0,0,0,0,0,0,1,0,0.322
2022,24.8,7.47,0,0,0,0,0,0,0,1,1,0,0,0,0,1,0,0.394
2022,22.0,4.57,1,0,0,0,1,0,0,0,0,0,0,0,0,1,0,0.37
2022,15.0,9.39,0,1,0,1,0,0,0,0,0,0,0,0,0,1,1,0.622
2022,20.9,1.58,1,1,1,1,1,0,0,1,0,1,0,1,0,1,1,0.875
2022,21.7,0.05,1,0,0,1,1,0,0,0,0,1,0,1,0,1,1,0.843
2022,15.4,13.46,0,1,0,0,0,0,0,0,0,0,0,1,0,1,0,0.349
2022,17.0,0.13,1,1,1,1,1,0,0,0,0,0,0,1,0,1,1,0.904
2022,20.6,0.81,0,0,1,0,1,0,0,0,0,0,0,0,0,1,0,0.488
2022,22.9,5.16,0,1,0,0,0,0,0,0,0,0,0,0,0,1,0,0.38
2022,23.4,14.59,0,1,0,0,1,0,0,1,0,0,0,0,0,1,0,0.414
2022,15.0,0.68,1,0,0,0,1,0,0,1,0,0,0,0,1,1,1,0.59
2022,15.6,8.91,1,1,1,0,0,0,0,0,0,0,0,0,0,1,1,0.623
2022,18.5,4.4,0,0,0,0,1,0,0,0,0,0,0,0,0,1,0,0.318
2022,20.0,4.2,0,0,0,0,0,0,0,0,0,0,0,1,0,1,0,0.311
2022,22.0,30.0,1,0,0,0,1,0,0,1,0,0,0,0,0,1,0,0.345
2022,23.4,10.51,0,0,0,1,0,0,0,0,1,0,0,0,0,1,0,0.368
2022,20.3,5.37,1,1,0,0,0,0,0,0,0,0,0,0,0,1,0,0.442
2022,24.6,2.29,1,0,0,0,1,0,0,0,1,0,0,0,0,1,1,0.568
2022,21.9,12.23,1,0,1,1,0,0,0,0,1,0,0,1,0,1,1,0.624
2022,23.2,3.87,1,1,1,1,1,0,0,0,1,0,0,1,0,1,1,0.815
2022,19.3,15.73,1,0,0,0,1,0,0,0,0,0,1,0,0,1,1,0.677
2022,23.3,26.66,1,1,1,1,1,1,0,0,1,0,1,1,1,1,1,0.935
2022,21.7,2.0,1,0,1,1,1,0,0,0,0,0,0,0,0,1,1,0.839
2022,15.0,0.25,1,1,1,0,0,1,0,0,1,0,0,0,0,1,1,0.612
2022,17.8,1.67,1,0,0,0,0,0,0,0,0,0,0,1,0,1,0,0.371
2022,19.8,1.18,1,1,0,1,0,0,0,0,1,0,0,0,0,1,1,0.82
2022,23.6,6.25,0,1,0,0,0,1,0,0,1,0,0,0,0,1,0,0.264
2022,17.8,1.23,0,0,0,1,1,0,0,0,0,0,0,1,0,1,1,0.705
2022,20.8,13.0,0,0,0,0,0,0,1,0,0,0,0,0,0,1,0,0.339
2022,20.9,27.37,1,1,1,1,1,0,0,1,0,1,0,0,1,1,1,0.837
2022,22.2,24.38,1,0,0,0,0,0,0,1,0,0,0,0,0,1,0,0.33
2022,15.0,3.86,1,1,0,0,1,0,0,0,0,1,0,1,0,1,1,0.54
2022,20.7,18.99,0,0,0,0,0,0,0,0,0,0,0,0,0,1,0,0.377
2022,22.4,13.26,0,0,0,0,0,0,0,0,1,0,0,0,0,1,0,0.371
2022,24.6,1.77,1,1,0,1,1,0,0,0,0,0,1,0,1,1,1,0.846
2022,15.0,23.87,1,0,0,0,1,0,0,0,1,1,1,1,0,1,1,0.665
2022,15.1,30.0,1,1,0,1,0,0,1,0,0,0,0,0,0,1,1,0.813
2022,17.4,11.99,1,1,1,1,0,0,0,0,0,0,0,0,0,1,1,0.716
2022,16.9,2.83,1,0,0,0,1,0,0,0,0,0,0,0,0,1,0,0.395
2022,15.9,2.59,1,0,1,1,1,0,0,0,0,1,0,0,0,1,1,0.884
2022,15.0,2.65,1,1,1,1,0,0,0,0,0,0,0,0,1,1,1,0.888
2022,17.0,19.93,1,0,0,0,0,0,0,0,0,0,0,1,0,1,0,0.331
2022,17.1,2.19,1,0,1,0,1,0,0,1,0,0,0,0,0,1,1,0.556
2022,15.0,23.23,0,0,1,1,1,0,1,0,1,0,0,1,0,1,1,0.771
2022,15.0,0.05,0,0,0,1,0,0,0,0,0,0,0,0,0,1,1,0.569
2022,24.9,7.33,1,0,1,1,0,0,0,1,0,0,0,0,0,1,1,0.642
2022,15.8,18.37,1,1,1,1,1,0,0,1,1,1,0,1,0,1,1,0.92
2022,15.1,1.8,0,1,0,0,0,0,0,0,0,0,0,0,0,1,0,0.206
2022,18.4,4.77,1,0,0,1,1,0,0,0,0,0,0,1,0,1,1,0.602
2022,23.1,1.6,1,1,0,0,1,0,1,0,0,1,0,1,0,1,1,0.636
2022,23.7,0.29,1,1,0,1,1,0,0,0,1,1,0,1,0,1,1,0.91
2022,18.1,7.4,1,1,0,0,0,0,0,0,0,0,0,0,0,1,0,0.459
2022,21.0,0.61,0,0,0,0,0,0,0,1,0,0,0,0,0,1,0,0.335
2022,15.0,2.59,1,0,1,0,1,0,0,0,0,0,0,0,0,1,1,0.58
2022,19.6,12.61,1,1,1,1,1,0,0,0,0,0,0,0,1,1,1,0.836
2022,21.6,7.43,1,1,0,1,0,0,0,0,0,0,0,1,0,1,1,0.756
2022,15.0,8.45,0,0,0,1,1,0,0,0,0,0,0,0,1,1,1,0.551
2022,23.9,6.41,1,0,1,0,1,0,1,1,1,0,1,1,0,1,1,0.623
2022,15.0,5.01,1,1,0,1,0,0,0,0,1,1,0,0,0,1,1,0.709
2022,15.0,2.74,0,0,0,0,0,0,0,0,0,0,0,0,0,1,0,0.359
2022,22.6,6.68,0,0,1,0,1,0,0,1,0,0,0,1,0,1,0,0.271
2022,23.7,1.07,1,1,0,0,0,0,0,1,0,0,0,0,0,1,0,0.482
2022,24.7,2.55,0,0,1,1,0,0,0,0,0,1,0,1,0,1,1,0.538
2022,15.0,3.18,1,1,0,1,1,1,0,0,1,0,0,1,0,1,1,0.916
2022,15.0,8.2,0,1,1,0,1,0,0,0,0,0,1,1,0,1,1,0.519
2022,18.7,10.1,1,0,0,1,1,0,0,0,0,0,0,0,0,1,1,0.692
2022,24.4,23.57,1,1,0,0,0,1,0,0,0,1,0,0,0,1,0,0.358
2022,18.1,10.65,0,0,0,0,0,0,0,0,0,0,0,0,0,1,0,0.269
2022,21.9,14.55,0,0,0,0,0,0,1,0,0,0,0,0,0,1,0,0.349
2022,21.6,0.05,0,0,0,0,1,0,0,0,0,0,0,0,0,1,0,0.199
2022,19.0,1.49,0,1,0,0,0,0,0,0,0,0,0,1,0,1,0,0.272
2022,17.1,3.77,1,0,0,1,1,0,1,1,0,0,0,1,1,1,1,0.793
2022,23.7,11.06,0,0,0,1,0,0,0,0,0,0,0,1,0,1,1,0.591
2022,20.5,6.82,0,1,0,1,1,0,0,0,0,0,0,0,0,1,1,0.659
2022,15.0,4.62,0,0,0,1,1,0,0,0,0,0,0,1,0,1,1,0.555
2022,19.8,1.32,0,0,0,0,0,0,0,0,0,0,0,0,0,1,0,0.319
2022,17.4,7.45,0,0,0,0,1,0,0,1,0,0,0,0,0,1,0,0.303
2022,17.9,2.72,0,1,0,1,0,0,0,0,0,0,0,0,0,1,1,0.615
2022,15.0,30.0,1,0,1,0,1,0,0,0,0,0,0,0,1,1,0,0.431
2022,15.0,26.03,0,0,0,0,0,0,0,0,0,0,0,0,0,1,0,0.307
2022,19.2,0.05,1,1,0,0,1,0,0,0,0,1,0,1,0,1,1,0.837
2022,24.9,4.56,1,1,0,0,0,0,0,0,0,0,0,0,0,1,0,0.264
2022,24.8,1.11,0,0,0,0,0,0,0,0,0,0,0,0,0,1,0,0.34
2022,23.2,2.94,1,1,1,0,1,1,0,0,1,0,0,0,0,1,1,0.667
2022,18.6,12.3,0,1,0,0,1,0,0,0,0,0,0,0,0,1,0,0.279
2022,15.0,6.65,1,1,1,0,1,0,1,1,1,0,1,0,0,1,1,0.792
2022,15.0,1.74,0,0,0,0,1,0,0,0,0,0,0,1,0,1,0,0.227
2022,23.3,5.1,1,1,1,1,1,0,0,0,0,0,0,0,0,1,1,0.763
2022,15.0,0.7,1,1,0,1,0,0,0,1,1,1,0,1,0,1,1,0.742
2022,16.6,2.28,1,0,0,1,0,0,1,0,1,0,0,1,1,1,1,0.716
2022,23.6,17.9,1,1,1,0,1,1,0,0,0,0,0,0,0,1,1,0.516
2022,23.2,3.13,0,0,0,0,1,0,0,1,0,0,0,0,0,1,0,0.199
2022,15.0,3.58,1,1,0,0,0,0,0,0,0,0,0,1,0,1,0,0.375
2022,24.6,3.71,0,0,0,0,0,0,0,0,0,0,0,1,0,1,0,0.174
2022,23.1,2.76,1,0,1,1,1,0,1,0,0,0,0,1,0,1,1,0.797
2022,22.5,30.0,1,1,0,1,1,0,0,1,0,0,1,1,1,1,1,0.914
2022,20.2,30.0,1,1,0,0,0,1,0,1,0,0,0,0,0,1,1,0.5
2022,15.0,4.53,1,1,0,1,1,0,0,0,1,0,0,0,0,1,1,0.677
2022,17.7,4.06,1,1,0,0,0,0,0,1,1,0,1,1,0,1,1,0.65
2022,15.0,6.42,1,1,1,1,1,1,0,0,1,1,0,0,0,1,1,0.838
2022,15.0,24.31,1,1,0,0,1,0,0,0,0,0,0,0,0,1,0,0.492
2022,23.7,12.74,0,1,0,0,1,0,1,0,0,1,0,0,1,1,1,0.642
2022,21.6,15.44,1,1,1,0,1,0,0,0,0,1,0,0,0,1,1,0.774
2022,15.0,30.0,0,0,0,0,0,0,0,0,0,0,0,0,0,1,0,0.364
2022,15.0,30.0,1,1,1,1,1,0,1,1,1,1,0,1,0,1,1,0.937
2022,22.8,11.45,0,0,1,0,0,0,0,1,0,0,0,0,0,1,0,0.281
2022,15.0,2.58,0,1,0,0,0,0,0,1,0,0,1,1,0,1,0,0.322
2022,19.2,3.43,0,1,0,1,1,0,0,0,1,0,0,0,0,1,1,0.74
2022,20.4,2.42,1,1,0,1,1,1,0,1,1,0,1,1,1,1,1,0.937
2022,17.1,12.0,0,0,0,0,0,0,0,1,0,0,0,0,0,1,0,0.23
2022,22.8,30.0,1,0,0,1,1,0,0,1,0,0,0,1,0,1,1,0.747
2022,19.3,6.27,1,0,1,0,0,0,0,1,0,0,0,0,0,1,0,0.493
2022,19.4,30.0,1,1,0,1,1,1,0,0,0,0,0,0,0,1,1,0.813
2022,18.2,2.43,1,0,0,0,0,0,0,0,0,0,0,0,0,1,0,0.32
2022,22.0,1.48,1,1,1,0,1,0,0,1,0,0,1,0,0,1,1,0.592
2022,22.9,14.09,1,1,1,1,1,0,0,0,1,1,1,0,1,1,1,0.958
2022,15.0,2.71,1,0,0,0,0,0,0,0,0,0,0,0,0,1,0,0.426
2022,15.8,4.04,1,1,1,1,1,0,0,0,1,1,0,0,0,1,1,0.949
2022,16.5,2.99,1,0,0,0,0,0,0,0,0,0,0,0,0,1,0,0.389
2022,24.4,5.48,1,0,0,1,0,0,0,0,0,0,0,1,0,1,1,0.626
2022,18.1,5.72,1,1,1,1,1,0,0,1,0,0,0,0,0,1,1,0.844
2022,23.5,10.12,0,0,0,0,0,0,0,0,0,0,0,0,0,1,0,0.264
2022,22.2,4.9,1,1,0,0,1,0,1,0,1,1,0,0,0,1,1,0.686
2022,17.3,18.55,1,1,1,1,0,0,0,1,0,0,0,0,0,1,1,0.755
2022,15.0,6.17,1,1,0,1,1,0,0,0,0,0,0,0,1,1,1,0.83
2022,15.0,9.56,0,0,1,0,0,0,0,0,0,0,0,0,0,1,0,0.35
2022,15.9,5.62,1,0,0,0,0,0,0,0,0,0,0,0,0,1,0,0.44
2022,15.0,4.57,0,0,0,1,1,1,0,1,0,0,0,0,0,1,1,0.535
2022,24.3,0.07,0,0,0,0,0,0,0,0,0,0,0,1,0,1,0,0.392
2022,22.4,30.0,0,0,0,0,0,0,0,0,0,0,0,0,0,1,0,0.334
2022,22.7,0.71,1,0,1,1,0,0,1,0,0,1,0,0,0,1,0,0.447
2022,15.0,3.84,0,0,0,1,1,0,0,0,0,0,0,0,0,1,1,0.613
2022,15.0,0.7,1,1,0,0,0,0,0,0,0,0,0,1,1,1,1,0.553
2022,15.6,17.89,1,0,0,0,0,0,0,0,0,0,0,0,0,1,0,0.424
2022,21.1,0.97,1,1,0,0,0,0,0,1,0,1,1,1,0,1,0,0.469
2022,17.2,12.14,1,1,0,1,1,1,0,1,0,0,0,1,1,1,1,0.902
2022,15.0,12.51,1,0,0,0,1,0,0,0,0,0,0,0,0,1,0,0.268
2022,22.9,0.4,0,0,0,0,0,0,0,1,1,0,1,0,0,1,0,0.167
2022,17.5,3.59,1,0,0,0,0,0,0,0,0,0,0,0,0,1,0,0.293
2022,19.1,4.46,0,0,0,0,1,0,0,1,0,0,0,0,0,1,0,0.256
2022,23.4,7.13,0,0,0,0,0,0,0,0,0,0,0,0,0,1,0,0.331
2022,19.2,5.0,1,1,0,0,0,0,0,0,0,0,0,1,0,1,0,0.358
2022,24.9,30.0,1,1,1,1,1,0,0,1,0,0,0,0,0,1,1,0.78
2022,21.9,13.03,1,0,1,0,1,0,1,1,1,1,0,0,0,1,1,0.869
2022,17.4,6.04,0,1,0,0,0,0,0,0,1,0,0,0,0,1,0,0.29
2022,20.5,15.52,1,0,0,1,1,1,0,1,0,0,0,0,0,1,1,0.748
2022,21.1,6.15,0,0,0,1,1,0,1,1,0,0,0,1,0,1,1,0.543
2022,24.0,30.0,1,0,1,0,0,0,1,1,0,0,0,1,0,1,0,0.46
2022,24.6,15.68,1,1,0,0,0,0,0,0,0,0,0,1,0,1,0,0.451
2022,24.6,3.04,0,1,0,0,0,0,0,1,0,0,0,0,0,1,0,0.23
2022,15.0,30.0,0,1,1,1,1,0,0,0,1,0,0,0,0,1,1,0.762
2022,23.9,3.09,1,0,0,1,0,1,0,0,0,0,0,1,0,1,1,0.703
2022,22.8,18.33,1,0,0,1,0,0,0,0,1,0,0,1,0,1,1,0.652
2022,22.4,14.36,1,1,1,1,1,0,0,0,1,0,0,0,1,1,1,0.845
2022,20.8,9.75,0,0,0,0,0,0,0,0,0,0,0,0,0,1,0,0.263
2022,15.0,2.29,1,0,0,1,1,0,1,1,0,0,0,0,0,1,1,0.777
2022,15.0,8.05,0,1,0,1,1,0,0,0,1,0,1,0,0,1,1,0.765
2022,20.3,2.26,1,1,0,1,1,0,0,0,1,0,1,0,0,1,1,0.785
2022,15.0,5.2,0,0,0,1,0,0,0,1,0,0,0,0,0,1,1,0.541
2022,19.4,1.83,1,1,0,0,0,0,0,0,0,0,0,0,0,1,0,0.329
2022,24.8,19.35,1,1,1,0,0,0,0,0,0,0,0,0,0,1,1,0.644
2022,15.0,10.0,1,0,0,1,1,0,0,0,0,0,0,0,0,1,1,0.707
2022,17.7,10.79,1,1,1,1,1,0,0,1,0,1,0,0,0,1,1,0.92
2022,22.7,8.37,1,0,1,1,1,0,0,0,0,0,0,1,1,1,1,0.653
2022,15.4,5.18,0,1,0,1,1,0,0,0,0,0,0,0,0,1,1,0.639
2022,15.0,22.14,1,1,1,1,0,0,0,0,0,0,0,0,1,1,1,0.795
2022,21.0,8.55,0,0,1,1,1,0,0,0,1,1,0,0,0,1,1,0.784
2022,23.6,7.01,0,1,0,0,1,0,0,0,0,0,0,0,0,1,0,0.375
2022,22.7,29.96,1,1,0,1,1,1,0,1,1,1,0,1,0,1,1,0.955
2022,15.1,1.96,1,1,0,1,1,0,1,1,0,1,0,0,0,1,1,0.871
2022,20.5,0.92,1,0,0,0,0,0,0,0,0,0,0,0,0,1,1,0.512
2022,17.7,6.67,1,1,0,1,1,0,0,1,0,0,0,0,0,1,1,0.756
2022,24.9,2.49,0,0,0,0,1,0,0,0,0,0,0,0,0,1,0,0.188
2022,22.6,3.21,0,0,0,0,0,0,0,1,0,1,1,1,0,1,0,0.255
2022,18.5,1.82,0,0,0,1,0,0,0,1,0,1,0,0,0,1,0,0.46
2022,15.7,1.58,0,1,1,1,1,0,1,0,1,0,0,0,0,1,1,0.927
2022,15.0,3.35,1,1,1,0,1,0,0,0,1,0,0,1,1,1,1,0.614
2022,22.2,1.33,0,0,0,0,0,0,0,0,0,0,0,0,0,1,0,0.295
2022,23.4,1.24,1,1,1,1,1,0,0,1,0,0,0,0,0,1,1,0.718
2022,24.8,1.81,1,1,0,1,1,0,0,0,0,0,0,1,0,1,1,0.817
2022,19.0,10.88,1,1,1,0,1,0,0,1,0,0,0,0,0,1,1,0.63
2022,15.0,5.31,0,1,0,0,0,0,0,0,0,0,0,0,0,1,0,0.341
2022,23.5,4.44,1,0,0,1,1,0,0,1,0,1,0,0,0,1,1,0.657
2022,23.9,9.56,1,1,0,0,0,0,0,0,1,1,1,0,0,1,1,0.507
2022,15.0,4.67,1,1,1,1,1,0,0,0,1,0,0,0,0,1,1,0.792
2022,22.4,1.82,0,0,0,1,1,0,0,0,1,0,1,0,0,1,1,0.515
2022,15.0,1.34,0,0,1,1,0,0,0,1,0,0,0,0,0,1,1,0.719
2022,20.6,20.01,1,0,1,1,1,0,0,0,0,0,0,1,0,1,1,0.743
2022,15.0,0.9,0,0,0,0,0,0,0,0,0,0,0,0,0,1,0,0.389
2022,24.3,2.93,1,0,0,0,1,0,0,0,0,0,0,0,0,1,0,0.49
2022,16.3,6.11,0,1,0,0,0,0,1,0,1,1,0,0,1,1,0,0.304
2022,21.0,1.78,0,0,0,1,1,0,0,0,0,0,0,0,0,1,0,0.481
2022,24.5,9.05,0,0,0,1,1,0,0,0,1,0,0,1,1,1,1,0.644
2022,18.4,0.09,0,0,0,0,1,0,0,0,0,0,0,1,0,1,1,0.57
2022,17.7,5.11,0,1,0,1,0,1,0,0,0,1,1,1,0,1,1,0.832
2022,15.9,9.15,1,1,1,1,1,0,0,1,0,1,1,0,0,1,1,0.917
2022,17.0,5.77,0,1,1,0,0,1,0,1,0,0,0,0,0,1,1,0.557
2022,15.0,14.02,0,0,0,0,1,0,0,1,0,0,0,1,0,1,0,0.233
2022,15.0,2.01,0,1,0,0,0,0,0,0,0,0,0,0,0,1,0,0.295
2022,22.8,6.05,0,0,0,0,1,1,0,0,0,0,0,0,0,1,0,0.282
2022,16.1,2.28,1,1,1,0,1,0,0,0,0,0,0,1,0,1,1,0.511
2022,15.0,2.2,0,0,1,0,1,0,1,0,0,0,0,0,0,1,0,0.331
2022,19.9,10.69,0,0,0,0,0,0,0,0,0,1,0,0,0,1,0,0.223
2022,22.5,0.36,1,0,1,1,1,0,0,0,0,0,0,1,0,1,1,0.582
2022,19.1,4.68,0,1,0,0,0,0,0,0,0,0,0,0,0,1,0,0.36
2022,15.6,3.77,0,0,1,0,0,0,1,1,0,0,0,1,0,1,0,0.381
2022,24.4,6.49,1,1,0,0,0,0,0,0,0,1,0,0,0,1,1,0.538
2022,15.0,13.58,0,0,1,0,0,0,0,0,0,0,0,0,0,1,0,0.387
2022,22.5,1.6,0,0,0,0,0,0,0,0,0,0,0,0,0,1,0,0.316
2022,15.0,1.1,0,0,0,1,0,1,0,0,0,0,0,0,0,1,1,0.663
2022,15.0,11.62,0,1,0,0,1,0,0,0,0,0,0,1,0,1,0,0.334
2022,24.1,8.8,0,1,0,0,0,0,0,0,0,0,0,0,0,1,0,0.26
2022,22.5,5.74,0,0,0,0,1,0,0,0,0,0,0,1,0,1,0,0.307
2022,15.0,15.49,0,1,0,0,0,0,0,1,0,0,0,1,0,1,0,0.277
2022,23.0,1.34,0,0,0,0,0,0,0,0,0,0,0,0,0,1,0,0.178
2022,15.1,1.54,1,0,1,1,1,0,0,0,0,0,1,0,0,1,1,0.84
2022,15.0,5.75,1,1,1,1,1,0,0,1,0,0,0,1,0,1,1,0.879
2022,15.0,7.88,1,1,1,1,1,0,1,0,1,0,0,1,0,1,1,0.94
2022,15.0,1.85,1,0,0,1,1,0,0,0,0,0,0,0,0,1,1,0.696
2022,19.9,1.97,1,1,1,1,1,1,0,0,0,1,0,1,0,1,1,0.936
2022,19.8,4.86,0,0,0,0,0,0,1,0,0,0,0,0,0,1,0,0.302
2022,20.2,3.11,0,1,1,1,1,0,0,0,0,1,0,1,1,1,1,0.847
2022,24.4,0.09,1,0,0,0,0,0,0,0,0,0,0,0,0,1,0,0.333
2022,24.6,1.71,1,0,0,0,1,0,0,0,0,0,0,0,0,1,0,0.455
2022,23.9,30.0,0,1,1,0,0,1,0,0,0,0,0,0,0,1,0,0.329
2022,22.2,3.65,1,0,0,1,0,0,0,1,0,0,0,0,0,1,1,0.583
2022,15.0,4.41,0,1,0,0,0,0,0,0,1,0,0,0,0,1,0,0.294
2022,17.5,4.99,1,1,1,1,1,0,0,0,1,1,0,0,0,1,1,0.836
2022,16.0,17.1,1,1,0,1,1,0,0,1,0,1,0,0,0,1,1,0.84
2022,15.0,2.12,0,0,0,0,0,0,0,0,0,0,0,1,0,1,0,0.27
2022,24.7,2.97,0,0,0,0,0,0,0,1,0,0,0,0,0,1,0,0.21
2022,20.3,0.53,1,1,0,0,1,0,0,1,0,0,0,0,0,1,1,0.536
2022,15.0,18.77,1,0,1,1,1,1,0,1,1,1,0,0,0,1,1,0.811
2022,15.0,16.31,0,0,0,1,0,0,0,0,0,0,0,0,0,1,1,0.538
2022,18.7,7.65,0,0,0,0,0,0,0,0,0,0,0,1,0,1,0,0.267
2022,15.0,6.4,1,1,0,1,1,0,0,1,0,0,0,1,0,1,1,0.826
2022,15.0,7.17,1,1,1,0,0,0,1,1,0,0,0,1,0,1,0,0.498
2022,20.4,2.18,0,0,1,0,0,0,0,1,0,0,0,0,0,1,0,0.403
2022,24.0,29.9,0,0,0,1,1,0,0,0,0,0,0,0,0,1,1,0.696
2022,21.6,2.97,1,0,0,1,0,0,0,1,1,0,0,1,0,1,1,0.735
2022,20.1,6.55,0,0,0,0,0,1,0,0,0,0,0,0,0,1,0,0.352
2022,24.0,8.92,0,0,1,0,0,0,0,0,0,0,0,0,0,1,0,0.207
2022,15.0,30.0,1,0,0,1,0,0,0,0,0,0,0,0,0,1,1,0.713
2022,15.8,21.22,1,0,0,0,0,0,1,0,1,0,0,0,0,1,0,0.347
2022,21.9,4.66,1,0,0,0,0,0,0,0,0,0,0,0,1,1,0,0.376
2022,21.3,0.97,1,0,0,1,1,0,0,0,0,0,0,1,0,1,1,0.615
2022,21.5,11.26,1,0,0,0,1,0,0,0,0,0,0,1,0,1,0,0.408
2022,24.3,0.11,0,1,0,0,1,0,0,1,0,0,0,1,0,1,1,0.623
2022,20.4,30.0,1,1,1,1,0,0,0,1,0,0,0,0,0,1,1,0.8
2022,15.0,0.4,0,0,0,0,0,0,0,1,0,1,0,1,0,1,0,0.226
2022,15.0,7.32,1,0,0,0,0,1,0,0,0,0,0,0,0,1,0,0.283
2022,19.5,6.44,1,0,1,0,1,0,0,0,0,0,1,0,0,1,1,0.719
2022,15.9,9.55,1,1,0,0,1,1,0,1,1,0,0,1,0,1,1,0.672
2022,15.0,1.89,1,1,0,0,0,0,0,0,1,0,0,1,0,1,0,0.326
2022,18.8,2.0,1,1,1,0,1,1,0,0,0,0,0,0,0,1,1,0.595
2022,21.5,1.88,1,1,0,1,1,0,0,0,0,0,1,0,0,1,1,0.795
2022,19.0,5.75,1,1,0,1,1,0,0,0,0,1,0,1,0,1,1,0.858
2022,15.6,6.15,0,0,1,0,0,0,0,1,0,0,0,1,0,1,0,0.351
2022,22.6,1.72,0,0,0,0,0,0,0,0,0,0,0,0,0,1,0,0.321
2022,21.8,2.16,1,0,0,0,0,0,0,0,0,0,0,0,0,1,0,0.43
2022,15.0,5.56,0,1,0,1,1,0,0,0,0,1,0,0,0,1,1,0.828
2022,23.2,30.0,1,1,0,0,0,0,0,0,0,0,0,0,0,1,0,0.44
2022,15.0,6.32,1,1,0,0,1,0,0,0,0,0,0,0,0,1,0,0.497
2022,17.3,1.22,1,1,0,0,0,0,0,0,1,0,0,0,0,1,0,0.453
2022,24.9,12.31,0,0,0,0,0,0,0,0,0,0,0,0,0,1,0,0.176
2022,23.9,2.14,0,0,0,0,1,0,0,0,0,0,0,1,0,1,0,0.206
2022,22.1,0.89,1,1,1,1,1,0,0,0,1,0,1,1,1,1,1,0.85
2022,18.2,5.4,1,1,0,0,1,0,0,0,0,0,0,1,0,1,0,0.388
2022,15.0,5.79,1,1,0,1,1,0,0,0,1,0,1,0,0,1,1,0.857
2022,15.0,12.96,0,0,1,1,1,1,0,0,0,0,0,0,0,1,1,0.67
2022,24.8,1.8,0,1,0,0,0,0,0,0,0,0,0,1,1,1,0,0.218
2022,24.7,3.17,1,1,0,1,0,0,0,0,0,0,0,0,0,1,1,0.685
2022,21.3,9.97,1,0,1,0,0,0,0,0,0,0,0,0,0,1,1,0.53
2022,24.9,30.0,1,0,1,0,1,0,1,1,0,0,0,1,0,1,1,0.573
2022,24.1,10.75,1,1,0,0,1,0,0,0,1,0,0,0,0,1,0,0.435
2022,21.1,5.99,1,0,1,1,0,0,0,1,0,0,0,0,0,1,1,0.65
2022,19.0,5.72,1,1,0,0,0,0,0,0,0,0,0,0,1,1,0,0.453
2022,15.0,7.68,1,0,0,0,1,0,0,1,0,1,0,0,0,1,0,0.446
2022,23.4,27.51,0,0,0,1,1,0,0,0,0,0,0,0,0,1,1,0.673
2022,18.6,2.64,1,1,0,0,0,0,0,0,1,0,0,0,0,1,1,0.537
2022,15.0,15.08,1,0,0,1,1,1,0,0,1,0,0,1,0,1,1,0.732
2022,16.6,14.64,1,0,0,0,0,1,0,0,1,0,0,0,0,1,0,0.445
2022,15.0,3.9,1,1,0,0,1,0,0,0,0,1,0,1,0,1,1,0.536
2022,21.8,12.24,1,0,0,0,0,0,0,0,0,0,0,1,0,1,0,0.232
2022,15.9,0.98,1,1,1,0,1,0,0,1,0,1,0,1,0,1,1,0.637
2022,15.0,28.36,0,0,0,1,1,0,0,0,0,0,0,1,0,1,1,0.731
2022,19.3,6.72,1,1,1,1,0,0,0,0,0,0,0,1,0,1,1,0.83
2022,23.8,0.47,1,0,0,1,1,0,0,0,1,1,0,1,0,1,1,0.711
2022,15.0,30.0,1,1,1,0,0,0,0,1,0,0,0,0,0,1,0,0.497
2022,24.3,26.74,0,0,0,0,1,0,0,0,0,0,0,1,0,1,0,0.441
2022,22.7,11.19,1,1,0,0,0,0,0,0,0,0,1,1,0,1,1,0.527
2022,15.0,0.29,1,1,1,0,1,1,0,1,0,0,1,0,0,1,1,0.554
2022,15.0,30.0,0,0,0,0,0,0,1,0,0,0,0,0,0,1,0,0.248
2022,15.0,2.93,1,1,1,1,1,1,0,0,1,0,0,1,1,1,1,0.933
2022,16.2,6.53,0,0,0,0,0,0,0,1,0,0,0,0,0,1,0,0.223
2022,15.0,9.69,0,0,0,0,0,0,0,1,0,0,0,1,0,1,0,0.213
2022,15.0,6.67,1,1,0,0,1,0,0,0,0,0,0,1,0,1,0,0.465
2022,23.4,0.09,0,0,0,1,0,0,0,0,0,0,0,0,0,1,1,0.525
2022,16.8,0.98,0,1,0,0,0,0,0,0,0,1,0,0,0,1,0,0.234
2022,16.7,1.03,1,1,1,1,1,0,0,0,0,0,0,0,0,1,1,0.786
2022,17.8,6.18,0,0,0,0,0,0,0,0,0,0,0,1,0,1,0,0.271
2022,23.6,2.06,1,1,0,0,0,0,0,1,1,0,1,1,0,1,0,0.351
2022,17.8,4.95,0,0,0,1,1,1,0,0,0,0,1,1,0,1,1,0.696
2022,15.0,30.0,0,0,0,0,1,0,0,0,0,0,0,0,0,1,0,0.364
2022,21.8,7.11,0,1,1,0,1,0,0,1,0,0,1,0,0,1,1,0.616
2022,18.4,7.01,0,0,0,0,0,0,0,0,0,0,0,1,0,1,0,0.247
2022,21.1,6.6,0,1,0,0,0,0,1,0,1,0,0,1,0,1,0,0.316
2022,24.5,2.59,1,0,0,1,1,0,0,1,0,0,0,1,0,1,1,0.743
2022,15.7,3.59,0,0,0,1,1,0,0,0,0,0,0,1,0,1,1,0.718
2022,24.0,13.85,0,0,1,1,1,0,0,1,0,0,0,0,0,1,0,0.371
2022,19.8,0.48,0,0,0,0,1,0,1,1,0,0,0,0,0,1,0,0.453
2022,22.7,6.94,0,0,0,1,0,0,0,0,0,0,0,0,0,1,0,0.45
2022,19.0,10.22,1,0,1,0,0,0,0,0,0,1,0,0,0,1,1,0.653
2022,15.0,0.75,0,1,1,1,0,1,0,0,0,1,1,0,0,1,1,0.683
2022,19.3,16.92,0,0,0,0,1,0,0,0,0,0,0,0,0,1,0,0.464
2022,22.3,6.32,1,1,1,0,0,0,0,1,0,0,0,0,0,1,0,0.488
2022,15.0,11.05,0,0,0,0,0,0,0,0,0,0,0,0,0,1,0,0.286
2022,21.8,30.0,1,1,0,1,1,0,0,0,0,1,0,0,0,1,1,0.738
2022,19.4,30.0,1,0,0,0,0,0,1,0,0,0,0,1,0,1,0,0.207
2022,15.0,8.06,0,0,0,1,1,1,0,0,0,0,0,0,0,1,0,0.457
2022,18.1,1.4,0,1,0,0,0,0,0,0,0,0,1,0,0,1,0,0.186
2022,15.0,30.0,1,1,1,1,1,0,1,1,1,1,1,0,0,1,1,0.958
2022,18.9,8.9,1,0,1,1,1,0,1,0,0,1,0,1,0,1,1,0.906
2022,22.8,8.97,0,0,0,0,1,0,0,0,0,0,0,0,0,1,0,0.283
2022,15.0,30.0,1,1,0,1,1,0,0,1,0,1,0,0,1,1,1,0.888
2022,15.0,6.7,0,0,0,1,0,0,0,0,1,0,1,1,0,1,1,0.59
2022,15.0,7.56,1,1,0,1,0,0,0,1,0,0,0,0,0,1,1,0.756
2022,15.0,2.53,0,0,0,1,0,0,0,0,0,0,0,0,0,1,1,0.598
2022,17.2,4.87,1,1,0,1,0,0,0,0,0,0,0,0,0,1,1,0.613
2022,23.6,16.48,1,0,0,0,1,0,0,1,0,0,0,0,0,1,0,0.348
2022,17.0,7.4,0,0,0,0,0,0,0,0,0,0,0,0,0,1,0,0.272
2022,24.5,30.0,0,1,0,0,0,0,1,0,0,0,0,0,0,1,0,0.375
2022,15.0,0.45,1,1,0,1,1,1,0,0,1,0,0,0,0,1,1,0.852
2022,19.2,2.12,1,1,0,1,0,0,0,0,1,0,0,0,0,1,1,0.76
2022,16.0,17.78,1,1,1,1,1,1,0,1,1,0,0,0,1,1,1,0.924
2022,15.0,16.54,1,1,1,1,0,0,0,0,1,0,0,0,0,1,1,0.715
2022,21.4,26.73,1,0,1,0,0,0,0,0,0,0,0,1,0,1,0,0.41
2022,20.5,1.52,0,0,0,0,0,0,0,0,0,0,0,0,0,1,0,0.33
2022,19.0,18.99,0,0,0,1,1,0,0,0,0,0,1,0,0,1,1,0.779
2022,23.0,2.34,1,1,0,1,0,0,0,0,1,0,0,1,0,1,1,0.64
2022,16.8,9.4,0,1,1,1,1,0,0,0,0,0,1,1,0,1,1,0.746
2022,24.9,0.49,0,1,0,0,0,1,0,0,0,0,0,0,0,1,0,0.257
2022,17.8,6.09,1,1,0,0,0,0,0,0,0,0,0,1,0,1,0,0.457
2022,17.9,1.74,0,1,0,1,0,0,0,0,0,0,0,0,0,1,1,0.604
2022,16.7,3.5,1,1,0,0,0,0,0,0,0,0,0,1,1,1,0,0.471
2022,15.5,6.16,0,0,1,0,0,0,0,0,0,0,0,0,0,1,0,0.394
2022,21.8,20.41,0,0,0,0,0,0,0,0,1,0,0,1,0,1,0,0.301
2022,24.3,7.09,0,0,0,0,1,1,0,0,0,0,0,0,0,1,0,0.361
2022,15.0,4.49,1,1,0,1,1,0,0,1,0,0,0,1,0,1,1,0.746
2022,18.2,5.39,1,0,0,0,0,0,0,1,0,0,0,1,0,1,0,0.307
2022,23.3,0.15,0,0,0,1,0,0,0,0,0,1,0,0,0,1,1,0.515
2022,24.4,3.64,1,0,1,0,0,0,0,0,0,0,0,0,0,1,0,0.354
2022,15.0,7.5,0,1,0,1,1,0,1,0,1,0,0,0,0,1,1,0.755
2022,23.9,3.41,1,0,0,1,1,1,0,0,1,0,1,1,0,1,1,0.775
2022,15.0,4.46,1,1,0,1,1,0,1,0,1,0,0,0,0,1,1,0.842
2022,15.0,15.96,1,1,0,0,0,0,0,0,0,0,0,0,0,1,0,0.38
2022,23.0,11.51,0,0,0,0,0,0,0,0,0,0,0,1,0,1,0,0.153
2022,24.4,30.0,0,1,0,0,1,0,0,0,0,0,0,0,0,1,0,0.463
2022,15.0,0.06,1,0,1,1,1,0,0,0,0,0,0,0,0,1,1,0.818
2022,21.7,1.54,0,1,0,0,0,0,0,0,0,0,0,1,0,1,0,0.309
2022,15.0,0.23,0,1,0,0,0,0,0,0,0,0,0,0,0,1,0,0.397
2022,24.4,2.58,0,0,0,0,0,0,0,1,0,0,0,1,0,1,0,0.21
2022,15.0,1.61,1,1,1,1,1,1,0,0,1,0,0,1,1,1,1,0.887
2023,15.0,1.6,1,1,0,0,1,0,0,0,1,1,0,0,0,1,1,0.571
2023,16.9,0.52,0,0,1,0,0,0,0,0,0,0,0,1,0,1,0,0.357
2023,23.7,8.78,0,0,0,0,1,0,0,0,0,0,0,0,0,1,0,0.268
2023,23.8,1.05,0,1,0,1,0,0,0,0,0,0,0,0,0,1,1,0.594
2023,15.0,6.4,0,1,0,1,1,0,0,0,0,0,0,0,0,1,1,0.749
2023,24.4,0.66,0,1,0,0,0,0,0,0,0,0,0,0,0,1,0,0.311
2023,19.3,1.49,0,0,0,0,1,0,0,0,0,0,0,0,0,1,0,0.346
2023,15.0,7.88,0,1,0,0,0,0,0,1,0,0,0,1,0,1,0,0.287
2023,24.2,1.85,1,0,0,0,1,0,0,0,0,0,0,1,0,1,0,0.362
2023,18.2,8.0,1,1,0,0,0,0,0,0,0,0,1,0,0,1,0,0.452
2023,22.6,6.93,1,0,1,0,1,0,0,0,0,0,0,1,0,1,0,0.412
2023,18.5,4.14,1,0,0,0,0,0,0,0,0,0,0,0,0,1,0,0.434
2023,21.6,27.9,0,0,0,0,0,0,0,0,0,0,0,1,0,1,0,0.402
2023,21.8,7.92,0,0,1,0,0,0,0,0,0,0,0,1,0,1,0,0.323
2023,15.0,4.21,1,1,0,1,1,0,1,0,0,1,0,1,0,1,1,0.907
2023,18.8,16.85,1,1,0,0,1,0,0,0,1,1,0,0,0,1,0,0.485
2023,15.0,6.76,0,1,0,1,0,0,0,1,1,0,1,0,0,1,1,0.603
2023,15.0,0.26,0,0,0,0,0,0,0,0,0,0,0,0,0,1,0,0.326
2023,15.0,30.0,0,1,1,0,0,0,1,1,0,1,1,1,0,1,1,0.606
2023,19.7,5.55,1,0,0,0,0,0,0,0,0,0,0,0,0,1,0,0.419
2023,15.0,30.0,0,0,0,1,0,0,1,0,1,1,0,0,0,1,1,0.608
2023,21.1,1.05,1,1,1,1,1,0,1,0,0,0,0,0,0,1,1,0.786
2023,15.0,4.0,1,1,0,1,1,0,0,1,0,0,0,1,1,1,1,0.889
2023,19.1,2.45,1,0,0,0,0,0,0,1,0,0,0,0,0,1,0,0.295
2023,24.9,5.54,0,0,0,0,0,0,0,0,0,0,0,1,1,1,0,0.302
2023,22.8,0.99,1,0,0,0,1,0,0,0,0,0,0,1,0,1,0,0.367
2023,18.3,24.95,1,1,0,0,1,0,0,0,0,0,0,0,0,1,1,0.529
2023,15.0,3.64,0,0,0,0,0,0,0,1,0,0,0,0,0,1,0,0.223
2023,15.0,12.1,1,1,0,1,1,0,0,0,0,1,0,1,0,1,1,0.862
2023,16.3,1.5,1,1,1,0,0,0,0,0,0,1,0,1,0,1,1,0.623
2023,23.9,8.49,1,1,0,1,1,0,0,0,1,1,0,1,0,1,1,0.782
2023,15.0,2.94,0,1,1,0,1,1,1,0,0,0,0,1,0,1,1,0.599
2023,17.1,2.01,0,0,0,0,0,0,0,0,0,0,0,0,0,1,0,0.319
2023,22.3,14.38,0,0,1,1,1,1,0,0,0,0,0,1,0,1,1,0.815
2023,16.5,9.17,0,0,0,0,0,0,0,0,0,0,0,1,0,1,0,0.243
2023,15.0,7.84,1,1,0,0,1,0,0,0,0,0,0,0,0,1,1,0.507
2023,15.0,2.85,0,1,0,0,0,0,0,1,0,0,0,0,0,1,0,0.291
2023,18.8,0.28,1,1,0,1,0,0,0,0,0,0,0,0,0,1,1,0.752
2023,17.8,1.15,1,0,0,1,1,0,0,0,0,0,1,0,0,1,1,0.743
2023,15.0,3.09,1,0,0,1,0,0,0,0,0,0,0,0,0,1,1,0.733
2023,23.2,3.02,1,1,1,0,1,0,0,0,0,1,0,0,0,1,1,0.578
2023,15.0,10.64,1,1,1,0,0,0,0,1,0,0,0,1,0,1,0,0.478
2023,18.9,0.41,1,1,0,1,1,1,0,1,0,0,0,1,0,1,1,0.794
2023,20.6,6.99,1,1,0,0,1,0,0,1,1,0,0,1,0,1,0,0.437
2023,24.2,27.46,1,1,0,0,0,0,0,0,0,0,0,0,0,1,1,0.593
2023,24.2,2.2,1,1,0,1,1,0,0,0,0,0,0,1,0,1,1,0.806
2023,15.0,6.85,1,1,1,1,1,0,1,0,1,1,0,0,1,1,1,0.947
2023,20.2,1.45,0,1,0,0,0,0,0,1,0,0,0,0,0,1,0,0.256
2023,20.4,3.93,0,1,1,1,1,0,0,0,0,0,0,0,0,1,1,0.875
2023,20.5,30.0,1,0,0,0,1,0,0,0,1,1,0,1,0,1,0,0.321
2023,19.7,8.42,0,0,1,1,1,0,1,0,1,0,1,1,0,1,1,0.832
2023,15.0,0.21,1,0,1,1,1,0,0,0,0,0,0,0,0,1,1,0.825
2023,15.0,1.43,0,0,0,0,0,0,0,1,0,0,1,0,0,1,0,0.143
2023,15.0,1.62,1,1,1,1,1,0,0,1,0,0,0,1,0,1,1,0.862
2023,15.0,4.73,0,0,0,0,0,0,0,0,0,0,0,0,0,1,0,0.284
2023,15.0,6.76,1,1,1,0,1,0,0,0,1,1,0,0,0,1,1,0.788
2023,20.4,7.95,1,1,0,0,0,0,0,0,0,0,0,1,0,1,0,0.405
2023,23.4,0.68,1,0,0,0,1,0,0,0,0,0,0,1,0,1,0,0.372
2023,17.9,9.34,1,0,1,1,1,0,0,0,0,0,0,1,0,1,1,0.761
2023,17.9,10.68,0,0,0,0,1,1,0,0,0,0,0,0,1,1,0,0.498
2023,21.9,2.46,1,0,1,0,1,0,0,0,0,0,0,1,0,1,0,0.412
2023,17.8,30.0,1,1,0,1,1,1,0,1,1,0,0,1,0,1,1,0.924
2023,21.0,1.94,1,1,0,0,0,0,0,0,0,0,0,0,0,1,0,0.395
2023,15.0,1.69,1,1,0,1,1,0,0,0,1,0,0,1,0,1,1,0.829
2023,15.0,2.66,1,0,0,0,1,0,0,0,0,0,0,0,0,1,0,0.468
2023,15.0,9.85,1,1,1,0,0,0,0,0,0,0,0,1,0,1,1,0.56
2023,15.0,4.32,0,0,0,0,1,0,0,0,0,0,0,0,0,1,0,0.319
2023,17.2,2.41,0,0,0,0,0,0,0,1,0,0,0,1,0,1,0,0.205
2023,15.0,11.51,1,1,0,1,1,0,0,1,0,0,0,0,0,1,1,0.783
2023,21.5,2.25,1,1,0,1,1,1,0,0,0,1,0,0,0,1,1,0.739
2023,18.7,9.43,1,1,1,1,0,1,1,0,0,1,1,0,0,1,1,0.754
2023,15.0,9.25,0,0,0,0,0,0,0,0,0,0,0,0,0,1,0,0.248
2023,15.0,2.5,0,0,0,0,0,0,1,0,1,1,0,1,0,1,0,0.276
2023,19.8,8.8,0,1,1,1,1,0,0,0,0,0,0,0,0,1,1,0.825
2023,15.0,2.23,1,1,1,1,0,0,0,0,0,0,0,0,1,1,1,0.828
2023,21.1,6.14,0,1,0,1,0,0,0,1,0,0,0,1,0,1,1,0.649
2023,15.0,4.07,1,1,1,1,1,0,0,1,0,1,1,0,0,1,1,0.947
2023,17.5,10.78,1,1,1,0,1,0,0,0,0,1,0,0,0,1,1,0.75
2023,15.0,2.53,1,1,0,1,1,0,0,1,0,0,0,0,0,1,1,0.785
2023,17.3,2.14,1,1,1,1,1,0,0,1,0,0,0,1,0,1,1,0.877
2023,20.8,9.15,0,0,0,0,0,0,0,0,0,0,0,0,0,1,0,0.238
2023,21.1,3.09,0,1,0,1,1,0,0,0,0,0,0,0,0,1,1,0.687
2023,20.8,1.35,1,1,1,0,1,1,0,0,1,0,0,1,0,1,1,0.737
2023,22.7,22.8,1,1,0,1,1,0,0,0,1,1,0,1,0,1,1,0.878
2023,18.8,1.13,1,1,1,0,0,1,0,0,0,0,0,1,0,1,1,0.643
2023,15.0,1.77,1,1,0,1,0,0,0,1,1,0,0,0,0,1,1,0.694
2023,17.5,7.9,1,1,0,1,1,0,0,1,0,0,0,1,0,1,1,0.757
2023,17.6,3.05,1,0,0,0,1,0,0,0,0,0,0,0,0,1,0,0.294
2023,21.5,18.72,1,0,0,1,1,0,0,0,0,1,0,0,0,1,1,0.806
2023,24.5,4.13,0,0,0,0,0,0,0,1,0,0,0,0,1,1,0,0.236
2023,17.0,30.0,1,1,1,1,1,0,1,0,1,0,0,0,0,1,1,0.793
2023,16.9,4.37,0,0,0,0,1,0,0,1,0,0,0,0,0,1,0,0.317
2023,18.1,3.73,0,0,0,0,0,0,0,1,0,0,0,0,0,1,0,0.232
2023,19.4,10.26,1,1,1,1,1,0,0,0,1,0,0,0,0,1,1,0.89
2023,22.3,1.13,1,0,0,1,1,0,0,0,1,0,0,0,0,1,1,0.737
2023,22.4,2.69,1,1,0,0,0,0,0,1,0,0,0,0,0,1,0,0.438
2023,15.0,28.88,1,1,0,1,1,0,0,0,0,0,0,0,0,1,1,0.808
2023,21.1,4.96,0,1,1,1,0,0,0,0,1,1,0,1,1,1,1,0.71
2023,24.3,13.36,1,1,0,1,1,0,0,0,0,0,0,1,1,1,1,0.879
2023,15.0,6.02,1,1,0,0,1,0,0,0,1,0,0,0,0,1,0,0.456
2023,17.8,2.25,0,0,0,1,1,0,0,1,0,1,1,1,0,1,1,0.579
2023,23.7,1.63,0,1,0,1,1,0,0,1,0,0,0,0,0,1,1,0.707
2023,24.6,2.34,0,0,0,0,0,0,0,0,0,0,0,0,0,1,0,0.249
2023,15.0,4.52,0,1,0,0,0,0,0,1,0,0,0,0,0,1,0,0.282
2023,22.1,4.34,0,0,0,0,0,0,0,0,0,0,0,0,0,1,0,0.319
2023,15.0,5.33,0,0,0,0,0,0,0,0,0,0,0,0,1,1,0,0.253
2023,15.0,2.86,0,1,0,1,0,0,0,0,0,0,0,1,0,1,1,0.59
2023,18.6,1.37,1,1,0,1,0,0,0,0,0,0,0,0,0,1,1,0.614
2023,24.4,0.57,1,1,1,0,1,0,0,1,1,0,0,0,0,1,1,0.658
2023,15.0,5.52,0,1,0,1,1,0,0,0,1,1,0,1,0,1,1,0.744
2023,24.0,1.48,1,0,0,0,1,0,0,1,0,0,0,0,1,1,0,0.459
2023,15.0,0.6,1,1,0,1,1,0,0,0,1,0,1,1,0,1,1,0.831
2023,15.0,3.48,0,0,0,0,0,0,0,1,0,0,0,1,0,1,0,0.174
2023,15.0,1.45,0,0,0,1,1,0,0,1,1,1,0,0,0,1,1,0.772
2023,22.5,9.57,1,0,1,1,0,0,0,0,0,0,0,0,0,1,1,0.633
2023,19.1,3.3,0,0,0,1,1,0,0,0,0,0,0,1,0,1,1,0.57
2023,24.9,4.31,1,0,0,0,0,0,0,0,0,0,0,0,1,1,0,0.352
2023,23.0,7.59,0,1,0,0,0,0,0,1,0,0,0,0,0,1,0,0.176
2023,21.5,9.42,1,1,0,1,0,1,0,0,1,0,0,0,0,1,1,0.772
2023,24.4,13.23,1,1,1,0,0,0,0,1,0,0,0,1,1,1,1,0.782
2023,15.0,11.46,1,0,0,1,1,0,0,0,0,0,0,1,0,1,1,0.755
2023,18.5,16.13,0,0,0,1,0,0,0,1,0,0,0,0,0,1,0,0.316
2023,22.8,11.41,1,0,1,0,1,1,1,0,1,0,0,0,0,1,1,0.62
2023,18.6,0.74,1,1,1,0,0,0,0,0,0,0,0,0,0,1,1,0.559
2023,22.6,3.26,1,0,1,0,1,0,0,0,0,0,0,0,0,1,0,0.402
2023,15.0,6.26,1,0,0,0,0,0,0,1,0,0,0,1,0,1,0,0.299
2023,20.6,7.79,1,1,0,1,1,0,0,1,1,1,0,1,0,1,1,0.864
2023,19.4,2.45,1,1,0,0,0,0,0,0,1,1,0,0,0,1,0,0.455
2023,15.0,10.61,1,0,0,1,0,1,0,0,0,0,0,1,0,1,1,0.636
2023,15.0,8.18,1,1,1,0,1,0,0,0,0,0,1,0,0,1,1,0.634
2023,15.0,2.82,0,1,0,1,1,0,0,0,1,1,1,1,0,1,1,0.797
2023,17.9,13.37,1,1,0,1,0,0,1,0,0,0,1,1,0,1,1,0.604
2023,22.8,7.19,0,1,0,1,1,0,0,1,0,0,0,1,0,1,1,0.64
2023,24.6,3.75,1,1,1,1,1,0,0,1,0,0,0,0,0,1,1,0.826
2023,16.6,14.76,1,1,0,1,0,0,0,0,0,1,0,1,0,1,1,0.79
2023,18.2,21.69,0,0,1,0,0,0,0,0,0,0,0,1,1,1,0,0.205
2023,15.0,6.47,1,0,1,0,1,0,0,0,1,0,0,1,1,1,0,0.445
2023,24.1,1.25,1,0,0,1,1,1,0,0,1,1,0,0,0,1,1,0.636
2023,24.7,0.94,0,1,0,1,1,0,0,0,0,0,0,0,0,1,1,0.623
2023,24.5,2.02,1,0,0,0,0,1,0,1,0,0,0,1,0,1,0,0.249
2023,15.0,4.86,1,0,0,1,0,1,0,0,0,0,1,1,0,1,1,0.676
2023,19.9,9.1,0,0,0,0,0,0,0,0,0,0,0,1,0,1,0,0.234
2023,22.2,3.54,0,0,0,0,0,0,0,0,0,0,0,0,0,1,0,0.283
2023,15.8,2.14,1,1,1,1,1,0,0,0,0,0,0,0,0,1,1,0.907
2023,15.0,4.38,0,0,0,1,1,0,0,0,0,0,0,0,0,1,1,0.612
2023,15.0,7.78,0,1,0,1,1,0,0,0,0,0,0,0,0,1,1,0.707
2023,24.5,0.05,0,0,0,0,0,0,0,0,0,0,0,1,0,1,0,0.248
2023,16.5,3.83,1,1,0,0,1,0,0,0,0,0,1,0,0,1,1,0.566
2023,19.9,3.45,1,1,0,0,0,1,0,0,0,0,0,0,0,1,1,0.505
2023,18.3,0.44,1,1,0,0,0,0,0,1,0,0,0,1,0,1,0,0.453
2023,15.0,10.59,1,1,1,1,1,0,0,0,0,0,0,0,0,1,1,0.81
2023,16.0,8.76,1,1,0,1,1,0,1,1,1,1,0,0,0,1,1,0.932
2023,22.1,1.12,1,0,1,0,0,0,0,1,0,1,0,0,0,1,1,0.618
2023,24.7,4.17,1,1,1,1,1,1,0,1,0,0,0,0,0,1,1,0.821
2023,15.0,7.68,1,1,1,0,1,0,1,0,1,0,0,1,0,1,1,0.74
2023,24.2,1.93,1,1,1,1,1,0,1,0,0,0,0,1,0,1,1,0.867
2023,15.0,17.38,1,1,0,1,1,0,0,0,0,0,0,1,0,1,1,0.804
2023,15.0,1.58,1,1,1,0,0,0,0,1,0,1,0,1,1,1,0,0.479
2023,23.6,2.21,1,0,0,1,1,1,1,0,1,0,0,0,0,1,1,0.796
2023,15.0,1.12,1,0,0,0,1,0,0,0,0,1,0,0,0,1,1,0.594
2023,15.0,6.07,1,1,0,1,1,0,0,0,1,0,1,1,1,1,1,0.887
2023,15.4,5.24,0,1,1,1,1,0,0,1,0,0,0,0,0,1,1,0.75
2023,17.3,2.55,1,1,0,1,1,0,0,1,1,0,0,0,0,1,1,0.807
2023,17.4,17.92,1,1,0,0,0,0,0,1,0,0,0,0,0,1,0,0.376
2023,15.0,1.91,0,0,0,0,0,0,0,0,0,0,0,0,0,1,0,0.244
2023,23.0,4.73,0,0,0,0,0,0,0,1,0,0,0,0,0,1,0,0.177
2023,19.2,3.54,1,0,0,1,1,1,0,0,1,0,1,0,1,1,1,0.93
2023,19.5,6.24,1,1,0,1,1,0,0,0,0,1,0,0,0,1,1,0.841
2023,23.9,6.72,0,0,0,1,1,0,1,1,1,0,0,0,0,1,1,0.64
2023,17.6,11.01,1,1,0,0,1,1,0,0,1,1,1,1,0,1,1,0.812
2023,15.0,14.01,0,0,0,0,0,0,0,0,0,0,0,0,1,1,0,0.222
2023,20.6,7.33,0,0,1,0,0,0,0,1,1,0,0,0,1,1,0,0.267
2023,19.8,5.1,1,1,1,1,1,0,0,0,0,1,0,0,0,1,1,0.876
2023,16.3,1.28,0,0,0,0,0,0,0,0,0,0,0,0,0,1,0,0.271
2023,15.0,13.22,1,1,0,1,1,0,0,0,0,0,0,1,0,1,1,0.779
2023,24.2,12.9,1,1,0,1,1,0,0,1,0,1,0,0,0,1,1,0.81
2023,20.3,23.24,0,0,0,0,0,0,0,0,0,0,0,1,0,1,0,0.259
2023,15.0,1.25,1,0,0,0,1,0,0,0,0,0,0,0,0,1,0,0.474
2023,15.0,4.52,1,0,1,0,0,0,0,0,0,0,0,1,0,1,0,0.398
2023,20.1,10.06,0,0,1,1,1,0,0,0,0,1,0,1,0,1,1,0.821
2023,24.1,13.6,0,0,0,1,1,0,0,0,1,1,0,0,0,1,1,0.598
2023,16.1,13.33,1,0,0,0,1,0,1,0,0,0,0,1,0,1,0,0.325
2023,23.1,1.07,0,0,0,0,0,1,0,1,0,0,1,1,0,1,0,0.406
2023,15.5,6.18,1,1,0,0,1,0,0,0,1,0,0,0,0,1,0,0.487
2023,15.0,0.93,1,1,0,0,0,0,1,0,0,0,0,0,0,1,0,0.497
2023,15.0,11.42,0,0,0,0,0,0,0,0,0,0,0,0,1,1,0,0.254
2023,15.0,7.19,1,0,0,1,1,0,0,0,0,0,0,0,0,1,1,0.681
2023,15.0,12.54,0,1,0,0,0,0,0,0,0,0,0,0,0,1,0,0.271
2023,18.2,8.64,0,0,0,1,0,0,0,0,0,0,0,0,0,1,1,0.511
2023,15.0,2.08,1,1,0,0,0,0,0,0,0,0,0,0,0,1,0,0.447
2023,15.0,9.7,1,0,1,1,1,0,0,0,1,1,0,1,1,1,1,0.897
2023,21.1,5.19,1,0,0,0,0,1,0,1,0,0,0,0,0,1,0,0.372
2023,15.0,5.88,0,0,0,0,0,0,1,0,0,0,0,1,0,1,0,0.284
2023,16.0,9.68,1,1,1,0,1,0,0,0,0,0,0,0,0,1,1,0.611
2023,15.0,6.66,0,1,0,1,0,1,0,1,0,1,0,0,0,1,1,0.528
2023,15.0,30.0,0,1,0,0,0,1,0,0,1,1,0,1,0,1,0,0.315
2023,22.7,1.18,0,0,0,0,0,0,0,0,0,0,0,0,0,1,0,0.293
2023,22.9,10.71,0,0,0,0,0,0,0,0,0,0,0,1,0,1,0,0.276
2023,18.8,8.45,0,0,0,0,0,0,0,0,0,0,0,0,0,1,0,0.313
2023,24.7,5.1,0,1,0,1,0,0,0,1,0,0,0,0,0,1,0,0.451
2023,19.5,1.19,0,1,0,0,0,0,0,0,0,0,1,1,0,1,0,0.295
2023,15.0,30.0,1,1,0,0,0,0,0,0,0,0,1,1,0,1,1,0.552
2023,15.0,12.5,0,0,0,1,1,0,0,1,1,0,0,0,0,1,0,0.472
2023,15.4,3.45,1,1,0,1,1,1,0,1,1,0,0,0,0,1,1,0.902
2023,23.5,2.79,1,1,0,0,0,0,0,0,0,0,0,0,0,1,0,0.374
2023,23.2,23.01,0,0,0,0,0,0,0,0,0,0,0,0,0,1,0,0.303
2023,17.2,0.11,0,1,0,0,0,0,0,0,0,0,0,0,0,1,0,0.401
2023,15.0,3.22,0,0,0,0,0,0,0,0,0,0,0,1,0,1,0,0.198
2023,23.4,2.1,1,1,1,1,1,0,0,0,1,0,0,0,0,1,1,0.803
2023,15.0,30.0,1,0,1,0,0,0,0,0,0,0,0,0,1,1,0,0.431
2023,24.7,1.7,0,1,1,1,1,0,0,1,0,1,0,1,0,1,1,0.829
2023,24.0,3.84,1,1,1,0,0,0,0,0,0,0,0,1,0,1,0,0.36
2023,21.4,0.07,1,0,1,1,0,0,0,0,0,0,0,0,0,1,1,0.562
2023,23.0,5.21,0,1,1,1,0,0,0,0,0,0,0,0,1,1,1,0.513
2023,21.2,2.37,1,1,1,1,1,0,0,0,0,0,0,1,1,1,1,0.814
2023,24.0,14.46,1,1,0,0,0,0,0,0,1,0,0,0,0,1,0,0.494
2023,17.1,6.83,0,0,0,0,0,0,0,0,0,0,0,0,0,1,0,0.344
2023,17.5,3.61,1,0,0,0,0,0,0,0,0,0,0,0,0,1,0,0.297
2023,17.5,10.41,1,1,0,1,1,0,0,0,0,0,0,1,0,1,1,0.731
2023,15.6,20.29,0,1,0,1,1,1,0,0,0,0,0,0,0,1,1,0.906
2023,15.0,0.76,0,1,1,1,0,0,0,0,0,0,0,0,0,1,1,0.789
2023,15.0,25.7,0,0,0,0,0,0,0,0,1,0,0,1,0,1,0,0.24
2023,15.0,7.72,1,1,0,1,1,1,0,0,1,0,1,1,0,1,1,0.911
2023,22.7,13.92,0,0,0,0,0,0,0,0,0,0,0,0,0,1,0,0.252
2023,21.4,1.86,0,1,0,0,1,0,0,1,0,0,0,1,0,1,0,0.299
2023,15.0,1.51,0,0,1,1,1,0,0,1,0,0,0,0,0,1,1,0.782
2023,23.7,1.12,1,0,1,0,0,0,0,1,1,0,0,1,0,1,0,0.447
2023,15.0,17.14,1,0,0,0,0,0,0,1,0,0,0,1,0,1,0,0.31
2023,15.0,30.0,1,1,0,1,1,0,0,1,0,1,1,0,1,1,1,0.929
2023,15.0,2.71,0,1,1,0,0,1,0,0,0,0,0,0,0,1,1,0.576
2023,15.0,4.31,1,1,0,0,1,0,1,0,1,0,0,1,0,1,0,0.43
2023,21.5,0.7,1,0,1,1,0,0,0,1,0,0,0,1,0,1,1,0.569
2023,20.5,1.27,0,0,0,0,0,0,1,0,0,0,0,1,0,1,0,0.269
2023,21.8,0.82,1,0,0,1,1,0,0,1,1,0,0,0,0,1,1,0.728
2023,24.2,0.39,1,1,1,1,0,1,0,1,0,0,0,1,0,1,1,0.698
2023,15.9,7.34,0,1,1,1,0,0,0,0,0,0,1,0,0,1,1,0.839
2023,15.0,3.29,0,0,0,0,0,0,0,0,0,0,0,0,0,1,0,0.266
2023,15.8,2.19,0,0,1,0,0,0,0,1,0,0,0,0,0,1,0,0.392
2023,15.0,0.07,1,1,1,0,1,0,0,1,0,0,0,0,1,1,1,0.753
2023,15.0,4.36,1,1,1,0,0,0,0,0,0,1,1,0,1,1,1,0.66
2023,22.3,10.84,1,0,0,0,0,0,0,0,0,0,0,0,0,1,0,0.335
2023,23.5,2.86,1,0,0,0,1,0,0,0,0,0,0,0,0,1,0,0.339
2023,15.0,0.22,0,1,0,1,1,0,0,0,1,0,0,0,0,1,1,0.817
2023,15.0,5.31,0,0,0,1,0,0,0,0,0,1,1,1,0,1,1,0.716
2023,16.1,14.22,1,1,0,1,0,1,0,0,0,0,0,1,0,1,1,0.786
2023,15.0,2.99,1,1,1,0,0,0,0,0,1,0,0,1,0,1,1,0.596
2023,20.1,7.95,0,0,0,1,0,1,0,0,0,0,0,0,0,1,1,0.605
2023,15.0,3.6,0,1,0,1,0,0,1,0,0,0,0,0,0,1,1,0.75
2023,15.0,30.0,0,0,1,0,0,0,0,0,0,0,0,0,0,1,0,0.392
2023,21.6,1.99,0,0,0,0,1,0,0,0,0,0,0,0,0,1,0,0.436
2023,15.0,15.74,1,1,1,0,0,0,0,1,0,0,0,0,1,1,1,0.53
2023,24.2,10.63,1,0,0,0,0,0,0,0,0,0,0,1,0,1,0,0.229
2023,21.9,0.73,1,1,1,0,1,0,0,0,0,0,0,1,0,1,1,0.589
2023,22.3,17.43,1,1,1,0,1,0,1,0,1,1,0,1,1,1,1,0.86
2023,21.2,1.59,0,1,0,0,0,0,0,0,1,0,0,1,0,1,0,0.268
2023,18.2,0.05,0,0,0,0,1,0,0,0,0,0,0,1,1,1,1,0.558
2023,15.0,14.87,1,1,0,0,0,0,0,0,0,0,0,0,0,1,0,0.474
2023,24.9,3.4,1,1,1,0,0,0,1,0,1,1,1,0,1,1,0,0.449
2023,15.0,19.73,1,1,0,1,0,0,1,0,1,1,0,0,0,1,1,0.88
2023,24.6,3.3,1,1,0,1,0,0,1,1,0,0,0,1,0,1,1,0.854
2023,15.7,24.77,1,0,1,0,0,0,0,1,0,0,0,0,1,1,0,0.388
2023,15.0,2.79,1,0,0,1,1,0,0,0,1,0,0,0,0,1,1,0.707
2023,15.0,1.62,1,1,0,0,1,0,0,0,1,1,0,0,0,1,1,0.58
2023,15.8,30.0,1,1,0,0,1,0,0,0,0,0,1,1,0,1,1,0.686
2023,19.4,7.68,1,0,0,1,0,0,0,0,0,0,0,0,0,1,1,0.613
2023,19.7,9.35,0,0,0,0,0,0,0,0,0,0,0,1,0,1,0,0.218
2023,15.0,30.0,1,0,0,0,0,0,0,1,0,0,0,1,0,1,0,0.313
2023,23.1,6.78,0,1,1,0,0,0,0,1,0,0,0,1,0,1,0,0.416
2023,18.5,5.24,0,0,1,1,1,0,0,0,0,0,0,1,0,1,1,0.655
2023,15.0,4.79,0,0,1,0,0,0,0,1,0,0,1,0,0,1,0,0.368
2023,15.0,30.0,0,0,0,0,0,0,0,0,0,0,0,1,0,1,0,0.321
2023,24.6,30.0,1,1,0,1,1,0,1,0,1,1,0,0,1,1,1,0.941
2023,15.0,4.9,1,0,1,1,0,0,0,0,0,0,0,1,0,1,1,0.664
2023,21.9,2.79,1,0,0,0,0,0,0,1,0,1,0,1,0,1,0,0.345
2023,15.0,0.69,0,0,0,0,0,0,0,0,0,0,0,1,0,1,0,0.239
2023,15.0,26.2,1,0,0,1,1,0,0,1,0,1,1,0,0,1,1,0.901
2023,15.1,30.0,0,0,0,1,0,0,0,0,0,0,0,1,0,1,1,0.607
2023,15.0,2.98,1,0,0,0,0,0,0,1,0,0,0,0,1,1,0,0.447
2023,23.4,20.12,1,0,0,1,1,1,0,0,0,0,0,0,0,1,1,0.859
2023,15.0,2.86,1,0,1,1,0,0,0,0,0,0,0,0,1,1,1,0.69
2023,19.5,1.91,1,1,1,1,1,0,0,0,0,0,0,1,0,1,1,0.837
2023,22.6,11.42,0,0,0,1,0,0,0,1,0,0,0,0,0,1,0,0.294
2023,23.4,2.35,0,0,0,0,0,0,0,0,0,0,0,0,0,1,0,0.259
2023,24.9,1.43,0,0,0,0,1,0,0,0,0,0,0,0,0,1,0,0.329
2023,15.0,1.95,1,1,0,0,1,0,0,0,1,0,0,1,0,1,0,0.414
2023,21.2,3.64,1,1,1,0,1,0,0,0,0,0,0,0,0,1,1,0.568
2023,15.0,2.14,0,1,0,1,1,1,0,0,0,0,0,1,0,1,1,0.743
2023,20.2,14.73,0,1,0,1,0,0,0,1,0,0,0,0,0,1,0,0.485
2023,15.0,2.73,1,1,1,1,1,0,0,0,0,0,0,1,0,1,1,0.849
2023,15.0,30.0,0,1,0,0,0,0,0,0,0,0,0,1,0,1,0,0.366
2023,15.1,10.61,1,1,1,0,1,0,0,1,1,0,1,1,0,1,1,0.722
2023,22.2,4.59,1,1,1,1,1,0,0,0,1,1,0,1,1,1,1,0.895
2023,16.0,1.88,1,1,0,0,1,0,0,0,0,1,0,0,0,1,0,0.417
2023,19.0,3.56,1,1,0,0,1,0,0,1,1,0,0,0,0,1,0,0.482
2023,22.8,1.01,1,1,0,1,0,0,0,1,1,1,0,1,0,1,1,0.588
2023,15.0,30.0,1,1,1,1,1,1,0,1,0,0,0,1,1,1,1,0.923
2023,17.8,5.8,1,1,0,1,1,0,0,0,0,1,0,0,0,1,1,0.805
2023,15.0,0.42,1,1,0,1,0,0,0,0,1,1,0,0,0,1,1,0.75
2023,23.2,6.65,1,0,1,0,1,0,0,0,0,0,1,0,0,1,1,0.648
2023,18.8,30.0,0,1,0,0,1,0,0,1,0,0,0,1,0,1,0,0.431
2023,15.0,14.64,1,1,1,0,0,1,0,0,1,0,0,0,1,1,1,0.693
2023,22.4,10.21,0,0,0,1,0,0,0,0,0,0,0,0,0,1,0,0.485
2023,16.6,30.0,1,0,1,0,1,0,0,0,1,0,0,0,0,1,1,0.678
2023,22.0,10.6,0,0,0,0,0,0,1,1,1,0,1,1,0,1,0,0.22
2023,15.0,13.19,1,0,0,0,0,0,0,0,0,0,0,0,0,1,0,0.35
2023,15.0,20.66,0,0,0,1,0,0,0,1,0,0,1,1,0,1,1,0.731
2023,23.5,4.33,1,1,1,0,0,0,0,0,0,0,0,1,0,1,0,0.458
2023,17.8,2.47,1,1,1,1,1,0,0,0,1,1,0,0,1,1,1,0.874
2023,16.6,8.56,1,0,0,1,1,0,0,0,0,0,0,0,0,1,1,0.7
2023,20.5,1.36,1,1,1,1,1,0,1,1,0,0,1,0,0,1,1,0.84
2023,15.0,6.29,1,1,0,1,1,0,0,0,0,0,0,0,0,1,1,0.82
2023,21.0,0.92,0,0,0,0,0,0,0,0,0,1,0,0,0,1,0,0.334
2023,15.0,11.4,1,1,0,0,0,0,0,0,1,0,0,0,0,1,0,0.456
2023,15.0,3.6,1,0,0,0,0,0,0,1,0,0,0,1,0,1,0,0.237
2023,20.5,11.96,1,1,0,1,1,0,0,1,0,1,0,1,1,1,1,0.872
2023,16.4,2.03,0,1,0,0,0,1,0,0,0,0,0,0,0,1,0,0.292
2023,21.1,13.73,0,1,0,0,1,0,0,0,1,0,0,0,0,1,0,0.353
2023,15.0,8.06,1,1,1,1,1,0,0,0,0,0,0,0,1,1,1,0.834
2023,18.1,3.51,1,1,0,0,0,0,0,1,0,0,0,1,0,1,0,0.38
2023,18.9,3.49,1,1,1,0,0,0,0,1,0,0,0,0,0,1,1,0.597
2023,23.0,8.74,1,0,1,0,0,0,0,0,0,0,0,1,0,1,0,0.267
2023,17.7,10.0,1,0,1,1,1,1,0,0,1,0,0,1,0,1,1,0.876
2023,16.3,4.68,1,0,1,1,1,0,0,1,0,0,0,0,0,1,1,0.671
2023,18.6,22.32,0,0,1,0,0,0,0,0,0,0,0,1,0,1,0,0.305
2023,19.1,20.83,0,1,0,0,1,0,0,0,0,0,0,1,0,1,0,0.372
2023,20.8,2.09,1,1,0,1,1,0,0,0,0,0,0,1,0,1,1,0.785
2023,20.2,1.78,1,1,1,1,1,0,0,1,0,1,1,1,0,1,1,0.856
2023,20.0,27.35,1,1,0,1,1,1,0,0,1,1,1,0,0,1,1,0.898
2023,21.0,1.82,0,0,0,0,0,0,0,0,0,0,0,0,0,1,0,0.192
2023,15.0,5.5,1,0,1,0,1,0,0,1,0,0,0,0,0,1,0,0.493
2023,17.6,1.06,1,1,1,0,1,1,0,1,1,0,0,0,0,1,1,0.728
2023,18.2,1.01,1,1,0,1,1,0,0,1,0,1,0,0,1,1,1,0.678
2023,19.4,1.51,0,0,0,0,0,0,0,1,0,0,0,1,0,1,0,0.254
2023,19.5,4.71,1,1,1,0,1,0,0,1,1,0,0,1,1,1,1,0.667
2023,22.8,16.36,0,0,0,1,0,0,0,0,0,0,0,0,0,1,0,0.443
2023,19.8,2.08,1,1,0,1,1,0,0,0,0,0,0,1,0,1,1,0.803
2023,24.2,1.23,0,1,0,1,1,0,0,0,0,1,0,1,0,1,1,0.832
2023,24.2,1.17,1,1,1,1,1,0,1,1,1,0,1,1,0,1,1,0.773
2023,22.7,30.0,1,0,0,1,0,0,0,0,0,0,0,0,0,1,1,0.613
2023,22.5,4.35,0,0,0,0,0,0,0,0,0,1,0,1,0,1,0,0.323
2023,17.1,2.94,0,0,0,0,0,0,0,0,0,0,0,0,0,1,0,0.392
2023,19.0,30.0,1,1,0,1,1,1,0,1,0,0,0,0,0,1,1,0.845
2023,18.4,30.0,1,0,0,0,0,0,1,1,0,0,0,1,0,1,0,0.242
2023,22.7,1.12,0,0,0,0,0,0,0,0,0,0,0,0,0,1,0,0.318
2023,22.7,1.32,0,0,0,0,0,0,0,0,0,0,1,0,0,1,0,0.222
2023,21.1,0.32,1,0,0,1,1,0,1,1,1,0,0,1,0,1,1,0.776
2023,24.9,0.25,1,0,0,0,0,0,0,0,0,0,0,1,1,1,0,0.274
2023,20.1,3.12,0,0,0,0,1,0,0,0,0,0,0,1,0,1,0,0.236
2023,15.0,3.87,0,1,0,0,1,0,0,0,0,1,0,1,0,1,0,0.365
2023,15.0,15.06,0,0,0,0,1,0,0,0,0,0,0,1,1,1,0,0.3
2023,21.3,3.81,1,1,0,1,0,0,1,0,1,1,0,0,0,1,1,0.855
2023,15.0,30.0,1,0,1,0,0,0,0,0,0,0,0,1,0,1,0,0.39
2023,21.7,14.44,0,0,0,0,0,0,0,0,0,0,0,0,0,1,0,0.329
2023,19.0,1.1,0,0,0,1,1,0,0,0,0,1,0,1,0,1,1,0.774
2023,16.3,5.17,1,1,1,0,0,0,0,0,0,0,0,1,0,1,1,0.502
2023,15.0,7.0,0,1,1,1,1,1,0,0,1,0,0,0,0,1,1,0.664
2023,15.1,30.0,1,1,1,1,0,0,0,0,0,1,0,0,0,1,1,0.767
2023,24.5,8.16,1,1,1,0,1,0,0,1,1,0,0,1,1,1,1,0.698
2023,21.1,4.02,1,1,1,1,1,0,0,1,0,0,0,1,0,1,1,0.875
2023,19.6,0.11,1,1,0,1,1,0,0,0,0,0,0,1,0,1,1,0.927
2023,22.8,2.09,1,1,0,0,0,0,0,1,0,0,0,0,0,1,0,0.395
2023,22.4,11.76,0,0,0,0,0,0,0,0,1,1,0,0,0,1,0,0.258
2023,23.6,2.74,0,0,0,0,0,0,0,0,0,0,0,1,0,1,0,0.256
2023,24.2,11.06,1,0,0,0,0,0,0,1,0,0,0,0,0,1,0,0.355
2023,15.0,1.9,1,0,1,1,1,0,0,0,0,0,0,1,0,1,1,0.736
2023,22.6,13.84,0,0,0,0,0,0,0,0,0,0,0,0,0,1,0,0.253
2023,22.2,2.01,0,0,0,0,0,0,0,0,0,0,0,0,0,1,0,0.311
2023,21.7,11.4,1,1,0,0,1,1,0,0,0,0,0,1,0,1,1,0.678
2023,21.3,21.97,1,1,0,1,1,0,0,1,0,0,1,1,0,1,1,0.854
2023,19.0,8.06,1,0,0,0,0,0,0,0,0,0,0,0,0,1,0,0.364
2023,15.0,4.38,0,1,0,0,0,1,0,0,1,0,0,0,0,1,0,0.309
2023,22.7,4.93,0,0,0,0,0,0,0,0,0,0,0,1,0,1,0,0.296
2023,18.0,22.04,1,0,0,0,0,0,0,0,0,0,0,0,0,1,0,0.256
2023,21.2,13.1,1,0,0,0,1,0,0,0,0,0,0,0,0,1,0,0.496
2023,23.3,5.57,1,1,0,0,0,0,0,0,0,0,0,0,1,1,1,0.551
2023,15.0,5.05,1,1,0,0,1,0,0,1,0,0,0,1,0,1,0,0.313
2023,15.0,3.27,0,0,0,0,0,0,0,0,0,0,0,1,0,1,0,0.205
2023,21.9,26.46,0,0,0,0,0,0,0,0,0,0,0,1,0,1,0,0.275
2023,16.6,13.67,1,0,1,0,0,0,0,0,0,0,0,0,0,1,0,0.47
2023,15.0,30.0,0,0,0,0,0,0,0,0,0,0,0,0,0,1,0,0.364
2023,21.5,7.74,1,0,1,0,0,0,0,0,0,0,0,0,0,1,0,0.46
2023,17.0,2.2,0,0,0,0,0,0,0,0,1,0,0,0,0,1,0,0.245
2023,20.0,17.34,1,1,1,0,1,0,0,0,0,0,1,1,0,1,1,0.796
2023,17.4,7.11,0,1,0,1,1,1,0,1,1,0,0,0,0,1,1,0.611
2023,15.0,12.48,1,0,1,0,0,0,0,0,1,0,0,0,0,1,0,0.482
2023,17.5,4.58,0,1,0,0,0,0,0,1,0,0,0,1,0,1,0,0.294
2023,15.0,7.01,1,1,0,1,1,0,0,0,0,0,0,1,0,1,1,0.72
2023,24.9,24.68,1,0,0,0,1,1,0,1,0,0,0,0,0,1,1,0.668
2023,21.2,30.0,1,1,0,1,0,0,0,1,1,0,0,1,0,1,1,0.801
2023,17.7,23.08,1,0,0,1,0,0,0,0,0,0,0,0,0,1,1,0.615
2023,15.0,12.49,0,0,0,1,0,0,0,1,0,0,0,1,0,1,0,0.445
2023,20.6,4.31,0,0,0,1,0,0,0,0,0,0,0,0,0,1,0,0.454
2023,24.1,9.26,0,0,0,0,0,0,0,0,0,0,0,0,0,1,0,0.214
2023,15.0,2.95,1,1,1,1,1,1,0,0,0,0,0,0,0,1,1,0.837
2023,22.5,14.03,1,1,1,1,1,0,0,0,0,0,0,0,1,1,1,0.769
2023,15.0,7.27,0,0,0,0,0,0,0,1,0,0,0,1,0,1,0,0.18
2023,15.7,4.51,0,0,0,0,0,0,0,0,0,0,0,0,0,1,0,0.376
2023,15.6,3.36,1,1,0,0,0,0,0,0,0,0,0,0,0,1,0,0.472
2023,24.2,5.32,0,0,0,0,0,0,0,0,0,0,0,0,0,1,0,0.383
2023,15.0,17.25,1,1,0,0,0,0,1,0,0,0,0,1,0,1,0,0.44
2023,22.4,6.46,0,0,0,0,1,0,0,0,0,0,0,1,0,1,0,0.321
2023,21.7,0.88,1,1,1,0,0,0,0,1,0,0,0,1,1,1,1,0.667
2023,21.8,17.52,1,0,0,0,0,0,0,0,0,0,0,1,0,1,0,0.361
2023,20.1,2.12,0,1,1,0,1,0,0,0,0,0,0,1,1,1,1,0.576
2023,24.8,30.0,0,0,0,0,0,0,0,0,0,0,0,1,0,1,0,0.314
2023,16.0,2.14,1,1,0,0,1,0,0,0,0,0,0,0,0,1,1,0.509
2023,18.6,9.12,0,0,0,1,0,0,0,1,0,0,0,0,0,1,0,0.495
2023,24.4,3.48,0,1,0,0,0,0,0,0,0,0,0,0,0,1,0,0.327
2023,23.7,6.94,1,1,0,1,1,1,0,0,0,0,0,0,0,1,1,0.744
2023,24.7,9.48,1,1,1,0,0,0,0,0,0,0,1,0,1,1,1,0.653
2023,15.0,19.51,1,0,0,1,1,0,0,1,0,1,0,0,0,1,1,0.82
2023,19.0,1.92,1,1,1,0,0,0,0,1,0,0,1,0,0,1,0,0.494
2023,24.4,2.76,1,0,0,0,0,0,0,0,1,1,0,0,0,1,0,0.445
2023,17.7,1.7,1,1,0,1,1,0,0,0,0,0,0,1,0,1,1,0.763
2023,23.2,13.68,1,0,1,0,0,0,0,1,0,1,0,0,0,1,0,0.443
2023,15.0,5.43,1,0,1,0,0,0,0,0,0,0,0,0,0,1,1,0.502
2023,15.0,7.99,0,0,1,1,0,0,0,1,0,0,0,1,0,1,1,0.688
2023,15.0,30.0,1,1,1,0,1,0,0,0,1,0,0,1,0,1,1,0.536
2023,23.7,7.21,0,0,0,0,0,0,0,0,1,0,0,1,0,1,0,0.263
2023,15.0,6.67,1,1,1,1,1,0,0,0,0,0,0,1,1,1,1,0.874
2023,24.9,0.8,1,1,0,1,0,0,0,0,1,0,0,0,0,1,1,0.62
2023,17.2,14.05,1,1,0,0,0,0,0,0,0,0,0,0,1,1,0,0.436
2023,18.5,1.52,0,0,0,0,0,0,0,1,0,0,0,0,0,1,0,0.245
2023,24.6,3.25,0,0,0,0,0,0,0,0,0,0,0,0,0,1,0,0.222
2023,21.2,1.35,1,1,0,0,1,0,0,1,0,0,0,0,1,1,1,0.599
2023,19.7,3.7,1,1,0,1,0,0,0,1,0,0,1,0,0,1,1,0.747
2023,19.9,4.6,0,0,1,0,1,0,0,1,0,0,0,0,0,1,0,0.474
2023,20.7,22.86,0,1,1,0,1,0,1,0,0,0,0,0,1,1,0,0.442
2023,17.2,30.0,0,0,1,0,1,1,0,0,0,0,0,0,1,1,1,0.509
2023,22.0,2.46,0,1,1,1,1,0,0,0,0,0,1,1,0,1,1,0.707
2023,16.6,4.18,0,0,0,0,1,0,0,0,0,0,0,1,0,1,0,0.356
2023,20.4,22.3,1,1,0,0,1,0,0,0,0,0,0,0,0,1,0,0.385
2023,20.8,30.0,0,1,0,1,0,0,0,1,0,1,0,1,0,1,1,0.607
2023,15.0,8.22,1,0,1,0,0,0,0,0,0,0,0,0,0,1,0,0.465
2023,21.3,7.7,1,1,1,1,1,0,0,0,0,0,1,1,0,1,1,0.884
2023,15.7,1.17,1,0,0,0,1,0,0,0,0,0,0,1,0,1,1,0.605
2023,22.3,6.73,1,1,1,1,1,1,1,1,0,0,1,1,0,1,1,0.93
2023,23.8,3.66,1,0,0,1,0,0,0,0,0,0,0,0,0,1,1,0.641
2023,15.0,30.0,1,1,0,1,1,0,0,1,0,0,0,1,0,1,1,0.833
2023,15.0,18.93,0,0,0,0,0,0,0,0,0,0,0,0,0,1,0,0.438
2023,15.0,4.69,0,0,0,0,0,0,0,0,0,0,0,0,0,1,0,0.324
2023,16.9,0.52,1,1,1,0,0,0,0,0,0,0,0,1,0,1,1,0.516
2023,21.1,0.41,1,1,1,1,1,1,0,1,1,0,1,1,0,1,1,0.928
2023,18.5,9.21,1,1,0,1,1,1,1,0,1,1,1,1,0,1,1,0.881
2023,20.8,7.58,0,1,0,0,0,0,0,1,0,1,0,1,0,1,0,0.351
2023,15.0,14.21,1,0,0,1,1,0,0,0,0,0,0,0,0,1,1,0.641
2023,22.7,2.22,1,1,1,1,0,1,0,0,1,0,0,0,0,1,1,0.76
2023,24.0,1.41,1,1,0,0,1,0,0,0,0,0,0,1,0,1,0,0.4
2023,24.9,4.16,1,1,0,1,1,0,0,1,0,0,0,1,0,1,1,0.738
2023,21.6,21.79,1,1,0,1,1,1,0,0,1,0,0,1,1,1,1,0.918
2023,20.6,18.42,1,1,1,0,1,0,0,0,0,0,0,0,0,1,1,0.568
2023,15.0,0.61,1,0,0,0,0,0,0,0,0,0,0,0,0,1,0,0.455
2023,23.0,7.81,1,1,0,1,1,0,1,0,0,1,1,0,0,1,1,0.905
2023,15.0,9.62,1,1,0,1,1,0,1,0,0,0,0,0,0,1,1,0.849
2023,15.0,14.07,1,1,1,0,0,0,0,0,0,0,0,0,1,1,1,0.52
2023,24.2,1.88,1,0,0,1,1,0,0,0,1,0,1,1,0,1,1,0.738
2023,24.4,0.22,1,1,0,1,1,0,0,0,1,1,0,1,0,1,1,0.924
2023,15.0,12.87,0,0,0,0,0,0,0,0,0,0,0,0,0,1,0,0.281
2023,19.1,4.73,1,1,0,0,0,0,0,0,0,0,0,1,0,1,0,0.343
2023,15.0,6.96,0,0,0,0,0,0,0,0,0,0,0,0,0,1,0,0.28
2023,20.8,6.27,0,0,0,0,0,0,0,0,0,0,0,1,0,1,0,0.256
2023,15.0,8.08,0,0,0,0,0,1,0,0,0,0,0,0,0,1,0,0.202
2023,16.9,0.38,1,1,0,1,1,0,0,0,0,0,0,1,0,1,1,0.744
2023,23.6,17.92,1,1,1,1,0,1,1,0,1,1,1,1,0,1,1,0.82
2023,21.2,2.09,0,0,0,0,0,0,0,0,0,0,0,0,0,1,0,0.361
2023,21.4,4.21,1,0,1,1,0,1,0,1,0,0,0,0,0,1,1,0.713
2023,17.2,4.01,0,1,0,0,1,0,0,0,0,0,0,0,0,1,0,0.465
2023,15.0,12.28,0,0,1,0,1,0,0,0,0,0,0,0,0,1,0,0.331
2023,24.0,8.53,1,1,1,0,0,0,0,0,0,0,0,1,0,1,0,0.365
2023,20.4,8.94,0,0,0,1,0,0,1,1,1,0,1,1,0,1,1,0.562
2023,19.2,3.03,1,1,0,0,0,0,1,0,0,0,0,1,0,1,0,0.369
2023,15.6,5.32,1,1,1,0,0,0,0,1,0,1,0,0,1,1,1,0.599
2023,21.7,1.78,1,1,1,1,1,0,1,0,0,1,0,0,0,1,1,0.8
2023,23.2,6.48,0,0,0,0,1,0,0,1,0,0,0,0,0,1,0,0.284
2023,22.9,4.06,0,0,0,1,0,0,0,0,0,0,0,0,0,1,0,0.458
2023,15.0,3.54,0,0,0,1,1,0,0,0,0,0,0,0,0,1,1,0.626
2023,15.0,2.72,1,0,1,0,0,0,0,0,0,0,1,0,0,1,1,0.562
2023,22.3,30.0,1,1,0,1,0,0,0,0,0,0,0,1,0,1,1,0.773
2023,15.0,4.75,1,1,0,1,0,0,0,1,0,0,0,1,0,1,1,0.664
2023,18.0,13.99,1,0,1,0,0,0,0,0,0,0,0,1,0,1,0,0.411
2023,17.3,18.71,0,1,0,0,1,0,0,0,0,0,0,0,0,1,0,0.45
2023,15.0,1.37,1,1,0,1,0,0,0,0,0,1,1,0,0,1,1,0.71
2023,15.0,2.07,1,1,0,1,1,1,0,0,1,1,0,1,0,1,1,0.863
2023,24.6,4.82,1,1,1,1,0,0,0,0,0,0,0,0,0,1,1,0.819
2023,15.0,1.43,0,0,0,1,1,0,0,0,0,0,0,0,0,1,1,0.716
2023,22.7,5.67,0,1,0,1,0,0,0,0,0,0,0,0,0,1,1,0.623
2023,20.5,0.24,0,0,0,1,0,0,0,0,0,0,0,0,0,1,1,0.525
2023,15.0,0.73,0,0,0,0,0,0,0,0,0,0,0,0,0,1,0,0.327
2023,24.3,28.17,1,0,0,0,0,0,0,0,0,0,0,0,0,1,0,0.447
2023,24.5,10.75,0,0,0,0,0,0,0,0,0,0,0,0,0,1,0,0.293
2023,23.7,8.49,0,0,1,0,0,0,0,0,0,0,0,0,0,1,0,0.285
2023,20.1,15.2,1,1,0,1,1,0,0,0,0,0,0,1,0,1,1,0.752
2023,18.2,3.03,1,1,1,1,1,0,0,0,0,0,0,0,0,1,1,0.828
2023,24.1,9.41,1,1,0,0,1,0,0,0,0,0,1,0,0,1,0,0.468
2023,21.5,4.42,1,1,1,1,1,0,0,0,0,0,0,0,1,1,1,0.8
2023,17.4,2.25,1,0,1,1,1,0,0,0,0,0,0,1,0,1,1,0.573
2023,24.5,1.48,1,1,1,1,1,0,0,0,0,1,1,0,0,1,1,0.827
2023,16.9,0.57,1,1,1,1,1,0,0,0,0,0,0,0,1,1,1,0.86
2023,16.3,30.0,0,0,0,0,1,0,1,0,0,0,0,1,0,1,0,0.386
2023,15.0,8.51,1,0,0,0,0,0,0,1,0,0,0,0,0,1,0,0.334
2023,15.0,0.54,1,0,0,0,1,0,0,1,0,0,0,1,0,1,0,0.353
2023,20.2,7.32,1,1,1,1,1,0,1,0,0,0,1,0,0,1,1,0.937
2023,23.1,4.0,1,1,0,0,1,0,0,0,0,0,0,0,0,1,0,0.414
2023,15.0,4.4,1,1,1,1,1,0,1,0,0,1,0,1,1,1,1,0.938
2023,15.0,12.5,1,1,1,1,1,0,0,0,0,1,0,0,0,1,1,0.912
2023,15.0,16.24,1,1,0,0,1,0,0,0,0,0,0,1,0,1,0,0.489
2023,22.3,13.63,0,0,0,0,0,0,0,0,1,0,0,1,0,1,0,0.259
2023,24.1,7.1,1,1,0,1,1,0,0,0,0,0,0,1,0,1,1,0.751
2023,15.0,10.95,1,0,0,0,1,0,0,0,0,0,0,0,0,1,0,0.361
2023,15.0,6.4,0,1,0,0,0,0,0,0,1,0,0,1,0,1,0,0.318
2023,15.0,4.72,0,0,0,0,1,0,0,0,0,1,0,0,0,1,0,0.307
2023,23.1,3.25,1,0,1,1,1,0,0,0,0,1,0,1,1,1,1,0.783
2023,16.5,30.0,1,0,0,0,1,0,0,0,0,0,0,1,0,1,0,0.445
2023,22.4,7.55,1,0,0,0,0,0,0,0,0,0,0,0,0,1,0,0.372
2023,24.2,7.84,1,1,1,1,0,0,0,1,0,0,0,1,0,1,1,0.798
2023,15.0,6.05,1,0,0,1,1,0,0,0,0,0,0,0,0,1,1,0.726
2023,21.5,4.28,1,1,0,1,1,0,1,1,0,0,0,1,1,1,1,0.818
2023,23.0,16.07,1,1,1,1,1,1,1,0,1,1,0,0,0,1,1,0.853
2023,15.0,1.5,0,0,0,0,1,0,0,0,0,0,0,1,0,1,0,0.259
2023,15.3,8.93,1,0,0,0,0,0,0,1,0,0,0,0,0,1,0,0.307
2023,15.0,0.47,0,0,0,1,0,0,0,0,0,0,0,0,0,1,1,0.646
2023,15.0,30.0,0,1,1,1,1,0,0,0,1,0,0,0,0,1,1,0.762
2023,21.6,6.93,0,1,0,1,1,0,0,1,0,0,0,1,0,1,1,0.654
2023,18.1,7.29,0,0,0,0,0,0,0,0,0,0,1,1,0,1,0,0.257
2023,20.8,0.82,0,0,0,0,0,0,0,0,0,0,0,1,0,1,0,0.322
2023,15.0,6.1,0,0,0,0,0,0,0,0,0,0,0,1,0,1,0,0.253
2023,20.6,6.86,0,1,0,1,1,0,0,0,0,1,0,1,0,1,1,0.725
2023,15.0,6.45,1,1,0,1,1,0,0,0,0,1,0,1,0,1,1,0.885
2023,22.4,1.96,1,0,0,0,0,1,0,1,0,0,0,1,0,1,1,0.576
2023,17.9,14.62,1,0,0,1,1,0,0,1,1,0,1,1,0,1,1,0.807
2023,19.4,12.95,1,0,0,1,0,0,0,0,0,0,1,1,0,1,1,0.729
2023,15.0,18.61,0,0,0,0,0,1,0,0,1,1,0,0,0,1,0,0.264
2023,24.4,4.29,0,0,0,1,0,0,0,1,0,0,0,0,0,1,0,0.456
2023,15.0,7.11,1,1,0,1,1,1,0,0,0,0,0,0,0,1,1,0.699
2023,16.7,6.71,1,1,0,0,0,0,0,0,0,0,0,0,0,1,0,0.475
2023,15.0,4.4,0,0,0,0,0,0,0,0,0,0,0,0,0,1,0,0.314
2023,15.0,0.47,1,0,1,0,0,0,0,0,1,1,0,1,0,1,1,0.544
2023,15.0,17.98,0,0,1,0,0,0,0,0,0,0,0,0,0,1,0,0.365
2023,20.4,24.9,1,0,0,1,1,0,0,1,0,0,0,0,0,1,1,0.652
2023,23.9,10.14,1,1,0,1,1,0,0,0,0,0,0,0,0,1,1,0.695
2023,15.0,2.79,1,1,0,1,0,0,0,0,0,0,0,1,0,1,1,0.732
2023,21.7,23.82,1,1,0,0,1,0,0,1,0,0,0,0,0,1,1,0.524
2023,24.5,12.97,1,1,1,1,1,0,0,0,0,1,1,1,0,1,1,0.909
2023,15.0,3.04,1,0,1,1,1,0,0,0,0,0,0,0,0,1,1,0.758
2023,24.7,12.39,0,1,0,0,1,0,0,0,1,0,0,0,0,1,0,0.266
2023,16.1,8.11,1,1,0,0,0,0,0,0,0,0,0,0,0,1,0,0.376
2023,15.0,7.14,1,0,0,1,0,0,0,1,1,1,0,0,0,1,1,0.749
2023,15.0,1.23,1,0,0,1,1,0,0,0,0,0,0,0,0,1,1,0.788
2023,15.0,30.0,1,1,0,0,0,0,0,0,0,0,0,0,0,1,0,0.46
2023,24.5,2.01,1,1,0,0,0,1,1,1,0,0,0,0,0,1,0,0.281
2023,15.0,4.76,1,1,1,1,1,0,0,0,0,0,1,0,0,1,1,0.813
2023,24.3,11.59,0,1,0,0,0,0,0,0,0,1,0,1,0,1,1,0.555
2023,23.0,0.94,1,0,1,1,0,1,1,0,1,0,0,1,0,1,1,0.586
2023,22.6,0.13,0,0,0,0,1,0,0,0,0,0,1,1,0,1,0,0.41
2023,23.0,15.16,0,0,1,1,0,0,0,0,0,0,0,0,0,1,0,0.397
2023,15.0,5.21,1,0,0,0,1,0,0,1,0,0,1,1,0,1,0,0.309
2023,20.3,30.0,1,1,1,1,1,0,0,0,0,0,0,1,1,1,1,0.848
2023,20.2,30.0,1,0,0,0,1,0,0,1,0,0,0,0,0,1,0,0.334
2023,17.3,3.59,0,1,1,0,1,0,0,1,1,1,1,0,1,1,1,0.781
2023,15.0,3.29,1,1,1,0,1,0,0,1,1,1,1,0,0,1,1,0.844
2023,21.5,16.44,0,0,0,1,1,0,0,0,0,0,0,0,1,1,1,0.519
2023,18.5,17.76,1,1,0,0,0,0,0,0,1,0,0,1,0,1,0,0.417
2023,21.0,8.31,0,0,1,1,1,0,0,0,0,0,0,1,0,1,1,0.581
2023,19.3,5.97,0,1,1,1,1,0,0,0,0,0,0,1,0,1,1,0.778
2023,17.0,7.49,1,1,0,1,1,0,0,0,0,0,1,0,0,1,1,0.751
2023,15.0,7.49,1,0,1,0,0,0,0,0,0,0,1,1,0,1,0,0.489
2023,15.0,1.44,0,1,0,0,0,0,0,0,1,1,0,0,0,1,0,0.216
2023,24.2,13.63,1,0,1,0,1,0,1,0,1,0,1,1,1,1,1,0.691
2023,15.0,4.57,1,1,0,0,1,0,0,0,0,0,0,0,0,1,0,0.391
2023,15.0,2.35,1,1,0,1,1,0,0,0,0,0,0,1,0,1,1,0.764
2023,15.0,0.97,0,1,0,1,1,0,0,0,0,0,0,1,0,1,1,0.609
2023,19.5,3.12,1,1,1,1,1,0,1,0,1,0,0,0,1,1,1,0.944
2023,15.0,0.12,1,0,1,1,0,0,0,0,0,0,0,0,1,1,1,0.864
2023,17.0,19.84,0,0,0,0,1,0,0,1,0,0,0,1,0,1,0,0.409
2023,19.3,0.15,1,1,0,1,1,1,0,1,1,1,0,1,1,1,1,0.94
2023,22.5,15.34,0,0,0,1,0,0,0,1,0,0,0,0,0,1,0,0.281
2023,21.0,2.14,0,1,0,1,1,0,1,0,0,0,0,0,1,1,1,0.633
2023,24.8,15.68,1,0,0,1,1,1,0,1,1,0,0,0,0,1,1,0.821
2023,22.4,1.78,1,0,0,0,0,0,0,0,1,0,0,0,0,1,0,0.269
2023,19.7,0.12,0,0,0,1,1,0,0,0,0,0,0,0,0,1,1,0.72
2023,24.9,2.87,0,0,0,1,1,0,0,0,0,0,0,1,0,1,0,0.459
2023,24.4,30.0,1,1,1,1,1,0,0,1,0,0,0,1,0,1,1,0.828
2023,15.0,27.65,1,0,1,0,0,0,0,1,1,0,0,1,0,1,0,0.483
2023,15.0,14.54,0,0,1,0,0,0,0,0,0,0,0,0,0,1,0,0.354
2023,19.1,30.0,1,1,0,1,1,0,0,1,0,1,1,1,0,1,1,0.851
2023,15.0,25.07,0,0,0,0,0,1,0,0,0,1,0,1,0,1,0,0.241
2023,21.3,6.79,1,0,1,1,0,0,0,0,0,0,0,1,1,1,1,0.663
2023,22.3,5.57,1,1,0,0,1,0,0,0,0,1,0,0,0,1,1,0.676
2023,15.0,18.28,1,0,0,1,1,0,0,0,1,0,0,1,0,1,1,0.627
2023,15.0,1.09,0,1,0,0,1,0,0,0,0,0,0,0,0,1,0,0.375
2023,15.0,6.85,1,0,0,0,1,0,0,0,0,0,0,1,0,1,0,0.302
2023,15.0,15.82,0,0,1,0,0,0,0,0,0,0,0,1,0,1,0,0.302
2023,17.9,1.71,1,1,1,1,1,0,0,0,0,1,0,1,0,1,1,0.868
2023,15.0,1.84,0,0,0,0,0,0,0,0,0,0,0,0,0,1,0,0.244
2023,20.0,2.71,1,1,1,0,0,0,0,0,0,0,0,0,0,1,1,0.644
2023,20.1,19.23,1,0,0,0,0,0,0,0,0,0,0,0,0,1,0,0.444
2023,17.5,1.87,1,0,1,0,1,0,0,1,0,0,0,0,1,1,0,0.354
2023,18.9,0.81,1,0,0,1,1,1,0,0,1,0,0,1,0,1,1,0.743
2023,15.0,1.4,0,0,0,0,0,0,0,0,0,0,0,1,0,1,0,0.224
2023,23.2,4.79,1,0,0,0,0,0,0,1,0,0,0,1,0,1,0,0.225
2023,15.0,4.22,0,1,0,0,1,0,0,0,0,0,0,0,1,1,0,0.422
2023,15.0,2.75,1,1,0,0,1,0,0,1,0,1,0,0,1,1,1,0.695
2023,17.1,12.76,1,1,1,1,1,0,0,0,0,0,0,1,1,1,1,0.876
2023,24.8,1.77,1,1,1,1,1,0,0,0,0,0,0,1,0,1,1,0.88
2023,24.3,3.86,0,0,0,1,0,0,1,1,0,0,0,0,0,1,1,0.599
2023,16.2,6.5,1,1,0,1,1,0,0,1,0,0,0,0,0,1,1,0.759
2023,15.0,8.79,1,1,1,1,1,0,0,1,0,0,0,0,0,1,1,0.868
2023,20.1,30.0,1,1,0,1,0,0,0,0,1,0,0,1,1,1,1,0.709
2023,15.0,2.74,1,0,0,1,0,0,0,0,0,0,0,0,0,1,1,0.699
2023,15.0,5.54,1,1,0,0,1,0,0,0,0,0,0,0,1,1,1,0.565
2023,20.4,18.54,1,1,1,1,1,0,0,0,1,0,0,0,0,1,1,0.788
2023,15.0,2.52,1,1,0,1,1,0,0,0,0,1,0,1,0,1,1,0.827
2023,17.8,14.34,1,0,0,0,0,0,0,1,0,0,0,0,0,1,0,0.338
2023,19.9,3.8,0,1,0,0,1,1,1,0,1,0,0,0,0,1,0,0.409
2023,17.8,0.29,1,1,0,0,0,0,0,1,0,0,0,1,1,1,1,0.585
2023,24.9,19.43,0,1,1,1,0,0,0,1,0,1,0,0,0,1,0,0.228
2023,15.0,17.8,1,0,0,1,1,1,1,1,1,0,1,1,0,1,1,0.922
2023,15.0,3.63,0,0,0,0,0,0,0,0,0,0,0,1,0,1,0,0.224
2023,15.0,2.45,1,1,1,0,1,0,0,0,0,0,0,1,0,1,1,0.583
2023,22.2,4.81,1,0,1,1,0,0,0,0,0,0,0,0,0,1,1,0.636
2023,16.2,2.38,1,1,0,1,1,0,0,0,1,0,0,1,0,1,1,0.801
2023,23.9,2.75,0,0,0,0,1,0,0,0,1,0,0,0,0,1,0,0.182
2023,15.0,6.76,1,1,1,1,1,0,0,0,0,0,1,0,0,1,1,0.886
2023,22.5,12.47,1,0,1,0,0,0,0,0,0,0,0,0,0,1,0,0.331
2023,15.0,22.01,0,0,1,1,0,0,0,1,0,0,1,1,0,1,1,0.566
2023,23.5,1.33,1,1,1,1,1,1,1,1,1,0,0,1,1,1,1,0.897
2023,15.0,25.5,1,0,0,0,1,1,0,0,0,0,0,1,0,1,0,0.27
2023,15.0,3.56,1,0,0,1,1,0,0,0,0,0,0,0,0,1,1,0.727
2023,20.3,2.46,0,0,0,1,0,0,1,0,0,0,0,0,0,1,1,0.612
2023,23.1,6.89,0,0,0,1,0,0,0,0,0,0,0,0,0,1,0,0.465
2023,24.9,8.82,1,0,0,1,0,0,0,0,1,0,0,0,0,1,0,0.464
2023,15.0,26.79,1,0,0,1,1,0,0,1,0,0,1,1,0,1,1,0.83
2023,16.1,3.13,1,1,0,0,1,0,0,0,1,0,0,1,1,1,1,0.537
2023,23.0,16.46,0,0,0,0,0,0,1,1,1,0,0,1,0,1,0,0.163
2023,21.0,4.14,1,0,0,1,1,0,0,0,0,1,0,0,0,1,1,0.733
2023,18.8,30.0,1,0,0,1,1,0,0,1,0,1,0,1,0,1,1,0.776
2023,24.8,1.53,1,1,0,1,1,0,0,1,0,0,0,1,0,1,1,0.808
2023,23.3,30.0,1,1,0,1,1,0,0,0,1,1,1,1,0,1,1,0.891
2023,24.3,12.12,0,0,0,1,0,0,0,0,0,0,0,1,0,1,0,0.392
2023,23.4,5.02,1,0,0,0,0,0,0,0,1,0,0,0,0,1,0,0.335
2023,16.2,12.18,1,0,1,1,0,0,0,0,0,0,0,0,1,1,1,0.632
2023,15.0,7.99,0,0,1,0,0,0,0,0,0,0,0,1,0,1,0,0.322
2023,21.0,6.27,0,0,0,0,0,0,0,1,0,0,0,0,1,1,0,0.155
2023,21.1,21.68,0,0,0,1,0,0,0,0,0,0,0,1,0,1,1,0.59
2023,15.0,2.48,0,0,0,0,0,0,0,1,0,0,0,0,0,1,0,0.269
2023,20.6,7.92,1,0,0,0,0,0,0,1,0,0,0,0,0,1,0,0.376
2023,23.0,3.28,1,1,0,0,0,0,0,0,0,0,1,1,0,1,0,0.306
2023,18.3,0.25,0,0,0,1,1,0,0,0,0,0,0,0,0,1,1,0.702
2023,15.0,2.39,1,1,1,1,1,0,0,0,0,0,0,0,0,1,1,0.839
2023,24.5,2.43,1,1,0,0,1,0,0,1,0,0,0,1,1,1,1,0.572
2023,15.0,2.19,1,0,0,1,1,0,0,1,0,0,0,0,0,1,1,0.742
2023,15.0,1.43,0,0,0,1,1,0,0,0,0,0,0,0,0,1,1,0.716
2023,22.3,5.05,1,1,0,1,0,0,0,1,0,0,0,1,0,1,1,0.688
2023,20.2,30.0,0,1,0,0,0,0,0,0,1,0,0,0,0,1,0,0.309
2023,15.0,17.35,0,1,0,0,0,0,0,1,0,1,0,1,0,1,0,0.464
2023,15.0,6.41,0,0,0,0,0,0,0,1,0,0,1,1,0,1,0,0.223
2023,24.6,21.98,0,0,0,0,0,0,0,1,0,0,0,0,0,1,0,0.274
2023,24.2,30.0,1,0,0,1,1,0,1,0,1,0,0,1,0,1,1,0.734
2023,15.0,16.11,1,1,0,1,0,0,1,0,1,1,0,1,0,1,1,0.702
2023,19.9,30.0,1,1,1,0,0,0,1,0,1,0,1,1,0,1,1,0.572
2023,20.6,3.02,1,1,0,1,0,1,0,0,1,0,0,0,0,1,1,0.794
2023,17.1,9.06,1,1,0,0,1,0,0,0,0,0,0,1,0,1,0,0.442
2023,16.7,2.88,1,1,0,0,0,0,0,0,0,0,0,1,0,1,0,0.428
2023,18.5,30.0,1,1,1,0,1,0,0,0,0,0,1,1,0,1,1,0.65
2023,15.0,30.0,0,0,0,1,1,0,0,0,0,0,0,0,0,1,1,0.659
2023,15.0,3.16,1,1,1,1,1,0,1,0,0,0,1,1,0,1,1,0.914
2023,24.4,27.94,1,1,1,1,1,1,0,0,1,0,0,1,0,1,1,0.795
2023,19.9,2.4,1,1,0,1,1,0,0,0,1,0,0,1,0,1,1,0.785
2023,22.4,4.43,0,0,0,0,1,0,0,0,1,0,0,1,0,1,0,0.313
2023,24.6,30.0,0,1,0,1,1,0,0,0,0,0,0,0,0,1,1,0.754
2023,15.0,0.7,1,1,0,0,1,0,0,1,0,0,0,0,1,1,1,0.697
2023,16.4,1.19,1,1,0,1,1,0,0,0,0,0,1,1,1,1,1,0.813
2023,15.0,0.41,1,1,0,0,0,0,0,0,1,0,1,0,0,1,0,0.427
2023,20.5,30.0,1,1,1,0,0,0,0,0,1,0,0,1,0,1,0,0.46
2023,22.4,10.71,1,0,1,0,1,1,0,0,0,0,0,1,0,1,1,0.66
2023,15.0,15.36,1,1,0,1,1,0,0,0,1,0,1,1,0,1,1,0.869
2023,15.0,1.5,1,1,0,0,1,0,0,0,0,0,0,0,0,1,1,0.504
2023,18.7,10.47,0,0,1,0,0,0,0,0,0,0,0,0,0,1,0,0.328
2023,15.0,1.19,1,0,1,0,1,0,0,0,1,0,0,0,0,1,1,0.54
2023,17.2,0.1,1,1,1,1,1,0,0,0,0,0,0,0,0,1,1,0.77
2023,20.8,4.26,0,0,1,0,0,0,0,1,0,0,0,0,0,1,0,0.434
2023,15.2,3.36,0,1,1,0,1,0,0,0,0,0,0,0,0,1,1,0.554
2023,15.0,4.65,0,0,1,0,1,0,0,1,0,0,0,0,0,1,0,0.436
2023,15.0,1.25,0,0,0,0,1,0,0,0,0,0,0,0,0,1,0,0.346
2023,24.0,8.07,1,0,0,0,0,0,0,0,0,0,0,0,1,1,0,0.366
2023,23.0,12.75,1,1,0,0,0,0,0,0,1,0,0,1,0,1,0,0.33
2023,15.0,0.58,1,1,0,1,1,0,0,1,0,0,0,0,0,1,1,0.779
2023,24.6,7.77,1,1,1,1,1,0,0,1,1,0,0,1,0,1,1,0.909
2023,15.6,19.06,1,0,0,0,0,0,0,1,1,0,0,0,0,1,0,0.431
2023,15.0,1.06,1,1,1,0,1,0,0,0,0,1,1,1,0,1,1,0.76
2023,15.0,30.0,1,0,0,1,1,0,0,1,0,0,0,1,0,1,1,0.771
2023,23.0,4.09,0,0,1,1,1,0,0,1,0,0,0,1,0,1,1,0.615
2023,21.1,1.09,0,0,0,0,0,0,0,0,0,0,0,0,0,1,0,0.427
2023,24.0,30.0,1,1,0,0,0,0,0,0,1,0,1,1,1,1,1,0.596
2023,15.0,2.95,1,1,1,1,1,1,0,0,1,1,0,0,1,1,1,0.901
2023,18.2,7.85,1,1,0,1,1,0,1,0,0,1,0,1,0,1,1,0.878
2023,22.7,1.28,1,1,0,1,0,0,0,0,0,0,0,0,0,1,1,0.649
2023,18.6,11.28,1,0,1,0,0,0,0,0,0,0,0,1,1,1,0,0.329
2023,24.3,8.21,1,1,1,0,1,0,0,0,0,0,0,1,0,1,1,0.635
2023,17.8,3.13,1,1,0,1,0,0,0,0,0,1,0,1,0,1,1,0.768
2023,15.0,3.73,1,1,1,0,1,1,0,0,1,0,0,1,0,1,1,0.714
2023,18.1,2.08,0,0,0,1,1,0,0,0,0,0,0,1,0,1,1,0.634
2023,15.8,0.63,1,0,0,0,1,0,0,0,1,0,1,0,0,1,1,0.667
2023,15.0,3.35,1,1,1,1,1,0,0,0,0,0,0,0,0,1,1,0.861
2023,15.0,3.34,1,0,1,0,0,0,0,0,0,0,0,0,0,1,0,0.465
2023,18.7,1.15,0,1,1,1,1,0,0,1,0,0,0,0,0,1,1,0.841
2023,15.0,30.0,1,0,1,0,1,0,0,0,0,0,0,0,0,1,0,0.421
2023,23.7,1.25,1,0,0,0,0,0,0,0,0,0,0,0,0,1,0,0.424
2023,22.1,1.6,0,0,1,0,0,0,1,0,1,0,0,1,0,1,0,0.331
2023,24.7,7.93,1,0,0,0,1,0,0,0,0,0,0,0,0,1,1,0.521
2023,24.3,2.95,1,1,0,0,1,0,0,0,0,1,0,0,0,1,1,0.726
2023,18.3,3.31,0,0,0,0,0,0,0,0,0,0,0,1,0,1,0,0.237
2023,19.5,5.84,0,0,0,1,1,0,0,0,0,0,0,0,0,1,1,0.632
2023,22.5,17.9,1,1,1,1,1,1,1,1,1,1,1,1,0,1,1,0.972
2023,15.0,0.59,1,1,0,0,1,0,0,0,0,0,0,1,1,1,1,0.649
2023,15.0,11.91,0,0,0,0,0,0,0,1,0,0,0,0,0,1,0,0.207
2023,15.0,5.53,0,0,1,1,0,0,0,0,0,1,0,1,1,1,1,0.658
2023,23.9,1.6,0,1,0,0,1,0,0,0,1,0,0,0,1,1,0,0.241
2023,23.7,10.38,1,1,1,0,0,0,0,0,0,0,0,0,0,1,0,0.396
2023,17.7,30.0,0,1,0,1,0,0,1,0,0,0,0,1,0,1,1,0.653
2023,23.5,13.34,0,0,0,0,0,1,0,0,0,0,0,0,0,1,0,0.486
2023,22.7,6.3,1,1,0,1,1,0,0,1,0,0,0,1,0,1,1,0.704
2023,15.0,20.63,1,1,0,1,1,1,0,0,1,1,1,1,0,1,1,0.954
2023,20.3,1.01,0,0,0,1,0,0,0,0,0,0,0,1,0,1,1,0.54
2023,22.3,1.62,1,1,0,1,0,0,0,0,0,0,0,0,0,1,1,0.753
2023,20.0,10.61,0,0,0,0,0,0,0,0,0,0,0,0,0,1,0,0.184
2023,19.8,4.15,0,0,0,0,0,0,0,1,0,0,0,0,0,1,0,0.327
2023,24.1,6.25,1,1,1,1,1,0,0,0,0,0,0,0,0,1,1,0.732
2023,15.0,1.05,1,1,0,0,0,0,1,0,0,0,0,0,0,1,0,0.424
2023,18.6,9.0,0,1,1,1,0,0,0,1,1,0,1,1,0,1,1,0.735
2023,15.8,4.23,1,1,0,0,0,0,0,0,0,0,0,1,1,1,1,0.593
2023,15.0,9.88,1,1,1,1,1,1,1,0,0,1,0,1,0,1,1,0.935
2023,19.9,4.56,1,1,0,0,0,0,0,0,1,1,0,0,0,1,0,0.461
2023,18.5,1.34,1,0,0,0,0,0,0,1,0,0,0,0,0,1,0,0.31
2023,15.0,9.9,1,1,0,1,0,0,0,0,0,0,1,1,0,1,1,0.76
2023,20.7,8.65,0,1,0,0,0,0,0,0,0,0,0,0,0,1,0,0.322
2023,15.0,7.46,1,1,1,0,1,0,0,1,0,0,0,1,1,1,1,0.571
2023,15.0,14.8,1,1,0,0,0,0,0,1,0,0,0,1,1,1,1,0.528
2023,23.2,0.55,1,1,1,0,0,0,0,0,1,0,0,1,0,1,0,0.427
2023,19.3,4.98,0,0,0,0,0,0,0,0,0,0,0,1,0,1,0,0.268
2023,16.0,3.6,1,1,0,1,1,1,0,1,1,0,0,0,0,1,1,0.907
2023,23.5,1.47,1,1,0,1,0,0,0,0,0,0,0,1,0,1,1,0.734
2023,19.7,12.09,1,1,0,1,1,0,0,0,0,0,0,0,0,1,1,0.682
2023,24.6,2.7,0,0,0,0,0,0,0,0,0,0,0,1,0,1,0,0.187
2023,21.8,12.25,0,0,0,0,0,0,0,0,0,0,0,0,0,1,0,0.17
2023,22.7,0.91,1,1,1,1,0,0,1,1,0,0,0,0,0,1,1,0.546
2023,23.5,1.75,1,1,1,0,0,0,1,0,0,0,0,1,0,1,0,0.401
2023,15.0,25.07,1,1,0,1,1,0,1,1,0,1,0,1,0,1,1,0.905
2023,21.3,30.0,0,0,0,0,1,0,0,0,0,0,0,1,0,1,0,0.314
2023,19.6,15.16,1,1,0,0,1,0,0,0,0,0,0,0,1,1,1,0.501
2023,17.4,1.8,0,1,0,1,1,0,0,0,0,0,0,0,0,1,1,0.539
2023,17.2,0.87,1,1,1,0,1,0,0,1,0,0,0,0,0,1,1,0.751
2023,23.4,18.85,1,1,1,1,1,0,0,0,0,1,1,1,0,1,1,0.947
2023,15.0,1.36,1,1,1,0,1,0,0,0,0,0,0,1,1,1,1,0.599
2023,24.0,7.65,1,1,0,1,0,0,0,0,0,0,0,1,0,1,1,0.734
2023,15.0,2.34,0,0,1,1,1,0,0,0,1,0,0,0,0,1,1,0.699
2023,15.5,1.33,0,0,0,0,0,0,0,0,0,0,0,0,0,1,0,0.284
2023,20.1,5.33,0,1,1,0,0,0,0,1,0,0,0,1,0,1,1,0.593
2023,18.8,3.84,1,1,1,0,1,0,0,0,0,0,0,0,0,1,1,0.608
2023,15.0,14.29,1,1,0,1,1,0,0,1,0,0,0,0,0,1,1,0.727
2023,15.0,3.66,0,0,0,1,0,0,0,0,0,0,0,0,0,1,1,0.626
2023,15.0,5.58,1,1,1,1,1,1,0,0,0,0,0,0,0,1,1,0.802
2023,16.0,2.82,1,1,0,1,1,0,0,0,1,0,0,0,0,1,1,0.824
2023,21.3,3.29,1,1,1,1,0,0,0,0,0,0,0,1,0,1,1,0.81
2023,15.0,4.23,1,1,1,1,0,0,1,0,0,0,0,1,0,1,1,0.916
2023,23.6,1.74,1,0,0,0,0,0,0,0,1,0,0,0,0,1,0,0.301
2023,21.0,20.48,1,1,1,0,1,0,1,1,0,0,1,1,0,1,1,0.82
2023,23.1,7.84,1,1,0,1,1,0,0,0,1,0,0,1,0,1,1,0.728
2023,18.4,1.66,0,0,0,1,1,1,0,0,0,0,0,0,0,1,1,0.763
2023,24.6,3.95,1,0,0,0,0,0,0,0,0,0,0,0,0,1,0,0.416
2023,21.6,3.06,0,0,0,0,0,1,0,0,1,0,0,0,0,1,0,0.25
2023,18.0,8.12,1,0,0,0,1,0,0,1,0,0,0,0,1,1,0,0.346
2023,24.6,30.0,0,0,0,1,1,0,0,0,0,0,0,0,0,1,1,0.704
2023,15.0,1.33,0,1,0,1,0,0,0,1,0,0,0,0,0,1,1,0.652
2023,16.9,6.0,1,1,0,0,1,0,0,1,0,0,1,0,0,1,1,0.512
2023,15.0,21.74,1,1,1,0,1,0,0,0,1,0,0,1,0,1,1,0.576
2023,15.0,10.35,1,1,1,1,1,0,0,1,1,1,1,0,0,1,1,0.967
2023,15.0,5.96,1,1,0,1,1,0,0,0,0,1,0,0,0,1,1,0.861
2023,22.4,30.0,0,0,1,0,0,0,0,0,1,1,0,0,1,1,0,0.308
2023,15.0,11.66,1,1,1,1,0,0,0,0,1,0,0,0,0,1,1,0.85
2023,20.7,6.82,0,1,0,0,1,0,0,0,0,0,0,0,0,1,0,0.368
2023,24.0,16.3,0,0,0,0,0,0,0,0,0,0,0,0,0,1,0,0.286
2023,19.0,2.13,1,1,0,0,1,0,0,0,0,0,0,0,0,1,1,0.528
2023,20.4,10.97,1,1,0,0,0,0,0,0,0,0,0,0,0,1,0,0.399
2023,19.7,1.08,1,0,1,1,0,0,0,0,0,0,0,1,0,1,1,0.753
2023,21.2,0.32,1,1,0,1,1,0,1,0,0,0,0,1,0,1,1,0.657
2023,16.1,0.76,0,1,0,0,0,0,0,0,0,1,0,1,0,1,0,0.271
2023,23.5,0.61,0,0,0,0,1,0,0,0,0,0,0,1,0,1,0,0.324
2023,15.0,2.81,0,0,0,0,1,0,0,0,0,0,0,0,0,1,0,0.335
2023,15.0,22.56,1,0,0,0,0,1,0,0,0,0,0,0,0,1,0,0.249
2023,24.2,1.08,1,1,1,1,1,0,0,1,0,0,0,0,0,1,1,0.805
2023,24.1,4.64,1,1,0,0,1,0,0,0,0,0,1,0,0,1,1,0.515
2023,23.4,11.0,0,0,0,0,0,0,0,0,0,0,0,0,0,1,0,0.243
2023,15.0,12.73,1,0,1,1,1,0,0,1,1,0,0,1,1,1,1,0.838
2023,24.7,14.44,0,1,0,1,1,0,0,0,0,0,0,1,0,1,1,0.673
2023,19.3,16.56,1,1,1,1,1,0,0,0,1,1,0,1,1,1,1,0.831
2023,24.7,9.57,1,1,0,1,1,0,0,0,0,0,0,0,0,1,1,0.701
2023,15.0,30.0,0,0,0,0,0,1,0,1,0,0,0,0,0,1,0,0.273
2023,23.8,2.33,0,0,1,1,1,0,0,0,0,0,0,0,0,1,1,0.55
2023,23.2,2.74,1,1,0,1,1,0,0,0,0,1,0,1,1,1,1,0.886
2023,19.1,30.0,0,0,0,0,1,0,0,0,0,0,0,0,0,1,0,0.339
2023,24.4,8.61,1,1,1,0,0,0,0,0,0,0,0,0,1,1,1,0.656
2023,22.9,1.87,0,0,0,0,1,0,0,1,0,0,0,0,0,1,0,0.381
2023,17.2,6.71,1,1,0,1,0,0,0,0,0,1,0,0,0,1,1,0.747
2023,20.4,1.95,1,0,0,1,1,0,0,0,0,1,0,0,0,1,1,0.838
2023,24.4,2.86,1,0,1,1,1,0,0,0,0,0,0,0,0,1,1,0.67
2023,15.0,4.31,0,0,0,0,0,1,0,0,0,0,0,0,0,1,0,0.271
2023,23.2,14.08,1,1,0,1,1,0,0,1,1,1,0,0,1,1,1,0.875
2023,17.2,1.64,0,0,1,1,1,1,0,0,1,0,1,1,0,1,1,0.898
2023,15.6,6.73,1,0,0,0,1,0,0,0,0,0,0,0,0,1,0,0.421
2023,15.9,7.67,0,0,0,0,0,0,0,0,0,0,0,1,0,1,0,0.285
2023,20.5,0.58,1,1,1,1,1,0,0,0,0,0,0,0,1,1,1,0.84
2023,15.0,5.99,1,1,1,0,1,0,0,1,0,1,1,0,1,1,1,0.717
2023,21.6,0.21,1,1,0,1,1,0,1,0,0,0,0,0,1,1,1,0.802
2023,15.0,12.3,1,1,1,0,0,0,0,1,1,0,0,0,1,1,1,0.589
2023,17.7,30.0,1,1,1,1,0,0,0,0,0,0,0,0,0,1,1,0.757
2023,15.9,2.27,1,0,0,0,0,0,0,0,0,0,0,1,1,1,0,0.377
2023,24.5,15.92,1,1,1,0,1,1,0,1,1,0,0,1,0,1,1,0.56
2023,21.8,14.12,1,0,1,1,1,0,0,1,0,0,0,0,0,1,1,0.572
2023,23.1,0.98,1,1,0,1,1,0,0,0,0,1,0,1,0,1,1,0.578
2023,24.7,1.25,1,1,1,1,1,0,0,0,0,0,0,0,0,1,1,0.791
2023,15.0,0.62,0,0,0,0,0,0,0,1,0,0,0,1,0,1,0,0.272
2023,22.2,13.8,0,0,1,0,0,0,0,0,0,1,1,0,0,1,1,0.509
2023,15.0,1.84,0,1,0,1,0,0,0,0,0,0,0,0,0,1,1,0.573
2023,15.0,3.73,1,0,0,1,0,0,0,1,0,0,0,0,1,1,1,0.695
2023,24.3,4.52,0,0,0,1,0,0,0,0,0,0,0,0,0,1,0,0.484
2023,16.0,1.61,1,1,1,1,1,0,0,1,0,1,0,0,1,1,1,0.819
2023,24.6,5.16,0,0,0,0,0,0,0,0,0,0,0,0,0,1,0,0.296
2023,18.0,7.25,1,1,1,1,1,0,0,0,0,0,0,0,0,1,1,0.833
2023,22.0,14.52,0,0,0,0,0,0,1,0,1,0,0,0,0,1,0,0.378
2023,23.5,5.92,0,0,1,0,0,0,0,1,0,0,0,1,0,1,0,0.316
2023,15.0,13.28,0,0,0,1,1,1,0,0,0,1,0,0,0,1,1,0.629
2023,15.0,7.07,1,1,0,0,0,1,0,0,0,0,0,1,0,1,0,0.426
2023,15.0,2.14,0,0,0,0,1,0,0,0,0,0,0,0,0,1,0,0.32
2023,21.9,5.67,1,0,0,0,0,0,0,0,0,0,0,1,0,1,0,0.346
2023,15.0,6.46,0,0,0,1,1,1,0,0,0,1,1,1,0,1,1,0.683
2023,15.0,9.73,0,0,0,0,0,1,0,1,0,0,0,1,0,1,0,0.254
2023,15.0,0.05,1,1,1,1,0,0,0,0,0,0,0,0,0,1,1,0.855
2023,15.0,0.54,0,1,0,0,0,0,0,0,0,0,0,0,0,1,0,0.317
2023,21.4,7.4,0,1,0,0,0,0,0,0,0,0,0,0,0,1,0,0.409
2023,15.7,9.69,1,0,0,0,0,0,0,0,0,0,0,0,0,1,0,0.439
2023,19.0,10.29,1,0,0,0,1,0,0,0,0,0,0,1,1,1,0,0.306
2023,15.8,6.91,0,0,0,1,1,0,0,1,0,0,0,0,0,1,1,0.547
2023,21.3,20.36,0,1,1,0,1,0,0,0,0,0,0,0,0,1,1,0.725
2023,24.2,7.05,1,0,1,1,1,0,0,1,1,0,0,0,0,1,1,0.741
2023,20.0,1.25,1,1,1,1,1,0,0,0,0,0,0,0,0,1,1,0.842
2023,24.3,3.4,1,0,0,0,0,0,1,1,1,0,0,1,0,1,0,0.389
2023,15.0,30.0,0,1,0,0,0,0,1,1,0,0,0,1,0,1,0,0.258
2023,21.9,30.0,1,1,0,1,0,0,0,0,0,0,0,0,0,1,1,0.724
2023,16.5,1.8,0,0,0,0,0,1,0,1,0,0,0,1,0,1,0,0.241
2023,21.1,22.08,1,1,0,1,1,0,0,1,0,0,0,1,1,1,1,0.826
2023,17.5,1.04,1,0,0,1,0,0,0,0,1,1,0,0,0,1,1,0.709
2023,15.0,3.52,0,0,0,0,0,0,0,1,0,0,0,0,0,1,0,0.222
2023,17.4,2.19,0,0,0,0,0,0,0,1,0,0,0,0,0,1,0,0.264
2023,24.9,10.32,0,1,0,1,0,0,0,1,0,0,0,0,0,1,0,0.206
2023,20.5,1.37,1,1,1,1,1,0,0,0,0,0,0,1,1,1,1,0.812
2023,23.7,25.05,1,1,0,1,0,0,0,1,0,1,0,1,1,1,1,0.833
2023,15.0,2.57,1,1,0,0,1,0,0,0,0,1,0,0,0,1,1,0.587
2023,15.0,12.96,1,0,0,0,0,0,0,0,0,0,0,0,0,1,0,0.32
2023,17.2,10.26,1,0,0,0,1,0,0,0,0,0,0,1,1,1,0,0.334
2023,19.4,0.07,1,0,0,0,1,0,0,1,0,0,0,1,1,1,1,0.821
2023,23.9,3.41,1,1,0,1,1,0,0,0,1,0,0,1,0,1,1,0.697
2023,24.6,0.67,1,0,1,0,0,0,0,0,0,0,0,0,0,1,0,0.417
2023,15.0,0.62,0,1,1,1,1,0,1,1,1,1,0,0,1,1,1,0.925
2023,24.1,3.32,1,1,0,1,1,0,0,0,0,0,0,1,0,1,1,0.742
2023,18.6,18.37,1,1,0,0,1,0,0,0,0,0,0,1,0,1,1,0.561
2023,15.0,2.2,1,0,1,0,0,1,0,0,0,0,0,1,1,1,0,0.495
2023,17.3,7.97,1,1,0,0,1,1,0,0,1,0,0,1,0,1,1,0.61
2023,23.8,3.06,0,0,0,0,0,0,0,0,0,0,0,0,0,1,0,0.211
2023,24.1,13.0,0,0,0,0,1,0,0,0,0,0,0,1,0,1,0,0.396
2023,21.4,11.35,1,1,0,1,1,0,0,0,0,1,0,1,0,1,1,0.891
2023,22.4,7.05,1,1,0,0,1,0,0,0,1,1,0,1,0,1,1,0.708
2023,15.0,5.97,1,1,0,1,0,0,0,0,0,1,0,1,0,1,1,0.871
2023,24.0,3.56,1,1,0,1,1,0,0,1,1,0,1,1,0,1,1,0.714
2023,24.7,3.33,1,0,0,0,0,0,0,1,0,1,1,0,0,1,0,0.189
2023,15.0,19.49,1,0,0,0,0,1,0,1,0,0,0,0,0,1,0,0.378
2023,15.0,3.71,1,0,0,1,1,0,0,1,0,0,0,1,0,1,1,0.695
2023,17.7,2.9,1,1,1,1,1,0,0,1,0,1,0,1,1,1,1,0.849
2023,15.0,3.04,1,1,0,0,1,0,0,0,0,0,0,0,0,1,0,0.414
2023,15.0,7.3,1,1,1,0,1,0,0,1,0,0,0,1,1,1,1,0.505
2023,15.0,2.76,1,1,0,0,1,0,0,0,0,0,0,0,0,1,1,0.504
2023,15.0,7.68,1,1,1,1,1,0,0,0,0,0,0,1,0,1,1,0.868
2023,15.0,3.85,1,1,0,1,0,0,0,0,0,0,0,0,0,1,1,0.789
2023,23.8,2.33,1,0,0,1,1,0,0,1,0,0,0,0,0,1,1,0.597
2023,23.1,30.0,1,0,0,0,0,0,0,0,0,0,0,0,1,1,0,0.389
2023,17.1,1.67,1,1,1,0,1,0,0,0,0,1,0,0,0,1,1,0.759
2023,17.8,1.21,1,1,1,1,1,1,0,0,0,0,0,1,1,1,1,0.922
2023,16.1,30.0,0,0,0,1,1,0,0,0,0,0,0,0,0,1,1,0.723
2023,15.0,20.46,1,1,0,1,1,0,1,0,0,1,0,1,0,1,1,0.922
2023,17.1,0.47,1,0,0,1,1,0,1,0,0,0,0,1,0,1,1,0.701
2023,18.0,3.75,0,1,0,1,0,0,0,0,1,1,0,0,1,1,1,0.717
2023,15.0,22.29,1,0,1,1,1,0,1,0,0,0,0,1,0,1,1,0.858
2023,19.1,7.41,0,1,1,1,0,0,0,1,0,0,1,0,1,1,1,0.621
2023,21.8,30.0,1,0,0,1,1,1,0,0,0,1,1,1,0,1,1,0.908
2023,15.0,9.59,0,1,1,1,1,0,0,1,1,0,0,1,1,1,1,0.857
2023,24.2,30.0,0,0,0,0,0,0,0,0,0,0,0,0,0,1,0,0.414
2023,24.5,10.01,0,0,0,1,1,0,0,0,1,0,1,1,0,1,1,0.646
2023,24.4,0.13,0,1,0,1,1,0,0,0,0,0,0,0,0,1,1,0.785
2023,21.9,6.81,1,0,0,1,0,0,0,0,0,0,0,1,1,1,1,0.593
2023,18.8,13.11,1,1,1,0,0,0,0,0,1,1,1,1,0,1,1,0.751
2023,19.3,20.14,1,1,1,1,1,0,0,1,1,1,0,1,0,1,1,0.942
2023,15.0,13.91,1,0,1,1,1,0,0,0,0,0,0,1,0,1,1,0.734
2023,23.2,3.56,1,0,0,0,0,0,0,0,1,0,0,0,0,1,0,0.287
2023,24.0,0.26,1,1,1,1,0,0,0,1,0,0,1,1,1,1,1,0.725
2023,15.7,2.32,1,0,0,0,1,0,0,0,0,0,0,0,0,1,0,0.438
2023,24.0,2.68,1,1,0,0,0,0,0,1,1,0,1,1,0,1,0,0.337
2023,22.2,3.94,0,0,1,0,0,0,0,0,0,0,0,0,0,1,0,0.482
2023,15.0,2.84,0,1,0,0,0,0,0,0,0,0,0,0,0,1,0,0.329
2023,20.8,10.08,1,1,0,1,1,0,0,0,0,0,0,0,0,1,1,0.749
2023,24.0,7.75,0,0,0,0,1,0,1,0,1,0,0,0,0,1,0,0.335
2023,15.8,12.72,1,0,1,1,1,0,1,0,0,0,0,1,0,1,1,0.889
2023,15.0,2.9,1,0,0,0,0,0,0,1,0,0,0,0,0,1,0,0.328
2023,15.0,0.94,0,0,0,0,0,0,0,0,1,0,0,0,0,1,0,0.262
2023,21.2,0.89,1,0,0,1,0,0,0,0,0,0,0,0,0,1,1,0.662
2023,15.0,7.78,1,1,1,1,1,0,0,0,0,0,0,0,0,1,1,0.87
2023,15.0,8.51,1,0,1,1,1,0,0,0,0,1,0,0,0,1,1,0.881
2023,15.8,2.66,1,1,1,1,1,0,0,0,0,0,0,1,0,1,1,0.917
2023,24.1,10.89,1,0,1,1,0,0,0,0,0,0,0,1,0,1,1,0.703
2023,24.8,9.09,1,0,0,1,1,0,0,1,1,0,0,1,1,1,1,0.792
2023,15.0,2.84,0,0,0,0,1,0,0,0,1,0,0,1,0,1,0,0.239
2023,15.0,12.16,1,0,1,1,1,1,0,1,0,0,0,1,1,1,1,0.818
2023,24.0,0.74,0,0,0,0,0,0,0,0,0,0,0,0,0,1,0,0.316
2023,19.8,4.14,1,1,1,1,1,0,0,1,1,0,1,1,0,1,1,0.957
2023,23.9,30.0,1,0,1,0,0,0,0,1,1,0,1,1,0,1,1,0.59
2023,15.0,30.0,1,0,0,0,0,0,0,0,0,0,0,0,0,1,0,0.348
2023,18.7,2.06,0,0,0,0,0,0,0,0,1,0,1,1,0,1,0,0.217
2023,15.0,8.22,0,0,0,0,0,0,0,0,1,0,0,0,0,1,0,0.248
2023,15.0,1.37,1,1,1,1,0,0,0,0,1,0,0,0,1,1,1,0.787
2023,15.0,3.3,0,1,0,0,0,0,1,0,1,1,0,1,0,1,0,0.318
2023,16.2,6.63,0,0,0,0,0,0,0,0,0,0,0,0,0,1,0,0.293
2023,15.0,6.78,0,0,0,0,0,0,0,1,0,0,0,0,0,1,0,0.244
2023,23.0,16.53,1,0,0,0,0,0,0,0,0,0,0,1,0,1,0,0.229
2023,15.0,2.25,0,0,0,0,0,0,0,0,0,0,0,1,0,1,0,0.197
2023,15.0,2.91,0,0,0,0,1,0,0,1,0,0,0,1,0,1,0,0.256
2023,15.0,7.99,1,1,1,1,1,0,0,0,0,0,0,1,0,1,1,0.874
2023,24.9,1.59,1,0,0,1,1,1,0,1,0,0,1,0,0,1,1,0.781
2023,21.3,30.0,1,1,0,1,1,0,0,0,0,1,0,0,0,1,1,0.798
2023,17.0,1.29,1,0,0,0,0,0,0,0,0,0,0,1,1,1,0,0.298
2023,21.6,7.45,0,1,0,1,0,0,0,0,0,0,0,0,1,1,1,0.584
2023,15.0,7.34,1,1,1,1,1,0,0,0,0,1,1,0,0,1,1,0.924
2023,21.8,1.59,0,0,1,1,0,0,0,0,1,1,0,0,1,1,1,0.671
2023,19.0,0.48,0,0,0,0,0,0,0,0,0,0,0,1,0,1,0,0.272
2023,24.0,3.83,0,1,0,0,0,0,0,0,0,0,0,1,0,1,0,0.225
2023,19.1,4.26,0,0,0,0,0,0,0,0,0,0,0,0,0,1,0,0.274
2023,15.0,16.17,1,1,0,0,0,0,0,1,0,0,1,0,0,1,0,0.395
2023,21.7,12.36,1,1,0,0,0,0,0,0,0,0,0,1,0,1,0,0.368
2023,22.8,20.89,1,0,0,0,0,0,0,0,0,0,0,0,0,1,0,0.398
2023,21.1,3.99,1,0,1,0,1,0,0,1,0,0,0,0,0,1,1,0.562
2023,19.3,30.0,1,1,1,1,1,0,0,0,0,0,0,0,0,1,1,0.793
2023,18.9,18.38,0,0,0,0,0,0,0,0,0,0,0,0,0,1,1,0.526
2023,24.1,22.78,1,0,1,0,0,0,0,0,0,0,0,0,0,1,0,0.468
2023,19.7,5.65,1,1,1,1,1,0,0,0,1,1,0,1,0,1,1,0.923
2023,21.1,5.5,0,0,0,0,0,0,0,0,0,0,0,0,0,1,0,0.331
2023,16.8,8.15,1,1,1,1,1,0,0,0,0,1,0,0,1,1,1,0.824
2023,24.4,3.46,1,0,0,1,0,1,0,0,0,0,0,1,0,1,0,0.444
2023,15.0,8.2,1,1,1,1,1,0,0,0,0,0,0,1,0,1,1,0.855
2023,15.0,3.98,1,1,0,1,1,1,1,0,1,1,1,0,1,1,1,0.978
2023,18.7,14.04,0,1,1,1,1,0,0,0,0,1,0,1,0,1,1,0.829
2023,15.0,7.18,1,1,0,0,1,0,0,0,0,0,0,0,0,1,0,0.42
2023,20.9,7.67,1,1,0,1,1,0,0,1,0,0,0,0,0,1,1,0.685
2023,21.3,7.7,1,0,1,0,0,0,0,0,0,0,0,0,0,1,0,0.462
2023,22.6,6.66,0,0,0,0,0,0,0,0,0,0,0,0,0,1,0,0.305
2023,23.2,6.88,1,1,0,1,1,1,0,0,0,0,0,1,1,1,1,0.912
2023,18.3,30.0,1,0,0,0,0,0,0,0,0,0,0,1,0,1,0,0.323
2023,15.0,2.21,1,1,1,1,1,0,0,0,1,1,1,1,0,1,1,0.951
2023,23.5,2.32,0,0,0,0,1,0,0,0,0,0,0,0,0,1,0,0.292
2023,19.5,7.69,1,0,1,1,1,1,0,0,1,0,0,1,0,1,1,0.849
2023,23.9,4.91,1,1,0,1,1,1,0,0,1,1,0,0,0,1,1,0.651
2023,19.1,6.72,0,0,0,1,0,0,0,0,0,0,0,1,0,1,1,0.516
2023,23.8,8.75,1,1,0,0,0,0,0,0,1,0,0,0,0,1,0,0.384
2023,15.0,7.59,0,1,0,1,1,0,0,1,1,1,0,0,0,1,1,0.755
2023,24.0,2.73,0,0,1,1,1,1,0,1,0,0,0,1,1,1,1,0.677
2023,21.7,8.16,0,0,0,0,0,0,0,0,0,0,0,1,0,1,0,0.224
2023,16.1,13.74,1,1,1,1,1,0,0,0,0,0,0,1,0,1,1,0.837
2023,20.1,3.86,0,0,1,1,0,0,0,1,0,0,0,1,0,1,1,0.707
2023,21.3,1.05,1,1,1,1,0,0,0,1,0,0,1,0,0,1,1,0.725
2023,16.8,6.67,1,1,0,0,1,1,0,1,0,0,0,1,0,1,1,0.575
2023,15.0,2.25,0,0,0,0,0,0,0,0,0,0,0,0,0,1,0,0.242
2023,15.0,12.81,1,1,1,1,1,0,0,0,1,0,0,1,0,1,1,0.88
2023,15.0,9.38,0,0,0,1,1,0,0,1,1,1,0,1,0,1,1,0.704
2023,18.0,14.67,0,0,0,0,0,0,0,0,0,0,0,0,0,1,0,0.287
2023,15.0,30.0,1,1,1,1,1,0,0,0,0,0,0,0,0,1,1,0.793
2023,21.9,16.49,1,1,1,1,1,0,1,0,0,1,0,1,0,1,1,0.911
2023,15.0,4.28,1,1,0,1,1,0,0,0,0,0,1,0,0,1,1,0.757
2023,23.8,8.01,1,0,0,1,1,0,1,0,0,0,0,0,0,1,1,0.859
2023,17.8,0.1,1,1,1,1,0,0,0,0,0,0,0,0,0,1,1,0.79
2023,22.0,28.56,1,0,1,0,1,0,0,1,0,0,0,1,1,1,0,0.418
2023,18.6,4.89,1,1,0,1,0,0,0,0,1,0,0,0,1,1,1,0.538
2023,17.0,3.15,0,1,0,1,0,0,0,1,0,0,0,1,0,1,1,0.702
2023,23.5,4.85,1,1,1,0,1,0,0,0,0,0,0,0,0,1,0,0.463
2023,23.1,2.2,0,0,1,1,1,0,0,0,1,0,1,1,1,1,1,0.725
2023,17.3,30.0,0,0,0,0,0,0,0,0,0,0,0,0,0,1,0,0.3
2023,17.9,0.36,1,0,1,1,1,0,0,0,0,1,0,1,0,1,1,0.779
2023,21.6,5.48,1,0,0,0,0,0,0,0,0,1,0,0,0,1,0,0.457
2023,22.9,18.87,1,1,1,0,0,0,0,0,0,0,0,0,0,1,1,0.618
2023,23.6,2.69,1,1,1,1,0,0,0,1,0,0,0,0,0,1,1,0.667
2023,20.6,18.9,1,1,1,1,0,0,0,0,0,0,0,0,1,1,1,0.717
2023,21.5,9.08,0,0,0,1,1,0,0,0,0,0,0,1,0,1,0,0.498
2023,15.2,2.51,1,1,1,1,1,0,1,0,1,0,1,1,1,1,1,0.963
2023,21.0,9.36,1,1,0,0,0,0,1,1,1,0,0,1,0,1,0,0.394
2023,19.0,2.63,1,0,0,1,1,1,0,0,0,0,0,0,0,1,1,0.711
2023,15.0,3.51,1,0,1,1,1,0,1,1,1,1,0,1,1,1,1,0.957
2023,23.1,4.7,1,1,0,0,1,1,0,0,0,0,0,0,0,1,1,0.516
2023,15.0,8.37,1,0,0,0,0,0,0,0,0,0,0,0,0,1,0,0.349
2023,19.2,1.16,1,1,0,1,1,1,1,0,0,1,0,0,0,1,1,0.746
2023,22.2,1.62,0,0,0,0,0,1,0,0,1,0,0,0,0,1,0,0.322
2023,19.9,30.0,1,1,0,1,1,0,0,0,1,1,1,1,0,1,1,0.867
2023,15.6,5.41,0,0,0,1,1,0,0,0,0,0,0,1,0,1,1,0.7
2023,23.2,15.05,0,0,0,1,0,0,0,0,0,0,0,0,0,1,0,0.405
2023,21.1,1.97,0,0,0,1,1,0,0,0,0,1,0,0,0,1,1,0.774
2023,15.0,6.11,1,1,1,1,1,0,0,0,0,0,0,0,0,1,1,0.856
2023,23.9,30.0,0,0,0,0,1,0,0,0,0,0,0,0,0,1,0,0.323
2023,24.6,7.04,1,0,0,1,1,0,0,0,0,0,0,0,0,1,1,0.787
2023,15.0,5.49,1,1,1,1,1,0,0,0,0,0,0,1,0,1,1,0.847
2023,24.4,13.37,0,0,0,0,0,0,0,0,0,0,0,0,0,1,0,0.432
2023,20.0,2.56,1,0,1,1,0,0,0,0,0,0,0,0,0,1,1,0.69
2023,23.9,4.28,0,0,1,1,1,0,1,0,0,1,0,0,0,1,1,0.752
2023,23.4,1.02,1,0,0,0,0,0,0,0,0,1,0,1,1,1,0,0.333
2023,18.5,17.91,1,1,0,1,1,1,0,1,0,0,0,0,0,1,1,0.836
2023,15.0,4.08,1,0,0,0,1,0,0,0,0,0,0,0,0,1,0,0.464
2023,20.9,4.42,1,0,1,1,0,0,0,0,0,0,0,0,0,1,1,0.658
2023,17.8,5.46,1,0,1,1,1,0,0,1,0,0,0,0,0,1,1,0.777
2023,22.4,9.93,1,1,0,0,0,0,0,1,0,1,0,1,0,1,1,0.673
2023,15.0,11.08,1,0,0,0,0,1,0,0,0,0,0,0,0,1,0,0.337
2023,20.3,6.4,1,0,0,1,0,0,0,1,0,0,1,1,0,1,1,0.835
2023,18.0,30.0,1,0,0,0,1,0,0,0,0,0,0,0,0,1,0,0.329
2023,19.2,22.98,1,0,0,0,0,0,1,0,0,0,0,1,1,1,0,0.167
2023,24.1,7.43,0,1,1,1,1,0,0,0,0,1,0,1,1,1,1,0.869
2023,17.5,30.0,0,0,0,0,0,0,0,0,0,0,0,0,0,1,0,0.284
2023,18.2,2.94,1,1,0,0,0,0,0,1,0,0,0,0,0,1,0,0.431
2023,15.0,6.87,1,1,1,1,1,0,0,0,1,0,1,1,0,1,1,0.918
2023,18.9,5.96,1,1,1,1,1,0,0,0,1,1,0,0,0,1,1,0.884
2023,15.0,3.84,0,0,0,0,0,0,0,0,0,0,0,0,0,1,0,0.301
2023,18.6,6.31,1,0,1,0,0,0,0,0,0,0,0,1,1,1,0,0.278
2023,15.0,19.39,0,1,0,0,0,0,0,0,0,0,0,0,0,1,1,0.539
2023,23.2,11.93,1,1,1,0,0,0,1,1,1,0,0,0,0,1,0,0.46
2023,20.7,18.81,1,1,0,1,1,0,0,0,0,1,0,0,0,1,1,0.754
2023,24.4,7.59,0,1,0,0,0,0,0,0,0,0,0,0,0,1,0,0.394
2023,15.0,6.51,1,1,1,1,1,0,0,0,0,0,0,1,0,1,1,0.869
2023,20.7,30.0,0,0,0,1,0,0,0,0,0,0,0,0,0,1,1,0.612
2023,15.0,11.55,1,0,0,0,1,0,0,0,0,0,0,1,0,1,0,0.375
2023,15.0,9.04,1,0,0,1,1,1,0,1,1,0,0,1,0,1,1,0.795
2023,15.1,7.05,1,1,0,1,1,0,1,1,0,0,0,0,0,1,1,0.842
2023,19.9,30.0,1,1,0,0,1,0,0,0,0,0,0,1,1,1,0,0.408
2023,15.2,7.23,1,0,0,0,0,0,0,0,0,0,0,0,0,1,0,0.375
2023,17.0,6.06,1,1,0,0,0,0,0,1,0,0,0,1,0,1,0,0.4
2023,15.0,2.52,1,1,0,1,1,0,1,0,1,0,0,1,0,1,1,0.905
2023,15.0,7.83,1,1,0,0,1,0,0,1,1,0,0,1,0,1,0,0.431
2023,15.0,11.3,1,1,1,0,1,0,0,1,1,0,0,0,0,1,1,0.635
2023,15.0,9.71,0,0,0,0,0,0,0,0,1,0,0,0,0,1,0,0.233
2023,15.0,2.81,1,1,0,1,1,0,0,1,0,0,1,1,0,1,1,0.768
2023,24.1,1.26,0,0,0,0,0,0,0,0,0,0,1,1,0,1,0,0.215
2023,23.9,30.0,0,0,0,1,1,0,0,1,0,0,0,0,0,1,1,0.573
2023,20.9,1.98,1,1,0,0,1,0,0,0,0,0,0,1,0,1,1,0.519
2023,15.0,3.52,0,0,0,0,0,0,0,1,1,1,0,1,0,1,0,0.223
2023,15.0,8.09,1,0,0,0,0,0,0,0,0,0,0,0,0,1,0,0.349
2023,15.0,4.05,0,0,0,0,0,0,0,0,0,0,0,1,0,1,0,0.321
2023,21.7,1.53,1,1,0,0,0,1,0,1,1,0,0,0,0,1,1,0.667
2023,18.8,0.99,1,1,0,1,0,0,0,0,1,0,0,0,0,1,1,0.552
2023,21.2,0.07,0,1,0,0,0,0,0,0,1,0,0,1,0,1,1,0.518
2023,16.9,7.36,1,1,0,1,0,0,0,1,0,1,1,1,0,1,1,0.747
2023,15.0,1.96,0,0,0,1,0,0,0,1,0,0,0,1,0,1,1,0.623
2023,15.0,23.56,1,0,0,0,1,0,0,0,0,1,0,1,0,1,0,0.453
2023,20.3,1.46,1,1,1,1,1,0,0,0,0,0,0,0,0,1,1,0.841
2023,15.0,2.84,0,1,0,1,0,0,0,0,0,0,0,0,0,1,1,0.59
2023,15.0,9.44,1,1,0,1,1,0,0,0,0,0,0,1,0,1,1,0.777
2023,18.3,30.0,1,1,0,1,1,0,0,1,0,0,0,0,0,1,1,0.797
2023,20.3,10.14,0,1,0,1,1,0,0,0,0,1,0,1,0,1,1,0.8
2023,15.1,8.0,1,0,0,1,1,0,0,0,0,0,0,0,1,1,1,0.759
2023,19.2,1.3,1,1,1,1,0,0,0,0,0,0,0,1,0,1,1,0.797
2023,15.0,30.0,1,0,1,1,1,0,1,0,0,0,1,0,0,1,1,0.865
2023,15.0,7.35,0,0,0,0,0,0,0,1,0,0,0,0,0,1,0,0.231
2023,15.0,6.37,1,0,0,0,0,0,0,0,0,0,0,0,0,1,0,0.378
2023,17.5,14.07,0,0,0,0,0,0,1,1,0,0,1,0,0,1,0,0.208
2023,15.6,30.0,0,0,0,0,0,0,0,0,0,0,0,0,0,1,0,0.459
2023,23.6,0.27,0,1,0,1,1,0,1,0,1,1,0,0,1,1,1,0.913
2023,24.2,7.32,1,0,0,0,0,1,0,0,0,0,0,1,0,1,0,0.462
2023,16.4,2.33,1,1,1,1,1,0,0,0,1,0,0,0,1,1,1,0.831
2023,15.0,3.67,1,1,0,0,0,0,0,1,0,1,0,0,0,1,0,0.457
2023,19.4,2.68,1,1,0,1,1,0,0,0,0,0,0,1,0,1,1,0.714
2023,21.8,2.51,1,1,1,0,0,0,0,0,0,0,0,0,0,1,0,0.488
2023,16.3,4.04,1,1,1,1,1,0,0,1,0,0,0,0,0,1,1,0.879
2023,19.4,4.28,1,1,0,0,0,0,0,1,0,0,0,1,0,1,0,0.404
2023,22.2,6.17,1,1,0,1,1,0,0,0,0,0,0,0,0,1,1,0.751
2023,19.0,27.08,1,1,1,1,1,0,0,0,0,0,0,1,1,1,1,0.803
2023,22.4,10.65,0,0,1,0,1,0,0,1,0,1,0,0,0,1,0,0.301
2023,15.0,5.09,1,0,0,0,1,0,0,1,0,0,0,0,0,1,0,0.289
2023,22.5,2.67,1,0,0,0,0,0,0,0,0,0,0,0,0,1,0,0.392
2023,15.0,2.31,0,0,0,0,0,0,0,0,0,0,1,0,0,1,0,0.259
2023,18.5,1.87,1,1,1,1,1,0,0,0,1,0,0,1,1,1,1,0.748
2023,17.9,5.34,0,0,1,0,0,0,0,0,0,0,0,0,0,1,0,0.408
2023,24.7,16.24,0,0,0,0,0,0,0,0,0,0,1,0,0,1,0,0.278
2023,21.4,22.58,1,1,0,0,0,0,0,0,0,0,0,1,0,1,0,0.47
2023,24.9,2.57,0,0,1,0,0,0,0,0,0,0,0,0,0,1,0,0.191
2023,22.6,8.59,1,1,0,1,1,1,0,1,0,0,0,0,0,1,1,0.817
2023,15.0,5.14,0,0,0,0,0,0,0,1,0,0,0,1,0,1,0,0.216
2023,17.1,6.48,1,0,1,0,1,0,0,0,0,0,0,0,0,1,1,0.558
2023,15.0,1.37,1,0,0,0,0,0,0,1,0,0,0,0,0,1,0,0.328
2023,15.0,9.9,1,1,0,1,1,0,0,0,1,0,1,0,1,1,1,0.849
2023,15.0,5.75,1,1,0,0,1,1,0,0,0,0,0,0,0,1,0,0.457
2023,17.9,7.62,0,0,0,0,0,0,0,0,0,0,0,0,0,1,0,0.256
2023,20.7,7.77,1,1,1,1,1,1,0,0,1,0,0,1,0,1,1,0.915
2023,20.6,30.0,1,1,0,0,0,0,0,0,0,0,0,1,0,1,0,0.324
2023,21.0,0.2,1,1,1,1,1,1,0,0,1,0,0,0,0,1,1,0.829
2023,15.0,30.0,1,0,0,0,1,0,0,1,0,0,0,1,0,1,0,0.313
2023,15.0,1.84,1,0,1,0,0,0,1,0,0,0,0,1,0,1,0,0.29
2023,15.0,1.23,1,0,0,0,0,0,0,1,0,0,0,0,0,1,0,0.369
2023,18.9,2.39,0,0,0,0,0,0,0,0,0,0,0,0,0,1,0,0.301
2023,15.0,8.47,0,0,0,1,1,0,0,0,0,0,0,0,0,1,1,0.569
2023,20.7,0.05,1,0,0,0,1,0,0,1,0,1,0,1,0,1,1,0.73
2023,18.5,0.39,1,0,1,0,1,0,0,0,0,0,0,0,0,1,1,0.524
2023,15.0,7.2,1,1,1,0,1,0,0,0,1,0,1,0,0,1,1,0.708
2023,19.5,6.45,1,1,0,1,1,1,0,1,0,0,0,0,0,1,1,0.835
2023,24.1,27.72,1,0,1,1,1,0,0,0,0,1,0,1,0,1,1,0.788
2023,15.0,4.76,0,0,1,0,0,1,0,1,0,0,0,1,0,1,0,0.407
2023,15.0,8.04,1,1,0,0,0,0,0,0,0,0,0,1,0,1,0,0.436
2023,23.4,9.47,1,0,0,0,0,1,0,0,0,0,0,1,0,1,0,0.404
2023,23.3,4.64,0,0,1,0,0,0,0,0,0,0,0,0,0,1,0,0.412
2023,15.0,21.65,1,1,1,1,0,0,1,1,0,0,1,1,0,1,1,0.81
2023,15.0,0.93,1,0,0,1,1,0,0,0,0,0,0,0,0,1,1,0.787
2023,15.0,12.54,1,1,1,1,1,0,0,0,1,1,0,0,0,1,1,0.922
2023,15.0,5.38,0,0,0,0,0,0,0,0,0,0,0,0,0,1,0,0.318
2023,15.0,9.53,0,0,0,0,1,0,0,0,0,0,0,1,0,1,0,0.228
2023,22.2,2.54,1,1,0,1,1,0,0,0,0,0,0,0,0,1,1,0.728
2023,15.0,9.63,1,1,1,0,1,0,0,1,0,0,1,0,1,1,1,0.622
2023,21.9,1.85,1,0,0,0,0,0,0,0,1,0,0,0,0,1,0,0.361
2023,16.6,3.4,1,0,1,0,0,0,0,1,0,0,0,1,0,1,0,0.416
2023,16.3,12.67,0,0,0,1,0,0,0,0,0,0,0,0,0,1,0,0.499
2023,17.0,18.53,1,0,1,1,0,0,1,0,1,0,0,0,0,1,1,0.737
2023,15.0,2.69,1,0,0,0,0,0,0,1,0,0,0,0,1,1,0,0.493
2023,22.6,15.66,1,1,1,1,1,0,0,0,0,0,0,1,0,1,1,0.782
2023,17.8,2.6,1,1,1,1,0,0,1,1,1,0,0,0,0,1,1,0.962
2023,18.7,14.02,1,1,1,1,1,0,0,0,0,0,0,1,1,1,1,0.819
2023,15.0,15.15,1,0,0,0,1,0,0,1,0,0,0,1,0,1,0,0.377
2023,23.9,0.19,0,0,0,0,0,0,0,0,0,0,0,0,0,1,0,0.211
2023,15.4,3.18,1,0,1,0,1,0,0,0,0,0,0,0,0,1,0,0.461
2023,15.0,6.42,1,0,0,0,0,0,0,0,0,0,0,1,0,1,0,0.349
2023,17.2,14.61,1,0,0,1,0,0,0,0,0,0,0,0,0,1,1,0.549
2023,16.3,1.46,1,1,1,1,1,0,0,0,1,1,0,0,0,1,1,0.882
2023,20.2,2.66,1,1,0,0,1,0,0,1,0,0,0,1,0,1,1,0.541
2023,21.2,4.52,0,1,0,1,1,0,0,1,1,0,0,0,0,1,1,0.683
2023,15.0,1.86,1,1,0,1,0,1,0,1,0,0,0,1,0,1,1,0.703
2023,15.1,1.45,0,1,0,0,0,0,0,0,0,0,1,1,0,1,0,0.179
2023,18.1,1.41,0,0,1,0,0,0,0,0,0,0,0,1,0,1,0,0.272
2023,22.2,14.45,1,1,1,1,1,0,0,0,1,0,0,0,1,1,1,0.849
2023,23.1,0.55,0,0,1,0,1,0,0,0,0,1,0,1,0,1,1,0.516
2023,20.4,8.2,1,0,0,0,0,0,0,0,0,1,0,1,0,1,0,0.399
2023,24.0,14.2,1,0,1,1,0,0,0,1,0,0,0,0,0,1,1,0.554
2023,20.7,10.67,0,0,0,0,0,0,0,0,0,0,0,0,0,1,0,0.168
2023,16.2,30.0,1,0,1,0,0,0,0,1,0,0,0,1,1,1,0,0.422
2023,18.3,6.3,1,1,1,1,1,0,0,0,0,0,0,0,0,1,1,0.866
2023,15.0,7.67,1,1,0,1,0,0,0,0,1,0,0,1,0,1,1,0.789
2023,20.0,6.9,0,0,0,0,0,0,0,0,0,0,0,0,0,1,0,0.332
2023,15.0,6.55,0,1,0,1,0,0,0,0,1,1,0,1,0,1,1,0.771
2023,18.1,5.58,1,0,0,1,1,0,0,0,0,0,0,0,0,1,1,0.715
2023,17.5,6.94,0,1,0,1,0,0,0,0,0,1,0,0,0,1,1,0.655
2023,23.9,10.39,1,0,0,0,0,0,0,0,0,0,0,1,0,1,0,0.222
2023,20.4,2.14,0,1,0,1,0,0,0,0,0,0,0,1,0,1,1,0.702
2023,18.4,3.68,0,0,1,0,0,0,0,0,0,0,0,0,1,1,0,0.344
2023,15.0,20.75,1,1,1,0,1,1,0,1,1,0,0,1,1,1,1,0.764
2023,21.4,4.24,0,1,1,1,1,1,0,1,1,1,0,1,1,1,1,0.931
2023,15.0,14.77,1,1,0,1,1,0,0,0,1,1,0,1,0,1,1,0.809
2023,16.5,8.51,1,1,0,1,1,0,0,0,1,0,0,1,0,1,1,0.776
2023,17.4,0.63,0,0,0,1,1,0,0,0,0,0,0,1,0,1,1,0.642
2023,17.8,9.49,0,1,1,1,1,0,0,0,0,0,1,1,1,1,1,0.841
2023,24.4,6.81,1,1,1,0,1,0,1,0,1,1,0,1,0,1,1,0.824
2023,15.3,3.11,1,0,0,0,0,0,0,0,0,0,0,1,0,1,0,0.262
2023,23.2,4.35,1,0,0,0,0,0,0,0,0,0,0,0,0,1,0,0.29
2023,17.3,6.64,0,0,0,1,0,0,0,0,0,0,0,0,0,1,1,0.53
2023,21.4,0.75,1,1,0,1,0,0,0,0,0,0,0,1,1,1,1,0.751
2023,15.0,8.77,1,0,0,0,0,0,0,0,0,0,0,1,0,1,0,0.308
2023,22.2,30.0,1,0,1,1,0,0,0,1,0,0,0,0,0,1,1,0.726
2023,18.3,30.0,1,0,0,0,0,0,1,0,0,0,0,1,0,1,0,0.202
2023,24.9,7.04,1,1,0,1,1,0,1,0,1,1,1,0,0,1,1,0.905
2023,15.0,30.0,1,1,0,0,0,1,0,1,0,0,0,0,0,1,0,0.479
2023,21.6,12.8,1,0,0,0,1,0,0,0,0,0,0,1,0,1,1,0.535
2023,20.4,4.67,1,1,1,1,1,1,0,1,0,0,0,1,1,1,1,0.935
2023,15.9,17.1,0,0,0,0,0,0,0,1,0,1,0,1,0,1,0,0.311
2023,16.9,30.0,0,0,0,0,0,0,0,1,0,0,0,1,0,1,0,0.215
2023,15.0,5.56,0,0,1,0,1,0,0,1,0,0,0,0,0,1,1,0.502
2023,15.0,30.0,1,1,0,0,0,0,0,0,1,0,0,1,0,1,0,0.44
2023,23.8,3.46,1,1,1,0,0,0,1,0,0,0,0,1,1,1,0,0.438
2023,18.5,30.0,0,0,0,1,0,0,0,0,0,0,1,1,0,1,1,0.619
2023,15.0,25.08,0,1,1,0,1,0,0,1,0,0,0,1,1,1,1,0.525
2023,23.8,5.09,0,0,0,0,0,0,0,1,0,0,0,0,0,1,0,0.264
2023,23.5,1.09,1,0,0,1,1,0,1,1,0,0,1,0,0,1,1,0.745
2023,24.2,4.28,1,1,1,0,0,1,0,0,1,0,1,1,0,1,1,0.623
2023,15.0,7.41,1,0,0,1,0,0,0,0,0,1,0,1,1,1,1,0.784
2023,15.1,1.4,1,1,1,1,1,0,0,1,0,0,0,1,0,1,1,0.842
2023,22.1,21.7,1,0,0,0,0,0,0,0,0,0,0,0,0,1,0,0.306
2023,24.4,3.82,1,0,1,1,0,0,0,1,0,0,1,0,0,1,1,0.517
2023,19.9,8.08,1,1,0,0,1,0,0,1,0,1,0,0,0,1,0,0.481
2023,20.3,2.61,1,1,0,1,1,0,0,1,0,0,1,1,0,1,1,0.819
2023,17.1,28.47,0,1,0,1,1,0,0,1,1,1,1,0,0,1,1,0.751
2023,21.3,2.28,1,0,0,1,1,0,0,0,0,0,0,1,0,1,1,0.603
2023,24.7,2.06,1,1,1,0,0,0,0,0,0,0,0,0,0,1,1,0.61
2023,19.5,4.53,1,1,0,1,1,1,0,0,0,1,0,1,0,1,1,0.855
2023,24.4,7.78,0,0,0,0,1,0,1,1,1,0,0,0,0,1,1,0.523
2023,15.0,1.48,1,1,0,0,1,0,0,0,0,0,0,0,0,1,1,0.504
2023,23.1,0.37,1,1,0,0,0,0,0,1,0,0,1,1,0,1,0,0.33
2023,15.0,30.0,1,1,1,0,1,0,0,1,0,0,1,0,1,1,1,0.63
2023,22.6,1.25,0,0,0,1,0,0,0,1,1,0,0,0,0,1,1,0.55
2023,15.0,0.14,0,1,1,1,1,0,0,0,0,1,1,0,0,1,1,0.762
2023,24.4,6.4,1,1,1,1,1,1,0,0,0,1,0,0,1,1,1,0.887
2023,24.7,5.26,1,1,0,0,0,1,0,0,0,0,0,0,0,1,0,0.465
2023,15.0,1.39,1,1,0,1,0,0,0,0,0,0,0,0,0,1,1,0.784
2023,18.8,2.05,0,0,0,1,1,0,0,0,0,0,0,0,1,1,1,0.571
2023,17.1,5.78,1,0,0,1,1,0,0,0,0,0,1,0,0,1,1,0.79
2023,15.4,3.3,1,1,1,0,1,0,0,1,0,0,0,1,1,1,1,0.555
2023,15.0,2.35,0,0,0,1,1,0,0,1,0,0,0,1,1,1,1,0.611
2023,15.0,7.65,1,0,0,0,1,0,0,0,0,0,0,1,1,1,0,0.405
2023,15.0,26.57,1,0,0,0,0,0,0,0,0,0,0,0,0,1,0,0.324
2023,15.9,13.64,0,0,0,0,1,0,0,0,0,0,0,0,0,1,0,0.32
2023,20.4,0.83,1,0,0,1,1,0,0,0,1,0,0,0,0,1,1,0.701
2023,18.7,4.99,0,0,0,0,0,0,0,0,0,0,0,1,0,1,0,0.271
2023,23.4,17.61,0,1,0,0,1,1,0,1,1,0,0,1,0,1,1,0.512
2023,15.0,4.1,1,0,1,1,1,0,0,1,0,0,0,0,0,1,1,0.825
2023,23.1,5.61,1,0,0,0,0,0,0,0,1,0,0,1,0,1,0,0.275
2023,16.7,3.2,1,0,0,0,0,0,0,1,1,0,1,0,0,1,0,0.464
2023,23.1,3.14,1,1,0,1,1,1,0,0,0,1,0,0,0,1,1,0.815
2023,24.5,30.0,1,0,1,0,0,0,0,0,1,1,0,1,0,1,1,0.504
2023,21.2,6.23,0,0,0,0,0,0,0,0,0,0,0,1,0,1,0,0.249
2023,15.5,0.33,1,1,0,1,0,0,0,1,0,0,0,0,0,1,1,0.638
2023,15.0,3.59,1,1,0,1,1,0,0,0,1,0,0,1,1,1,1,0.86
2023,20.7,2.36,1,1,0,1,1,0,0,0,1,0,0,1,1,1,1,0.743
2023,15.0,0.55,0,0,0,0,1,0,0,0,0,0,0,1,0,1,0,0.253
2023,23.3,18.03,1,0,0,0,0,0,0,0,0,0,0,0,0,1,0,0.377
2023,18.9,30.0,1,0,1,0,0,0,0,0,0,0,0,0,0,1,0,0.484
2023,24.3,30.0,0,1,0,0,0,0,0,1,0,0,0,1,0,1,0,0.4
2023,15.9,18.4,1,1,1,1,0,1,0,0,0,0,0,0,1,1,1,0.934
2023,23.8,30.0,1,1,0,1,0,0,0,0,1,1,0,1,0,1,1,0.661
2023,15.0,14.49,1,1,0,0,1,0,0,0,0,1,0,0,0,1,1,0.629
2023,22.3,3.4,1,1,0,1,1,0,0,1,0,0,0,1,1,1,1,0.804
2023,15.0,7.27,0,0,0,0,0,0,0,0,0,0,0,0,0,1,0,0.265
2023,19.1,9.28,1,0,1,1,1,0,0,0,0,1,0,1,0,1,1,0.833
2023,20.8,8.46,1,0,0,0,0,0,0,0,0,0,0,0,0,1,0,0.346
2023,15.0,7.12,1,1,0,1,0,0,0,0,0,0,0,0,0,1,1,0.749
2023,15.0,12.63,1,1,1,0,1,0,0,0,1,0,0,1,0,1,1,0.645
2023,24.8,1.73,1,1,1,1,1,0,0,0,1,0,1,1,0,1,1,0.846
2023,15.0,2.73,1,0,0,0,0,0,0,1,0,0,0,1,0,1,0,0.351
2023,23.3,30.0,0,1,0,0,1,0,0,0,0,1,0,0,0,1,0,0.407
2023,24.1,3.05,1,1,0,1,1,0,0,0,0,1,0,0,0,1,1,0.79
2023,15.0,11.28,0,0,0,1,1,0,0,0,1,1,0,1,0,1,1,0.738
2023,15.0,3.56,1,1,0,0,0,0,0,1,0,0,0,0,0,1,0,0.376
2023,23.5,2.23,1,0,0,1,1,1,0,1,0,0,0,1,0,1,1,0.715
2023,23.6,30.0,1,0,1,1,0,0,0,0,0,0,0,0,0,1,1,0.642
2023,18.0,8.76,0,0,0,0,0,0,0,0,0,0,0,0,0,1,0,0.27
2023,18.0,3.56,0,0,0,0,0,0,0,0,0,0,0,0,1,1,0,0.266
2023,15.0,5.28,1,1,1,0,0,1,0,1,0,1,1,1,0,1,1,0.651
2023,21.5,2.25,1,1,0,1,1,0,0,1,1,1,0,1,0,1,1,0.807
2023,19.5,4.51,1,1,1,0,0,0,0,0,0,0,0,1,0,1,1,0.545
2023,15.0,3.13,0,1,0,0,0,0,0,0,1,0,0,0,0,1,0,0.269
2023,22.0,29.37,0,0,0,1,1,0,0,0,0,0,0,1,0,1,1,0.614
2023,15.0,6.59,1,1,0,1,0,0,0,0,1,0,0,1,0,1,1,0.772
2023,17.8,9.56,0,0,0,0,0,0,0,0,0,0,0,0,0,1,0,0.29
2023,17.5,21.77,1,1,0,1,1,0,0,1,1,0,0,0,0,1,1,0.732
2023,21.0,2.14,1,1,0,1,1,0,0,0,0,0,0,0,0,1,1,0.772
2023,15.0,1.93,0,0,0,0,0,0,0,0,0,0,0,0,0,1,0,0.257
2023,22.1,5.24,1,0,1,0,1,1,0,1,0,1,1,1,0,1,1,0.805
2023,21.3,4.21,0,1,1,1,1,1,0,1,0,0,0,1,0,1,1,0.862
2023,22.9,2.16,1,0,1,1,1,0,0,1,0,1,0,0,1,1,1,0.853
2023,15.0,2.37,1,0,0,1,0,0,0,0,1,0,0,0,0,1,1,0.717
2023,20.5,2.25,0,1,1,1,1,0,1,0,0,1,0,1,0,1,1,0.827
2023,15.0,7.99,0,1,0,1,1,0,0,0,0,0,0,0,1,1,1,0.705
2023,20.4,30.0,1,0,0,0,1,0,0,1,0,0,0,1,0,1,0,0.349
2023,17.2,12.72,1,0,0,0,0,0,0,0,0,0,0,0,1,1,0,0.28
2023,15.0,1.01,1,1,0,1,0,0,0,1,0,1,0,0,0,1,1,0.676
2023,24.0,14.11,0,1,0,0,1,0,0,0,1,0,0,0,0,1,0,0.359
2023,15.0,0.57,1,0,1,1,0,0,0,1,0,0,1,1,0,1,1,0.605
2023,15.0,3.85,1,1,1,1,1,0,0,0,1,0,0,1,0,1,1,0.88
2023,16.9,0.17,0,0,0,1,1,0,0,0,0,0,0,0,0,1,1,0.657
2023,19.4,1.63,0,1,0,1,0,0,0,0,1,0,0,0,0,1,1,0.745
2023,15.0,7.48,0,0,1,0,0,1,0,0,0,0,0,1,0,1,0,0.366
2023,24.8,9.67,1,1,1,1,1,0,0,1,0,0,0,1,0,1,1,0.857
2023,23.2,5.37,1,1,1,1,0,0,0,0,0,0,0,0,0,1,1,0.755
2023,15.0,19.39,1,1,0,1,1,0,0,0,1,1,0,1,0,1,1,0.862
2023,15.0,0.75,1,1,0,1,1,1,0,0,1,0,0,1,1,1,1,0.922
2023,18.4,10.94,0,0,0,0,0,0,0,0,0,1,1,0,0,1,0,0.257
2023,24.6,16.05,1,1,1,0,0,0,0,0,0,1,0,1,1,1,1,0.737
2023,17.0,1.71,1,0,0,0,1,0,0,1,0,0,0,0,0,1,0,0.404
2023,15.0,2.93,0,0,0,1,1,0,0,1,1,1,0,1,0,1,1,0.762
2023,22.4,20.61,1,0,1,0,1,0,0,0,0,0,0,1,0,1,1,0.549
2023,20.6,2.82,1,0,1,0,0,0,0,0,1,0,0,0,1,1,0,0.469
2023,20.3,9.88,1,1,1,1,1,0,0,0,1,1,0,0,0,1,1,0.896
2023,20.2,0.68,1,0,0,1,1,0,0,0,0,0,0,1,0,1,1,0.716
2023,17.1,0.9,0,0,0,0,1,0,0,0,0,0,0,1,0,1,0,0.396
2023,15.0,3.2,0,0,0,0,1,0,1,1,0,0,0,1,0,1,0,0.195
2023,22.5,2.56,1,1,1,1,0,0,0,1,0,1,0,1,0,1,1,0.831
2023,15.0,1.01,0,1,1,0,0,0,0,1,0,1,0,1,0,1,1,0.621
2023,18.7,22.15,1,1,1,1,1,1,1,0,0,0,1,0,0,1,1,0.829
2023,18.8,3.05,0,0,0,1,1,0,0,1,0,0,0,1,0,1,1,0.628
2023,20.8,1.18,1,1,0,1,0,0,0,0,0,1,1,0,0,1,1,0.716
2023,16.2,10.78,0,0,0,1,1,0,0,0,0,0,0,1,1,1,1,0.663
2023,19.8,2.66,0,0,0,0,0,0,0,0,0,0,0,0,0,1,0,0.409
2023,21.6,23.42,1,0,0,1,1,0,1,0,0,0,0,1,0,1,1,0.835
2023,19.8,30.0,0,0,0,0,0,0,0,1,1,0,0,0,0,1,0,0.253
2023,18.4,1.0,0,0,0,1,1,0,0,0,0,0,0,1,0,1,1,0.606
2023,15.0,1.3,0,1,0,1,1,1,0,0,1,0,0,1,0,1,1,0.826
2023,20.8,1.05,1,0,0,1,1,0,0,0,0,0,1,0,0,1,1,0.752
2023,21.9,1.71,1,1,0,0,1,0,0,0,1,0,0,1,0,1,1,0.541
2023,15.0,3.23,0,0,0,0,0,1,0,0,0,0,0,0,0,1,0,0.228
2023,16.3,6.61,1,0,0,0,1,0,1,0,1,0,0,1,0,1,0,0.412
2023,20.2,28.02,0,1,0,1,0,0,0,0,0,0,0,0,0,1,1,0.701
2023,15.0,6.91,1,1,0,1,1,0,0,1,0,0,0,0,0,1,1,0.74
2023,21.9,16.01,1,0,1,1,1,0,0,0,0,0,0,1,0,1,1,0.599
2023,15.0,1.78,1,0,0,0,0,0,0,1,0,0,0,1,0,1,0,0.179
2023,15.0,2.26,0,0,0,1,0,0,0,1,0,0,0,0,0,1,1,0.503
2023,21.0,17.49,0,0,0,1,0,0,0,0,0,0,0,0,0,1,1,0.546
2023,16.9,15.4,0,0,0,0,1,0,0,0,0,0,0,0,0,1,0,0.363
2023,21.2,30.0,0,0,0,0,0,0,0,0,0,1,0,1,1,1,0,0.281
2023,22.4,16.32,1,0,0,1,0,0,0,0,0,0,0,1,0,1,1,0.578
2023,23.4,1.18,1,0,1,1,0,0,0,0,1,1,0,0,0,1,1,0.656
2023,23.3,5.27,1,1,1,0,0,0,0,0,0,1,0,1,1,1,1,0.562
2023,15.0,4.99,1,1,1,0,0,0,0,0,1,0,0,0,1,1,0,0.464
2023,19.8,0.24,1,1,1,0,1,0,0,0,0,0,1,0,0,1,1,0.652
2023,23.1,30.0,1,0,0,1,1,0,0,0,0,0,0,0,0,1,1,0.629
2023,16.2,10.81,0,0,0,0,0,0,0,0,0,0,0,0,0,1,0,0.264
2023,23.4,3.43,1,1,0,0,1,0,0,0,0,0,0,1,0,1,0,0.332
2023,15.2,1.87,1,1,0,1,1,1,0,0,0,1,0,1,0,1,1,0.778
2023,17.7,2.11,0,0,0,0,0,0,0,0,0,0,0,0,0,1,0,0.302
2023,24.5,2.07,1,1,0,1,1,0,1,0,1,0,0,0,0,1,1,0.89
2023,21.3,1.46,1,1,0,0,1,1,0,0,0,0,0,0,0,1,1,0.628
2023,23.2,10.09,0,0,0,1,0,0,0,0,0,0,0,0,0,1,0,0.459
2023,15.0,4.21,0,1,0,0,0,0,0,1,0,0,0,0,0,1,0,0.314
2023,17.3,1.4,0,1,0,0,0,1,0,1,0,0,0,1,0,1,0,0.249
2023,23.2,11.78,0,0,0,0,0,0,0,0,0,0,0,0,0,1,0,0.198
2023,23.3,8.42,1,1,1,1,1,0,0,0,0,0,0,0,0,1,1,0.766
2023,15.0,1.92,0,0,0,0,0,0,0,1,0,0,0,1,0,1,0,0.172
2023,23.4,12.61,0,0,0,0,1,1,0,1,0,0,0,0,0,1,0,0.398
2023,23.3,3.39,0,1,1,0,0,0,0,1,0,0,0,1,0,1,0,0.4
2023,24.8,5.14,1,1,0,1,1,0,0,0,1,0,0,0,0,1,1,0.77
2023,19.6,10.28,1,1,0,0,1,0,0,0,0,0,0,1,0,1,0,0.443
2023,19.6,0.4,1,1,0,1,1,0,0,1,0,0,0,1,0,1,1,0.813
2023,15.0,2.02,1,0,0,0,0,0,0,0,0,0,0,0,0,1,0,0.352
2023,15.9,0.45,0,1,0,0,1,0,0,0,0,0,0,1,0,1,0,0.406
2023,18.2,7.81,0,0,0,0,0,0,0,0,0,0,0,1,0,1,0,0.175
2023,20.0,6.87,1,0,0,0,0,0,0,0,0,0,0,0,0,1,0,0.397
2023,20.7,1.04,1,0,0,0,1,0,0,0,0,0,0,0,0,1,1,0.52
2023,19.1,1.16,1,1,0,0,1,0,0,0,0,0,0,1,0,1,1,0.504
2023,18.2,0.37,0,0,0,0,0,0,0,0,0,0,0,1,0,1,0,0.232
2023,17.2,16.96,0,0,0,0,0,0,0,1,1,0,0,1,0,1,0,0.198
2023,19.9,9.82,0,0,0,0,0,0,0,0,0,0,0,0,0,1,0,0.287
2023,22.7,10.25,1,0,1,0,0,0,0,1,0,0,0,0,0,1,0,0.356
2023,18.2,1.95,0,0,0,1,0,0,0,1,0,0,0,0,0,1,1,0.588
2023,15.0,24.5,1,1,1,1,1,0,0,0,1,1,1,1,0,1,1,0.957
2023,22.7,8.0,0,0,0,0,1,0,0,1,0,0,0,0,0,1,0,0.258
2023,23.6,10.15,1,1,1,0,0,0,0,0,0,0,0,1,0,1,0,0.371
2023,22.9,4.13,0,0,1,1,0,0,0,1,0,0,0,0,0,1,0,0.489
2023,22.6,0.87,1,1,0,0,1,0,1,0,0,1,0,1,0,1,1,0.743
2023,20.9,4.85,0,0,0,0,0,0,1,0,0,1,0,1,0,1,0,0.263
2023,19.2,4.17,0,0,0,1,1,0,1,0,0,0,0,1,1,1,1,0.792
2023,24.7,30.0,1,1,0,1,0,0,0,0,1,0,0,0,0,1,1,0.738
2023,15.0,5.63,1,1,1,1,1,0,1,1,1,1,0,1,0,1,1,0.96
2023,20.5,0.56,1,0,1,0,0,0,0,1,0,0,0,1,0,1,1,0.515
2023,15.0,17.93,1,1,0,0,0,0,0,0,0,0,0,1,0,1,0,0.428
2023,15.0,24.76,0,0,0,0,0,0,0,0,0,1,0,0,0,1,0,0.283
2023,15.0,2.3,0,1,0,0,0,0,0,0,0,0,0,0,0,1,0,0.302
2023,15.0,2.64,0,0,0,0,1,0,0,0,1,0,0,0,0,1,0,0.369
2023,15.0,1.8,0,0,1,0,0,0,0,0,0,0,0,0,0,1,0,0.263
2023,15.0,23.97,1,1,1,1,1,0,0,0,0,0,1,1,0,1,1,0.898
2023,15.0,5.24,0,0,0,0,1,0,0,0,0,0,1,1,0,1,0,0.261
2023,15.0,4.67,1,1,0,0,0,0,0,1,0,0,1,0,0,1,0,0.389
2023,19.0,25.99,1,1,1,0,0,0,0,0,0,0,0,0,1,1,1,0.512
2023,22.8,2.93,0,1,0,1,1,0,0,0,0,1,0,0,0,1,1,0.824
2023,15.8,3.9,1,0,0,1,1,0,0,0,0,0,0,0,0,1,1,0.764
2023,15.0,6.02,1,0,0,0,0,0,1,0,0,0,0,1,0,1,0,0.302
2023,24.9,1.05,1,1,0,0,1,0,0,0,0,0,0,0,0,1,0,0.301
2023,22.3,7.68,1,0,0,1,0,1,0,1,1,0,0,0,0,1,1,0.747
2023,16.2,9.32,1,1,1,0,1,0,0,0,0,0,0,1,1,1,1,0.618
2023,15.5,1.86,1,0,0,1,1,0,0,0,0,0,1,1,0,1,1,0.766
2023,15.0,30.0,0,0,1,0,0,0,0,0,0,0,0,1,0,1,0,0.353
2023,15.0,8.03,0,1,0,0,1,0,0,0,0,0,0,1,0,1,0,0.29
2023,23.2,5.14,0,0,0,0,1,0,0,0,0,0,0,0,0,1,0,0.296
2023,15.0,1.1,1,0,1,0,1,0,0,0,1,0,0,1,1,1,1,0.562
2023,23.1,26.13,1,1,1,1,1,1,0,0,0,0,0,0,0,1,1,0.87
2023,24.6,5.4,0,0,0,0,0,0,0,0,0,0,0,0,0,1,0,0.318
2023,15.0,1.57,1,0,0,1,1,0,1,0,0,0,0,0,0,1,1,0.856
2023,24.8,1.76,1,0,0,1,1,0,0,0,0,0,0,0,0,1,1,0.75
2023,21.8,3.38,0,0,0,0,0,0,0,0,0,0,0,0,0,1,0,0.258
2023,18.5,6.48,0,1,1,0,0,0,0,0,0,0,0,1,1,1,0,0.394
2023,15.0,5.62,1,0,1,0,0,0,0,0,0,0,1,1,0,1,0,0.49
2023,15.7,2.2,1,1,1,1,1,1,1,0,1,1,0,0,0,1,1,0.924
2023,15.0,1.44,1,0,0,0,1,0,0,0,1,0,0,0,0,1,0,0.387
2023,15.0,19.83,1,1,0,1,0,0,0,1,0,1,0,0,0,1,1,0.896
2023,15.0,4.4,1,1,0,1,0,0,0,0,0,0,0,0,0,1,1,0.724
2023,24.6,1.54,0,0,0,0,0,0,0,0,0,0,0,1,1,1,0,0.285
2023,15.0,4.8,1,1,1,1,1,0,0,0,0,0,0,0,0,1,1,0.764
2023,19.0,1.12,1,1,1,0,0,1,0,0,0,0,0,1,0,1,1,0.648
2023,15.0,1.2,1,1,1,1,1,1,1,0,1,1,0,0,0,1,1,0.837
2023,15.0,25.87,0,1,0,1,1,0,0,0,1,0,0,0,0,1,1,0.739
2023,15.0,2.82,0,0,0,1,0,0,0,0,0,0,0,0,0,1,1,0.516
2023,22.4,6.47,1,1,0,1,0,0,1,1,0,0,0,0,0,1,1,0.837
2023,23.9,14.64,0,1,1,1,1,0,0,1,0,0,0,1,0,1,1,0.681
2023,20.3,2.82,0,0,0,1,1,0,0,0,0,0,0,0,0,1,0,0.452
2023,15.0,5.42,0,0,0,0,0,0,0,1,1,0,0,0,0,1,0,0.233
2023,15.8,4.46,1,1,0,1,1,0,1,0,1,1,0,0,0,1,1,0.891
2023,24.9,1.18,1,1,0,0,0,1,0,1,1,0,0,1,0,1,0,0.345
2023,15.0,30.0,1,1,0,0,0,0,0,0,0,0,0,0,0,1,0,0.46
2023,21.4,2.45,0,0,0,0,0,0,0,0,0,0,0,0,0,1,0,0.324
2023,20.1,30.0,1,1,0,0,0,0,0,0,0,0,0,0,0,1,0,0.38
2023,17.9,1.52,1,0,0,1,1,0,0,1,0,0,0,0,0,1,1,0.668
2023,24.2,3.99,0,1,0,1,1,0,0,0,0,0,0,1,1,1,1,0.776
2023,15.0,2.75,1,1,0,0,1,0,0,0,0,0,0,0,0,1,1,0.504
2023,20.2,0.47,1,1,0,1,0,0,0,0,0,0,0,0,0,1,1,0.664
2023,21.9,3.2,0,1,0,0,0,0,0,1,0,0,0,0,0,1,0,0.275
2023,18.0,6.65,1,1,1,1,0,0,1,0,1,0,0,0,1,1,1,0.919
2023,18.9,3.01,1,1,0,1,1,0,0,1,1,0,1,1,0,1,1,0.837
2023,16.2,1.65,1,1,0,0,0,0,0,1,0,0,0,1,0,1,0,0.356
2023,15.2,1.55,0,0,0,1,0,0,0,1,0,0,0,1,0,1,1,0.693
2023,21.0,6.2,1,1,0,0,0,0,0,0,0,0,0,0,0,1,0,0.427
2023,16.2,3.07,1,0,0,1,1,0,0,0,0,0,1,1,0,1,1,0.791
2023,15.0,1.66,1,0,0,0,1,0,0,0,0,0,0,0,0,1,0,0.431
2023,20.6,7.22,1,1,0,1,1,1,0,1,1,0,0,1,0,1,1,0.87
2023,15.0,1.09,1,1,1,0,1,0,0,0,0,0,0,0,0,1,1,0.673
2023,23.6,9.61,1,0,0,0,1,0,1,0,0,1,0,1,0,1,1,0.549
2023,15.0,9.88,1,1,1,1,1,0,0,0,0,0,0,1,0,1,1,0.86
2023,18.5,30.0,0,0,1,1,1,0,0,1,0,0,0,0,0,1,1,0.707
2023,15.0,2.3,0,0,0,1,1,0,0,0,0,0,0,1,0,1,1,0.541
2023,19.7,13.99,0,0,0,0,0,0,0,0,0,0,0,0,0,1,0,0.266
2023,23.8,2.17,1,0,0,1,0,0,0,0,0,0,0,1,0,1,1,0.687
2023,19.2,5.48,1,0,0,1,1,0,0,0,0,0,0,1,0,1,1,0.725
2023,23.2,19.05,1,1,0,1,1,1,1,1,1,0,1,1,1,1,1,0.957
2023,15.0,5.66,1,1,1,1,1,0,0,1,0,1,0,1,0,1,1,0.918
2023,15.0,5.79,1,1,1,0,1,0,0,0,1,0,1,1,0,1,1,0.686
2023,20.7,12.44,1,0,1,1,1,0,0,0,0,0,0,0,1,1,1,0.617
2023,24.8,7.42,0,0,0,1,1,0,0,0,0,0,0,1,0,1,1,0.648
2023,21.5,13.78,1,0,1,0,1,0,0,1,0,1,0,1,0,1,1,0.688
2023,22.0,1.23,1,1,1,1,1,0,0,0,1,1,1,1,1,1,1,0.876
2023,15.0,24.0,1,1,1,0,1,0,0,0,1,0,0,1,0,1,1,0.64
2023,19.8,0.41,1,1,0,0,0,0,0,0,0,0,0,1,0,1,1,0.546
2023,15.0,3.61,1,0,0,1,1,0,0,0,0,0,0,0,0,1,1,0.731
2023,24.5,3.75,1,0,1,1,1,0,0,1,0,0,0,0,0,1,1,0.645
2023,23.5,2.23,1,1,1,1,1,0,0,1,0,1,0,0,1,1,1,0.787
2023,24.2,4.3,1,1,0,1,1,0,0,0,0,0,0,0,0,1,1,0.752
2023,15.9,8.32,0,1,0,1,0,0,0,0,0,0,1,1,0,1,1,0.665
2023,18.6,1.32,1,0,1,0,0,0,0,1,0,0,0,1,0,1,0,0.349
2023,17.5,2.32,1,0,1,0,1,0,0,1,0,0,0,1,0,1,0,0.397
2023,15.0,2.24,0,1,1,1,1,1,1,0,0,0,0,0,0,1,1,0.741
2023,15.0,6.39,1,1,1,0,1,0,0,0,0,0,0,0,1,1,1,0.601
2023,23.4,17.48,1,1,1,1,1,0,0,1,1,0,0,1,0,1,1,0.872
2023,15.0,3.04,1,0,0,0,0,1,0,1,0,1,0,1,0,1,0,0.263
2023,15.0,2.96,1,1,0,1,1,0,0,1,0,1,0,0,0,1,1,0.826
2023,16.8,4.15,1,0,0,0,0,0,0,0,0,0,0,1,0,1,0,0.384
2023,16.0,1.83,1,1,0,0,0,0,0,0,0,0,0,1,0,1,0,0.349
2023,18.4,17.57,0,1,0,0,1,0,0,0,0,0,0,0,0,1,1,0.505
2023,20.7,8.69,1,1,0,1,1,0,0,0,0,0,0,1,0,1,1,0.704
2023,22.2,30.0,1,1,0,0,1,0,0,0,0,0,0,0,0,1,1,0.509
2023,24.7,0.73,1,0,0,0,1,0,0,0,0,0,0,1,0,1,0,0.294
2023,15.6,2.54,1,0,1,1,1,0,0,0,1,1,0,0,1,1,1,0.876
2023,18.7,4.96,1,1,1,0,1,0,0,1,1,1,1,1,0,1,1,0.757
2023,23.1,5.77,0,0,0,0,1,0,0,0,0,0,0,0,0,1,0,0.299
2023,15.0,0.13,1,0,0,0,0,1,0,1,1,0,0,1,0,1,1,0.539
2023,15.6,1.68,0,1,0,0,0,0,0,1,0,0,0,1,0,1,0,0.232
2023,24.4,1.11,1,1,0,1,1,1,0,0,1,0,0,0,0,1,1,0.691
2023,19.8,1.41,0,1,0,1,1,1,0,1,1,0,0,0,1,1,1,0.861
2023,23.0,0.74,1,1,0,1,1,0,1,1,0,0,1,1,0,1,1,0.616
2023,15.0,13.83,1,1,1,1,0,0,0,1,1,0,0,1,0,1,1,0.881
2023,15.0,6.55,0,0,0,0,0,0,0,1,1,0,1,1,0,1,0,0.169
2023,15.0,15.4,0,1,0,1,1,0,0,0,0,0,0,1,0,1,1,0.533
2023,15.0,0.1,1,1,0,0,0,0,0,1,0,0,0,1,0,1,0,0.48
2023,23.5,30.0,0,1,0,0,0,0,0,0,0,0,0,0,0,1,0,0.384
2023,15.0,3.02,0,0,0,0,0,0,0,0,0,0,0,0,0,1,0,0.281
2023,24.9,2.43,1,0,0,1,1,0,0,0,0,0,0,1,0,1,1,0.717
2023,17.8,1.52,1,1,1,1,0,0,0,0,0,0,0,0,1,1,1,0.827
2023,15.0,4.29,1,0,0,0,0,0,0,0,0,0,0,0,1,1,0,0.38
2023,15.0,13.28,1,1,0,0,1,0,0,0,0,0,0,1,0,1,0,0.464
2023,15.0,4.13,1,1,0,1,0,0,0,0,0,0,0,0,0,1,1,0.85
2023,18.5,2.44,1,0,0,0,1,1,0,0,1,0,0,0,1,1,1,0.58
2023,24.2,2.23,1,0,0,1,1,0,0,0,0,0,0,0,0,1,1,0.661
2023,19.6,2.77,0,1,1,0,1,0,0,1,1,1,1,1,0,1,1,0.806
2023,17.1,7.44,1,1,0,1,1,0,1,0,0,1,0,0,0,1,1,0.92
2023,19.2,8.47,1,1,0,0,0,0,0,0,0,0,0,0,0,1,0,0.484
2023,16.0,1.53,0,0,0,0,0,0,0,1,0,0,0,0,0,1,0,0.234
2023,15.0,8.56,1,1,0,1,1,0,0,0,1,1,1,0,0,1,1,0.907
2023,15.0,1.62,1,1,1,1,0,0,0,1,0,1,0,1,0,1,1,0.891
2023,19.1,2.03,1,1,0,0,0,0,0,0,0,0,0,0,0,1,0,0.387
2023,15.0,3.79,0,1,0,1,1,0,0,1,0,1,0,1,0,1,1,0.775
2023,15.0,8.46,1,0,0,0,1,0,0,1,0,1,0,0,1,1,1,0.556
2023,20.1,8.46,1,1,0,0,1,0,0,0,0,0,0,0,0,1,0,0.457
2023,18.4,30.0,1,1,0,1,1,1,0,0,0,0,0,1,0,1,1,0.872
2023,24.8,0.05,1,1,0,1,1,0,0,0,0,0,0,1,0,1,1,0.84
2023,17.2,23.05,1,1,0,0,0,0,0,0,1,0,0,0,0,1,0,0.389
2023,24.9,4.67,1,0,1,1,1,0,0,0,1,0,1,1,0,1,1,0.864
2023,20.6,2.92,1,0,0,1,1,1,0,1,0,0,0,1,0,1,1,0.725
2023,15.0,2.83,1,1,0,0,0,0,0,0,0,0,0,1,0,1,0,0.422
2023,15.0,0.73,1,0,0,1,0,0,0,0,0,0,0,0,0,1,1,0.747
2023,20.5,3.85,1,0,1,0,1,0,0,1,0,1,0,1,0,1,1,0.58
2023,15.0,30.0,1,0,1,1,1,0,0,1,0,0,1,1,0,1,1,0.865
2023,19.3,1.07,1,1,0,1,1,1,0,0,1,0,1,1,0,1,1,0.911
2023,18.5,2.18,0,1,0,0,1,0,0,0,0,0,0,0,1,1,0,0.394
2023,22.9,30.0,1,1,1,1,1,0,0,0,0,1,0,0,0,1,1,0.847
2023,18.3,8.49,0,0,1,0,1,0,0,0,0,0,0,0,0,1,0,0.429
2023,17.2,25.37,0,1,0,1,0,0,0,1,0,0,0,0,0,1,1,0.572
2023,16.9,30.0,0,0,1,0,0,0,0,1,0,0,0,0,0,1,0,0.359
2023,15.7,2.94,0,0,0,0,0,0,0,0,1,0,0,0,0,1,0,0.393
2023,20.2,5.06,1,1,0,1,1,0,0,1,0,1,0,0,0,1,1,0.708
2023,21.8,2.45,1,0,0,0,0,0,0,0,0,0,0,0,0,1,0,0.332
2023,18.6,12.44,0,1,0,0,0,0,0,1,0,0,0,0,0,1,0,0.252
2023,20.3,7.15,1,0,0,0,0,0,0,1,0,1,0,0,0,1,0,0.343
2023,16.4,1.55,1,1,0,1,1,0,0,0,0,0,0,0,0,1,1,0.812
2023,15.0,5.97,1,0,0,0,0,0,0,0,0,1,0,1,0,1,0,0.427
2023,22.8,4.55,1,0,0,1,1,0,0,1,0,0,0,0,0,1,1,0.544
2023,22.0,0.33,0,0,0,0,0,0,0,0,0,0,0,0,0,1,0,0.184
2023,23.3,1.18,0,0,0,0,0,0,0,0,1,0,1,1,0,1,0,0.224
2023,24.9,8.13,0,0,0,0,0,0,0,0,0,0,1,1,0,1,0,0.189
2023,22.6,6.99,1,1,0,0,1,0,0,0,1,1,0,1,0,1,1,0.689
2023,15.8,28.62,1,1,1,1,0,0,0,0,0,0,0,0,0,1,1,0.872
2023,22.6,1.54,1,1,1,0,0,0,0,0,0,0,0,0,0,1,0,0.499
2023,15.0,30.0,1,0,1,0,1,0,0,1,0,0,0,0,0,1,0,0.433
2023,19.7,10.82,1,0,0,0,0,0,0,0,0,0,1,0,0,1,1,0.579
2023,15.8,5.93,1,1,1,1,1,0,0,1,1,0,0,0,0,1,1,0.869
2023,22.5,2.56,1,1,0,1,1,0,1,1,1,0,0,0,0,1,1,0.881
2024,24.1,4.54,1,0,1,1,1,0,0,1,1,0,0,0,0,1,1,0.563
2024,24.3,11.65,0,1,0,0,1,0,0,1,0,0,0,0,0,1,0,0.437
2024,15.0,2.52,1,1,1,1,1,0,1,0,1,0,0,0,0,1,1,0.935
2024,15.0,5.76,0,0,0,1,1,0,0,1,0,0,0,0,0,1,1,0.602
2024,19.6,30.0,1,1,1,0,0,0,0,0,0,0,0,0,0,1,0,0.439
2024,16.8,1.44,1,0,0,1,1,0,0,0,0,0,0,1,0,1,1,0.696
2024,15.0,20.83,1,1,0,1,1,0,0,0,1,1,1,0,0,1,1,0.929
2024,19.1,8.72,1,0,0,0,1,0,0,0,0,0,0,0,0,1,0,0.353
2024,15.0,9.98,1,0,0,0,1,0,0,0,0,0,0,0,0,1,0,0.347
2024,15.0,9.82,1,0,1,0,0,1,0,0,1,0,0,0,0,1,0,0.408
2024,18.2,10.1,0,0,1,0,1,0,0,1,0,0,0,1,0,1,0,0.451
2024,15.0,14.14,1,0,1,1,1,0,0,0,1,0,0,1,0,1,1,0.797
2024,17.8,3.39,1,1,1,1,1,0,0,1,0,0,1,1,1,1,1,0.918
2024,21.5,10.17,1,1,0,0,1,0,0,0,0,0,0,1,0,1,0,0.477
2024,20.9,30.0,1,1,0,1,1,0,0,1,0,1,0,0,0,1,1,0.772
2024,15.0,5.86,1,1,1,1,1,0,1,1,1,1,0,1,0,1,1,0.96
2024,15.0,4.56,1,1,1,1,1,0,0,1,0,0,0,0,1,1,1,0.807
2024,20.3,1.04,1,1,1,1,1,0,0,0,0,0,0,0,0,1,1,0.802
2024,15.0,5.36,1,0,1,1,1,0,0,0,0,0,0,1,0,1,1,0.761
2024,19.0,24.24,1,0,0,1,1,0,0,1,1,0,0,0,0,1,1,0.788
2024,16.5,7.51,1,1,1,1,1,0,0,1,0,0,0,1,0,1,1,0.874
2024,15.0,1.65,1,1,1,1,1,0,1,0,1,1,0,0,0,1,1,0.955
2024,23.4,8.33,1,1,0,0,0,0,1,0,0,0,0,1,0,1,0,0.33
2024,22.4,30.0,0,0,0,1,0,0,0,1,0,0,0,1,0,1,1,0.533
2024,20.5,4.39,1,1,0,1,1,0,0,0,0,1,1,0,0,1,1,0.841
2024,15.0,24.07,1,0,0,0,0,0,0,0,0,0,0,1,0,1,0,0.319
2024,18.5,7.46,1,1,1,0,1,0,0,0,1,0,0,1,0,1,1,0.659
2024,15.0,1.02,0,0,0,1,1,0,0,1,0,0,0,0,1,1,1,0.615
2024,21.4,2.26,0,0,1,0,0,0,0,1,0,0,0,0,1,1,0,0.331
2024,15.0,30.0,1,1,1,1,1,0,0,1,0,0,0,0,0,1,1,0.825
2024,15.0,2.78,1,1,0,1,1,1,0,1,0,0,1,0,1,1,1,0.918
2024,21.8,30.0,1,1,0,0,0,0,0,0,0,0,0,1,0,1,0,0.409
2024,15.0,6.04,0,0,0,0,0,0,0,0,0,0,0,0,0,1,0,0.293
2024,21.2,30.0,1,1,0,1,0,0,0,0,0,0,0,0,0,1,1,0.726
2024,15.0,1.07,0,0,0,0,1,0,0,0,0,1,0,1,0,1,0,0.422
2024,20.7,7.65,0,1,0,1,1,0,0,0,1,1,1,1,0,1,1,0.868
2024,18.1,16.79,1,1,1,0,0,0,0,0,1,0,0,1,0,1,1,0.645
2024,15.0,11.48,0,0,0,0,0,1,0,0,0,0,1,0,0,1,0,0.253
2024,15.0,4.76,0,0,0,0,1,0,0,0,0,0,0,0,1,1,0,0.278
2024,19.3,6.16,0,0,0,0,0,0,0,0,0,0,0,0,0,1,0,0.338
2024,21.2,11.12,1,1,1,1,0,1,0,0,1,0,0,0,0,1,1,0.749
2024,22.2,30.0,0,0,1,0,1,0,0,0,0,0,0,1,0,1,0,0.352
2024,15.0,8.14,1,1,1,1,0,1,0,0,0,0,0,0,0,1,1,0.747
2024,17.0,1.9,1,1,1,1,1,0,0,0,0,1,0,0,1,1,1,0.794
2024,17.0,17.79,1,1,0,0,1,0,0,0,0,0,1,0,0,1,1,0.583
2024,18.6,4.0,1,0,1,0,0,0,0,0,1,0,0,1,1,1,0,0.464
2024,15.0,30.0,1,1,1,0,1,0,1,0,0,1,1,0,0,1,1,0.708
2024,15.0,9.3,1,0,0,0,0,0,0,0,0,0,0,0,0,1,0,0.337
2024,15.9,30.0,0,1,1,1,1,1,0,0,0,0,0,1,0,1,1,0.92
2024,23.1,3.3,0,0,0,0,0,0,0,0,0,0,1,0,0,1,0,0.258
2024,15.0,2.34,0,0,1,0,0,0,0,0,0,0,0,0,0,1,0,0.37
2024,15.0,10.22,1,0,0,1,1,0,0,0,0,0,0,1,0,1,1,0.703
2024,20.7,12.33,1,1,0,0,1,0,0,1,1,0,0,0,0,1,0,0.409
2024,15.0,2.09,0,1,1,0,0,0,0,0,0,1,1,0,0,1,1,0.666
2024,15.0,1.22,1,1,0,1,0,1,0,1,1,1,0,0,0,1,1,0.681
2024,18.0,6.94,1,1,0,1,1,1,0,1,0,0,0,0,0,1,1,0.741
2024,18.6,9.2,1,1,1,1,1,0,0,0,0,0,1,1,0,1,1,0.796
2024,15.0,8.18,1,1,0,1,0,0,0,0,1,0,0,0,0,1,1,0.756
2024,15.3,30.0,0,0,0,1,0,0,0,0,0,1,0,0,0,1,1,0.574
2024,15.6,4.49,1,1,0,0,1,0,0,0,0,1,1,1,0,1,1,0.568
2024,22.6,4.5,1,1,1,0,0,0,0,1,1,0,0,0,0,1,0,0.461
2024,15.0,16.02,1,0,0,1,0,1,0,0,1,0,0,0,0,1,0,0.468
2024,15.0,15.92,1,1,0,1,1,0,0,1,1,0,1,1,0,1,1,0.749
2024,15.0,19.92,1,0,1,0,0,0,0,1,0,0,0,1,0,1,1,0.506
2024,16.0,23.25,1,1,1,0,0,0,1,0,0,0,0,0,1,1,0,0.454
2024,15.2,30.0,0,0,0,0,1,0,0,1,0,0,0,0,0,1,0,0.283
2024,16.9,6.48,1,1,0,0,1,0,0,0,0,1,0,1,1,1,1,0.54
2024,15.7,4.87,0,0,0,0,1,0,0,0,0,0,0,0,0,1,0,0.333
2024,15.0,8.04,1,0,0,0,1,0,0,0,1,0,0,0,0,1,0,0.434
2024,16.0,22.43,0,0,1,1,1,0,0,0,0,0,0,1,0,1,1,0.753
2024,21.1,6.09,1,1,0,1,1,0,0,1,0,1,0,0,1,1,1,0.772
2024,24.2,12.6,1,1,0,1,1,0,0,0,1,1,1,1,0,1,1,0.859
2024,15.0,1.22,1,1,1,0,1,0,0,1,1,0,0,0,1,1,1,0.64
2024,15.0,20.75,1,1,0,1,1,0,0,0,1,1,0,1,0,1,1,0.874
2024,15.0,12.96,0,0,0,0,0,0,0,0,0,1,0,0,0,1,0,0.337
2024,18.8,6.3,1,1,1,1,1,0,0,1,1,0,0,0,0,1,1,0.837
2024,19.0,3.77,1,1,0,1,1,0,0,0,1,1,1,1,0,1,1,0.894
2024,21.8,0.84,1,0,1,1,1,0,0,1,1,0,1,1,0,1,1,0.834
2024,15.0,8.09,1,0,1,0,1,1,0,0,0,0,0,0,0,1,0,0.346
2024,24.8,9.28,1,0,0,0,0,0,0,0,0,0,0,0,0,1,0,0.315
2024,22.3,30.0,1,1,0,1,1,0,0,0,0,0,1,0,0,1,1,0.86
2024,15.6,5.41,1,1,1,0,1,0,0,0,0,0,0,0,1,1,1,0.614
2024,18.2,30.0,1,1,1,0,0,0,0,0,0,0,0,0,0,1,0,0.49
2024,18.6,6.15,0,0,0,0,0,0,0,1,0,0,0,0,0,1,0,0.275
2024,20.9,5.38,0,0,0,0,0,0,0,0,1,0,0,0,0,1,0,0.29
2024,19.3,5.23,1,0,0,0,0,0,0,0,0,0,0,0,1,1,0,0.328
2024,18.1,0.32,1,1,0,0,1,0,0,1,1,0,0,1,1,1,1,0.639
2024,20.3,9.22,1,1,1,1,0,0,0,0,1,0,0,1,0,1,1,0.832
2024,19.0,9.87,1,0,1,0,0,0,0,0,0,0,0,1,1,1,0,0.367
2024,18.7,10.19,1,1,0,0,1,0,0,0,0,0,0,0,0,1,1,0.52
2024,21.4,6.78,1,1,1,0,1,0,0,0,0,0,0,0,1,1,1,0.597
2024,20.4,30.0,0,0,0,0,0,0,0,0,0,0,0,0,0,1,0,0.324
2024,17.6,4.14,1,1,0,0,1,0,0,1,0,0,1,1,0,1,1,0.639
2024,15.0,11.33,0,1,1,1,1,1,0,1,1,0,0,1,0,1,1,0.902
2024,16.4,6.71,1,1,0,0,1,0,0,0,0,0,0,0,0,1,0,0.48
2024,15.2,1.25,1,1,0,1,1,0,0,1,0,0,0,0,0,1,1,0.807
2024,15.7,2.53,0,0,0,1,1,0,0,1,0,0,0,0,0,1,1,0.617
2024,15.0,4.26,0,0,0,0,0,0,0,0,0,0,0,0,0,1,0,0.297
2024,15.0,7.61,1,1,1,0,1,0,0,0,0,0,0,0,0,1,1,0.659
2024,18.0,4.75,1,0,1,0,1,0,0,1,0,0,0,0,0,1,1,0.533
2024,22.1,1.84,1,0,1,1,1,1,0,0,0,0,1,1,1,1,1,0.937
2024,21.7,2.33,1,0,0,0,0,0,0,0,0,0,0,0,0,1,0,0.371
2024,20.5,10.07,0,0,0,1,1,0,0,0,0,0,0,0,0,1,1,0.575
2024,23.2,30.0,1,1,1,0,1,0,0,0,0,0,0,0,1,1,1,0.594
2024,20.4,11.33,0,0,0,0,0,0,0,0,0,0,1,0,0,1,0,0.285
2024,19.7,11.84,1,1,0,1,1,1,0,0,1,0,0,0,0,1,1,0.838
2024,18.7,1.15,1,1,1,1,1,1,0,0,0,0,0,0,1,1,1,0.852
2024,15.0,1.47,1,1,0,1,1,0,0,1,0,1,0,1,0,1,1,0.812
2024,20.8,7.47,0,1,0,1,1,0,0,0,0,1,0,0,0,1,1,0.751
2024,15.0,6.12,1,0,0,1,1,0,0,0,0,1,0,0,0,1,1,0.807
2024,17.8,2.67,1,1,1,1,1,0,0,0,0,0,0,0,0,1,1,0.829
2024,17.7,1.18,0,0,0,0,0,0,0,1,0,0,0,1,0,1,0,0.252
2024,15.0,11.29,1,0,1,0,1,0,1,0,1,0,0,1,0,1,1,0.572
2024,15.0,3.21,1,0,0,1,1,0,0,1,0,0,0,0,0,1,1,0.721
2024,16.9,20.08,1,0,0,1,0,0,0,0,0,0,0,1,0,1,1,0.627
2024,24.1,1.68,1,1,1,1,1,1,0,0,0,1,0,1,0,1,1,0.846
2024,23.0,8.23,0,0,0,0,0,0,0,0,0,0,1,1,0,1,0,0.16
2024,16.4,30.0,0,0,0,1,1,0,0,1,0,0,0,0,0,1,1,0.731
2024,17.7,1.07,1,1,0,1,1,0,0,1,0,0,0,0,1,1,1,0.796
2024,21.1,6.56,0,1,1,1,1,0,0,0,0,0,0,0,0,1,1,0.789
2024,17.0,17.23,0,0,1,1,0,0,0,0,0,0,0,1,0,1,0,0.488
2024,15.0,20.42,1,1,0,1,0,0,0,0,0,0,0,1,0,1,1,0.868
2024,18.0,6.25,1,1,0,1,1,0,0,0,0,0,0,0,0,1,1,0.749
2024,23.9,30.0,0,0,0,0,0,0,0,0,0,0,0,1,0,1,0,0.267
2024,15.0,7.88,1,1,0,1,1,0,0,0,0,0,0,1,0,1,1,0.781
2024,23.1,5.94,1,1,0,1,1,1,1,1,0,0,0,0,0,1,1,0.882
2024,15.0,7.2,1,0,0,0,0,0,0,0,0,0,0,1,0,1,0,0.274
2024,15.0,6.55,0,0,1,1,0,0,0,0,0,0,0,1,0,1,1,0.664
2024,15.5,3.98,1,1,0,1,1,0,0,0,0,0,0,0,0,1,1,0.838
2024,23.2,7.55,0,1,0,0,0,0,0,0,0,0,1,0,0,1,0,0.359
2024,15.0,7.6,0,0,1,1,1,0,0,1,0,0,0,1,0,1,1,0.681
2024,23.8,14.35,1,1,1,0,1,0,0,0,1,1,1,0,1,1,1,0.756
2024,23.1,3.12,1,1,0,1,0,0,0,0,0,1,0,1,0,1,1,0.801
2024,16.7,8.96,1,0,0,0,0,0,0,1,0,1,1,1,0,1,0,0.467
2024,18.1,9.74,1,1,0,0,1,0,0,1,0,0,0,0,0,1,0,0.458
2024,15.0,2.66,1,1,1,0,1,0,0,0,1,0,1,0,1,1,1,0.785
2024,15.0,16.97,1,1,0,0,0,0,0,0,1,0,0,0,1,1,0,0.488
2024,15.0,1.11,0,0,0,1,0,0,0,1,0,0,0,1,0,1,1,0.661
2024,15.0,3.14,0,1,1,1,1,0,0,0,0,0,0,1,0,1,1,0.806
2024,22.2,5.13,1,1,0,0,0,0,0,0,1,0,0,0,1,1,1,0.525
2024,15.3,0.56,0,0,0,0,0,0,0,0,0,1,0,0,0,1,0,0.299
2024,19.1,2.59,1,1,0,0,0,0,0,1,0,0,0,1,0,1,0,0.47
2024,21.2,30.0,0,0,0,0,1,0,0,0,0,1,0,0,0,1,0,0.323
2024,19.7,6.71,1,0,1,1,1,0,0,0,1,0,0,0,0,1,1,0.779
2024,15.0,1.01,1,0,0,1,1,0,0,1,0,0,0,1,0,1,1,0.708
2024,24.7,4.16,0,1,0,0,0,0,0,0,0,1,0,0,0,1,0,0.259
2024,22.6,1.65,1,0,1,1,1,0,0,1,1,0,1,0,0,1,1,0.825
2024,20.5,5.83,1,1,1,0,1,0,0,0,0,0,0,1,0,1,1,0.564
2024,15.0,30.0,0,0,1,0,0,0,0,0,0,0,0,0,0,1,0,0.392
2024,15.0,14.18,1,1,0,1,1,0,0,0,0,0,0,1,1,1,1,0.832
2024,15.0,30.0,0,0,0,0,0,0,0,1,0,0,0,1,0,1,0,0.249
2024,23.8,0.5,1,0,0,0,0,0,0,0,0,0,0,0,0,1,0,0.452
2024,15.0,6.24,1,1,1,1,1,0,0,0,0,0,0,0,0,1,1,0.864
2024,15.0,14.44,1,1,0,1,1,0,0,1,0,0,0,0,0,1,1,0.726
2024,15.0,30.0,1,1,0,0,1,0,0,1,0,1,0,1,0,1,1,0.562
2024,18.1,3.44,1,1,1,1,1,0,0,1,0,1,1,1,0,1,1,0.9
2024,18.2,10.11,0,0,0,0,1,0,0,0,0,0,0,1,0,1,0,0.253
2024,24.8,10.97,0,1,0,1,0,0,0,0,0,0,0,0,0,1,0,0.426
2024,15.0,20.98,1,1,0,1,1,0,0,1,0,0,0,0,0,1,1,0.82
2024,22.5,1.43,0,0,0,1,1,0,0,0,0,0,0,1,0,1,1,0.573
2024,15.0,2.08,0,0,0,0,1,0,0,0,1,0,0,0,0,1,0,0.257
2024,20.5,4.07,1,1,1,0,1,0,0,0,0,0,0,1,0,1,1,0.681
2024,24.8,19.31,0,1,1,1,0,0,0,0,1,1,0,0,0,1,0,0.412
2024,15.0,1.2,1,1,0,0,0,0,0,0,0,0,0,0,0,1,1,0.521
2024,19.9,11.49,0,0,0,0,1,0,0,0,0,0,0,1,0,1,0,0.262
2024,15.0,5.45,0,0,0,0,0,0,0,0,0,0,0,1,0,1,0,0.281
2024,20.7,10.59,1,1,1,0,0,1,0,0,0,0,0,0,0,1,0,0.443
2024,21.3,9.46,1,1,1,0,1,0,0,0,1,0,0,0,1,1,1,0.614
2024,19.5,30.0,1,1,1,1,1,0,0,0,1,1,0,1,1,1,1,0.837
2024,21.8,0.11,1,1,0,1,0,0,0,1,0,0,0,0,0,1,1,0.636
2024,18.6,8.8,1,1,1,1,1,0,1,1,0,1,0,1,0,1,1,0.93
2024,15.0,30.0,1,0,1,0,1,0,0,0,0,0,0,0,0,1,0,0.421
2024,24.4,0.93,0,0,0,0,0,0,1,0,1,1,0,0,0,1,0,0.422
2024,24.1,25.91,0,0,0,0,0,0,0,0,0,0,0,1,0,1,0,0.355
2024,19.2,4.55,1,1,0,1,1,0,0,0,1,0,0,1,0,1,1,0.748
2024,15.0,5.82,1,1,1,1,1,0,0,0,1,1,1,1,0,1,1,0.956
2024,22.6,30.0,0,1,0,0,0,0,0,0,0,0,0,1,0,1,0,0.366
2024,22.7,5.45,0,1,0,0,0,0,0,1,0,0,0,1,0,1,0,0.298
2024,17.3,4.02,0,1,0,0,0,0,0,0,0,0,0,0,0,1,0,0.434
2024,15.0,10.23,1,1,1,1,1,1,0,1,1,0,0,1,1,1,1,0.941
2024,16.6,7.45,0,0,0,0,0,0,0,1,0,0,0,0,0,1,0,0.314
2024,23.1,9.94,0,1,1,0,1,0,0,0,0,0,0,1,0,1,0,0.458
2024,22.0,15.97,1,1,0,0,1,0,0,0,0,0,0,0,0,1,0,0.474
2024,15.0,0.49,0,1,0,0,1,1,0,0,1,0,0,0,0,1,0,0.388
2024,15.0,30.0,0,0,1,1,1,0,0,0,0,0,0,1,1,1,1,0.721
2024,22.4,9.59,1,0,0,1,1,0,0,0,0,0,0,1,0,1,1,0.658
2024,15.0,8.64,1,1,0,0,1,0,0,1,0,1,0,1,0,1,1,0.625
2024,24.6,13.32,0,0,0,1,1,0,0,0,0,0,0,0,0,1,1,0.63
2024,21.6,5.98,1,1,0,1,1,0,0,0,0,1,1,1,0,1,1,0.895
2024,18.0,30.0,1,1,1,1,1,0,0,0,0,0,0,0,1,1,1,0.807
2024,15.0,30.0,1,0,0,1,1,0,0,0,1,0,0,1,0,1,1,0.716
2024,15.0,6.73,1,0,0,0,0,1,0,0,1,0,0,0,0,1,0,0.322
2024,20.8,7.42,1,0,0,0,1,0,0,1,1,0,0,0,0,1,0,0.425
2024,19.0,2.01,0,0,0,0,0,0,0,0,0,0,0,0,0,1,0,0.325
2024,24.1,4.24,1,1,0,0,1,0,0,1,0,0,0,1,0,1,0,0.303
2024,17.5,13.22,1,1,1,1,1,0,1,0,1,1,0,0,0,1,1,0.946
2024,22.8,30.0,1,0,0,0,1,0,0,1,0,0,0,1,1,1,0,0.391
2024,24.5,1.37,1,0,0,1,1,0,0,0,0,0,0,1,0,1,1,0.726
2024,22.6,30.0,0,1,0,1,1,1,0,0,0,0,1,0,0,1,1,0.829
2024,20.5,2.57,1,0,0,0,0,0,0,0,0,1,0,1,0,1,0,0.421
2024,15.0,2.45,0,0,1,0,1,0,1,1,0,0,0,0,0,1,0,0.474
2024,16.5,7.66,1,1,1,0,1,0,0,1,1,1,1,1,0,1,1,0.874
2024,15.0,10.07,0,0,0,0,1,1,0,0,1,0,0,0,0,1,0,0.251
2024,24.6,3.61,0,1,0,1,1,0,0,0,0,0,0,1,0,1,1,0.76
2024,15.0,1.09,1,0,0,0,1,0,0,0,0,1,0,1,0,1,1,0.642
2024,22.6,16.01,1,1,1,0,1,1,0,1,1,0,0,0,0,1,1,0.7
2024,24.3,11.37,1,1,0,0,1,0,0,0,0,0,0,1,0,1,1,0.553
2024,23.5,25.94,1,1,0,1,1,1,0,0,1,1,0,0,0,1,1,0.784
2024,19.1,5.2,1,0,0,0,0,0,0,1,0,1,0,1,0,1,0,0.324
2024,22.7,17.96,1,1,1,1,1,1,0,0,0,0,0,1,1,1,1,0.945
2024,23.5,30.0,0,0,0,0,0,0,0,0,0,0,0,0,0,1,0,0.347
2024,15.0,5.25,1,0,1,0,1,0,0,0,1,0,0,0,0,1,0,0.476
2024,23.1,1.21,1,1,0,1,1,0,0,0,0,0,0,0,0,1,1,0.683
2024,18.5,3.48,1,1,0,1,1,0,0,0,0,0,0,1,0,1,1,0.737
2024,19.0,5.19,0,0,0,1,1,0,0,0,1,0,0,1,0,1,1,0.663
2024,15.3,12.55,1,0,1,0,0,0,0,1,0,0,0,1,0,1,0,0.333
2024,16.0,29.01,1,1,0,0,1,0,0,0,0,0,0,0,0,1,1,0.581
2024,15.0,7.0,0,0,0,1,1,0,0,0,0,0,0,1,0,1,1,0.512
2024,18.1,16.79,0,1,0,0,1,0,0,0,0,0,0,1,0,1,0,0.456
2024,17.9,1.03,1,1,0,0,1,1,1,0,1,0,0,1,1,1,1,0.813
2024,22.3,25.06,1,0,0,1,1,0,0,0,0,0,0,0,0,1,1,0.669
2024,20.7,4.25,0,0,0,0,0,0,0,0,0,0,0,0,0,1,0,0.288
2024,24.9,21.63,1,0,1,0,1,0,0,0,0,0,1,0,0,1,1,0.655
2024,22.7,2.69,1,1,1,1,1,0,0,0,0,1,1,1,1,1,1,0.927
2024,18.3,2.23,1,0,1,0,1,0,1,1,0,0,0,0,0,1,0,0.473
2024,15.0,1.79,1,1,0,0,1,0,0,0,1,1,0,1,0,1,0,0.338
2024,22.5,16.86,1,1,1,0,1,0,0,1,0,1,0,1,1,1,1,0.802
2024,23.3,7.63,1,1,1,1,1,0,0,0,0,0,0,1,1,1,1,0.872
2024,16.4,11.0,0,1,0,0,0,0,0,0,0,0,0,0,0,1,0,0.357
2024,15.0,10.45,0,0,0,0,0,1,0,0,0,0,0,0,0,1,0,0.187
2024,15.0,14.63,0,0,0,0,0,0,0,0,0,0,0,0,0,1,0,0.289
2024,24.1,11.03,1,1,1,1,1,0,0,0,0,0,0,1,0,1,1,0.818
2024,15.0,7.48,1,0,0,1,1,0,0,0,1,0,1,1,0,1,1,0.849
2024,15.0,8.0,1,1,1,1,1,1,0,0,0,0,1,1,0,1,1,0.905
2024,20.3,5.38,0,0,0,0,1,0,1,0,0,0,0,1,0,1,0,0.293
2024,23.9,7.23,1,0,0,0,1,0,0,0,1,0,0,0,0,1,0,0.414
2024,15.0,30.0,1,1,0,0,0,0,0,0,0,0,0,0,0,1,0,0.46
2024,18.5,14.15,1,1,0,1,0,0,0,1,1,0,0,1,0,1,1,0.753
2024,22.6,30.0,1,1,0,0,1,0,0,0,0,1,0,1,0,1,1,0.663
2024,15.0,2.5,1,0,0,0,1,0,0,0,0,0,0,0,0,1,0,0.394
2024,18.5,4.26,1,1,0,0,0,0,0,1,0,0,0,0,0,1,0,0.383
2024,23.6,0.61,1,0,0,0,0,0,0,0,0,0,0,1,1,1,1,0.504
2024,16.8,2.33,0,0,0,1,1,0,0,0,0,0,0,0,0,1,1,0.564
2024,15.0,1.69,1,0,1,0,0,1,0,0,1,0,0,0,1,1,0,0.409
2024,23.6,30.0,1,1,1,0,0,0,0,1,0,0,0,1,1,1,0,0.491
2024,17.1,30.0,1,0,0,0,1,0,0,1,0,0,0,1,0,1,0,0.315
2024,15.0,2.05,1,0,0,1,1,0,0,0,0,1,1,0,0,1,1,0.837
2024,21.1,2.63,1,1,0,1,1,0,0,0,0,1,0,0,0,1,1,0.804
2024,22.2,1.28,1,0,1,0,1,0,0,0,0,1,0,1,0,1,1,0.695
2024,15.4,6.15,0,1,0,1,1,0,0,0,0,0,1,1,0,1,1,0.745
2024,15.0,11.53,0,0,0,0,0,0,0,0,0,0,0,0,0,1,0,0.279
2024,17.8,30.0,1,1,0,1,1,0,0,0,1,0,0,0,0,1,1,0.749
2024,21.9,11.72,1,1,0,1,1,1,0,1,1,0,0,0,0,1,1,0.873
2024,19.6,2.88,1,0,1,0,1,0,0,0,0,0,0,0,0,1,0,0.451
2024,15.0,4.27,1,0,1,1,1,0,0,1,0,0,1,0,1,1,1,0.797
2024,19.9,2.11,1,1,1,1,1,0,0,0,1,0,1,1,0,1,1,0.922
2024,23.2,29.23,0,0,0,0,0,0,0,1,0,0,0,1,0,1,0,0.254
2024,21.2,15.46,1,1,0,0,0,0,0,1,1,0,0,0,0,1,0,0.424
2024,15.0,17.72,1,1,1,0,1,0,0,1,0,0,0,1,0,1,1,0.622
2024,23.5,5.1,1,0,0,0,1,0,0,1,0,0,0,0,0,1,0,0.291
2024,20.0,2.35,1,1,0,0,1,0,0,0,0,0,0,0,0,1,0,0.411
2024,24.4,8.16,1,1,1,1,1,0,0,0,0,0,0,1,0,1,1,0.81
2024,24.7,0.92,1,0,0,1,1,0,0,0,1,1,0,0,0,1,1,0.778
2024,15.5,25.99,1,1,0,1,1,0,0,0,0,0,0,1,0,1,1,0.796
2024,15.4,9.62,1,1,0,1,1,1,0,0,1,0,0,0,1,1,1,0.91
2024,15.0,4.64,1,1,1,1,1,0,0,1,1,1,0,1,1,1,1,0.871
2024,19.4,9.37,0,1,0,0,0,0,0,1,0,1,1,1,0,1,0,0.398
2024,22.6,4.8,0,1,0,1,0,0,0,0,0,0,0,0,0,1,1,0.537
2024,15.0,1.97,0,1,1,1,0,0,0,0,1,1,0,1,1,1,1,0.762
2024,15.0,30.0,1,1,1,1,1,0,0,1,1,0,0,1,0,1,1,0.88
2024,23.5,8.24,1,1,1,1,1,0,0,0,1,0,0,1,0,1,1,0.792
2024,20.1,7.93,0,0,0,0,0,0,0,0,0,0,0,1,0,1,0,0.245
2024,16.4,2.34,1,1,0,0,1,0,0,1,0,0,0,1,0,1,0,0.397
2024,15.0,14.95,0,0,0,0,1,0,0,1,0,0,0,1,0,1,0,0.247
2024,21.6,16.9,1,0,0,1,1,0,0,0,1,0,0,0,0,1,1,0.739
2024,17.3,2.93,0,0,0,1,0,0,0,0,0,0,0,0,0,1,1,0.529
2024,16.3,30.0,1,1,1,1,1,0,1,1,0,0,0,1,0,1,1,0.915
2024,19.2,12.7,1,1,1,1,1,1,0,0,1,0,0,1,0,1,1,0.939
2024,17.2,1.8,1,0,0,1,1,0,0,0,0,0,0,0,0,1,1,0.669
2024,17.6,23.77,1,1,1,1,1,1,0,0,0,0,0,0,0,1,1,0.813
2024,15.0,30.0,0,1,1,1,0,0,0,0,0,0,0,1,0,1,1,0.756
2024,23.1,9.22,0,0,0,0,0,0,0,0,0,0,0,1,0,1,0,0.179
2024,15.0,25.89,0,0,0,0,0,0,0,0,0,0,0,1,0,1,0,0.268
2024,15.0,7.77,1,1,0,1,0,0,0,0,0,1,0,1,0,1,1,0.85
2024,24.2,8.5,1,1,0,1,1,0,0,0,0,0,0,1,0,1,1,0.712
2024,23.8,6.93,1,1,0,1,1,0,0,1,0,1,0,1,0,1,1,0.766
2024,15.0,3.9,1,1,1,0,0,0,0,0,0,0,0,1,0,1,1,0.574
2024,17.9,11.87,0,0,1,0,0,0,0,0,0,0,0,0,0,1,0,0.312
2024,19.9,30.0,0,0,0,0,0,0,0,0,0,0,0,1,0,1,0,0.256
2024,22.0,12.22,1,1,1,1,1,0,0,0,1,1,0,1,0,1,1,0.897
2024,17.9,2.76,1,1,1,1,1,0,0,1,0,0,1,1,1,1,1,0.908
2024,16.0,3.42,1,1,1,0,1,0,0,0,0,0,1,1,1,1,1,0.728
2024,17.7,26.74,0,1,0,0,0,0,0,0,0,0,1,0,0,1,0,0.471
2024,15.0,1.92,1,0,1,1,0,0,0,0,0,0,0,0,0,1,1,0.749
2024,15.0,5.3,1,0,0,0,0,0,0,0,0,0,0,0,0,1,0,0.351
2024,15.0,27.74,1,0,0,1,1,0,0,0,0,0,0,1,0,1,1,0.76
2024,20.9,16.92,0,1,1,0,1,0,0,0,0,0,0,0,0,1,1,0.649
2024,22.6,30.0,1,1,1,0,1,0,0,0,1,1,0,0,0,1,1,0.759
2024,19.0,2.24,0,0,0,0,0,0,0,0,0,0,0,1,0,1,0,0.239
2024,18.4,30.0,1,1,1,1,1,0,0,1,1,0,0,0,0,1,1,0.881
2024,15.0,0.76,1,1,1,1,1,1,0,0,0,0,0,0,0,1,1,0.827
2024,15.0,5.8,1,0,1,1,1,1,0,0,0,0,0,0,0,1,1,0.641
2024,19.7,30.0,1,1,1,1,1,0,0,0,1,1,0,1,0,1,1,0.832
2024,15.0,15.18,0,0,0,0,1,0,0,1,0,1,0,1,0,1,0,0.385
2024,22.1,4.45,1,1,0,1,1,0,0,0,0,0,0,1,0,1,1,0.737
2024,21.6,30.0,1,1,1,1,1,0,0,1,1,0,0,1,1,1,1,0.92
2024,18.8,10.18,1,1,0,1,1,0,0,0,1,1,0,1,0,1,1,0.819
2024,24.7,12.42,0,0,0,0,0,0,0,0,0,0,0,0,0,1,0,0.186
2024,23.4,2.87,1,0,0,0,1,0,0,0,0,0,0,0,0,1,0,0.337
2024,23.1,0.19,1,1,0,1,1,1,1,0,1,0,0,0,0,1,1,0.87
2024,17.3,21.23,1,1,1,0,0,1,0,0,0,1,0,1,1,1,0,0.478
2024,15.0,10.12,0,0,0,0,0,0,0,0,0,0,0,1,0,1,0,0.236
2024,24.2,4.51,1,1,1,1,1,0,1,0,1,1,0,1,0,1,1,0.897
2024,18.4,5.83,0,1,0,0,1,0,0,0,0,0,0,0,0,1,0,0.384
2024,24.5,30.0,1,0,0,0,0,0,0,0,0,0,0,0,0,1,0,0.441
2024,15.0,11.73,1,0,1,1,1,0,0,1,1,1,1,0,0,1,1,0.954
2024,19.9,4.45,1,1,1,1,1,1,0,1,1,0,1,0,0,1,1,0.938
2024,24.9,10.12,0,0,0,0,0,0,0,0,0,0,0,1,0,1,0,0.191
2024,23.0,8.48,1,1,0,0,0,0,0,1,0,0,1,0,1,1,0,0.286
2024,15.0,6.68,1,0,0,1,1,0,0,0,0,0,0,0,0,1,1,0.686
2024,15.0,24.01,0,0,1,0,0,0,0,0,0,0,0,0,0,1,0,0.377
2024,22.7,0.05,1,1,1,1,0,0,1,0,1,0,1,1,0,1,1,0.517
2024,20.4,10.25,1,0,1,1,1,0,0,0,0,1,0,0,0,1,1,0.83
2024,22.2,3.15,0,0,0,1,1,0,0,1,1,0,0,0,0,1,1,0.561
2024,15.0,7.05,1,1,1,1,0,0,0,0,1,0,0,0,1,1,1,0.796
2024,23.5,14.27,1,1,1,1,1,0,0,0,0,1,0,0,0,1,1,0.856
2024,15.0,5.88,0,0,0,0,0,0,0,0,0,0,0,0,0,1,0,0.312
2024,20.6,1.42,0,0,0,0,1,0,0,0,0,0,0,0,0,1,0,0.263
2024,23.5,2.58,1,1,0,0,1,0,0,1,0,0,0,1,0,1,0,0.391
2024,19.6,4.7,0,0,0,0,1,0,0,0,0,0,0,0,0,1,0,0.378
2024,24.2,9.03,1,1,0,1,1,0,0,0,1,0,0,0,0,1,1,0.757
2024,21.6,4.07,1,1,0,0,0,0,0,0,0,0,0,0,0,1,1,0.535
2024,15.0,1.66,1,1,0,0,0,0,0,0,0,1,0,1,1,1,0,0.457
2024,17.6,2.21,0,0,1,0,0,0,0,0,0,0,0,1,0,1,0,0.316
2024,19.7,1.66,1,0,0,0,1,0,0,0,0,0,0,1,0,1,0,0.403
2024,15.0,4.26,1,0,1,0,1,0,0,0,0,0,0,1,0,1,0,0.411
2024,15.0,10.43,0,1,0,0,0,0,0,0,0,0,1,0,0,1,0,0.208
2024,15.0,1.2,1,0,0,0,1,0,0,0,1,0,0,0,0,1,1,0.501
2024,15.0,2.04,0,0,0,0,0,0,0,0,0,0,0,0,0,1,0,0.285
2024,15.0,1.28,1,0,1,1,1,0,0,0,1,0,0,1,0,1,1,0.821
2024,15.0,7.93,1,1,0,0,0,0,0,0,0,0,0,1,0,1,0,0.427
2024,15.0,13.7,1,1,1,1,1,1,0,0,0,0,1,1,1,1,1,0.942
2024,15.0,30.0,1,0,0,1,1,0,0,0,0,0,0,0,0,1,1,0.713
2024,18.5,10.02,1,1,0,1,1,0,0,0,0,0,0,0,0,1,1,0.755
2024,15.0,8.55,1,0,0,0,1,0,0,1,1,1,0,1,0,1,1,0.513
2024,24.8,4.04,0,1,1,0,1,0,0,1,0,0,0,1,1,1,1,0.557
2024,23.6,4.32,1,1,1,1,1,0,0,0,1,1,0,1,0,1,1,0.792
2024,22.8,2.87,1,1,1,1,0,0,0,1,0,1,0,0,0,1,1,0.73
2024,15.0,5.24,1,1,1,1,1,1,0,0,0,0,0,0,1,1,1,0.841
2024,16.8,14.39,1,1,1,1,1,0,0,1,0,0,0,1,0,1,1,0.84
2024,15.0,3.94,0,1,0,0,1,1,0,0,0,0,0,1,0,1,0,0.445
2024,23.9,30.0,1,0,0,1,1,0,0,0,1,0,0,0,0,1,1,0.594
2024,23.3,13.62,1,1,0,1,1,0,0,0,0,1,0,0,0,1,1,0.868
2024,15.0,9.13,1,1,0,1,1,1,0,0,0,0,0,1,0,1,1,0.805
2024,17.1,30.0,1,1,0,1,1,0,0,1,0,0,0,0,1,1,1,0.8
2024,15.6,5.71,1,1,0,1,1,0,0,0,0,0,0,0,0,1,1,0.827
2024,15.0,30.0,1,1,1,1,1,0,0,0,1,0,1,1,1,1,1,0.911
2024,16.0,4.2,0,0,0,0,0,0,0,0,0,0,0,1,0,1,0,0.342
2024,17.2,10.98,0,1,1,0,1,1,0,1,0,0,0,0,0,1,1,0.613
2024,15.0,15.32,1,1,0,0,0,0,0,0,0,0,1,0,0,1,1,0.537
2024,15.0,27.18,0,0,0,0,0,0,0,0,1,0,0,0,0,1,0,0.288
2024,16.4,30.0,1,1,0,0,1,0,0,0,0,0,0,1,0,1,1,0.582
2024,22.8,25.51,1,1,1,0,1,0,0,0,1,0,1,1,0,1,1,0.81
2024,18.8,6.88,1,1,1,0,1,0,0,0,0,0,0,1,0,1,1,0.58
2024,15.0,6.63,1,1,0,1,1,0,0,0,0,0,0,0,0,1,1,0.792
2024,23.0,30.0,1,1,1,1,1,0,0,0,0,0,1,0,0,1,1,0.859
2024,15.0,19.2,1,1,1,1,1,0,1,0,0,1,1,0,0,1,1,0.927
2024,15.0,30.0,1,1,1,0,1,0,0,1,0,1,0,1,0,1,1,0.701
2024,15.0,13.44,1,1,1,1,1,0,0,0,0,0,0,0,0,1,1,0.851
2024,22.2,22.3,0,1,0,1,1,0,1,0,0,1,0,0,0,1,1,0.829
2024,15.0,12.7,1,1,0,1,1,0,0,0,0,0,0,1,0,1,1,0.749
2024,18.2,3.07,1,1,0,1,1,0,0,0,1,0,0,0,0,1,1,0.787
2024,23.9,10.66,1,1,1,0,0,0,0,0,0,1,1,0,1,1,0,0.444
2024,21.1,4.6,0,0,0,0,0,0,0,0,0,1,0,1,0,1,0,0.271
2024,21.3,30.0,1,1,0,1,1,0,0,0,0,0,0,0,0,1,1,0.787
2024,22.7,4.41,0,0,0,0,0,0,0,0,0,0,0,1,0,1,0,0.247
2024,23.7,1.93,0,1,0,1,0,0,0,0,0,0,0,0,1,1,1,0.531
2024,22.4,1.62,1,1,0,1,1,0,0,0,1,0,0,1,0,1,1,0.832
2024,21.0,5.79,1,0,0,1,1,0,0,0,1,0,0,0,0,1,1,0.654
2024,15.0,2.82,1,1,1,0,0,0,0,0,0,0,0,1,1,1,1,0.649
2024,17.3,27.63,1,1,1,1,1,0,0,0,1,1,0,0,0,1,1,0.799
2024,15.0,0.67,1,1,1,1,1,1,0,1,1,1,0,0,1,1,1,0.874
2024,23.6,3.3,1,1,0,1,1,0,0,0,0,1,0,1,0,1,1,0.796
2024,24.4,12.47,1,1,1,0,1,1,0,1,1,0,0,1,0,1,1,0.621
2024,22.9,30.0,0,0,1,1,1,0,0,0,0,0,1,1,1,1,1,0.766
2024,24.6,30.0,1,1,0,0,1,0,0,0,0,0,0,0,0,1,1,0.585
2024,15.0,4.63,1,0,0,1,0,1,0,0,0,0,0,1,0,1,1,0.637
2024,16.8,2.1,1,1,0,0,1,0,0,0,0,0,0,0,1,1,1,0.574
2024,24.7,12.61,1,1,0,0,1,0,0,0,0,0,0,1,0,1,1,0.532
2024,15.0,6.88,1,1,0,1,0,0,0,0,0,0,0,1,0,1,1,0.732
2024,15.0,30.0,1,1,1,1,0,1,0,0,1,1,0,0,1,1,1,0.759
2024,22.9,4.76,0,0,1,1,1,0,0,0,0,0,0,0,0,1,0,0.445
2024,15.0,23.51,1,0,1,1,1,0,1,0,0,0,0,0,0,1,1,0.856
2024,15.8,6.32,1,1,0,1,1,0,0,0,0,1,0,0,0,1,1,0.897
2024,16.7,4.63,1,1,0,1,1,1,0,0,0,0,1,1,0,1,1,0.787
2024,20.9,4.76,0,0,1,0,0,0,0,0,0,0,0,0,1,1,0,0.345
2024,15.0,3.88,1,1,0,0,0,0,0,0,1,0,0,1,0,1,0,0.437
2024,18.0,0.4,0,1,0,0,1,0,0,0,0,0,0,0,0,1,0,0.356
2024,22.5,9.72,1,0,0,0,1,0,0,0,0,0,0,0,1,1,0,0.382
2024,22.2,1.01,1,1,0,0,0,0,0,0,0,1,0,0,0,1,1,0.533
2024,15.0,2.09,1,1,1,1,1,0,0,0,1,0,0,1,0,1,1,0.87
2024,15.0,2.4,1,0,0,0,0,0,0,0,0,0,0,0,0,1,0,0.335
2024,21.1,2.24,1,1,1,1,1,0,0,0,0,0,0,0,0,1,1,0.786
2024,15.0,7.21,1,1,1,0,1,0,0,0,1,1,1,1,0,1,1,0.83
2024,15.0,3.7,1,1,0,1,1,1,0,1,1,0,0,0,0,1,1,0.867
2024,18.9,5.37,0,0,0,1,0,0,0,0,0,0,0,1,0,1,1,0.659
2024,15.0,30.0,1,1,1,1,1,0,0,0,0,0,0,0,0,1,1,0.793
2024,18.0,2.41,1,0,0,1,1,1,0,0,0,0,0,0,0,1,1,0.685
2024,15.0,8.08,1,0,0,0,1,0,0,0,0,0,0,1,0,1,0,0.303
2024,21.0,1.73,1,1,0,0,0,0,0,0,0,0,0,1,0,1,0,0.277
2024,15.0,1.38,1,1,1,1,1,0,0,1,1,0,1,0,1,1,1,0.85
2024,21.1,8.94,1,0,0,0,0,0,1,0,1,0,0,1,1,1,0,0.281
2024,19.8,1.12,1,1,0,1,1,0,0,0,0,1,1,1,0,1,1,0.865
2024,15.0,30.0,1,0,0,0,0,0,0,0,1,0,0,0,0,1,0,0.378
2024,15.6,8.14,1,1,0,1,1,0,1,0,0,0,0,1,0,1,1,0.832
2024,19.4,9.66,1,0,1,1,1,0,0,0,0,0,0,0,0,1,1,0.748
2024,16.4,30.0,0,1,0,0,0,0,0,0,0,1,0,0,0,1,1,0.522
2024,21.8,8.99,1,1,1,1,1,1,0,1,1,0,0,1,1,1,1,0.953
2024,18.3,7.36,1,1,1,0,1,1,0,0,0,0,0,1,0,1,1,0.722
2024,15.0,30.0,1,1,0,1,1,0,0,0,1,1,0,1,0,1,1,0.803
2024,24.8,0.16,0,0,1,0,0,0,0,1,0,0,0,0,1,1,0,0.191
2024,24.0,2.55,1,0,0,0,0,0,0,1,0,1,0,1,0,1,0,0.261
2024,20.4,1.45,0,0,0,0,0,1,0,0,0,0,0,0,0,1,0,0.269
2024,20.4,25.82,1,1,0,0,0,0,0,0,1,1,0,0,0,1,0,0.392
2024,24.1,11.25,0,0,0,0,1,0,0,0,0,0,0,1,0,1,0,0.274
2024,15.0,4.66,1,1,0,1,1,0,0,1,0,1,1,1,0,1,1,0.798
2024,24.3,1.33,1,1,1,1,1,0,0,0,1,0,0,1,0,1,1,0.869
2024,17.7,4.43,0,1,1,1,1,1,0,0,0,0,1,1,1,1,1,0.935
2024,17.2,28.08,1,1,1,1,1,0,0,0,0,1,1,1,1,1,1,0.885
2024,15.0,2.64,1,0,0,1,1,0,0,1,1,0,0,1,0,1,1,0.819
2024,15.0,9.46,1,1,0,1,1,0,0,0,1,0,0,1,1,1,1,0.824
2024,15.0,22.62,1,0,0,1,1,0,0,0,0,0,0,1,0,1,1,0.691
2024,15.0,18.79,1,1,0,0,1,0,0,0,0,0,1,1,0,1,1,0.71
2024,15.0,30.0,0,0,0,1,0,0,1,0,0,0,0,0,0,1,1,0.653
2024,16.5,1.54,0,0,0,0,1,0,0,0,0,0,0,1,0,1,0,0.264
2024,23.6,22.03,1,1,0,0,1,0,0,1,1,0,1,0,0,1,1,0.538
2024,15.0,7.95,0,0,1,0,1,0,0,0,0,0,0,0,0,1,0,0.406
2024,20.3,0.15,1,1,0,1,1,1,0,1,1,1,0,1,0,1,1,0.896
2024,15.0,5.6,0,0,0,0,0,0,0,0,0,0,0,0,0,1,0,0.352
2024,18.1,2.61,0,0,0,0,0,0,0,0,0,0,0,1,1,1,0,0.366
2024,15.0,7.5,1,0,1,1,1,0,1,0,0,0,0,0,0,1,1,0.913
2024,23.6,20.88,0,1,0,1,1,1,0,1,1,0,0,0,0,1,1,0.728
2024,24.7,13.82,1,0,0,1,0,0,0,0,0,0,0,0,0,1,1,0.613
2024,24.6,11.03,1,1,1,1,1,1,0,1,0,1,1,1,0,1,1,0.917
2024,21.6,30.0,1,1,0,0,1,0,0,0,0,0,0,0,0,1,1,0.567
2024,15.0,1.84,1,1,0,1,1,0,0,0,0,0,0,1,0,1,1,0.713
2024,15.0,5.65,1,0,1,0,1,0,0,0,0,0,0,1,0,1,0,0.426
2024,24.9,2.37,1,1,1,1,1,0,0,1,0,0,0,1,1,1,1,0.855
2024,15.0,1.69,0,0,0,1,1,0,0,1,0,0,0,0,0,1,1,0.708
2024,16.0,4.7,0,1,0,0,0,0,0,0,0,0,0,0,0,1,0,0.343
2024,16.0,7.27,0,0,0,0,0,1,0,0,0,0,0,1,0,1,0,0.383
2024,21.1,1.41,0,0,0,1,1,0,0,1,0,0,0,1,1,1,1,0.671
2024,15.0,14.61,1,1,1,1,1,1,0,0,0,0,0,0,1,1,1,0.893
2024,24.3,1.06,1,1,0,0,1,0,0,0,0,0,0,1,0,1,1,0.577
2024,20.5,11.38,0,1,1,1,1,0,0,0,0,0,0,0,0,1,1,0.776
2024,21.4,1.28,1,0,1,0,1,0,0,0,0,0,0,0,1,1,1,0.578
2024,15.0,5.49,0,0,0,1,0,0,0,1,1,0,0,0,0,1,1,0.638
2024,21.9,30.0,0,0,0,1,1,0,0,0,0,0,0,1,0,1,1,0.569
2024,24.0,0.85,1,0,1,1,1,0,1,1,0,0,0,1,0,1,1,0.798
2024,15.0,25.7,1,1,1,1,1,1,0,1,1,1,1,1,0,1,1,0.976
2024,15.0,8.23,1,1,1,0,1,0,0,1,0,1,0,1,1,1,1,0.748
2024,15.0,9.46,1,1,1,1,1,0,1,0,0,1,0,0,0,1,1,0.944
2024,15.0,2.21,1,0,0,0,1,0,0,1,0,0,0,0,0,1,0,0.323
2024,17.8,23.39,1,1,1,1,1,0,1,1,1,1,0,1,0,1,1,0.93
2024,20.9,12.17,1,1,0,0,0,0,0,1,1,0,0,0,0,1,0,0.354
2024,21.5,4.36,1,1,1,0,1,0,0,0,0,1,0,1,1,1,1,0.63
2024,21.7,13.92,1,1,1,1,0,0,0,0,0,0,1,0,1,1,1,0.844
2024,18.3,24.25,0,0,0,0,1,0,0,0,0,0,0,0,0,1,0,0.404
2024,24.1,1.47,1,1,0,1,1,0,0,0,1,1,0,1,0,1,1,0.83
2024,15.0,30.0,0,0,0,0,0,0,0,0,0,0,0,0,0,1,0,0.364
2024,17.9,8.29,1,0,0,0,1,1,0,1,0,0,0,0,0,1,0,0.381
2024,19.7,22.75,1,0,1,0,1,0,0,1,1,0,0,0,0,1,1,0.543
2024,21.3,2.08,1,1,1,0,1,0,0,0,0,1,0,1,0,1,1,0.752
2024,15.0,6.66,1,1,0,1,1,0,0,0,0,1,0,0,0,1,1,0.85
2024,22.2,0.48,0,0,0,0,0,0,0,0,0,0,0,0,0,1,0,0.331
2024,23.8,0.39,1,1,0,0,0,0,0,1,0,0,0,0,0,1,0,0.296
2024,19.0,5.35,1,1,1,1,1,0,0,1,1,0,0,1,0,1,1,0.888
2024,20.7,0.7,1,1,1,1,1,0,0,1,1,0,0,0,0,1,1,0.831
2024,15.0,30.0,1,1,0,1,1,0,0,0,0,1,0,0,0,1,1,0.807
2024,16.8,9.43,1,0,0,0,0,0,0,0,0,0,0,0,0,1,0,0.371
2024,17.8,8.66,1,1,1,1,1,0,0,0,1,0,0,1,0,1,1,0.885
2024,24.9,11.45,0,0,1,1,1,0,0,0,0,0,0,0,0,1,0,0.204
2024,15.0,2.84,0,0,0,0,0,0,0,1,0,0,0,1,0,1,0,0.226
2024,22.2,8.93,1,0,1,0,1,0,0,1,0,1,0,0,0,1,1,0.629
2024,23.7,30.0,1,1,1,1,1,1,0,0,0,0,0,0,1,1,1,0.903
2024,16.2,6.56,1,1,1,0,0,0,0,0,1,1,0,0,0,1,1,0.73
2024,16.9,2.39,1,1,0,1,1,0,1,1,1,0,0,0,0,1,1,0.868
2024,15.0,30.0,0,0,0,0,0,0,0,0,0,0,0,0,0,1,0,0.364
2024,21.9,30.0,1,1,0,0,0,0,0,0,0,0,0,0,0,1,0,0.453
2024,15.0,5.85,1,1,1,1,1,0,0,0,0,0,0,0,0,1,1,0.852
2024,23.8,3.27,1,0,0,1,1,0,0,0,0,0,0,0,0,1,1,0.613
2024,15.0,6.26,1,1,0,0,1,1,0,0,0,0,0,0,0,1,0,0.472
2024,23.3,4.34,1,0,0,1,1,0,0,1,0,0,0,1,0,1,1,0.646
2024,15.0,13.3,1,1,0,0,1,0,0,1,0,0,0,1,0,1,0,0.444
2024,18.4,2.36,1,1,0,0,1,0,0,1,0,0,0,1,0,1,0,0.411
2024,15.0,1.63,1,1,0,0,0,0,0,0,0,0,0,1,1,1,1,0.536
2024,20.3,30.0,1,1,0,1,1,0,0,0,0,0,0,1,0,1,1,0.739
2024,15.0,30.0,1,1,0,1,1,0,1,0,0,0,0,0,0,1,1,0.845
2024,15.0,30.0,0,0,0,0,0,1,0,1,0,0,0,1,0,1,0,0.261
2024,15.1,8.87,0,0,0,0,0,0,0,0,0,0,0,0,0,1,0,0.246
2024,15.0,4.9,1,1,1,1,1,0,0,1,1,1,0,1,0,1,1,0.878
2024,15.0,9.27,1,0,0,0,1,0,0,0,0,0,0,0,0,1,0,0.323
2024,24.5,4.53,1,1,1,0,1,0,1,1,0,0,0,1,1,1,1,0.661
2024,15.0,20.46,0,0,0,0,0,0,0,0,0,0,0,0,0,1,0,0.463
2024,16.0,15.14,1,1,1,1,1,0,0,0,0,0,0,0,0,1,1,0.864
2024,15.1,30.0,1,0,1,0,1,0,0,0,0,0,0,0,1,1,0,0.473
2024,24.0,2.52,1,1,1,1,1,0,0,0,1,1,0,0,1,1,1,0.846
2024,15.9,4.14,1,0,0,0,1,0,0,0,0,0,1,0,0,1,1,0.68
2024,15.0,2.57,0,0,0,0,0,0,0,0,0,0,0,1,0,1,0,0.341
2024,23.4,9.34,0,1,1,0,0,1,0,1,0,0,0,0,0,1,0,0.429
2024,21.1,1.18,1,0,0,0,1,0,0,1,0,0,0,0,1,1,1,0.539
2024,18.5,8.25,1,1,1,1,1,0,0,1,0,0,1,1,0,1,1,0.868
2024,21.7,16.91,0,1,1,1,1,0,0,0,0,0,0,1,0,1,1,0.817
2024,20.8,8.56,1,1,0,1,1,0,0,0,0,1,0,1,0,1,1,0.813
2024,21.8,2.72,0,1,0,1,1,0,0,1,0,0,1,1,0,1,1,0.693
2024,15.8,3.64,0,0,0,1,1,0,0,0,0,0,0,0,0,1,1,0.701
2024,18.1,15.48,1,1,0,1,1,0,0,0,0,0,0,0,0,1,1,0.567
2024,19.3,30.0,0,1,0,0,0,0,0,0,0,0,0,1,0,1,0,0.394
2024,22.0,25.2,1,1,0,0,1,0,0,1,1,0,0,1,1,1,1,0.515
2024,23.9,3.24,0,0,0,0,0,0,0,1,0,0,0,1,0,1,0,0.131
2024,17.7,26.03,0,0,1,0,0,0,0,0,0,0,0,0,0,1,0,0.335
2024,19.9,6.35,1,1,0,1,1,0,0,1,0,0,0,1,0,1,1,0.829
2024,24.6,3.3,1,1,0,1,1,0,0,0,0,0,0,0,0,1,1,0.835
2024,18.1,20.45,0,1,0,0,1,0,0,1,1,0,0,1,1,1,1,0.543
2024,15.0,20.45,1,0,1,0,1,0,0,1,1,0,1,1,1,1,1,0.755
2024,15.0,30.0,1,1,0,1,1,0,0,1,1,1,0,0,0,1,1,0.829
2024,21.3,2.6,0,1,1,1,1,0,0,0,0,1,0,1,0,1,1,0.855
2024,17.6,10.37,0,1,0,0,1,0,0,1,0,0,0,0,0,1,0,0.385
2024,21.7,11.24,1,1,1,0,1,0,1,1,0,1,0,1,0,1,1,0.833
2024,17.6,9.82,1,1,0,1,1,0,0,0,0,0,0,0,0,1,1,0.744
2024,15.0,1.58,1,0,1,1,1,0,0,0,0,0,0,1,0,1,1,0.79
2024,15.0,30.0,1,1,0,1,1,0,0,1,1,0,0,1,0,1,1,0.845
2024,15.0,7.7,1,0,0,0,0,0,0,0,0,0,0,0,0,1,0,0.358
2024,20.8,30.0,1,1,1,0,0,0,0,0,1,0,0,1,0,1,0,0.474
2024,15.2,4.22,1,1,0,1,1,0,0,0,0,0,0,0,0,1,1,0.764
2024,16.1,5.16,1,1,0,1,1,0,0,0,0,1,0,0,0,1,1,0.769
2024,23.7,17.31,1,0,0,1,0,0,0,0,0,0,0,0,0,1,1,0.656
2024,20.3,0.82,0,0,0,1,0,0,1,0,0,0,0,0,0,1,1,0.539
2024,19.9,1.82,0,1,1,1,1,0,0,0,1,1,1,0,0,1,1,0.88
2024,18.8,3.97,1,1,0,1,1,1,0,0,1,1,0,0,0,1,1,0.751
2024,19.2,6.6,1,1,0,1,1,0,0,0,1,1,0,0,0,1,1,0.839
2024,20.3,4.48,1,1,1,0,1,0,0,1,1,1,0,0,0,1,1,0.678
2024,18.2,30.0,1,1,1,1,1,1,0,0,0,0,0,0,0,1,1,0.772
2024,15.0,2.95,1,1,1,1,1,0,0,1,0,0,0,1,0,1,1,0.865
2024,18.0,8.44,0,1,0,1,1,0,0,0,0,0,0,0,0,1,1,0.605
2024,20.9,27.88,0,1,0,0,0,0,0,0,0,0,0,0,1,1,0,0.357
2024,15.0,1.7,0,1,1,1,1,0,0,0,0,1,0,1,0,1,1,0.871
2024,20.6,1.24,1,1,1,1,1,0,0,0,0,0,0,0,1,1,1,0.766
2024,18.5,8.73,1,1,1,0,1,1,0,1,1,0,0,0,0,1,1,0.729
2024,15.0,11.19,0,0,0,1,0,0,0,1,0,0,0,0,0,1,1,0.533
2024,23.5,0.95,0,0,0,1,1,0,0,0,0,0,1,0,0,1,1,0.617
2024,18.7,8.05,1,1,0,0,1,0,1,0,0,1,0,1,0,1,1,0.684
2024,18.0,2.58,1,1,0,1,1,0,0,0,1,0,1,1,0,1,1,0.848
2024,23.7,2.16,1,1,0,1,1,0,0,0,0,0,0,1,0,1,1,0.799
2024,17.1,9.02,1,1,1,1,1,0,1,0,1,0,0,0,0,1,1,0.899
2024,19.3,12.67,1,1,1,0,1,0,0,0,0,0,0,0,0,1,1,0.657
2024,22.3,13.79,1,1,1,1,1,0,0,1,1,0,0,0,1,1,1,0.85
2024,15.3,6.93,1,0,0,0,0,0,0,0,1,1,0,0,0,1,0,0.429
2024,24.4,5.86,1,0,0,0,1,0,0,0,0,0,1,0,0,1,0,0.451
2024,15.0,27.93,1,1,0,1,1,0,1,0,1,0,0,1,1,1,1,0.865
2024,15.0,5.4,1,1,1,1,1,0,0,0,0,1,0,1,1,1,1,0.887
2024,15.0,3.64,1,1,1,0,1,0,0,0,0,0,1,0,0,1,1,0.633
2024,15.0,9.05,0,1,1,1,1,0,0,1,0,0,1,0,0,1,1,0.747
2024,18.8,11.62,0,1,0,1,0,0,0,1,0,0,1,0,0,1,0,0.433
2024,18.4,4.1,1,1,1,1,1,0,0,0,0,0,0,0,0,1,1,0.903
2024,22.7,30.0,1,1,1,0,1,0,1,0,0,0,0,0,0,1,1,0.513
2024,21.3,30.0,1,1,0,0,1,0,0,0,0,0,0,1,0,1,0,0.471
2024,20.2,30.0,1,0,1,1,0,0,0,0,0,0,1,0,0,1,1,0.874
2024,15.0,4.82,1,1,0,1,0,0,0,0,0,0,0,0,0,1,1,0.637
2024,15.0,15.32,1,1,0,1,1,1,0,1,1,1,0,1,1,1,1,0.936
2024,17.8,29.62,1,1,0,1,1,1,1,0,1,0,1,0,1,1,1,0.945
2024,20.9,2.78,1,1,1,1,1,1,0,1,1,1,0,1,0,1,1,0.934
2024,22.0,1.87,1,0,0,1,1,0,0,0,0,0,0,0,0,1,1,0.751
2024,22.2,1.66,1,0,0,1,1,0,0,0,0,0,1,1,0,1,1,0.808
2024,20.4,2.99,1,0,0,1,1,0,0,0,1,0,0,1,0,1,1,0.737
2024,23.9,30.0,1,1,1,0,1,1,0,1,1,1,1,1,0,1,1,0.63
2024,15.0,1.37,0,0,0,0,0,0,0,1,0,0,0,0,0,1,0,0.216
2024,20.3,4.23,1,0,1,1,1,0,0,0,0,0,0,0,0,1,1,0.716
2024,15.0,30.0,1,1,0,0,0,0,0,1,0,0,0,0,0,1,0,0.451
2024,18.3,8.4,1,1,1,1,1,0,0,1,0,0,1,1,0,1,1,0.877
2024,24.9,5.36,1,0,0,0,1,0,0,0,0,0,0,0,1,1,0,0.485
2024,15.0,10.33,0,1,0,1,1,0,0,1,0,0,0,0,0,1,1,0.647
2024,20.0,2.87,1,1,1,0,1,0,0,0,0,0,0,0,0,1,1,0.552
2024,24.1,3.47,1,0,1,1,1,0,0,0,0,0,0,0,0,1,1,0.603
2024,19.3,4.38,1,1,0,0,1,0,0,0,0,0,0,0,0,1,0,0.449
2024,20.8,12.47,0,0,0,1,1,0,0,0,0,1,0,0,0,1,1,0.572
2024,24.6,1.69,0,1,1,0,1,0,1,1,0,0,0,1,0,1,1,0.566
2024,15.0,0.14,1,1,0,1,1,0,1,0,0,0,0,0,0,1,1,0.871
2024,15.0,6.53,1,1,0,1,1,0,0,0,1,1,0,0,0,1,1,0.855
2024,17.4,1.16,1,1,1,1,1,0,0,1,0,0,0,1,0,1,1,0.867
2024,15.0,7.8,1,1,1,1,1,0,1,0,0,0,0,0,0,1,1,0.926
2024,18.2,0.09,0,1,0,1,1,0,0,1,0,0,0,1,0,1,1,0.886
2024,17.4,20.55,1,1,1,1,1,0,0,0,1,1,1,1,0,1,1,0.934
2024,22.3,2.31,1,1,1,1,0,0,0,0,1,0,0,1,0,1,1,0.81
2024,17.7,6.84,1,0,0,0,1,0,0,1,1,1,0,0,0,1,0,0.468
2024,22.2,3.26,1,0,1,0,1,0,0,1,1,0,0,1,0,1,0,0.484
2024,20.4,13.63,0,0,0,0,1,0,0,1,0,0,1,0,0,1,0,0.35
2024,16.6,0.13,0,0,0,0,0,0,0,0,0,1,0,1,0,1,0,0.375
2024,15.0,4.61,1,0,0,0,1,0,0,0,0,0,0,1,0,1,0,0.303
2024,15.0,14.03,0,0,0,0,0,0,0,0,0,0,0,0,0,1,0,0.264
2024,15.0,2.69,0,0,0,0,0,0,0,0,0,0,0,0,0,1,0,0.384
2024,18.3,4.74,0,1,1,1,1,0,0,0,0,0,0,1,1,1,1,0.766
2024,21.5,7.29,1,0,1,0,1,0,0,1,0,0,0,1,0,1,1,0.501
2024,15.0,2.2,1,1,1,1,1,0,0,0,1,1,1,0,0,1,1,0.949
2024,19.1,6.31,0,0,1,0,0,0,0,0,0,0,0,1,0,1,0,0.283
2024,24.7,2.13,0,1,0,1,1,1,0,0,1,1,0,0,0,1,1,0.697
2024,15.0,0.75,0,0,0,1,1,0,0,0,0,0,0,0,0,1,1,0.649
2024,23.2,2.45,1,1,0,0,0,0,0,0,1,0,0,0,0,1,0,0.388
2024,15.0,30.0,1,0,0,1,0,0,0,0,0,0,0,0,0,1,1,0.713
2024,18.7,1.93,1,0,0,1,1,0,0,0,0,0,0,1,0,1,1,0.649
2024,19.0,3.89,1,1,0,1,1,0,0,0,0,0,0,0,0,1,1,0.756
2024,15.0,13.95,0,0,0,0,1,0,0,0,0,1,0,0,0,1,0,0.309
2024,20.6,6.78,1,0,0,1,1,0,0,0,0,0,1,0,0,1,1,0.765
2024,18.6,30.0,0,0,0,0,1,0,0,0,0,0,0,0,0,1,0,0.401
2024,15.0,1.17,0,0,0,0,0,0,1,0,0,0,1,1,0,1,0,0.286
2024,18.4,1.4,0,0,0,0,0,0,0,1,0,1,0,1,0,1,0,0.214
2024,17.4,7.41,1,1,1,0,1,0,1,0,1,0,0,0,1,1,1,0.632
2024,15.0,1.57,1,0,0,0,1,0,0,0,0,0,0,0,0,1,0,0.417
2024,15.0,7.11,0,0,1,1,0,1,0,0,0,0,0,0,0,1,1,0.513
2024,15.0,30.0,1,1,1,1,0,1,0,0,0,0,0,0,0,1,1,0.785
2024,15.0,4.62,1,1,0,1,1,0,0,0,1,1,1,1,0,1,1,0.855
2024,22.0,30.0,0,1,0,0,0,0,0,0,0,0,0,0,0,1,0,0.389
2024,22.8,4.65,1,0,0,0,0,0,0,0,0,0,0,1,0,1,0,0.331
2024,15.0,1.63,1,1,1,0,0,0,0,0,0,0,0,1,0,1,1,0.547
2024,18.4,11.02,1,1,1,1,1,0,1,1,0,0,0,1,0,1,1,0.948
2024,16.9,20.03,1,1,0,0,1,1,0,0,0,0,0,0,0,1,1,0.684
2024,23.7,2.98,1,1,0,1,1,1,0,1,0,0,0,1,0,1,1,0.869
2024,20.9,4.41,1,1,1,0,0,0,0,0,0,0,0,0,0,1,1,0.521
2024,15.0,5.14,1,1,0,1,1,0,0,0,0,0,0,0,0,1,1,0.739
2024,21.2,30.0,1,1,0,0,0,0,0,0,0,0,0,0,0,1,0,0.477
2024,15.0,7.46,0,1,0,0,1,0,0,0,0,0,0,0,0,1,0,0.352
2024,15.0,30.0,1,1,1,0,1,1,0,1,1,0,0,1,0,1,1,0.656
2024,21.6,27.34,1,1,0,1,1,0,0,0,0,0,0,0,0,1,1,0.841
2024,24.6,30.0,1,1,0,0,1,0,0,0,1,0,0,0,0,1,1,0.654
2024,19.0,1.91,1,1,1,0,0,1,0,0,0,0,0,0,0,1,0,0.415
2024,21.0,30.0,1,1,1,0,1,0,0,0,0,0,0,1,0,1,1,0.509
2024,15.0,2.63,1,0,1,0,1,0,0,0,0,0,0,0,0,1,1,0.58
2024,15.0,9.38,1,1,0,0,1,1,0,0,1,0,0,0,0,1,0,0.481
2024,15.0,30.0,1,0,0,0,0,0,0,0,0,0,0,0,1,1,0,0.401
2024,16.4,27.52,1,1,1,1,1,0,0,0,0,0,0,1,1,1,1,0.892
2024,15.0,1.56,1,0,0,1,0,1,0,0,0,1,0,1,0,1,1,0.791
2024,23.5,4.82,0,1,0,0,0,0,0,0,0,0,0,0,0,1,0,0.318
2024,22.6,5.78,1,1,1,1,1,0,0,1,1,0,0,1,1,1,1,0.827
2024,15.0,4.27,1,0,0,0,1,0,0,0,0,0,0,0,0,1,0,0.332
2024,15.0,6.34,1,1,1,1,1,0,0,1,0,1,0,0,1,1,1,0.898
2024,17.2,1.2,1,0,1,1,1,0,0,0,0,0,0,1,0,1,1,0.772
2024,18.5,2.87,1,0,1,1,0,0,0,0,0,0,1,1,0,1,1,0.671
2024,15.0,30.0,0,0,1,1,1,0,0,1,0,0,0,0,0,1,1,0.668
2024,23.1,0.6,0,0,0,0,1,0,0,0,0,0,0,0,0,1,0,0.37
2024,17.8,19.27,1,1,0,0,0,0,0,0,0,0,0,0,0,1,1,0.616
2024,15.0,11.37,0,0,0,0,1,0,0,0,0,0,0,0,0,1,0,0.279
2024,23.0,5.13,0,1,1,1,1,0,0,0,0,0,1,1,0,1,1,0.685
2024,20.4,23.0,1,0,0,0,1,0,0,0,0,0,1,1,0,1,1,0.584
2024,17.2,27.5,1,1,1,0,1,0,0,0,1,0,0,0,0,1,1,0.574
2024,24.5,30.0,1,1,1,1,1,0,0,1,0,0,0,0,0,1,1,0.827
2024,18.5,0.09,1,0,1,1,1,0,0,0,0,1,0,0,0,1,1,0.82
2024,22.7,2.29,1,1,1,0,0,0,0,0,0,0,0,0,0,1,0,0.415
2024,19.9,15.3,1,1,0,1,1,0,0,1,0,0,0,0,0,1,1,0.726
2024,17.2,21.18,0,1,1,1,0,0,0,0,0,0,1,1,0,1,1,0.738
2024,21.1,1.79,1,1,1,0,0,0,0,1,0,0,0,1,0,1,0,0.413
2024,15.0,3.85,1,1,0,1,1,0,0,1,0,0,0,0,1,1,1,0.816
2024,24.3,2.81,0,1,1,1,1,0,0,0,0,1,0,1,0,1,1,0.826
2024,15.0,18.53,0,0,0,0,1,1,0,0,0,0,0,0,0,1,0,0.42
2024,17.3,5.36,1,1,0,1,1,0,0,1,0,0,0,0,0,1,1,0.721
2024,16.5,5.02,0,1,0,0,0,0,0,0,0,0,0,1,0,1,0,0.304
2024,22.0,5.26,1,0,0,0,1,0,0,0,0,0,1,0,0,1,1,0.625
2024,19.2,10.73,1,0,0,1,1,0,0,0,0,0,0,0,0,1,1,0.703
2024,20.8,6.87,1,1,1,1,1,0,0,0,1,1,0,1,0,1,1,0.9
2024,21.0,5.43,1,1,1,1,1,0,0,0,0,0,0,1,1,1,1,0.804
2024,23.3,4.37,1,0,1,0,0,0,0,0,0,0,0,0,0,1,0,0.44
2024,21.5,5.11,1,0,1,1,1,0,0,1,0,0,0,0,0,1,1,0.688
2024,15.0,30.0,1,1,1,1,1,0,0,0,0,1,1,0,0,1,1,0.902
2024,15.0,0.68,1,1,1,0,1,0,0,0,0,0,0,1,1,1,1,0.703
2024,15.0,2.07,1,1,0,1,1,0,0,0,0,0,0,1,0,1,1,0.802
2024,22.5,5.58,1,1,0,1,1,1,1,0,1,1,0,1,1,1,1,0.968
2024,21.3,30.0,1,1,0,0,1,0,0,0,0,0,1,0,0,1,1,0.705
2024,15.0,4.32,0,0,0,0,0,0,0,0,0,0,0,0,0,1,0,0.319
2024,15.8,1.93,1,1,1,1,1,0,1,0,0,0,0,0,1,1,1,0.898
2024,15.0,1.71,0,0,1,1,1,0,0,0,1,0,0,1,0,1,1,0.835
2024,19.0,4.12,1,0,0,0,1,0,0,0,0,0,0,0,0,1,0,0.471
2024,24.2,1.81,1,1,0,0,1,0,0,1,0,0,0,0,0,1,0,0.48
2024,20.3,30.0,1,1,1,0,0,0,0,0,0,0,0,1,0,1,0,0.431
2024,19.8,1.27,0,1,0,0,1,0,0,0,0,0,0,0,0,1,0,0.36
2024,15.0,4.77,1,0,0,0,0,0,0,0,0,0,0,1,0,1,0,0.291
2024,24.3,9.01,1,0,1,1,1,0,0,1,0,0,0,0,0,1,1,0.569
2024,15.0,0.96,1,1,0,1,1,0,0,1,1,1,0,1,0,1,1,0.743
2024,19.7,14.11,0,1,1,1,1,1,0,0,0,1,0,1,0,1,1,0.918
2024,16.5,3.12,0,1,0,0,0,0,0,1,0,0,0,1,0,1,0,0.266
2024,16.6,5.04,1,0,1,1,1,1,0,0,0,1,0,1,1,1,1,0.788
2024,23.8,26.47,0,0,0,1,1,0,0,0,0,0,0,1,0,1,1,0.719
2024,15.0,0.88,1,1,0,0,1,0,0,1,0,1,0,0,0,1,1,0.613
2024,15.0,5.32,0,0,0,0,0,0,0,0,0,0,0,1,1,1,0,0.248
2024,15.0,30.0,0,0,0,1,1,0,0,0,0,0,0,1,1,1,1,0.704
2024,15.0,7.47,1,1,0,1,1,0,0,0,1,0,0,1,0,1,1,0.793
2024,15.0,3.37,1,1,0,0,0,0,0,0,1,0,0,0,0,1,0,0.425
2024,15.0,5.76,1,1,0,1,1,1,0,0,1,0,0,1,0,1,1,0.872
2024,24.6,7.74,0,0,0,0,0,0,0,0,0,0,0,1,0,1,0,0.225
2024,24.0,18.32,1,1,1,1,1,0,0,0,0,0,0,0,1,1,1,0.82
2024,15.7,0.64,0,0,1,0,1,0,0,1,1,0,0,0,0,1,1,0.556
2024,15.0,1.88,1,1,0,1,1,0,0,0,0,0,0,1,1,1,1,0.782
2024,17.5,10.18,1,1,1,1,1,0,0,0,0,0,0,0,0,1,1,0.832
2024,17.4,1.44,1,1,0,1,0,0,0,0,0,0,0,1,0,1,1,0.678
2024,17.1,6.0,1,0,0,0,0,1,0,0,0,0,0,0,0,1,0,0.399
2024,15.0,9.16,0,0,1,0,1,0,0,1,0,0,0,0,0,1,0,0.418
2024,15.0,15.55,1,1,0,1,0,1,0,0,0,0,0,0,0,1,1,0.556
2024,15.0,2.6,1,1,1,0,0,0,0,0,0,0,0,0,0,1,1,0.672
2024,21.4,30.0,1,1,0,1,1,0,0,1,0,0,0,0,0,1,1,0.815
2024,15.0,30.0,1,0,0,0,0,0,0,0,0,0,0,0,0,1,0,0.348
2024,24.2,2.43,1,1,0,1,0,0,0,0,0,0,0,0,0,1,1,0.794
2024,15.0,8.12,1,1,0,1,1,0,0,0,0,0,0,1,0,1,1,0.712
2024,24.7,3.2,1,1,0,1,1,0,0,0,1,0,0,0,1,1,1,0.776
2024,15.0,30.0,1,0,0,0,1,0,0,0,0,0,0,1,1,1,0,0.4
2024,20.8,10.43,1,0,0,0,0,0,0,0,0,0,0,0,0,1,0,0.236
2024,24.0,7.9,1,0,1,0,0,0,1,0,1,0,0,0,0,1,1,0.659
2024,24.4,30.0,1,1,1,1,1,0,0,0,0,0,0,1,0,1,1,0.84
2024,18.3,7.13,1,1,1,0,1,1,0,0,1,1,0,0,0,1,1,0.774
2024,16.0,0.31,1,1,0,1,1,0,0,0,0,0,0,0,0,1,1,0.844
2024,21.1,30.0,0,0,0,0,1,0,0,0,0,0,0,0,0,1,0,0.356
2024,15.0,30.0,1,0,0,0,1,0,0,1,1,0,0,1,0,1,0,0.354
2024,20.8,30.0,1,1,0,0,0,0,0,0,0,0,0,0,0,1,0,0.407
2024,22.1,20.27,1,1,0,1,1,0,0,0,0,1,0,0,1,1,1,0.887
2024,23.4,30.0,1,1,1,0,1,0,0,0,0,1,0,0,0,1,1,0.553
2024,23.3,1.72,1,0,1,0,1,0,0,0,1,0,0,0,0,1,1,0.53
2024,19.3,7.25,1,0,0,1,1,0,0,0,0,0,0,0,1,1,1,0.662
2024,23.9,0.66,1,0,1,0,0,1,0,1,0,0,0,1,0,1,0,0.463
2024,24.3,4.13,1,1,0,1,1,0,0,0,1,1,1,0,0,1,1,0.889
2024,15.0,8.5,0,0,1,1,1,1,0,1,0,0,0,1,0,1,1,0.746
2024,20.8,26.48,0,1,0,1,0,0,0,0,0,0,0,0,0,1,1,0.696
2024,23.5,0.7,1,1,1,1,1,0,0,1,0,0,0,1,1,1,1,0.777
2024,15.0,30.0,0,0,0,0,1,0,0,0,0,1,0,0,0,1,0,0.365
2024,16.6,13.82,1,1,0,0,0,0,0,1,0,0,1,1,0,1,0,0.471
2024,18.5,30.0,1,1,0,1,0,0,0,0,0,1,1,0,0,1,1,0.731
2024,15.0,1.97,0,1,0,0,0,0,0,0,1,0,0,1,0,1,0,0.237
2024,15.0,6.23,1,1,0,0,0,0,0,0,0,0,0,0,1,1,1,0.532
2024,24.8,29.36,0,1,0,0,1,0,1,1,1,0,0,0,0,1,0,0.338
2024,15.0,30.0,1,1,0,1,1,1,0,0,1,0,1,0,0,1,1,0.913
2024,18.3,30.0,1,1,0,1,1,0,0,0,0,0,0,0,1,1,1,0.807
2024,15.0,30.0,0,0,1,0,1,0,0,1,0,0,0,1,0,1,0,0.339
2024,16.1,3.15,0,0,1,1,0,0,0,0,0,0,1,1,0,1,1,0.727
2024,23.6,4.11,1,1,0,1,0,0,0,1,0,0,0,1,0,1,1,0.771
2024,19.2,5.58,1,1,1,1,1,0,0,1,0,1,0,0,0,1,1,0.905
2024,24.0,5.25,0,0,0,0,0,0,0,0,0,0,0,1,1,1,0,0.222
2024,20.4,1.7,1,0,0,1,1,0,0,0,0,0,0,1,0,1,1,0.72
2024,24.5,6.91,1,1,0,1,1,1,0,0,0,0,0,0,0,1,1,0.699
2024,15.0,12.07,1,1,0,1,1,1,1,0,1,0,0,1,0,1,1,0.927
2024,24.2,3.69,0,0,0,1,1,0,0,1,0,0,0,1,0,1,1,0.53
2024,23.9,2.53,1,0,1,1,1,0,0,0,0,0,1,0,0,1,1,0.723
2024,18.3,5.1,0,1,0,0,1,0,0,0,1,0,0,0,0,1,0,0.364
2024,15.0,21.23,0,0,0,0,0,0,0,0,0,0,0,0,0,1,0,0.329
2024,22.4,17.74,1,1,1,1,1,0,0,0,0,1,0,1,1,1,1,0.933
2024,16.8,9.09,1,1,0,0,1,0,0,1,1,0,0,0,0,1,0,0.466
2024,16.9,15.37,1,0,0,0,1,0,0,0,0,0,0,1,0,1,0,0.382
2024,15.0,20.53,1,1,0,1,1,0,0,0,0,1,0,1,1,1,1,0.906
2024,15.0,7.67,1,1,0,1,1,0,0,0,1,0,1,1,0,1,1,0.854
2024,19.7,0.08,1,1,0,1,1,0,0,0,0,0,0,1,0,1,1,0.926
2024,24.2,7.36,1,1,0,0,1,1,1,0,0,0,0,0,0,1,1,0.659
2024,23.2,10.77,0,0,1,0,1,0,0,0,0,0,0,0,0,1,0,0.352
2024,24.9,7.82,1,0,1,1,1,0,0,0,0,0,0,0,0,1,1,0.565
2024,15.0,13.93,1,1,0,1,0,0,0,0,0,0,0,1,0,1,1,0.743
2024,23.3,30.0,0,0,1,0,0,0,0,1,0,0,0,0,1,1,0,0.308
2024,15.8,7.2,0,0,0,0,0,0,0,0,0,0,0,1,0,1,0,0.262
2024,24.3,30.0,1,1,0,0,1,0,0,0,0,0,0,1,0,1,1,0.532
2024,23.3,30.0,0,1,0,1,1,0,0,0,1,0,0,0,0,1,1,0.666
2024,18.1,9.42,0,0,0,0,0,0,0,0,0,0,0,0,0,1,0,0.253
2024,23.7,3.27,1,0,0,0,0,0,0,1,0,0,0,1,0,1,0,0.219
2024,15.0,2.71,0,0,1,1,0,0,0,0,0,0,0,1,0,1,1,0.646
2024,16.7,12.13,1,0,1,0,1,0,0,0,0,0,0,0,0,1,0,0.395
2024,21.2,8.51,1,0,0,0,1,0,0,1,0,0,0,1,0,1,0,0.315
2024,21.9,3.51,0,0,0,0,0,1,0,1,0,0,0,0,0,1,0,0.281
2024,15.0,21.04,1,1,1,0,1,1,0,0,1,1,0,0,0,1,1,0.697
2024,15.0,4.23,1,1,1,1,1,0,0,0,0,0,0,0,0,1,1,0.848
2024,17.2,7.72,1,0,1,0,0,0,0,0,0,0,0,0,1,1,0,0.407
2024,15.0,4.02,1,1,1,0,1,0,0,0,1,0,0,0,0,1,1,0.694
2024,15.0,25.39,0,0,0,0,0,0,0,0,0,0,0,1,0,1,0,0.242
2024,22.2,1.17,0,0,0,1,1,0,0,0,1,1,0,1,0,1,1,0.772
2024,15.0,1.41,0,0,1,0,0,0,0,1,0,0,0,1,0,1,0,0.283
2024,19.0,4.18,1,0,0,0,0,0,0,0,1,0,0,1,0,1,0,0.37
2024,21.8,2.41,1,1,1,1,1,0,0,1,1,1,1,1,1,1,1,0.928
2024,23.3,2.69,1,1,1,1,1,0,1,0,0,0,0,0,0,1,1,0.888
2024,18.3,5.0,0,0,0,0,0,0,0,0,0,0,0,0,0,1,0,0.305
2024,21.7,7.38,0,0,0,0,0,0,0,0,0,0,0,1,0,1,0,0.302
2024,20.2,16.52,0,0,0,1,1,0,0,1,0,0,0,1,0,1,1,0.522
2024,15.4,4.55,1,0,0,0,1,1,0,0,0,0,0,1,0,1,0,0.489
2024,20.7,15.15,1,1,0,1,0,0,0,0,0,0,0,0,0,1,1,0.672
2024,17.3,0.68,1,1,1,1,1,0,0,1,0,0,0,1,1,1,1,0.902
2024,15.0,0.52,1,0,1,0,0,0,0,1,0,0,0,1,0,1,0,0.404
2024,17.8,4.61,1,1,1,0,1,0,0,0,1,0,0,1,0,1,1,0.654
2024,17.7,6.06,1,1,0,1,1,0,0,1,0,0,0,0,1,1,1,0.773
2024,15.0,4.16,1,0,0,1,1,0,0,0,0,1,0,0,1,1,1,0.851
2024,15.0,3.9,0,0,0,1,1,0,0,0,0,0,0,0,0,1,1,0.592
2024,15.0,23.37,0,0,0,0,1,0,0,0,0,0,1,0,0,1,0,0.361
2024,24.2,0.81,1,1,0,1,1,0,0,0,0,0,0,0,1,1,1,0.893
2024,20.1,3.68,1,1,1,0,1,0,0,1,0,0,0,0,0,1,1,0.581
2024,19.5,5.57,1,1,0,0,1,0,0,1,0,0,0,0,0,1,1,0.519
2024,23.1,3.98,1,0,1,1,1,0,0,1,0,0,0,0,0,1,1,0.638
2024,15.0,3.29,0,0,0,0,0,0,0,1,0,0,0,1,0,1,0,0.174
2024,24.8,2.71,1,1,1,0,1,0,0,0,1,1,0,1,1,1,1,0.722
2024,23.7,13.75,1,1,1,0,0,0,0,0,0,0,0,1,0,1,1,0.522
2024,23.3,15.66,0,1,0,0,0,0,0,1,0,0,0,1,0,1,0,0.311
2024,23.4,4.56,1,0,0,0,1,0,0,0,1,0,0,1,0,1,0,0.279
2024,19.9,16.9,1,0,0,0,0,0,0,0,0,0,0,1,0,1,0,0.384
2024,20.6,1.23,1,0,0,0,0,0,0,0,0,0,0,0,0,1,0,0.398
2024,21.2,3.09,1,1,1,1,1,0,1,0,0,0,0,0,0,1,1,0.843
2024,15.0,6.39,1,1,0,0,1,0,0,0,0,0,0,0,1,1,1,0.579
2024,16.9,30.0,0,0,0,0,0,0,0,0,1,1,0,1,0,1,0,0.166
2024,21.7,3.08,1,0,1,0,1,0,0,0,1,1,0,0,1,1,1,0.576
2024,21.9,1.97,0,0,0,0,1,0,0,1,0,0,0,0,0,1,0,0.427
2024,21.1,6.28,0,0,0,0,0,0,0,0,0,0,0,0,0,1,0,0.307
2024,21.4,5.1,1,1,1,1,1,0,0,0,0,0,0,0,0,1,1,0.797
2024,16.9,4.66,1,1,1,0,1,0,0,0,0,0,0,0,0,1,1,0.569
2024,24.7,3.55,0,0,0,0,0,0,0,0,0,0,0,0,0,1,0,0.157
2024,20.1,8.47,0,1,0,0,0,0,0,0,0,0,0,0,0,1,0,0.352
2024,15.0,30.0,1,1,0,1,1,0,0,1,0,1,1,1,0,1,1,0.905
2024,23.2,4.44,1,1,1,1,1,0,0,0,0,0,0,0,0,1,1,0.755
2024,15.0,0.36,1,1,0,1,1,1,0,0,1,1,0,1,0,1,1,0.873
2024,15.0,2.65,1,0,1,1,1,1,0,1,1,0,0,1,0,1,1,0.87
2024,15.0,30.0,1,1,1,0,1,0,0,0,1,1,0,1,1,1,1,0.661
2024,24.1,7.24,1,0,0,0,1,0,0,0,0,0,0,0,1,1,0,0.486
2024,22.2,11.46,0,1,0,1,1,0,1,0,0,0,0,0,0,1,1,0.674
2024,23.2,2.36,1,1,0,0,1,0,0,0,0,0,0,1,0,1,0,0.314
2024,15.0,1.66,1,1,0,0,0,0,0,0,0,0,0,1,0,1,0,0.459
2024,23.8,0.98,1,1,0,0,1,0,0,0,0,0,0,0,0,1,0,0.444
2024,15.0,0.28,1,0,0,1,1,0,0,0,1,0,0,0,0,1,1,0.833
2024,15.0,30.0,0,0,0,0,1,0,0,0,0,0,1,1,0,1,0,0.362
2024,15.0,6.66,1,1,1,0,1,0,0,0,0,0,0,1,0,1,1,0.593
2024,15.0,2.35,1,1,0,1,1,0,0,0,0,0,0,1,0,1,1,0.764
2024,19.8,8.64,1,0,0,0,1,1,0,0,1,0,0,1,0,1,1,0.568
2024,24.5,1.2,1,0,0,0,0,0,0,0,0,0,0,1,0,1,0,0.334
2024,21.8,6.87,1,1,0,0,1,0,0,0,1,0,0,1,0,1,0,0.493
2024,24.5,3.26,1,1,0,1,1,0,0,0,0,0,0,0,0,1,1,0.805
2024,19.1,30.0,1,1,0,1,1,0,0,0,0,0,0,1,0,1,1,0.723
2024,15.0,17.24,1,1,1,1,1,0,0,0,0,1,0,0,0,1,1,0.883
2024,15.0,3.74,1,0,0,0,0,0,0,0,1,1,1,1,0,1,0,0.469
2024,15.0,22.29,0,0,0,0,0,0,0,0,0,0,0,0,0,1,0,0.288
2024,19.9,5.29,0,0,0,0,1,0,0,0,0,0,0,1,0,1,0,0.313
2024,24.9,5.45,0,0,0,0,0,0,0,0,1,0,0,1,0,1,0,0.233
2024,24.7,4.29,1,1,1,1,1,1,0,0,1,0,0,0,0,1,1,0.789
2024,15.0,1.07,1,1,0,1,1,0,0,0,0,0,0,1,0,1,1,0.816
2024,23.6,13.97,1,1,0,0,1,0,0,0,1,1,1,0,0,1,1,0.713
2024,22.4,12.37,1,0,1,1,0,0,0,1,0,0,0,0,0,1,0,0.463
2024,24.6,5.58,1,1,1,1,1,0,0,1,0,0,0,0,0,1,1,0.888
2024,15.0,21.55,0,1,1,1,1,0,0,0,0,0,0,0,0,1,1,0.771
2024,18.1,3.61,0,1,0,1,1,0,0,0,0,1,1,0,0,1,1,0.738
2024,15.9,3.48,1,1,0,1,1,0,0,0,1,0,0,0,0,1,1,0.865
2024,15.3,5.84,0,0,0,0,1,0,0,0,0,0,0,0,0,1,0,0.32
2024,15.0,9.25,1,1,1,0,1,1,0,1,0,0,0,1,0,1,1,0.653
2024,17.7,7.05,1,1,0,1,0,0,0,1,0,0,0,1,0,1,1,0.726
2024,17.9,10.04,1,0,0,0,1,0,0,0,0,0,0,1,0,1,0,0.322
2024,15.1,5.9,1,1,1,1,1,0,0,0,1,0,0,1,0,1,1,0.86
2024,23.0,16.87,0,0,0,0,0,0,0,0,0,0,0,1,0,1,0,0.263
2024,15.0,3.19,1,1,1,1,1,0,0,0,0,0,1,0,0,1,1,0.878
2024,15.0,2.61,1,0,1,1,1,1,0,1,1,0,0,1,0,1,1,0.87
2024,23.4,9.36,0,0,0,0,0,0,0,0,0,0,0,1,0,1,0,0.204
2024,22.9,0.96,1,1,0,1,0,0,0,0,0,0,1,0,0,1,1,0.579
2024,15.0,13.35,1,1,0,1,1,0,0,0,0,0,0,0,1,1,1,0.823
2024,17.3,14.23,0,0,1,0,1,0,0,1,0,0,0,1,0,1,0,0.379
2024,20.8,3.58,1,1,0,1,1,0,0,1,0,0,0,1,0,1,1,0.735
2024,20.0,4.3,1,1,1,0,1,0,0,0,0,0,0,0,0,1,1,0.589
2024,20.3,29.87,1,0,0,1,1,0,0,0,0,0,0,1,0,1,1,0.719
2024,24.8,4.71,0,0,0,0,1,0,0,0,0,0,1,1,0,1,0,0.428
2024,15.0,24.86,1,1,1,1,1,1,0,1,0,0,0,1,1,1,1,0.919
2024,19.2,3.48,0,1,1,0,1,0,0,0,0,0,0,0,0,1,1,0.575
2024,15.0,2.19,1,1,1,1,1,0,0,0,1,1,0,1,1,1,1,0.895
2024,15.0,2.51,1,0,0,0,0,0,0,0,0,0,0,1,0,1,0,0.348
2024,15.0,16.39,1,1,1,0,1,1,1,0,1,0,0,0,0,1,1,0.603
2024,15.0,12.83,1,1,0,0,0,0,0,0,0,0,0,0,0,1,0,0.422
2024,16.9,5.08,0,0,0,0,0,0,0,0,0,0,0,1,0,1,0,0.249
2024,20.3,3.19,0,1,0,1,1,0,0,1,1,0,0,0,1,1,1,0.755
2024,15.0,2.27,1,1,0,1,0,0,0,0,1,1,0,0,0,1,1,0.769
2024,24.7,4.47,0,1,0,1,0,1,0,0,1,0,0,1,1,1,0,0.474
2024,15.0,2.6,1,1,1,0,1,1,0,0,1,0,0,0,1,1,1,0.761
2024,22.3,1.45,1,1,1,1,1,0,1,0,0,1,0,1,0,1,1,0.878
2024,24.0,30.0,1,0,0,1,1,0,0,0,0,0,0,0,0,1,1,0.694
2024,22.3,4.65,0,1,1,1,1,0,0,0,0,0,0,1,1,1,1,0.757
2024,23.4,8.11,1,0,0,0,1,1,0,0,1,0,0,1,0,1,0,0.455
2024,15.0,3.12,1,1,0,1,1,1,0,1,0,0,0,1,0,1,1,0.844
2024,20.6,6.38,1,1,0,0,1,0,0,0,0,0,0,0,0,1,0,0.451
2024,18.0,2.3,1,0,1,1,1,0,0,0,1,0,0,0,1,1,1,0.724
2024,15.0,4.72,1,0,1,0,1,0,0,0,1,0,1,1,0,1,1,0.588
2024,20.2,6.6,0,0,0,0,0,0,0,0,1,0,0,0,0,1,0,0.293
2024,23.2,1.35,1,1,1,1,1,0,0,0,0,0,0,1,0,1,1,0.701
2024,23.1,1.95,1,1,1,1,1,0,1,0,1,0,0,1,0,1,1,0.837
2024,15.0,8.09,0,0,0,1,1,0,0,0,0,0,0,0,0,1,1,0.558
2024,15.0,30.0,1,0,0,0,0,0,0,1,0,0,0,0,0,1,0,0.33
2024,15.0,3.04,1,1,0,1,1,0,0,0,0,0,0,0,0,1,1,0.813
2024,19.2,2.07,0,0,0,0,0,0,0,0,1,0,0,0,0,1,0,0.286
2024,18.6,5.11,1,0,0,1,1,0,0,0,0,0,0,1,1,1,1,0.614
2024,20.9,8.07,1,1,1,1,1,0,0,0,1,1,0,0,0,1,1,0.867
2024,23.4,1.21,1,1,1,0,0,0,0,0,0,0,0,1,1,1,1,0.583
2024,17.0,2.25,1,0,1,1,1,0,0,0,0,1,1,1,0,1,1,0.729
2024,24.1,30.0,1,1,1,0,0,0,0,1,0,0,0,1,0,1,0,0.477
2024,15.0,6.36,1,1,0,0,0,0,0,0,0,0,0,0,0,1,0,0.497
2024,20.5,21.42,1,1,0,0,0,0,0,0,0,1,0,0,0,1,0,0.455
2024,19.4,12.93,1,1,1,1,1,0,0,0,0,0,1,0,0,1,1,0.862
2024,19.6,2.74,1,0,0,0,0,0,0,0,0,0,0,0,0,1,0,0.409
2024,21.9,3.5,1,1,1,1,1,1,0,0,0,1,0,0,0,1,1,0.819
2024,19.0,8.32,1,0,0,1,1,1,0,0,0,0,0,0,0,1,1,0.708
2024,18.4,30.0,1,1,0,1,1,1,0,1,0,0,0,0,1,1,1,0.931
2024,17.2,13.81,1,1,1,0,1,0,0,1,0,0,0,1,0,1,1,0.578
2024,23.7,6.87,0,0,0,0,0,0,0,0,0,1,0,1,0,1,0,0.271
2024,23.6,9.08,0,0,0,0,1,0,0,0,0,0,0,0,0,1,0,0.258
2024,15.0,10.99,1,1,0,0,1,0,0,0,0,0,0,1,0,1,1,0.507
2024,22.7,1.26,1,0,0,1,0,0,0,0,0,0,0,0,0,1,1,0.519
2024,18.3,5.77,1,1,0,0,0,0,0,0,0,1,0,1,0,1,1,0.568
2024,15.0,9.21,0,1,0,0,0,0,0,1,0,0,0,0,0,1,0,0.307
2024,21.4,9.75,1,1,0,1,0,0,0,0,0,0,0,0,1,1,1,0.777
2024,15.0,1.85,1,0,0,1,1,0,1,1,0,0,0,0,0,1,1,0.765
2024,21.7,6.39,1,1,1,1,1,0,0,0,0,0,0,0,0,1,1,0.808
2024,15.0,6.06,0,0,0,0,1,0,0,1,0,0,0,1,0,1,0,0.214
2024,16.3,17.83,1,0,0,0,1,1,0,0,1,0,0,1,0,1,1,0.62
2024,24.8,20.62,1,0,0,0,1,0,0,0,0,0,0,0,0,1,1,0.663
2024,18.8,1.45,0,0,0,1,1,0,0,0,0,0,0,1,0,1,1,0.656
2024,15.0,22.64,0,1,0,1,1,0,0,1,0,0,0,0,0,1,1,0.655
2024,24.8,20.07,0,1,0,1,1,0,0,0,0,0,0,0,0,1,1,0.8
2024,19.2,2.25,1,1,1,1,1,0,0,0,0,1,0,0,0,1,1,0.805
2024,19.6,3.5,1,0,0,0,1,0,0,0,1,0,0,0,0,1,0,0.368
2024,24.9,6.73,1,0,0,0,0,0,0,0,0,0,0,0,0,1,0,0.369
2024,24.4,7.44,1,1,1,1,1,0,0,1,0,0,0,1,1,1,1,0.871
2024,15.0,4.31,1,0,0,0,0,1,0,1,0,0,0,1,0,1,0,0.269
2024,19.5,2.08,0,1,0,0,0,0,0,1,0,0,0,1,0,1,0,0.301
2024,15.0,1.23,1,1,1,0,1,0,0,1,1,1,0,1,0,1,1,0.778
2024,16.6,3.08,1,1,0,1,1,0,0,1,1,0,1,0,0,1,1,0.871
2024,23.4,30.0,1,1,1,0,0,0,0,0,0,0,0,0,0,1,1,0.531
2024,15.0,7.22,1,1,1,0,0,0,0,1,0,0,0,1,1,1,1,0.505
2024,15.0,1.5,0,0,0,0,0,0,0,0,0,0,0,0,0,1,0,0.306
2024,15.0,2.65,1,1,1,0,1,0,0,0,0,0,0,1,0,1,1,0.655
2024,15.0,6.14,1,1,1,1,1,0,0,0,0,1,1,1,0,1,1,0.939
2024,24.4,2.21,1,0,0,0,0,0,0,1,0,0,0,1,0,1,0,0.248
2024,21.7,5.84,1,1,0,1,1,0,0,0,1,0,0,0,0,1,1,0.778
2024,15.0,10.08,1,1,0,0,0,0,0,0,1,0,0,0,0,1,0,0.458
2024,18.9,0.61,1,0,0,1,0,0,0,0,0,0,0,0,0,1,1,0.612
2024,15.0,8.84,1,0,1,1,1,0,0,0,1,0,1,0,0,1,1,0.892
2024,21.3,18.67,1,0,0,0,0,0,0,1,0,0,0,1,0,1,0,0.399
2024,20.7,1.3,1,1,1,0,1,0,0,1,1,0,1,0,0,1,1,0.737
2024,17.8,22.87,1,1,0,1,1,0,1,0,0,0,0,0,0,1,1,0.849
2024,15.0,19.08,1,1,0,1,1,0,0,1,0,1,0,0,0,1,1,0.867
2024,15.0,5.38,0,0,0,0,1,0,0,1,0,1,0,1,0,1,0,0.252
2024,17.5,1.12,1,0,0,0,1,0,0,0,0,0,0,0,0,1,0,0.441
2024,15.0,1.27,0,1,0,0,1,0,0,1,0,0,0,0,0,1,0,0.282
2024,15.4,30.0,1,1,1,1,1,1,0,1,1,0,1,1,0,1,1,0.966
2024,22.5,5.93,1,1,1,1,1,0,0,1,1,1,1,1,1,1,1,0.943
2024,20.9,1.76,1,0,1,0,1,0,0,0,0,0,0,0,0,1,0,0.345
2024,15.0,4.68,1,1,0,1,1,0,0,0,1,1,0,1,0,1,1,0.798
2024,15.0,3.08,0,1,0,0,1,0,0,0,1,0,0,0,0,1,0,0.285
2024,17.2,2.14,0,0,0,0,1,0,0,0,0,0,0,1,0,1,0,0.298
2024,23.7,15.01,1,1,0,0,1,0,0,0,0,0,0,0,0,1,1,0.51
2024,21.9,5.49,1,0,0,1,1,0,0,0,0,0,0,0,0,1,1,0.642
2024,15.0,5.03,1,1,0,1,1,0,0,0,0,0,0,0,0,1,1,0.652
2024,15.0,12.8,0,0,0,0,0,0,0,0,0,0,0,1,0,1,0,0.271
2024,24.5,30.0,1,0,0,0,0,0,0,0,0,0,0,0,0,1,0,0.441
2024,15.0,7.66,1,1,1,1,1,0,0,0,0,1,0,0,0,1,1,0.932
2024,24.8,2.16,1,1,0,1,0,0,0,0,0,1,0,1,0,1,1,0.807
2024,22.2,2.7,1,0,1,0,1,0,0,0,0,0,0,0,1,1,1,0.589
2024,15.0,2.58,1,1,0,1,1,0,0,0,1,0,1,0,0,1,1,0.89
2024,23.7,0.19,1,1,1,1,1,0,0,1,0,0,0,0,1,1,1,0.825
2024,21.8,22.77,0,1,0,1,1,0,0,0,0,0,0,1,0,1,1,0.735
2024,21.1,7.24,1,1,1,1,0,0,0,1,0,0,0,1,1,1,1,0.829
2024,18.2,2.21,1,1,1,1,0,0,0,0,0,0,0,1,0,1,1,0.845
2024,17.0,0.18,0,0,1,1,1,0,0,1,0,0,0,1,0,1,1,0.887
2024,15.0,11.65,1,1,0,0,0,0,0,0,0,0,0,1,1,1,1,0.553
2024,23.7,2.23,0,0,0,0,0,1,0,1,1,0,0,0,0,1,0,0.189
2024,22.2,2.94,0,1,0,0,1,0,0,0,0,1,0,0,0,1,1,0.507
2024,23.0,0.74,0,1,0,0,0,0,0,0,0,0,0,1,0,1,0,0.203
2024,15.0,14.83,1,0,0,0,0,0,0,1,0,1,0,1,0,1,0,0.447
2024,20.3,23.99,0,0,0,0,1,0,0,0,0,1,0,1,0,1,0,0.277
2024,15.9,3.73,1,1,1,1,1,1,1,0,0,1,1,0,0,1,1,0.947
2024,15.0,10.47,1,0,0,0,0,0,0,1,0,0,0,1,1,1,0,0.265
2024,21.2,4.42,0,0,0,0,0,0,0,0,0,0,0,0,1,1,0,0.281
2024,19.6,4.96,1,1,1,1,1,1,0,0,0,1,0,0,0,1,1,0.815
2024,22.3,8.22,1,1,0,1,1,0,0,1,1,0,0,0,0,1,1,0.75
2024,17.9,1.01,1,0,0,1,0,0,0,0,0,0,0,0,0,1,1,0.599
2024,15.0,1.21,1,1,0,1,1,1,0,1,1,1,0,1,0,1,1,0.813
2024,15.0,11.93,1,1,0,1,1,0,0,0,0,1,1,1,0,1,1,0.875
2024,23.1,0.91,1,0,0,0,1,0,0,0,0,0,0,1,0,1,0,0.416
2024,24.4,3.84,1,1,1,0,0,0,0,0,1,0,0,0,0,1,1,0.628
2024,18.3,17.59,1,0,1,1,1,0,0,0,1,0,0,0,0,1,1,0.76
2024,15.4,3.45,1,1,1,0,1,0,0,0,0,0,0,1,1,1,1,0.58
2024,17.6,6.17,1,1,0,1,1,0,0,1,0,0,0,1,0,1,1,0.805
2024,24.4,4.93,1,1,1,1,1,0,1,0,1,1,0,0,0,1,1,0.944
2024,15.0,30.0,1,0,1,1,1,1,0,1,0,0,0,1,0,1,1,0.82
2024,23.4,1.23,1,1,0,1,1,0,0,1,0,0,0,0,0,1,1,0.657
2024,18.2,9.29,0,0,1,0,0,0,0,0,0,0,0,0,0,1,0,0.36
2024,15.0,1.93,1,0,0,1,1,0,0,0,0,0,0,0,0,1,1,0.705
2024,16.4,30.0,0,0,0,0,1,0,0,1,0,0,0,0,0,1,0,0.438
2024,17.3,9.68,1,0,1,0,1,1,0,0,1,1,0,0,0,1,1,0.661
2024,16.2,24.68,1,1,1,1,0,1,0,1,1,0,0,0,0,1,1,0.874
2024,20.7,1.79,1,1,1,1,1,0,0,1,0,0,0,1,1,1,1,0.829
2024,21.0,20.13,1,0,1,0,0,1,0,1,0,0,0,1,0,1,0,0.465
2024,15.0,13.56,1,1,0,1,1,0,0,0,0,1,1,0,0,1,1,0.82
2024,15.0,1.66,1,1,1,0,0,0,0,1,1,0,0,0,1,1,1,0.541
2024,22.3,0.3,1,0,0,0,1,1,0,0,1,0,0,0,0,1,1,0.577
2024,20.8,10.77,1,1,0,1,1,0,0,1,0,0,0,0,0,1,1,0.689
2024,15.0,1.07,1,0,0,1,0,0,0,0,0,0,0,1,0,1,1,0.776
2024,16.5,1.49,1,1,0,0,0,0,0,0,0,0,0,0,0,1,1,0.527
2024,23.7,13.28,1,0,1,0,0,0,0,1,1,0,0,0,1,1,1,0.628
2024,17.9,1.03,1,1,0,0,1,0,0,1,0,0,0,0,1,1,1,0.661
2024,15.0,30.0,1,1,1,1,1,1,0,1,1,0,0,1,0,1,1,0.922
2024,15.0,14.66,0,0,1,0,0,0,0,0,0,0,0,1,0,1,0,0.34
2024,15.0,8.72,1,1,1,1,1,1,0,0,1,1,1,0,0,1,1,0.935
2024,24.4,4.45,1,1,0,1,1,0,0,0,0,0,0,0,0,1,1,0.668
2024,23.2,2.71,0,0,1,1,1,0,0,1,0,1,0,1,0,1,1,0.746
2024,15.0,30.0,0,0,0,0,0,0,0,1,0,0,0,1,0,1,0,0.249
2024,15.0,20.99,1,1,0,1,1,1,0,0,1,0,0,0,1,1,1,0.874
2024,15.0,3.61,1,1,1,1,1,0,0,0,0,0,0,0,0,1,1,0.867
2024,23.6,8.2,0,0,0,1,1,0,0,0,0,0,0,0,0,1,1,0.546
2024,16.1,3.61,0,0,0,0,0,0,0,0,0,0,0,0,0,1,0,0.269
2024,15.0,4.5,1,1,1,0,1,0,0,0,0,0,0,1,1,1,1,0.584
2024,15.3,9.99,1,0,0,1,1,0,0,0,1,1,0,0,0,1,1,0.781
2024,22.9,5.62,1,1,1,1,0,0,0,0,1,0,0,0,1,1,1,0.703
2024,15.0,30.0,1,0,0,1,1,0,0,1,0,1,0,0,0,1,1,0.809
2024,24.5,2.43,1,0,0,0,1,0,0,0,1,1,0,0,0,1,1,0.534
2024,15.0,4.62,1,0,0,1,1,0,1,1,1,0,0,0,0,1,1,0.843
2024,19.8,30.0,1,0,0,1,1,0,0,0,0,0,0,0,0,1,1,0.633
2024,15.0,17.59,1,0,0,0,0,0,0,0,0,0,0,0,0,1,0,0.347
2024,15.0,1.47,1,1,0,1,1,0,0,0,0,0,0,0,0,1,1,0.816
2024,23.8,2.62,1,1,0,1,1,0,0,0,0,0,0,1,0,1,1,0.781
2024,22.0,30.0,1,0,0,1,0,0,0,1,0,0,0,1,0,1,1,0.716
2024,15.0,14.32,1,1,0,0,0,0,0,0,0,1,0,0,0,1,1,0.601
2024,23.4,8.17,1,0,0,0,0,0,0,0,0,0,0,1,0,1,0,0.254
2024,15.0,1.89,1,1,0,0,0,1,0,0,0,0,0,0,0,1,0,0.344
2024,15.0,30.0,1,1,0,1,1,0,0,0,1,1,0,1,0,1,1,0.803
2024,24.5,2.43,1,1,0,0,0,1,0,1,1,0,0,1,0,1,0,0.372
2024,16.9,1.23,1,1,0,1,1,1,0,0,1,0,1,0,0,1,1,0.881
2024,15.0,2.51,0,0,0,0,0,0,0,1,1,0,0,1,0,1,0,0.232
2024,17.8,11.09,1,1,0,0,1,0,0,0,0,0,0,1,1,1,1,0.585
2024,16.0,10.06,1,0,0,1,1,0,0,1,1,0,0,0,0,1,1,0.75
2024,18.2,11.97,1,1,0,1,0,0,0,0,0,0,0,0,0,1,1,0.59
2024,22.8,11.37,1,1,0,1,1,1,0,0,1,0,0,0,1,1,1,0.905
2024,20.9,7.8,1,0,0,0,0,0,0,0,0,0,0,1,0,1,0,0.254
2024,15.0,30.0,1,1,1,1,1,0,0,0,1,1,0,0,0,1,1,0.824
2024,23.5,11.62,0,1,0,1,0,0,0,0,0,0,0,1,0,1,1,0.649
2024,19.6,1.5,0,0,0,0,0,1,0,1,0,0,0,0,0,1,0,0.321
2024,15.0,19.74,1,0,1,0,1,0,0,1,0,1,0,0,0,1,1,0.715
2024,23.8,7.69,1,1,1,1,1,0,0,0,0,1,1,1,1,1,1,0.913
2024,21.6,4.64,1,0,1,1,1,0,0,1,0,0,0,1,0,1,1,0.734
2024,16.8,18.63,0,0,1,1,0,0,0,0,1,1,0,1,0,1,1,0.723
2024,20.4,12.23,1,1,1,0,1,0,0,1,0,0,1,1,1,1,1,0.715
2024,24.5,10.02,0,0,1,0,1,0,0,1,0,0,0,1,0,1,0,0.396
2024,18.8,8.86,1,1,1,1,1,0,0,1,0,0,0,0,0,1,1,0.827
2024,17.9,1.3,0,0,0,0,1,0,0,0,0,0,0,1,0,1,0,0.23
2024,24.7,4.8,1,1,0,1,1,0,0,0,0,1,0,1,0,1,1,0.736
2024,15.0,3.15,1,1,0,1,1,0,0,0,1,0,0,0,0,1,1,0.83
2024,18.5,20.6,1,1,0,0,1,0,0,0,0,0,0,1,0,1,1,0.623
2024,24.9,1.24,1,0,1,1,1,0,0,1,0,0,0,1,1,1,1,0.767
2024,20.0,10.26,0,0,0,1,0,0,0,0,0,0,0,0,1,1,0,0.441
2024,21.4,10.19,0,1,0,0,0,0,0,1,0,0,0,1,0,1,0,0.36
2024,22.4,1.95,1,1,1,1,1,0,0,0,0,0,0,0,0,1,1,0.842
2024,20.3,6.71,1,0,0,1,1,1,0,0,0,0,0,0,0,1,1,0.693
2024,23.1,6.35,1,0,0,0,0,0,0,0,0,0,0,0,0,1,0,0.305
2024,15.0,2.37,1,1,1,0,1,0,0,0,0,0,0,0,1,1,1,0.618
2024,21.2,9.68,0,1,0,1,1,0,0,0,1,0,0,1,0,1,1,0.62
2024,21.9,0.61,1,0,1,1,1,0,0,0,0,0,1,1,1,1,1,0.785
2024,22.7,15.06,1,1,0,0,1,0,0,1,0,0,0,1,0,1,0,0.457
2024,22.1,22.77,1,1,1,0,0,0,0,1,0,0,0,1,0,1,1,0.602
2024,21.8,1.25,1,1,0,0,1,0,0,1,0,0,0,0,0,1,0,0.476
2024,22.4,8.04,1,1,1,1,1,0,0,0,1,0,0,1,1,1,1,0.882
2024,22.9,11.76,0,1,0,1,1,0,0,0,0,0,0,1,0,1,1,0.593
2024,24.5,30.0,1,1,1,1,1,0,0,0,0,0,0,0,0,1,1,0.822
2024,16.9,12.7,1,0,0,0,0,0,0,0,1,0,0,1,0,1,0,0.293
2024,22.1,6.63,1,0,0,0,1,0,0,1,0,0,0,0,0,1,0,0.393
2024,15.0,5.65,0,1,0,1,1,0,0,0,0,0,0,0,0,1,1,0.722
2024,17.4,5.29,0,1,0,1,1,0,0,0,0,1,0,1,0,1,1,0.755
2024,18.6,4.72,0,0,0,0,1,0,0,0,0,0,0,1,0,1,0,0.324
2024,23.5,3.74,1,1,1,1,1,1,0,0,0,0,0,1,1,1,1,0.92
2024,21.0,30.0,0,0,0,0,1,0,0,1,0,0,0,0,0,1,0,0.32
2024,15.0,12.36,1,1,0,0,1,0,0,0,0,0,1,0,0,1,0,0.386
2024,19.3,17.1,0,0,0,0,1,1,0,0,0,0,0,0,0,1,1,0.535
2024,16.2,30.0,1,0,0,0,0,0,0,0,0,0,0,1,0,1,0,0.4
2024,15.0,30.0,1,1,0,1,1,1,0,0,0,1,0,0,0,1,1,0.738
2024,15.0,7.01,0,0,1,0,0,0,0,0,0,0,1,1,0,1,0,0.303
2024,23.3,3.17,1,1,0,1,1,0,0,0,0,0,0,0,0,1,1,0.768
2024,20.7,1.68,1,0,0,0,0,0,0,0,0,0,0,1,1,1,0,0.286
2024,22.5,4.84,1,1,0,0,1,0,0,0,1,1,0,0,0,1,1,0.622
2024,15.0,5.86,1,0,0,1,0,0,0,0,0,0,1,0,1,1,1,0.797
2024,15.0,10.61,1,1,1,1,1,0,0,1,0,0,0,1,0,1,1,0.837
2024,17.5,5.49,1,1,0,0,0,1,0,0,1,0,0,0,0,1,0,0.385
2024,20.6,7.9,1,0,0,1,1,0,0,0,0,0,0,0,0,1,1,0.602
2024,15.5,9.69,0,0,0,1,0,0,0,0,0,0,0,0,0,1,1,0.562
2024,15.7,18.71,1,1,1,1,1,0,0,0,0,0,0,0,0,1,1,0.89
2024,16.3,30.0,1,0,0,0,1,1,0,0,0,0,0,1,0,1,1,0.583
2024,15.0,2.36,1,0,0,0,1,0,0,0,0,0,0,0,0,1,0,0.341
2024,17.4,15.6,1,1,0,1,0,0,0,0,0,0,0,0,0,1,1,0.503
2024,15.0,30.0,1,1,1,0,0,0,1,0,0,0,1,0,1,1,0,0.458
2024,19.4,19.09,1,0,0,0,0,0,0,0,0,0,0,0,0,1,0,0.436
2024,20.4,12.69,1,0,0,0,1,0,0,1,0,0,0,1,0,1,0,0.491
2024,15.0,0.83,1,1,1,1,1,0,0,0,0,1,0,0,0,1,1,0.844
2024,15.0,3.78,1,0,1,0,0,0,0,0,1,0,0,0,0,1,0,0.498
2024,15.0,16.8,1,0,0,0,0,0,0,1,0,1,0,1,1,1,1,0.503
2024,15.0,4.54,1,1,1,1,1,1,0,0,1,0,0,0,0,1,1,0.766
2024,24.1,5.03,0,1,0,0,0,0,0,0,0,0,0,0,0,1,0,0.273
2024,22.3,4.45,1,0,1,1,1,0,0,0,1,0,0,0,1,1,1,0.745
2024,17.0,1.87,0,0,0,0,0,0,0,0,0,0,0,1,0,1,0,0.195
2024,20.2,19.73,1,1,0,0,0,0,0,1,0,0,0,1,0,1,1,0.539
2024,15.0,2.73,1,1,1,1,1,0,0,0,1,1,1,1,0,1,1,0.962
2024,16.0,3.23,1,1,0,0,0,0,0,1,0,0,0,0,0,1,0,0.342
2024,22.5,21.72,1,1,0,0,1,0,0,0,0,0,0,0,0,1,1,0.512
2024,24.3,0.05,1,0,0,1,1,0,0,0,0,0,0,0,0,1,1,0.666
2024,23.9,1.49,0,1,1,1,1,0,0,1,0,0,0,0,0,1,1,0.708
2024,22.0,4.77,1,1,1,0,1,0,0,0,0,0,0,1,0,1,1,0.548
2024,24.4,30.0,1,1,1,1,1,0,0,0,1,0,0,1,0,1,1,0.849
2024,16.8,16.54,1,1,0,1,1,0,0,0,0,0,0,1,0,1,1,0.69
2024,23.7,30.0,1,1,0,0,1,0,0,0,1,1,0,1,1,1,1,0.52
2024,15.0,3.51,0,0,0,0,0,0,0,0,0,0,0,0,0,1,0,0.272
2024,15.0,30.0,0,1,0,0,1,0,0,0,0,0,0,0,0,1,0,0.43
2024,15.0,10.71,1,0,0,0,0,0,0,0,0,0,0,1,0,1,0,0.344
2024,24.2,2.12,1,0,0,0,0,0,0,0,0,0,0,0,0,1,0,0.395
2024,15.0,30.0,1,1,0,1,1,0,0,1,0,0,0,0,0,1,1,0.814
2024,23.0,2.14,0,0,0,0,1,0,0,0,0,0,0,1,0,1,0,0.213
2024,16.2,2.07,1,1,1,0,1,0,0,0,0,0,0,1,0,1,1,0.569
2024,24.3,30.0,1,0,0,0,0,0,0,0,0,1,0,0,0,1,0,0.366
2024,24.2,8.44,0,0,0,1,0,0,0,0,0,0,1,0,0,1,1,0.504
2024,20.4,9.82,1,0,0,0,1,0,0,0,0,0,1,0,0,1,1,0.554
2024,18.9,6.57,0,1,0,0,1,0,0,1,0,1,0,1,0,1,0,0.466
2024,18.0,6.57,0,0,1,1,1,0,0,0,0,0,1,0,0,1,1,0.71
2024,15.0,10.0,0,0,1,0,1,0,0,0,0,0,0,1,0,1,0,0.321
2024,21.2,13.08,1,1,0,1,1,0,0,1,0,0,0,0,0,1,1,0.752
2024,22.1,9.41,1,1,0,0,0,0,0,1,0,1,0,0,0,1,0,0.494
2024,15.0,1.62,1,1,1,1,1,0,0,1,0,1,0,1,1,1,1,0.818
2024,22.3,21.91,1,1,0,1,1,0,0,0,0,1,0,0,0,1,1,0.87
2024,15.0,15.24,0,0,0,0,0,0,0,0,0,1,0,0,0,1,0,0.349
2024,24.0,22.24,1,1,0,0,0,0,0,0,0,0,0,1,0,1,0,0.44
2024,15.8,30.0,1,1,1,1,1,0,0,0,0,1,0,0,1,1,1,0.884
2024,19.0,1.67,1,1,1,1,1,0,0,0,0,0,0,1,0,1,1,0.823
2024,15.0,30.0,0,0,0,0,1,0,0,1,0,1,0,1,0,1,0,0.304
2024,15.0,7.3,1,0,0,0,1,0,0,0,0,0,0,1,1,1,0,0.324
2024,15.0,1.9,1,1,1,0,1,0,0,1,0,0,0,1,0,1,0,0.437
2024,22.3,1.68,1,1,0,0,1,1,0,1,0,0,0,1,0,1,1,0.632
2024,21.9,1.08,1,1,1,0,1,0,0,0,0,0,0,0,0,1,1,0.644
2024,15.0,4.43,1,1,1,0,1,0,1,1,0,0,0,1,1,1,1,0.563
2024,22.3,2.21,1,1,0,1,1,0,0,0,0,0,0,0,0,1,1,0.757
2024,15.3,2.09,1,1,0,1,1,1,0,1,1,0,0,1,0,1,1,0.887
2024,24.9,6.48,1,1,0,1,1,0,1,0,1,1,0,1,0,1,1,0.937
2024,17.1,19.31,0,1,1,1,1,0,0,0,1,0,0,0,1,1,1,0.703
2024,19.7,1.63,0,0,0,0,0,0,0,0,0,0,0,1,0,1,0,0.288
2024,22.6,8.9,1,1,1,1,1,0,0,1,0,0,0,0,0,1,1,0.688
2024,15.0,14.19,1,1,1,0,1,0,0,0,0,0,0,1,1,1,1,0.614
2024,17.5,30.0,1,1,1,1,0,0,0,0,0,0,0,0,0,1,1,0.68
2024,18.5,30.0,0,0,1,0,1,0,0,0,0,0,0,0,0,1,0,0.459
2024,17.2,14.14,0,0,0,1,0,0,0,1,0,0,0,1,0,1,0,0.478
2024,21.4,6.07,1,1,1,1,0,0,0,0,0,0,0,1,0,1,1,0.813
2024,15.0,1.51,1,1,1,0,1,0,0,0,0,0,0,1,0,1,1,0.549
2024,23.8,16.41,1,1,0,0,1,0,0,1,0,0,0,0,0,1,0,0.464
2024,22.9,9.11,1,1,0,1,0,0,0,1,1,0,0,0,0,1,1,0.648
2024,15.0,30.0,1,1,0,0,1,0,0,0,1,0,0,1,0,1,0,0.44
2024,20.1,15.78,1,1,1,1,0,0,0,0,0,0,0,0,0,1,1,0.702
2024,21.9,1.66,1,1,1,1,1,0,1,0,0,1,0,0,0,1,1,0.868
2024,22.3,1.96,0,1,0,1,1,0,0,1,0,0,0,1,0,1,1,0.719
2024,18.1,12.38,1,1,1,0,0,0,0,0,0,0,0,1,1,1,1,0.561
2024,22.4,2.68,1,1,0,0,1,0,0,1,1,1,0,1,0,1,1,0.705
2024,15.0,30.0,0,1,1,1,1,0,0,1,1,1,1,1,1,1,1,0.87
2024,15.0,14.45,1,1,1,1,1,0,0,0,1,0,0,0,0,1,1,0.852
2024,17.1,3.65,1,1,1,1,1,0,0,0,0,0,0,0,1,1,1,0.872
2024,15.0,0.55,0,0,0,1,1,1,0,1,0,0,0,1,0,1,1,0.681
2024,17.8,8.61,1,1,1,1,1,0,0,0,1,1,0,1,0,1,1,0.916
2024,23.1,28.9,0,0,0,0,0,0,0,1,0,0,0,0,0,1,0,0.272
2024,20.5,4.83,1,1,0,0,0,0,0,1,1,0,0,1,0,1,0,0.403
2024,15.0,3.3,1,1,1,1,1,0,0,0,0,0,0,0,1,1,1,0.87
2024,15.0,3.9,0,0,1,0,0,0,0,1,0,0,1,1,0,1,0,0.344
2024,16.5,6.17,1,0,0,0,1,0,0,1,0,0,0,0,0,1,0,0.389
2024,20.2,5.14,1,1,1,1,1,1,0,0,1,0,0,1,0,1,1,0.925
2024,21.1,0.88,1,0,1,1,1,0,0,0,1,1,0,1,0,1,1,0.757
2024,21.7,7.2,1,0,0,0,1,0,0,0,0,0,0,0,0,1,0,0.434
2024,17.4,16.37,1,1,0,1,1,0,0,1,0,1,0,1,0,1,1,0.755
2024,21.3,4.93,1,1,1,1,1,0,0,0,0,0,0,0,0,1,1,0.763
2024,19.4,30.0,0,0,0,0,0,0,0,1,0,0,0,0,0,1,0,0.314
2024,19.3,30.0,0,1,1,1,1,1,1,0,0,1,1,1,0,1,1,0.903
2024,21.1,0.57,0,1,0,0,0,0,0,0,1,0,0,0,0,1,0,0.31
2024,22.7,30.0,1,1,0,0,0,0,0,0,0,0,0,1,0,1,0,0.44
2024,22.5,6.94,0,1,1,1,0,0,0,0,1,0,0,1,0,1,1,0.733
2024,15.0,1.4,1,0,1,1,1,1,0,0,1,0,0,0,0,1,1,0.719
2024,15.0,9.06,1,1,0,1,1,0,0,0,1,0,0,1,0,1,1,0.748
2024,15.0,3.32,1,1,1,1,1,0,0,0,0,1,0,1,0,1,1,0.905
2024,23.7,0.31,1,0,0,1,1,0,0,0,0,1,0,1,0,1,1,0.84
2024,15.0,3.03,1,1,0,0,0,0,0,0,0,0,0,0,0,1,0,0.414
2024,15.0,13.24,0,1,0,1,0,0,0,0,0,0,0,0,0,1,1,0.653
2024,24.5,4.66,1,1,0,1,1,0,1,1,1,1,0,0,0,1,1,0.9
2024,15.0,30.0,1,1,0,0,0,0,0,0,1,0,1,0,0,1,1,0.596
2024,21.6,3.72,0,1,0,1,1,1,0,0,0,1,0,1,0,1,1,0.872
2024,19.8,1.38,1,0,0,0,1,0,0,0,0,0,0,0,0,1,0,0.461
2024,19.2,16.53,0,1,0,1,1,0,1,0,0,0,0,0,1,1,1,0.758
2024,23.0,8.79,1,1,0,0,1,0,0,0,1,1,0,0,0,1,0,0.431
2024,23.1,4.86,1,1,0,1,0,0,0,1,1,0,0,0,0,1,1,0.554
2024,23.6,3.72,1,1,1,0,1,0,1,0,0,1,0,0,0,1,1,0.568
2024,20.5,3.15,1,1,0,0,1,0,0,0,1,0,0,1,0,1,0,0.419
2024,15.0,6.24,0,1,0,0,0,0,0,1,0,0,0,0,0,1,0,0.337
2024,16.1,5.5,1,1,1,1,0,0,0,1,1,0,0,1,1,1,1,0.807
2024,15.0,6.74,0,1,0,0,0,0,0,0,0,0,0,0,0,1,0,0.336
2024,15.0,1.34,1,0,0,1,1,0,0,0,0,0,0,0,0,1,1,0.75
2024,22.8,30.0,0,0,0,0,0,0,0,1,0,0,0,1,0,1,0,0.249
2024,15.0,12.8,1,1,0,0,1,0,0,0,0,0,0,0,0,1,0,0.422
2024,18.2,19.55,0,1,0,0,0,0,0,0,1,0,0,0,0,1,0,0.442
2024,22.3,13.21,1,1,0,0,1,0,0,1,0,1,0,0,1,1,1,0.753
2024,15.0,7.3,1,1,1,0,0,0,0,0,0,0,0,0,0,1,1,0.558
2024,21.3,3.9,1,1,0,1,0,0,0,0,1,0,0,0,0,1,1,0.739
2024,18.6,1.79,0,0,0,0,0,0,0,1,0,0,0,0,0,1,0,0.152
2024,24.5,4.11,0,0,1,1,1,1,0,1,0,0,0,0,0,1,1,0.642
2024,20.3,3.94,0,1,0,1,1,0,0,0,1,0,0,0,0,1,1,0.752
2024,24.9,1.72,1,0,1,1,0,0,0,0,1,0,0,1,0,1,1,0.849
2024,20.1,6.01,1,1,1,1,1,0,0,1,1,0,0,1,0,1,1,0.902
2024,15.0,7.87,0,0,0,0,1,0,0,0,0,0,0,0,0,1,0,0.344
2024,17.6,12.28,1,1,0,1,0,1,0,0,1,0,0,0,0,1,1,0.732
2024,15.0,11.38,1,0,1,0,0,0,0,0,1,0,0,1,0,1,0,0.471
2024,17.0,1.81,1,1,0,1,1,0,0,1,0,0,0,1,0,1,1,0.708
2024,15.0,2.95,1,0,0,0,1,0,0,0,0,0,0,0,1,1,1,0.502
2024,22.7,8.69,1,0,0,1,1,0,0,0,0,0,0,0,0,1,1,0.527
2024,20.9,30.0,1,0,0,0,1,0,0,0,1,0,1,1,0,1,1,0.653
2024,21.9,9.91,0,1,0,0,1,1,1,1,1,0,1,0,0,1,1,0.541
2024,18.7,1.91,1,0,1,0,0,0,0,0,1,0,0,0,1,1,0,0.292
2024,19.8,11.2,1,1,1,1,1,0,0,0,0,1,0,1,0,1,1,0.922
2024,15.0,2.12,0,0,1,1,1,1,0,0,1,1,0,0,0,1,1,0.734
2024,17.1,3.07,1,1,0,1,1,0,0,0,1,0,0,0,0,1,1,0.829
2024,15.0,4.45,1,1,1,0,1,0,0,0,0,0,0,1,0,1,1,0.533
2024,19.5,4.81,0,0,1,1,1,0,0,0,0,0,0,0,0,1,1,0.595
2024,23.0,3.74,1,1,0,1,1,1,0,0,0,0,0,1,0,1,1,0.854
2024,23.9,3.64,0,0,0,0,0,0,0,1,0,0,0,0,0,1,0,0.16
2024,24.3,4.28,1,1,1,0,1,0,0,1,0,0,0,1,1,1,1,0.657
2024,23.5,0.13,0,0,0,0,0,0,0,1,0,0,0,0,0,1,0,0.331
2024,15.0,23.91,1,0,1,1,1,0,0,1,0,1,0,0,0,1,1,0.851
2024,16.0,3.02,1,1,0,1,1,1,0,0,0,0,0,1,0,1,1,0.903
2024,16.5,2.39,1,1,1,1,1,0,0,0,0,1,0,1,1,1,1,0.857
2024,15.0,2.13,1,1,1,1,1,0,0,1,0,1,0,0,1,1,1,0.889
2024,15.5,24.17,1,1,1,1,0,0,0,0,1,1,0,1,1,1,1,0.833
2024,19.3,2.09,0,0,0,0,1,0,0,0,0,0,0,1,0,1,0,0.275
2024,23.7,4.35,1,0,0,0,0,0,0,1,0,0,0,1,0,1,0,0.231
2024,18.8,25.74,1,1,1,1,0,0,0,0,0,0,0,0,0,1,1,0.783
2024,15.0,6.67,1,1,1,1,1,0,1,0,0,1,1,0,0,1,1,0.96
2024,18.0,1.24,1,0,0,0,0,0,0,1,0,0,0,0,0,1,0,0.354
2024,21.3,2.76,0,1,0,1,1,1,0,0,0,1,0,0,0,1,1,0.643
2024,18.8,1.53,1,1,0,1,0,0,0,0,0,0,0,1,0,1,1,0.678
2024,15.0,12.93,1,1,0,0,0,0,0,0,0,0,1,0,0,1,0,0.42
2024,24.1,14.44,0,1,0,0,0,0,0,1,1,0,0,1,0,1,0,0.345
2024,21.1,0.22,1,0,0,1,1,0,0,0,0,0,0,0,0,1,1,0.62
2024,15.0,0.38,1,0,1,0,1,0,0,1,1,0,0,0,1,1,1,0.627
2024,23.1,1.85,1,0,0,0,0,0,0,0,0,0,0,0,0,1,0,0.308
2024,15.0,4.37,1,0,0,1,1,0,0,0,0,0,0,0,0,1,1,0.699
2024,24.8,1.59,1,1,1,1,0,0,0,1,1,0,1,1,1,1,1,0.717
2024,20.9,4.37,0,0,1,0,1,0,0,0,0,0,1,0,1,1,1,0.519
2024,20.1,3.17,1,0,1,0,0,0,0,0,0,0,0,1,1,1,0,0.396
2024,22.4,0.89,1,0,0,1,1,0,0,1,0,0,0,0,0,1,1,0.699
2024,22.6,8.39,1,1,1,1,1,0,0,0,0,1,0,0,0,1,1,0.866
2024,21.7,14.42,1,1,1,1,1,1,0,0,0,0,1,1,1,1,1,0.966
2024,15.0,19.06,0,0,0,0,1,0,0,0,0,0,0,0,0,1,0,0.438
2024,21.7,13.27,1,0,1,1,1,0,0,0,0,0,1,1,0,1,1,0.828
2024,24.5,4.01,1,1,0,1,0,1,0,0,0,0,0,1,0,1,1,0.592
2024,15.8,2.13,1,1,1,1,1,1,0,1,0,1,0,0,1,1,1,0.928
2024,18.0,1.68,0,0,0,0,1,0,0,1,0,0,0,1,0,1,0,0.269
2024,21.4,9.06,1,1,1,1,1,0,0,1,0,1,0,1,0,1,1,0.911
2024,17.5,2.46,1,1,0,1,1,0,0,0,1,0,0,0,0,1,1,0.752
2024,19.1,6.71,1,1,0,1,1,0,0,0,0,0,1,1,0,1,1,0.739
2024,19.5,4.2,1,1,0,0,0,0,0,0,0,0,0,0,0,1,0,0.473
2024,15.0,30.0,1,0,0,0,0,0,0,1,0,0,0,1,0,1,0,0.313
2024,23.5,29.25,1,0,0,1,1,0,0,0,1,0,0,0,0,1,1,0.717
2024,20.1,9.51,1,1,0,0,1,0,0,0,0,0,0,0,0,1,0,0.473
2024,18.2,8.34,1,0,0,1,0,0,0,0,0,0,0,0,0,1,1,0.598
2024,17.1,1.07,1,1,0,1,0,0,0,0,0,1,1,1,1,1,1,0.733
2024,21.6,6.69,1,1,1,0,1,0,0,0,1,1,0,1,0,1,1,0.804
2024,15.0,2.56,1,0,1,0,1,0,0,0,0,0,0,1,0,1,0,0.5
2024,15.0,30.0,0,0,0,0,1,0,0,0,0,0,0,1,0,1,0,0.321
2024,16.9,16.65,1,1,0,1,1,0,0,1,0,1,0,1,0,1,1,0.757
2024,15.0,1.77,1,0,1,0,1,0,0,1,0,0,0,1,1,1,0,0.238
2024,20.2,2.07,0,0,0,0,1,0,0,0,1,0,0,1,0,1,0,0.284
2024,15.0,3.45,1,1,0,1,1,0,0,0,0,1,1,1,0,1,1,0.855
2024,15.0,2.85,1,1,0,0,0,0,0,0,0,1,1,0,0,1,1,0.512
2024,15.0,1.89,0,0,0,0,0,0,0,1,0,0,0,1,0,1,0,0.163
2024,15.0,18.54,0,0,1,0,1,0,0,1,0,0,0,1,0,1,0,0.426
2024,15.0,3.4,1,1,1,0,1,0,0,1,0,0,0,1,0,1,1,0.536
2024,19.9,3.57,1,1,0,0,1,0,0,0,0,0,0,0,0,1,0,0.465
2024,22.7,10.74,1,1,1,1,1,0,0,0,0,0,0,1,0,1,1,0.822
2024,18.0,0.14,1,1,0,1,1,0,0,0,0,0,0,0,0,1,1,0.802
2024,16.7,3.61,1,1,0,1,1,0,0,0,0,1,0,1,0,1,1,0.834
2024,15.0,9.43,0,1,1,1,1,0,0,1,0,0,1,1,1,1,1,0.828
2024,22.5,23.7,1,1,1,1,1,1,0,0,0,0,0,1,1,1,1,0.961
2024,15.0,25.93,1,0,1,0,1,0,0,0,0,1,0,0,1,1,1,0.584
2024,19.9,5.43,1,0,0,1,1,0,1,0,0,0,0,0,0,1,1,0.872
2024,20.2,1.53,1,1,0,0,1,0,0,0,0,0,0,0,0,1,1,0.532
2024,18.5,3.66,0,1,1,1,1,0,0,0,0,0,0,1,0,1,1,0.823
2024,15.0,1.56,1,1,0,0,1,0,0,1,0,0,0,1,0,1,0,0.443
2024,15.8,4.71,0,1,1,0,1,0,0,0,0,0,0,1,0,1,1,0.574
2024,19.5,8.82,0,0,0,0,1,0,0,0,0,0,0,0,0,1,0,0.287
2024,24.4,0.05,0,0,0,1,1,0,0,0,0,0,0,0,0,1,1,0.538
2024,24.1,10.39,0,1,1,0,0,0,0,0,0,0,0,1,0,1,0,0.389
2024,15.0,4.87,0,1,0,0,0,0,0,0,0,0,0,0,0,1,0,0.276
2024,15.0,6.44,0,0,0,1,1,0,0,0,0,1,0,1,0,1,1,0.728
2024,19.0,8.19,1,1,1,1,1,1,0,0,1,1,0,1,1,1,1,0.933
2024,15.0,8.43,1,0,0,0,1,0,0,0,0,1,1,1,1,1,1,0.627
2024,15.0,4.0,1,1,0,1,1,0,0,1,0,1,0,0,0,1,1,0.868
2024,19.3,9.98,0,0,0,0,0,0,0,1,0,0,0,1,0,1,0,0.276
2024,20.6,25.91,0,0,0,0,0,0,0,0,0,0,0,1,0,1,0,0.203
2024,21.9,17.84,1,1,1,0,1,1,0,1,0,0,0,1,1,1,1,0.828
2024,18.3,1.68,1,0,1,1,1,0,0,0,1,0,1,0,1,1,1,0.879
2024,21.3,7.16,1,0,0,0,0,1,0,0,0,0,0,1,0,1,0,0.387
2024,15.0,2.67,1,1,1,1,1,0,0,0,0,1,1,0,0,1,1,0.917
2024,24.4,6.83,1,0,1,0,1,0,0,0,0,0,1,0,0,1,1,0.557
2024,20.8,1.59,1,1,0,0,1,0,0,0,1,0,0,0,0,1,1,0.529
2024,23.6,26.86,1,0,0,0,0,0,0,0,0,0,0,0,0,1,0,0.422
2024,23.9,3.28,1,1,1,1,0,0,0,1,1,0,1,1,0,1,1,0.68
2024,22.7,3.81,1,1,0,0,0,0,0,0,0,0,0,1,0,1,0,0.376
2024,16.1,13.49,1,1,1,0,0,0,0,0,0,0,0,1,0,1,1,0.607
2024,24.3,20.17,0,0,0,1,1,0,0,0,0,0,1,0,0,1,1,0.863
2024,19.4,2.98,0,1,1,0,1,0,0,1,0,0,0,0,0,1,1,0.697
2024,15.0,4.88,1,1,0,0,1,0,0,0,1,0,0,1,0,1,0,0.326
2024,19.0,5.38,1,1,0,1,1,0,0,0,1,0,0,0,0,1,1,0.77
2024,15.0,16.52,0,1,0,1,1,0,0,0,0,0,0,0,0,1,1,0.683
2024,23.8,2.13,0,0,0,0,0,0,0,0,0,0,0,1,1,1,0,0.266
2024,23.1,30.0,1,1,0,1,0,0,0,0,0,0,0,1,0,1,1,0.74
2024,22.8,0.05,1,0,0,1,1,1,0,1,1,0,0,0,0,1,1,0.599
2024,21.5,7.65,1,1,0,0,1,0,0,0,0,0,0,0,0,1,0,0.494
2024,15.0,7.48,1,1,1,0,1,0,0,0,0,1,0,0,0,1,1,0.814
2024,24.9,13.66,0,0,1,1,0,0,0,0,0,0,0,0,0,1,0,0.238
2024,23.6,11.1,0,0,0,1,1,0,0,1,0,0,0,1,0,1,1,0.574
2024,24.8,26.58,1,1,1,0,0,0,0,0,0,0,0,0,1,1,1,0.605
2024,23.1,4.08,1,0,0,0,1,1,0,0,0,0,0,1,0,1,0,0.476
2024,24.5,30.0,1,1,0,1,1,0,0,0,0,1,1,1,0,1,1,0.82
2024,15.0,6.33,1,1,0,0,1,0,0,0,0,0,0,1,0,1,0,0.47
2024,15.0,11.63,1,0,0,0,0,0,0,0,0,0,0,0,0,1,0,0.329
2024,24.6,30.0,1,1,1,0,1,1,0,0,0,0,0,0,0,1,1,0.664
2024,17.8,9.54,1,0,0,1,1,0,0,0,0,0,1,0,0,1,1,0.74
2024,16.3,6.3,1,1,0,0,1,0,0,1,0,0,0,1,0,1,0,0.378
2024,15.0,1.41,1,0,0,0,0,0,0,1,0,0,0,0,0,1,0,0.347
2024,22.5,2.2,1,1,0,0,0,0,0,1,0,0,0,0,0,1,0,0.359
2024,23.0,7.04,0,0,0,0,0,0,0,0,0,0,0,0,0,1,0,0.232
2024,15.0,1.04,0,0,1,0,1,0,0,1,0,0,0,0,0,1,0,0.496
2024,15.0,1.32,1,1,0,1,1,0,0,0,0,0,0,1,0,1,1,0.799
2024,15.3,10.19,1,1,0,1,1,0,1,1,1,1,0,0,0,1,1,0.928
2024,16.5,11.19,1,0,1,0,0,1,0,0,1,0,0,1,0,1,1,0.586
2024,15.0,5.91,1,0,1,1,1,0,0,0,0,0,0,1,0,1,1,0.755
2024,20.2,14.54,1,0,0,0,0,0,0,0,1,0,1,0,0,1,1,0.709
2024,15.0,11.43,0,0,1,0,1,0,0,0,0,0,0,0,0,1,0,0.359
2024,15.0,16.77,1,0,0,0,1,0,0,0,0,0,0,1,0,1,0,0.358
2024,15.0,25.65,0,1,0,0,1,0,0,0,0,0,0,0,0,1,0,0.454
2024,19.0,5.04,1,1,1,1,1,0,0,1,1,0,0,1,0,1,1,0.871
2024,19.7,0.3,1,1,1,1,1,0,1,1,1,0,0,1,0,1,1,0.964
2024,15.0,30.0,1,0,1,1,1,0,0,0,0,1,0,0,0,1,1,0.812
2024,15.0,8.57,1,0,0,1,0,0,0,1,0,0,0,1,0,1,1,0.709
2024,15.0,11.69,1,0,1,0,0,0,0,0,0,0,0,0,0,1,0,0.414
2024,15.0,30.0,1,0,1,0,0,0,0,1,0,1,0,1,0,1,1,0.626
2024,15.3,5.76,1,1,0,1,1,0,0,0,1,0,0,1,0,1,1,0.802
2024,20.8,17.17,0,0,0,1,0,0,0,0,0,0,0,0,0,1,1,0.525
2024,15.0,4.35,0,0,0,1,1,0,1,0,1,0,0,0,0,1,1,0.724
2024,15.8,25.48,1,1,0,1,1,0,0,0,0,0,0,0,0,1,1,0.838
2024,15.6,1.81,1,1,1,1,1,0,0,0,0,0,0,0,0,1,1,0.854
2024,15.0,8.12,1,0,0,0,0,0,0,0,0,0,0,0,0,1,0,0.349
2024,15.0,11.87,1,1,1,1,1,0,0,1,1,0,0,1,0,1,1,0.892
2024,15.0,3.05,0,0,0,0,1,0,0,0,0,0,0,1,0,1,0,0.201
2024,21.5,27.93,1,1,1,1,1,1,0,1,0,0,0,1,1,1,1,0.948
2024,15.0,15.36,1,1,0,0,0,0,0,0,0,0,1,0,0,1,1,0.537
2024,19.5,13.2,1,1,1,1,1,0,0,1,1,0,0,0,0,1,1,0.915
2024,19.3,1.91,1,1,0,0,1,0,0,1,0,0,0,1,0,1,0,0.423
2024,24.5,15.33,0,0,0,0,1,0,0,0,0,0,0,1,1,1,0,0.442
2024,15.0,4.13,1,1,0,1,1,0,0,0,0,0,0,1,0,1,1,0.85
2024,19.7,1.81,0,0,0,0,0,0,0,0,0,0,0,0,0,1,0,0.236
2024,15.0,4.06,0,0,0,0,1,0,0,0,0,0,0,1,0,1,0,0.321
2024,15.0,1.93,0,0,0,0,0,0,0,0,0,0,0,0,0,1,0,0.257
2024,23.2,30.0,1,0,0,1,1,0,0,0,0,1,0,0,0,1,1,0.691
2024,15.0,30.0,0,1,1,0,0,0,0,0,0,0,0,1,0,1,0,0.442
2024,15.0,1.81,1,1,1,0,0,0,0,0,1,0,0,1,0,1,0,0.403
2024,15.0,30.0,1,1,1,0,1,0,0,0,0,0,0,1,1,1,1,0.546
2024,24.1,27.92,1,1,1,1,1,0,0,1,0,0,0,0,0,1,1,0.763
2024,24.6,1.86,1,1,1,1,1,0,0,1,0,0,0,1,0,1,1,0.871
2024,23.8,30.0,1,1,1,1,0,0,0,0,1,0,0,1,0,1,1,0.75
2024,20.6,5.84,1,1,0,0,0,0,0,0,0,0,0,0,0,1,0,0.379
2024,19.5,9.59,0,0,0,1,0,0,0,0,0,0,0,1,0,1,1,0.563
2024,18.6,3.4,1,1,1,0,0,0,0,0,0,0,0,1,1,1,0,0.5
2024,15.0,17.3,1,1,0,1,1,1,0,1,0,1,0,0,0,1,1,0.826
2024,16.0,2.08,1,1,0,0,1,1,0,0,1,0,0,0,0,1,1,0.595
2024,21.2,11.86,1,0,1,1,0,0,0,0,0,0,0,0,0,1,0,0.488
2024,18.9,12.1,1,1,1,1,1,0,1,0,0,1,0,0,1,1,1,0.931
2024,15.0,10.59,1,1,1,1,1,0,0,0,0,0,0,0,0,1,1,0.81
2024,15.0,7.28,1,1,1,1,1,0,1,0,0,0,1,0,1,1,1,0.908
2024,15.0,3.48,1,1,0,1,1,0,1,0,1,0,0,1,0,1,1,0.91
2024,21.1,30.0,0,0,0,0,0,0,0,0,0,0,0,0,0,1,0,0.356
2024,16.6,17.52,1,1,0,1,1,0,0,0,1,0,1,1,0,1,1,0.891
2024,24.3,10.96,0,1,0,0,1,1,0,0,0,0,0,1,0,1,1,0.575
2024,20.0,5.18,0,0,0,0,1,1,0,0,0,0,0,0,0,1,0,0.369
2024,15.0,3.79,1,1,0,1,1,0,0,0,1,1,0,1,0,1,1,0.858
2024,15.0,5.67,0,0,0,0,1,0,0,0,0,0,0,1,0,1,0,0.273
2024,15.0,3.88,1,1,1,1,1,0,0,1,0,1,0,1,0,1,1,0.903
2024,23.5,3.32,1,0,0,1,1,1,0,0,0,1,0,0,0,1,1,0.703
2024,20.8,1.08,1,0,0,0,0,0,0,0,0,0,0,1,1,1,1,0.549
2024,20.3,30.0,1,1,0,1,1,0,0,0,0,0,0,0,0,1,1,0.724
2024,16.1,29.89,0,0,1,0,1,0,0,0,1,0,0,1,0,1,1,0.543
2024,18.1,19.89,1,1,0,0,0,0,0,0,0,0,0,1,1,1,1,0.635
2024,20.7,12.81,1,0,0,1,1,1,0,0,0,1,0,1,0,1,1,0.818
2024,24.0,23.03,1,1,0,0,1,0,0,0,0,0,0,0,1,1,1,0.623
2024,15.0,30.0,1,1,0,1,1,0,0,0,0,1,0,1,0,1,1,0.832
2024,17.4,3.72,1,1,0,1,1,1,0,0,1,0,0,1,1,1,1,0.914
2024,24.5,1.79,1,1,0,1,0,0,0,0,1,1,1,0,0,1,1,0.793
2024,21.3,28.3,1,1,1,0,1,0,0,0,0,0,0,1,0,1,1,0.599
2024,22.6,3.7,1,1,1,0,0,0,0,1,0,0,0,0,1,1,0,0.472
2024,23.5,4.8,0,0,0,0,0,0,0,0,0,0,0,0,0,1,0,0.324
2024,17.6,19.12,0,1,0,0,1,0,0,0,0,0,0,1,0,1,1,0.562
2024,15.0,30.0,1,1,1,1,0,0,0,0,0,0,0,1,0,1,1,0.828
2024,15.0,3.0,0,1,1,1,0,0,0,0,0,1,0,1,0,1,1,0.843
2024,20.7,2.27,1,0,0,1,0,0,0,0,0,0,0,1,0,1,1,0.58
2024,15.0,5.38,1,1,1,0,1,1,0,0,1,0,0,1,0,1,1,0.661
2024,22.8,1.56,1,1,1,1,1,1,0,1,0,1,0,1,0,1,1,0.906
2024,22.8,30.0,1,1,1,0,1,0,0,0,1,0,0,0,1,1,1,0.602
2024,21.0,27.08,1,1,1,1,1,0,0,0,1,1,0,0,0,1,1,0.843
2024,15.0,28.34,0,1,0,0,0,0,0,0,0,0,0,1,0,1,0,0.419
2024,17.7,6.15,0,1,0,1,1,0,0,0,0,1,0,1,0,1,1,0.811
2024,17.9,11.2,0,0,0,0,0,0,1,0,0,0,0,0,0,1,0,0.25
2024,15.0,2.56,1,1,1,0,1,0,1,0,0,1,1,1,1,1,1,0.782
2024,21.6,30.0,0,0,1,0,0,0,0,1,0,0,0,0,0,1,0,0.445
2024,17.6,5.45,1,1,0,0,0,0,0,1,0,0,0,0,0,1,0,0.441
2024,15.0,2.64,1,1,0,1,1,0,0,0,0,0,0,1,0,1,1,0.823
2024,23.3,1.6,0,0,1,0,0,0,0,0,1,0,0,0,0,1,0,0.294
2024,19.7,1.9,0,0,0,1,0,0,0,0,0,0,0,0,0,1,1,0.599
2024,15.0,11.28,0,0,0,0,0,0,0,0,0,0,0,1,0,1,0,0.298
2024,17.3,28.84,1,1,0,1,1,1,0,0,0,0,0,1,0,1,1,0.819
2024,15.0,4.6,1,1,1,1,1,0,0,0,1,1,1,0,1,1,1,0.919
2024,21.3,4.82,0,1,0,0,1,0,0,0,0,0,0,0,0,1,0,0.386
2024,17.8,6.13,0,0,0,0,0,0,1,0,0,0,0,1,0,1,0,0.256
2024,17.3,1.59,0,0,0,0,0,0,0,0,0,0,0,0,0,1,0,0.273
2024,16.1,4.89,1,1,0,1,0,0,0,1,1,1,0,0,0,1,1,0.617
2024,15.0,16.31,1,1,1,0,0,0,0,0,0,1,0,0,0,1,1,0.764
2024,21.5,0.72,1,1,0,1,1,0,0,0,1,1,0,0,0,1,1,0.781
2024,19.4,7.87,1,1,0,0,1,0,0,0,0,0,1,1,0,1,1,0.555
2024,17.8,10.74,1,1,0,1,1,0,0,1,1,0,0,1,0,1,1,0.86
2024,15.0,17.19,1,1,1,0,0,0,0,0,0,0,0,0,0,1,1,0.585
2024,21.1,1.07,1,1,1,1,1,0,0,0,0,1,0,0,0,1,1,0.837
2024,15.0,30.0,1,1,1,1,1,0,0,0,1,0,0,1,0,1,1,0.829
2024,15.0,2.28,0,0,0,1,0,0,0,1,0,0,0,0,0,1,1,0.543
2024,16.3,30.0,1,1,0,1,1,0,0,0,1,0,0,0,0,1,1,0.847
2024,19.7,9.82,0,1,1,0,0,0,0,0,0,0,0,1,0,1,0,0.499
2024,21.1,3.7,1,1,0,0,1,0,0,1,0,0,0,0,0,1,0,0.41
2024,17.7,7.63,1,1,1,0,1,0,0,0,0,0,0,1,0,1,1,0.638
2024,24.5,4.28,0,0,0,0,1,0,0,0,0,0,0,1,0,1,0,0.24
2024,22.1,4.5,0,0,0,0,0,0,0,0,0,0,0,1,0,1,0,0.283
2024,20.1,19.57,1,0,0,0,1,0,0,0,1,0,0,0,0,1,0,0.47
2024,15.0,5.91,1,1,1,0,1,0,0,0,0,0,0,1,0,1,1,0.567
2024,17.1,8.6,0,0,0,0,1,0,0,0,0,0,0,0,0,1,0,0.306
2024,19.9,10.23,0,0,1,0,0,0,0,0,0,0,0,0,0,1,0,0.388
2024,23.1,2.6,1,1,0,0,0,0,0,0,0,1,0,0,0,1,0,0.472
2024,20.1,2.2,0,0,0,0,0,0,0,0,0,0,0,0,0,1,0,0.331
2024,18.5,30.0,0,0,0,1,1,0,0,1,0,0,0,1,0,1,1,0.618
2024,23.7,1.67,1,1,0,1,1,1,0,0,0,0,0,0,0,1,1,0.809
2024,15.0,4.75,0,1,0,0,1,0,0,1,0,0,0,0,0,1,0,0.263
2024,21.3,30.0,0,0,0,0,0,0,0,1,0,0,0,1,0,1,0,0.266
2024,23.2,10.94,1,1,1,1,1,0,0,0,0,0,0,1,1,1,1,0.892
2024,15.0,7.43,1,1,1,1,0,0,0,0,0,0,0,1,1,1,1,0.873
2024,17.9,30.0,1,0,0,0,0,0,0,0,0,0,0,1,0,1,0,0.286
2024,21.1,1.64,1,0,0,1,1,0,0,0,0,1,0,0,1,1,1,0.725
2024,22.9,30.0,1,1,0,1,1,0,0,0,0,0,0,1,0,1,1,0.752
2024,15.0,3.15,0,1,0,0,0,0,0,0,0,1,0,1,0,1,0,0.285
2024,21.9,24.65,0,1,1,0,1,0,0,0,0,0,0,1,0,1,1,0.531
2024,23.1,6.19,1,1,0,1,1,0,0,1,1,0,0,0,0,1,1,0.693
2024,15.0,17.09,1,1,1,1,1,0,1,0,0,0,1,0,0,1,1,0.872
2024,23.7,11.41,1,0,0,1,1,1,0,0,0,0,0,0,0,1,1,0.689
2024,24.1,6.0,1,1,0,1,1,0,0,0,0,0,0,0,1,1,1,0.76
2024,24.1,5.8,0,0,0,1,0,0,0,0,0,0,0,0,0,1,1,0.519
2024,24.9,17.17,0,0,0,0,1,0,0,0,0,0,0,1,0,1,0,0.255
2024,24.0,4.38,1,1,1,1,1,0,0,1,0,0,0,1,1,1,1,0.765
2024,23.4,9.59,1,1,0,0,1,0,0,1,1,1,1,1,1,1,1,0.662
2024,23.5,3.0,1,0,0,0,0,0,0,1,0,1,0,1,0,1,0,0.277
2024,21.9,5.51,1,1,1,0,0,1,0,0,0,0,0,0,0,1,1,0.541
2024,15.0,1.67,1,1,1,1,1,0,1,0,0,0,0,0,1,1,1,0.887
2024,15.0,1.93,0,0,0,0,0,0,0,0,0,0,0,1,0,1,0,0.221
2024,24.1,5.43,1,1,1,0,1,0,0,0,0,1,1,1,1,1,1,0.688
2024,24.1,1.76,0,0,0,0,0,0,0,0,0,0,0,1,0,1,0,0.18
2024,15.0,10.89,1,0,1,1,1,0,0,1,0,0,0,0,0,1,1,0.776
2024,15.0,20.98,1,1,1,0,1,1,0,0,1,0,0,1,1,1,1,0.68
2024,15.0,7.27,0,0,0,0,0,0,0,0,0,0,0,0,0,1,0,0.265
2024,24.1,7.62,1,1,1,1,1,0,0,1,0,1,0,1,0,1,1,0.781
2024,18.1,14.61,1,0,0,0,0,0,0,0,0,0,0,1,0,1,0,0.295
2024,15.0,23.18,0,0,0,0,1,0,0,0,0,1,0,0,0,1,0,0.321
2024,22.4,6.89,1,1,0,1,1,0,0,0,1,0,0,1,0,1,1,0.803
2024,16.8,2.29,1,1,1,1,1,0,0,1,0,0,0,1,0,1,1,0.825
2024,15.0,1.7,1,0,0,0,0,0,0,0,0,0,0,1,0,1,0,0.379
2024,18.2,9.39,0,0,0,0,1,0,0,0,0,0,0,0,0,1,0,0.24
2024,16.9,10.61,1,1,1,0,1,0,0,1,0,0,0,0,0,1,1,0.663
2024,15.0,5.97,1,1,1,1,1,0,0,0,0,0,0,1,0,1,1,0.863
2024,24.5,3.25,1,1,1,0,1,0,0,0,0,0,0,1,1,1,1,0.724
2024,23.0,30.0,1,1,0,0,1,1,0,0,0,1,0,0,0,1,1,0.567
2024,22.4,6.38,0,1,0,0,0,0,0,0,0,0,0,0,1,1,0,0.359
2024,24.6,5.56,1,1,1,0,1,0,0,1,0,0,0,0,0,1,1,0.731
2024,17.7,4.03,1,1,1,0,0,0,0,0,0,0,0,1,1,1,1,0.751
2024,18.1,4.95,1,1,0,1,0,0,0,0,0,1,0,0,0,1,1,0.65
2024,21.5,3.01,1,0,0,0,1,1,0,1,0,0,0,1,0,1,0,0.421
2024,20.5,11.79,1,0,0,0,1,0,0,1,1,1,0,1,0,1,1,0.553
2024,17.1,2.05,1,1,0,0,1,0,0,1,0,0,0,0,0,1,0,0.45
2024,21.7,4.28,1,0,1,0,1,0,0,0,0,0,0,0,0,1,1,0.521
2024,20.4,6.88,1,0,1,1,1,1,0,0,1,0,0,0,0,1,1,0.732
2024,22.5,7.55,1,1,1,1,1,0,0,1,1,0,0,1,0,1,1,0.843
2024,15.0,10.33,1,0,0,1,1,0,0,0,0,0,0,0,0,1,1,0.699
2024,20.5,13.49,0,0,0,0,1,0,0,0,0,0,0,0,0,1,0,0.453
2024,21.1,13.89,1,0,0,0,0,0,0,0,1,0,0,1,0,1,0,0.361
2024,23.5,22.24,1,0,0,1,0,0,0,1,0,0,0,1,0,1,1,0.751
2024,18.9,7.76,1,1,0,0,0,0,0,1,0,0,0,0,0,1,0,0.449
2024,15.0,12.34,0,0,0,0,0,0,0,0,0,0,0,0,0,1,0,0.206
2024,15.0,9.31,0,0,1,0,1,0,1,1,0,0,0,1,0,1,0,0.403
2024,15.0,7.27,1,1,1,1,1,1,0,0,0,0,0,0,1,1,1,0.856
2024,23.6,6.16,0,1,0,1,1,0,0,0,0,0,0,0,0,1,1,0.604
2024,22.4,6.01,1,1,0,0,1,0,0,0,1,0,0,0,0,1,1,0.502
2024,21.5,0.86,1,0,0,1,0,1,0,0,0,1,0,1,0,1,1,0.682
2024,22.2,6.96,1,1,1,0,1,0,0,0,0,0,0,0,0,1,1,0.549
2024,15.0,2.72,0,0,0,0,1,0,0,1,0,0,0,0,1,1,0,0.339
2024,15.0,3.03,1,1,0,1,1,0,0,1,0,0,0,0,0,1,1,0.802
2024,15.0,1.1,1,0,0,0,1,0,0,0,0,0,0,1,0,1,1,0.52
2024,18.3,17.06,1,1,1,1,1,0,0,0,0,1,1,0,0,1,1,0.902
2024,15.0,4.85,1,1,1,1,1,0,0,0,0,0,0,0,0,1,1,0.745
2024,23.8,30.0,1,1,0,0,1,0,0,0,0,1,0,0,0,1,0,0.417
2024,24.2,2.96,1,1,1,0,1,0,0,0,0,0,0,0,0,1,1,0.769
2024,15.0,4.72,0,0,0,0,1,0,0,0,0,1,0,1,0,1,0,0.304
2024,17.9,30.0,1,1,1,1,1,0,0,0,1,0,0,1,0,1,1,0.817
2024,15.0,0.74,0,0,0,0,0,0,0,0,0,0,0,0,0,1,0,0.327
2024,16.2,12.32,0,0,1,0,0,0,0,0,0,0,0,0,0,1,0,0.283
2024,15.0,8.99,1,1,0,1,1,0,1,1,0,0,0,1,0,1,1,0.844
2024,17.7,2.71,1,1,0,1,1,0,0,0,1,1,1,1,0,1,1,0.881
2024,24.4,30.0,1,1,1,0,0,0,0,0,0,0,0,1,0,1,1,0.605
2024,16.1,3.95,1,1,1,1,1,0,0,0,0,0,0,0,0,1,1,0.896
2024,22.6,3.15,1,1,0,0,1,0,0,1,0,0,1,1,0,1,0,0.435
2024,19.7,16.83,1,1,0,1,1,0,0,1,0,0,0,0,0,1,1,0.775
2024,15.0,1.1,1,1,1,1,1,0,0,1,1,0,1,0,0,1,1,0.882
2024,15.0,3.87,0,0,0,1,1,1,0,1,1,0,0,0,0,1,1,0.688
2024,15.4,12.95,1,0,0,1,0,0,0,0,0,0,0,0,0,1,1,0.591
2024,19.0,21.32,1,1,0,0,1,0,0,1,0,0,0,1,0,1,1,0.567
2024,22.3,7.88,1,1,0,1,1,0,1,0,1,1,0,0,0,1,1,0.944
2024,24.0,10.18,0,0,0,1,1,0,0,0,0,0,0,0,0,1,1,0.52
2024,22.6,26.49,1,0,0,1,1,0,0,0,0,0,0,0,0,1,1,0.671
2024,18.0,14.19,1,1,1,1,1,0,0,0,1,0,0,1,1,1,1,0.857
2024,15.0,3.15,1,1,1,1,1,1,0,0,0,0,0,1,0,1,1,0.877
2024,22.9,30.0,1,1,1,1,1,0,0,1,0,1,1,0,0,1,1,0.91
2024,24.6,12.29,0,0,0,0,0,0,0,1,0,1,0,0,0,1,0,0.155
2024,15.0,30.0,1,0,1,1,1,0,0,0,0,0,0,1,1,1,1,0.795
2024,20.5,30.0,0,0,0,1,1,0,0,0,0,0,0,0,0,1,1,0.633
2024,15.0,0.53,1,1,0,1,1,1,0,1,0,1,1,0,1,1,1,0.859
2024,15.0,1.41,1,1,0,0,1,0,0,0,0,0,0,1,0,1,0,0.456
2024,18.5,6.54,1,1,1,0,1,0,0,1,0,0,0,1,0,1,1,0.665
2024,15.0,2.38,0,1,0,1,0,0,0,1,0,0,0,1,0,1,1,0.645
2024,19.7,1.34,1,0,0,0,0,0,0,1,0,0,0,0,1,1,0,0.446
2024,15.0,5.09,1,1,0,0,1,0,0,0,0,0,0,1,0,1,0,0.365
2024,19.5,6.9,0,1,0,1,0,0,0,0,0,0,0,1,0,1,1,0.659
2024,23.7,3.11,1,0,0,1,1,0,0,0,0,0,0,0,0,1,1,0.654
2024,15.0,2.83,1,1,0,1,1,0,0,1,0,0,0,1,1,1,1,0.833
2024,22.1,2.99,1,1,0,0,0,0,0,1,0,0,0,1,0,1,0,0.404
2024,15.0,28.24,1,1,0,1,1,0,0,0,0,0,0,0,0,1,1,0.815
2024,15.0,5.55,0,1,0,1,1,1,0,0,1,0,0,0,1,1,1,0.757
2024,21.7,8.57,0,0,0,0,1,0,0,0,0,1,0,1,0,1,0,0.285
2024,22.3,4.75,1,1,0,1,1,0,0,0,0,1,0,1,0,1,1,0.847
2024,23.1,4.84,1,0,1,1,1,0,0,0,0,0,0,1,1,1,1,0.713
2024,15.0,1.41,0,0,1,1,1,0,0,0,0,0,0,0,0,1,1,0.776
2024,15.0,1.85,1,1,1,1,1,1,0,1,1,0,0,1,1,1,1,0.845
2024,15.0,2.82,0,1,0,1,1,0,0,0,0,0,0,0,0,1,1,0.603
2024,15.1,7.65,0,0,0,0,0,0,0,0,0,0,0,1,0,1,0,0.236
2024,15.0,8.98,1,1,0,0,1,0,0,0,0,1,0,1,0,1,1,0.63
2024,16.5,3.68,0,1,0,0,0,0,0,0,0,0,0,0,0,1,0,0.361
2024,22.9,9.66,1,0,1,1,1,0,0,0,0,0,0,0,0,1,1,0.633
2024,16.1,4.42,1,0,0,1,0,0,0,1,0,0,0,0,0,1,1,0.611
2024,15.0,17.87,1,1,1,1,1,1,0,1,0,0,0,1,0,1,1,0.894
2024,21.8,9.63,0,0,0,0,0,0,0,0,0,0,0,0,0,1,0,0.248
2024,19.3,29.07,1,1,0,0,1,0,0,1,0,0,0,1,0,1,1,0.535
2024,15.0,2.57,1,1,0,0,1,0,0,1,0,0,0,1,0,1,0,0.476
2024,15.0,30.0,1,0,0,1,0,0,0,0,0,0,0,0,0,1,1,0.713
2024,21.7,2.88,1,1,0,1,1,1,0,1,0,0,1,0,0,1,1,0.795
2024,21.4,2.28,1,1,1,1,1,0,0,0,1,1,0,1,1,1,1,0.874
2024,15.0,1.41,1,0,0,1,0,0,0,1,0,1,0,0,0,1,1,0.779
2024,15.0,4.05,1,1,0,0,1,0,0,0,0,0,0,0,0,1,1,0.561
2024,15.0,5.38,1,0,0,0,1,0,0,0,0,0,0,1,0,1,0,0.328
2024,16.8,5.1,1,0,0,0,1,0,0,0,0,0,0,1,0,1,0,0.319
2024,22.4,1.15,0,0,0,0,0,0,0,0,0,0,0,0,0,1,0,0.377
2024,20.3,13.4,1,1,1,1,1,0,0,1,0,0,0,1,0,1,1,0.909
2024,19.3,5.83,0,0,1,0,1,0,0,1,0,0,0,0,0,1,0,0.456
2024,15.0,13.71,1,0,0,1,1,0,0,0,0,0,0,0,0,1,1,0.632
2024,18.2,10.88,1,0,0,1,0,0,0,1,0,0,0,0,0,1,1,0.6
2024,15.0,7.8,0,0,0,1,1,0,0,0,0,0,0,0,0,1,1,0.611
2024,16.7,2.67,1,1,1,0,0,1,0,0,0,0,0,0,0,1,1,0.629
2024,15.0,5.14,0,0,0,0,1,0,0,0,0,0,0,1,0,1,0,0.256
2024,24.3,3.42,1,0,0,0,1,0,0,0,1,0,0,0,0,1,0,0.369
2024,21.3,17.15,1,1,0,0,1,1,0,0,0,0,0,0,1,1,1,0.814
2024,15.0,10.4,0,0,1,1,1,0,1,0,0,0,0,0,0,1,1,0.776
2024,20.5,23.78,0,1,0,0,0,0,0,1,1,0,0,0,0,1,0,0.343
2024,23.8,17.6,1,1,1,0,1,0,0,1,1,1,0,1,0,1,1,0.732
2024,24.0,21.07,1,0,1,1,1,0,0,0,0,0,0,1,0,1,1,0.795
2024,19.5,6.85,1,0,0,0,1,0,0,0,0,0,0,1,1,1,0,0.286
2024,15.0,30.0,1,0,0,1,1,0,0,0,0,0,0,0,0,1,1,0.713
2024,20.3,8.54,0,0,0,1,1,1,0,0,0,0,0,0,0,1,1,0.613
2024,24.8,14.77,0,0,0,1,1,0,0,0,1,0,0,0,0,1,1,0.516
2024,23.2,3.0,1,1,1,1,1,0,0,0,0,0,0,1,0,1,1,0.814
2024,24.8,8.39,1,1,0,1,0,0,0,0,0,0,0,0,0,1,1,0.577
2024,15.2,5.63,0,0,0,1,0,0,0,0,0,0,0,0,1,1,1,0.554
2024,20.2,19.19,1,0,0,1,1,0,0,1,0,0,0,1,0,1,1,0.784
2024,24.4,30.0,1,0,1,0,0,0,0,1,0,0,0,0,0,1,1,0.501
2024,20.7,8.92,1,1,1,1,1,0,0,0,0,0,0,0,1,1,1,0.8
2024,23.3,30.0,0,0,0,0,0,0,0,1,0,0,0,1,0,1,0,0.24
2024,19.6,30.0,1,1,1,1,1,1,0,0,1,0,0,0,0,1,1,0.812
2024,16.8,5.61,1,1,1,0,1,0,0,0,0,0,0,1,0,1,1,0.581
2024,21.9,3.0,1,1,1,1,0,0,0,0,0,0,0,0,1,1,1,0.749
2024,15.0,6.11,0,1,1,0,1,0,0,1,0,1,0,0,0,1,1,0.754
2024,17.0,1.01,1,1,0,1,1,0,0,0,1,0,0,0,0,1,1,0.6
2024,15.0,6.11,1,0,1,1,0,1,0,0,1,0,0,0,0,1,1,0.631
2024,24.1,4.49,1,1,0,1,0,0,0,1,0,0,0,1,1,1,1,0.736
2024,17.8,3.39,0,0,0,0,0,0,0,0,0,1,0,0,0,1,0,0.232
2024,24.6,5.07,1,1,1,0,1,0,0,0,0,0,0,1,1,1,1,0.774
2024,20.8,7.05,1,1,0,1,0,0,0,1,0,0,0,1,0,1,1,0.721
2024,23.4,3.11,0,0,1,0,0,0,0,1,0,0,0,1,0,1,0,0.296
2024,19.3,8.97,0,0,1,1,1,0,0,0,0,0,0,0,0,1,1,0.699
2024,15.0,16.99,1,1,0,0,1,0,0,0,0,0,0,0,0,1,0,0.486
2024,15.0,4.3,1,0,0,1,0,0,0,1,0,0,0,0,0,1,1,0.658
2024,18.8,6.05,1,0,0,1,1,0,0,1,0,0,0,0,0,1,1,0.652
2024,23.9,7.26,1,0,1,0,1,0,0,1,0,0,0,1,1,1,0,0.409
2024,19.5,0.25,1,0,0,0,1,0,0,1,0,0,0,1,0,1,1,0.577
2024,21.1,7.45,1,1,0,0,0,0,0,0,0,0,0,0,0,1,0,0.459
2024,15.0,4.82,1,1,1,0,0,0,0,1,0,0,0,1,0,1,0,0.499
2024,19.8,3.66,1,1,0,1,1,0,1,1,1,0,0,1,0,1,1,0.934
2024,16.0,30.0,1,1,0,1,1,0,0,1,0,0,1,1,0,1,1,0.847
2024,24.0,12.07,0,0,0,1,0,0,0,0,0,0,0,1,0,1,0,0.412
2024,23.3,7.58,0,0,0,1,0,0,0,1,0,0,0,0,0,1,0,0.446
2024,16.9,1.37,1,0,1,1,1,0,0,0,0,0,0,0,0,1,1,0.675
2024,15.0,0.91,1,1,1,1,1,0,0,0,0,0,1,1,0,1,1,0.843
2024,24.1,4.37,0,0,0,0,0,0,0,0,0,0,0,1,0,1,0,0.197
2024,15.0,30.0,1,1,1,1,1,0,0,0,1,1,1,0,0,1,1,0.944
2024,24.1,8.68,1,0,0,0,1,0,0,0,0,0,0,0,1,1,0,0.421
2024,15.0,13.53,0,1,0,0,0,0,0,0,0,0,0,0,1,1,0,0.373
2024,22.5,6.83,1,1,0,1,1,1,0,0,0,0,0,0,0,1,1,0.769
2024,24.4,0.58,0,0,0,0,0,0,0,0,0,0,0,1,0,1,0,0.177
2024,20.8,10.34,1,0,1,1,1,0,0,1,0,1,1,1,0,1,1,0.893
2024,15.0,2.97,1,1,0,1,1,0,0,0,0,0,0,1,0,1,1,0.796
2024,24.6,4.44,0,1,0,0,1,0,0,1,0,0,1,1,0,1,0,0.271
2024,23.6,30.0,1,1,0,1,1,1,0,1,0,0,0,0,1,1,1,0.922
2024,22.8,2.5,1,1,0,1,1,0,0,1,1,0,1,1,0,1,1,0.817
2024,15.8,30.0,1,0,0,0,1,0,0,0,0,0,0,0,0,1,0,0.492
2024,15.0,1.38,1,1,0,0,0,1,0,1,0,0,0,1,0,1,0,0.438
2024,15.0,20.16,1,0,1,1,1,0,0,0,0,0,0,0,0,1,1,0.827
2024,15.0,2.64,1,1,1,1,1,0,0,1,0,0,0,1,0,1,1,0.891
2024,18.7,1.99,0,0,0,0,0,0,0,0,1,0,0,0,0,1,0,0.298
2024,23.3,1.88,0,0,0,1,1,0,0,1,0,0,1,1,0,1,1,0.591
2024,24.8,30.0,1,1,0,1,1,0,0,0,0,0,0,1,1,1,1,0.853
2024,15.0,30.0,1,1,0,0,1,0,0,0,0,1,0,1,0,1,1,0.56
2024,17.2,2.23,0,1,0,0,1,0,0,0,1,0,0,0,1,1,0,0.37
2024,22.2,2.65,1,1,1,1,1,0,1,0,0,0,0,1,0,1,1,0.841
2024,15.0,22.26,1,1,0,1,1,0,0,1,1,1,0,1,0,1,1,0.881
2024,22.7,3.68,0,0,1,0,0,0,0,0,0,0,0,1,0,1,0,0.31
2024,15.0,30.0,0,0,0,0,0,1,0,0,0,1,0,0,0,1,0,0.251
2024,20.2,16.23,0,0,1,0,1,0,0,0,0,0,0,0,0,1,0,0.379
2024,15.0,4.67,0,1,0,1,1,0,0,1,0,0,0,1,0,1,1,0.657
2024,15.0,30.0,1,0,1,1,1,0,0,0,0,1,0,0,0,1,1,0.812
2024,22.0,0.13,1,0,1,0,1,0,0,1,0,1,0,0,0,1,1,0.611
2024,23.8,30.0,1,1,0,1,1,1,0,1,1,0,0,1,0,1,1,0.86
2024,15.8,4.52,0,1,0,0,1,0,0,0,0,0,1,1,0,1,0,0.363
2024,17.6,11.02,1,1,1,1,1,0,0,0,0,0,0,1,0,1,1,0.887
2024,23.2,0.49,0,0,0,0,0,0,0,0,0,0,1,0,0,1,0,0.274
2024,15.0,3.7,0,0,0,1,1,0,0,0,0,0,0,0,0,1,1,0.62
2024,15.0,8.53,1,1,1,1,1,0,0,0,0,1,0,1,1,1,1,0.927
2024,17.7,6.6,1,0,0,0,1,0,0,1,0,1,0,1,0,1,0,0.463
2024,20.5,30.0,1,0,0,0,0,0,0,0,0,1,0,0,0,1,0,0.326
2024,18.2,28.38,1,1,0,1,0,0,0,0,1,0,1,1,0,1,1,0.781
2024,23.9,0.71,1,1,1,1,1,1,0,0,1,1,1,0,0,1,1,0.785
2024,18.1,20.04,1,0,0,0,0,0,0,0,0,0,0,1,0,1,0,0.403
2024,19.4,1.7,1,1,0,0,1,0,0,1,0,0,0,0,0,1,0,0.478
2024,23.8,10.32,1,1,1,1,1,0,0,1,0,0,1,1,0,1,1,0.824
2024,21.5,12.11,1,1,0,1,1,0,0,0,1,0,0,0,0,1,1,0.726
2024,15.0,30.0,0,0,0,0,1,0,0,0,0,0,0,1,0,1,0,0.321
2024,20.4,9.43,1,1,1,1,1,0,0,0,0,1,0,0,0,1,1,0.87
2024,22.9,30.0,1,1,0,1,1,0,0,0,0,1,0,1,0,1,1,0.869
2024,22.9,1.03,1,1,1,1,1,0,0,0,0,0,0,1,0,1,1,0.555
2024,15.0,9.16,0,1,0,0,0,1,0,0,1,0,0,0,0,1,0,0.282
2024,15.0,30.0,1,1,0,1,0,0,0,0,1,0,0,0,0,1,1,0.763
2024,22.6,3.48,1,1,0,0,1,1,0,0,1,1,0,0,1,1,1,0.783
2024,19.9,21.04,1,1,0,1,1,0,0,0,0,0,0,1,0,1,1,0.745
2024,24.6,9.0,1,1,1,1,1,0,1,1,0,0,0,1,1,1,1,0.931
2024,15.7,16.9,0,0,0,1,0,0,0,1,0,0,0,0,0,1,1,0.543
2024,15.0,7.47,1,1,1,1,0,0,0,0,0,1,0,1,1,1,1,0.915
2024,22.1,1.28,1,1,1,1,1,0,0,0,0,0,0,0,0,1,1,0.769
2024,15.0,1.62,0,0,0,0,1,0,0,0,0,0,0,0,0,1,0,0.334
2024,17.0,4.15,1,0,1,0,0,0,0,0,1,0,0,0,0,1,0,0.496
2024,16.2,7.74,1,0,0,1,1,0,1,1,1,1,0,0,0,1,1,0.875
2024,24.9,3.66,1,1,0,1,1,0,0,1,0,1,1,1,0,1,1,0.801
2024,15.0,8.36,1,1,1,1,1,0,0,0,1,0,1,0,0,1,1,0.917
2024,24.1,30.0,1,1,1,1,1,0,1,1,1,0,0,0,1,1,1,0.89
2024,17.2,3.99,1,1,1,1,1,0,0,0,0,0,0,1,0,1,1,0.893
2024,16.1,6.58,0,0,0,1,0,0,0,1,1,1,0,0,0,1,1,0.526
2024,15.0,5.9,1,0,0,1,1,0,0,0,0,0,0,1,0,1,1,0.728
2024,19.8,6.22,1,1,0,0,0,0,0,1,0,0,0,1,0,1,1,0.502
2024,15.0,2.71,0,0,0,1,0,0,0,0,0,0,0,1,0,1,1,0.57
2024,20.8,4.15,0,1,1,1,1,0,0,0,0,1,0,0,0,1,1,0.869
2024,15.0,4.67,1,1,0,0,1,0,0,1,0,0,0,0,0,1,0,0.393
2024,21.7,1.58,1,1,0,1,1,0,0,0,0,0,1,0,0,1,1,0.802
2024,15.0,29.97,0,0,0,1,1,0,0,0,1,0,0,1,0,1,1,0.7
2024,15.0,3.39,1,1,1,1,1,1,1,1,1,1,1,0,0,1,1,0.967
2024,21.3,3.81,1,1,0,1,0,1,0,0,0,0,0,1,0,1,1,0.795
2024,23.7,5.84,1,1,0,1,0,0,0,1,0,0,0,0,0,1,1,0.631
2024,19.2,27.71,1,1,1,0,0,0,0,0,0,0,0,0,0,1,1,0.584
2024,23.8,30.0,1,1,1,1,1,1,0,0,0,0,0,1,1,1,1,0.886
2024,15.0,0.67,1,1,1,1,1,0,0,1,1,0,1,0,0,1,1,0.908
2024,15.0,30.0,1,1,1,1,1,0,0,0,0,1,0,1,1,1,1,0.872
2024,23.5,14.92,1,1,0,1,1,0,0,0,0,0,1,1,0,1,1,0.811
2024,23.6,21.49,1,0,1,1,1,0,0,0,0,0,0,1,0,1,1,0.759
2024,22.1,4.65,0,1,0,0,0,1,0,0,1,0,0,0,0,1,0,0.391
2024,23.6,1.08,1,1,0,1,1,0,0,0,0,0,0,0,0,1,1,0.774
2024,17.1,2.81,1,1,0,1,1,0,0,0,0,0,0,1,0,1,1,0.719
2024,15.0,4.48,1,1,1,1,0,1,0,0,0,0,0,1,1,1,1,0.888
2024,15.0,1.34,1,1,1,1,1,0,0,1,1,1,0,1,0,1,1,0.893
2024,24.8,1.34,0,0,0,0,0,0,0,0,0,0,0,1,1,1,0,0.268
2024,24.4,3.04,1,0,0,0,0,0,0,0,0,0,0,1,0,1,0,0.204
2024,15.7,19.06,1,1,0,1,1,0,0,0,0,0,0,0,0,1,1,0.877
2024,16.9,20.74,0,0,0,0,1,0,0,0,0,0,0,1,0,1,0,0.419
2024,15.0,2.73,1,1,0,1,0,0,0,0,0,0,0,1,0,1,1,0.775
2024,15.0,16.02,1,0,0,1,1,0,0,0,0,0,0,0,0,1,1,0.558
2024,19.6,2.66,1,1,1,0,1,0,0,1,0,0,0,0,1,1,1,0.7
2024,15.0,2.65,1,1,1,0,0,0,0,0,0,0,0,1,0,1,1,0.655
2024,24.9,14.13,1,1,0,1,1,1,0,0,1,0,0,1,0,1,1,0.772
2024,24.6,1.48,1,1,0,0,1,0,0,0,0,0,0,0,1,1,1,0.702
2024,22.7,1.3,0,0,0,0,1,0,0,0,0,0,0,1,0,1,0,0.205
2024,23.7,11.43,1,1,1,1,1,0,0,1,0,0,0,1,0,1,1,0.817
2024,24.2,7.3,0,0,0,1,1,0,0,0,0,0,0,0,0,1,1,0.641
2024,22.0,8.05,1,1,1,0,1,0,0,1,0,0,0,1,0,1,1,0.577
2024,24.7,0.16,0,0,0,1,1,0,1,1,1,0,0,0,0,1,1,0.761
2024,21.3,10.46,1,0,0,1,1,0,0,1,0,0,0,0,0,1,1,0.55
2024,15.0,11.38,1,1,0,0,0,0,0,0,0,1,0,0,0,1,1,0.624
2024,21.4,6.41,1,1,0,1,1,0,0,1,1,1,0,1,0,1,1,0.871
2024,15.0,7.7,1,1,1,1,1,0,0,0,1,1,0,1,0,1,1,0.933
2024,15.0,6.8,1,0,1,1,1,0,0,0,0,0,1,0,0,1,1,0.854
2024,15.0,1.95,0,1,0,0,1,0,1,0,0,0,0,0,0,1,0,0.235
2024,24.1,1.11,1,1,0,1,1,0,0,0,0,0,0,0,0,1,1,0.725
2024,15.0,3.04,1,1,0,0,1,0,0,0,0,0,0,0,0,1,0,0.414
2024,21.3,30.0,0,0,1,0,0,0,0,0,0,0,0,0,0,1,0,0.468
2024,23.5,7.79,1,1,0,1,1,0,0,0,0,1,1,1,0,1,1,0.889
2024,15.0,0.64,1,1,0,1,1,0,0,1,1,0,1,1,0,1,1,0.871
2024,15.0,0.54,1,1,0,0,1,0,0,0,0,0,1,1,1,1,1,0.602
2024,18.0,4.17,0,0,1,0,1,0,0,0,0,0,0,1,0,1,0,0.449
2024,15.0,15.88,1,1,0,1,1,0,0,0,0,0,0,0,0,1,1,0.605
2024,15.0,30.0,1,1,1,1,1,0,0,1,0,1,0,1,0,1,1,0.894
2024,21.8,3.4,1,1,1,1,1,0,0,0,0,1,0,0,1,1,1,0.823
2024,15.0,8.54,1,1,0,1,0,0,0,0,0,0,0,0,0,1,1,0.757
2024,17.8,7.84,1,1,1,0,1,0,0,1,0,0,0,0,0,1,1,0.75
2024,15.0,30.0,1,0,1,0,1,0,0,0,1,0,0,1,0,1,0,0.461
2024,24.0,4.67,0,1,1,0,0,0,0,0,0,0,0,0,0,1,0,0.386
2024,21.1,30.0,1,1,1,1,1,0,0,0,0,0,0,1,1,1,1,0.867
2024,17.3,6.92,1,1,1,1,1,0,0,0,0,0,0,1,0,1,1,0.768
2024,18.5,30.0,0,1,1,0,1,0,0,0,1,0,1,0,0,1,1,0.654
2024,15.3,5.7,1,1,1,1,1,0,0,0,0,0,1,1,0,1,1,0.885
2024,17.4,3.5,1,1,0,0,0,0,0,0,1,0,0,0,0,1,0,0.404
2024,15.0,26.26,1,1,0,0,1,0,0,0,1,0,0,0,0,1,1,0.504
2024,15.2,2.21,1,1,0,1,1,0,1,0,1,1,1,0,0,1,1,0.907
2024,23.3,4.61,0,1,0,1,1,0,0,0,0,0,0,0,0,1,1,0.577
2024,17.7,1.84,1,1,1,1,1,0,0,0,0,1,0,0,1,1,1,0.804
2024,21.3,7.21,0,0,1,0,1,0,0,1,0,0,0,0,0,1,0,0.464
2024,20.5,11.03,1,1,1,1,1,0,1,0,0,0,0,0,0,1,1,0.908
2024,22.7,2.14,1,1,1,1,1,0,0,1,0,0,0,1,1,1,1,0.838
2024,23.1,3.37,1,1,0,1,1,0,0,0,0,1,0,1,0,1,1,0.784
2024,15.0,1.5,0,0,0,1,1,0,0,0,0,0,0,1,0,1,1,0.711
2024,15.0,4.11,1,0,0,0,1,0,0,0,0,1,0,1,0,1,1,0.508
2024,15.0,1.45,1,0,0,1,1,0,0,0,1,0,0,0,0,1,1,0.788
2024,20.9,30.0,0,1,1,0,1,0,0,0,0,0,0,0,0,1,1,0.51
2024,17.5,5.96,1,1,1,1,1,0,0,0,0,1,0,0,0,1,1,0.846
2024,15.0,30.0,1,1,1,0,1,0,0,0,1,1,0,1,0,1,1,0.725
2024,20.8,22.23,1,0,1,0,1,0,0,0,0,0,0,1,0,1,0,0.396
2024,15.0,2.1,1,1,0,1,0,0,0,0,0,1,0,1,0,1,1,0.816
2024,20.5,30.0,1,1,0,0,1,1,0,0,0,0,0,0,0,1,0,0.439
2024,15.0,10.57,0,0,0,0,0,0,0,0,0,0,1,1,0,1,0,0.137
2024,15.0,3.58,0,0,0,0,0,0,0,1,0,0,0,0,0,1,0,0.223
2024,15.0,11.55,1,0,0,1,1,0,0,1,0,0,0,0,0,1,1,0.699
2024,15.0,9.63,0,0,0,0,1,0,0,0,0,0,0,1,0,1,0,0.232
2024,24.2,10.45,0,0,0,0,0,0,0,1,0,0,0,0,0,1,0,0.228
2024,15.0,1.79,0,1,1,0,1,1,0,0,0,0,0,1,0,1,0,0.379
2024,20.9,7.59,1,1,0,1,0,0,0,1,0,0,0,1,1,1,1,0.669
2024,15.4,30.0,1,1,0,1,1,0,0,0,0,1,0,1,0,1,1,0.771
2024,15.0,3.72,1,1,0,1,1,1,0,0,1,1,0,1,1,1,1,0.928
2024,19.6,0.76,1,1,1,1,1,1,0,0,1,1,1,0,0,1,1,0.905
2024,22.5,16.7,1,1,0,0,1,1,0,0,0,0,0,0,0,1,1,0.705
2024,16.9,20.68,0,1,0,0,0,0,0,0,0,0,0,1,0,1,1,0.54
2024,21.6,3.98,1,0,1,0,0,0,0,1,0,0,0,0,0,1,1,0.587
2024,21.1,7.27,1,0,0,0,1,0,0,0,0,0,0,1,0,1,0,0.376
2024,16.1,1.36,1,1,0,1,1,0,0,0,0,0,0,0,0,1,1,0.765
2024,24.2,6.01,1,1,1,1,0,0,0,0,1,0,0,1,0,1,1,0.786
2024,23.6,14.43,1,0,0,1,1,0,0,1,0,1,1,1,1,1,1,0.904
2024,15.0,0.85,1,0,0,0,1,0,0,1,0,0,0,1,0,1,0,0.479
2024,18.3,4.51,0,0,1,1,1,0,0,0,0,1,0,1,0,1,1,0.82
2024,17.1,3.2,0,0,0,0,1,0,0,1,0,0,0,0,0,1,0,0.266
2024,23.2,2.09,1,1,0,1,0,1,1,1,1,0,1,0,0,1,1,0.777
2024,15.0,25.9,1,1,0,1,1,0,0,0,0,1,0,1,0,1,1,0.869
2024,23.6,1.75,0,1,0,0,0,0,0,0,0,0,0,0,0,1,0,0.261
2024,22.3,30.0,1,0,1,1,1,0,0,1,0,1,1,1,1,1,1,0.951
2024,20.0,3.79,1,1,0,1,1,0,0,1,0,0,0,0,0,1,1,0.739
2024,23.0,8.11,1,1,0,1,0,1,0,0,1,0,0,0,0,1,1,0.652
2024,23.1,11.11,1,1,0,0,1,1,0,1,0,0,0,1,0,1,1,0.655
2024,15.0,1.71,1,1,0,1,1,0,0,0,1,0,0,0,0,1,1,0.834
2024,16.2,1.83,1,1,1,1,1,0,0,1,0,0,0,0,0,1,1,0.775
2024,24.1,3.08,0,0,0,0,0,0,0,0,0,0,0,0,0,1,0,0.19
2024,18.6,10.79,1,0,0,1,1,0,0,0,0,0,0,1,0,1,1,0.705
2024,23.4,13.32,1,1,1,1,1,1,0,0,1,1,0,0,1,1,1,0.944
2024,16.4,1.38,1,1,0,0,0,0,0,0,1,0,0,0,0,1,0,0.477
2024,15.6,8.99,1,1,0,0,1,0,0,0,0,0,0,1,0,1,0,0.488
2024,20.5,3.74,0,0,0,0,0,1,0,0,1,0,0,0,0,1,0,0.274
2024,15.0,20.79,0,0,0,0,0,0,0,0,0,0,0,0,0,1,0,0.463
2024,23.9,30.0,0,0,1,1,0,0,1,0,1,1,1,1,0,1,0,0.423
2024,15.0,2.65,1,1,0,0,0,0,0,1,1,0,0,0,0,1,1,0.539
2024,23.1,0.36,1,1,0,0,1,1,0,1,0,0,0,0,0,1,1,0.598
2024,15.0,10.31,0,0,0,0,0,1,0,0,1,0,0,1,0,1,0,0.324
2024,18.1,8.23,0,0,0,1,1,0,0,0,0,0,0,1,0,1,1,0.544
2024,15.0,10.33,0,1,1,1,1,0,0,0,0,1,0,1,0,1,1,0.898
2024,21.7,2.19,1,1,0,0,0,0,0,1,0,0,0,0,0,1,0,0.429
2024,18.1,2.7,1,1,0,1,1,1,0,0,1,0,1,0,0,1,1,0.861
2024,24.7,13.69,0,1,0,0,0,0,0,1,0,0,0,1,0,1,0,0.289
2024,15.5,7.77,1,1,1,0,0,0,0,1,0,0,0,1,1,1,1,0.524
2024,21.8,13.27,1,1,1,1,1,0,0,0,1,0,0,1,1,1,1,0.888
2024,18.8,3.55,1,1,1,1,1,0,0,1,0,0,1,0,1,1,1,0.799
2024,15.0,10.3,1,1,1,1,1,0,0,0,0,1,1,1,0,1,1,0.94
2024,19.4,30.0,1,1,0,1,1,0,0,0,0,1,0,1,0,1,1,0.782
2024,21.7,14.66,0,0,0,1,0,0,0,1,0,1,0,0,0,1,1,0.5
2024,15.0,1.03,0,1,0,0,0,0,0,0,1,1,0,0,0,1,0,0.217
2024,15.0,6.14,1,1,1,0,1,1,0,0,1,0,0,1,0,1,1,0.681
2024,15.0,30.0,1,1,1,0,1,0,0,0,1,1,0,0,0,1,1,0.705
2024,15.0,6.14,1,1,0,1,1,1,0,1,1,1,0,1,0,1,1,0.892
2024,19.6,1.01,1,1,1,1,1,0,0,0,0,0,1,1,0,1,1,0.792
2024,18.4,10.62,1,0,0,0,1,0,0,1,1,0,0,1,0,1,0,0.394
2024,18.9,5.86,0,0,1,0,0,0,0,0,0,0,1,0,0,1,0,0.334
2024,23.9,3.27,1,0,0,1,1,0,0,1,0,0,0,0,0,1,1,0.546
2024,20.2,13.2,1,0,0,0,1,1,0,1,0,0,0,0,0,1,1,0.636
2024,23.9,3.66,0,0,0,0,0,0,0,0,0,0,0,0,0,1,0,0.193
2024,18.4,30.0,1,0,0,1,1,0,0,0,0,0,0,0,0,1,1,0.659
2024,20.8,1.03,1,1,1,1,0,0,0,1,1,0,0,0,0,1,1,0.688
2024,18.5,15.46,1,1,0,0,1,0,0,0,0,0,0,0,0,1,0,0.427
2024,24.6,4.51,1,1,0,0,0,1,0,1,1,0,0,1,0,1,0,0.309
2024,15.0,11.99,1,1,0,1,1,0,0,1,0,1,0,1,0,1,1,0.874
2024,15.0,2.69,1,1,1,0,1,0,0,0,1,1,0,1,0,1,1,0.85
2024,21.7,13.93,1,1,0,1,1,0,0,1,1,0,0,1,0,1,1,0.781
2024,19.9,0.1,1,1,1,0,0,0,0,1,0,1,1,1,1,1,1,0.55
2024,23.9,13.88,0,1,0,0,0,0,0,1,0,1,0,1,1,1,0,0.43
2024,19.0,21.1,1,1,0,1,1,1,0,1,0,0,0,0,0,1,1,0.839
2024,18.0,5.08,0,0,0,0,1,0,0,1,0,0,0,1,0,1,0,0.243
2024,15.0,16.01,1,1,0,0,0,0,0,1,0,0,0,0,0,1,0,0.374
2024,20.6,16.77,1,1,1,1,1,0,1,0,0,1,0,1,1,1,1,0.913
2024,22.3,8.67,0,0,0,0,0,0,0,1,0,0,0,1,0,1,0,0.201
2024,20.2,4.13,1,0,0,0,1,0,0,0,0,0,0,0,1,1,0,0.467
2024,18.1,1.16,0,0,0,0,0,0,0,0,0,0,0,1,0,1,0,0.324
2024,15.0,4.34,1,1,1,1,0,0,1,0,1,0,1,0,0,1,1,0.916
2024,24.4,0.3,1,1,1,1,1,0,0,0,0,1,0,0,1,1,1,0.905
2024,24.0,3.1,1,1,0,1,1,0,0,0,0,0,0,0,0,1,1,0.731
2024,15.0,2.7,0,0,0,0,0,0,0,0,0,0,0,1,0,1,0,0.312
2024,15.0,11.72,1,0,0,0,1,0,0,0,0,0,0,1,0,1,0,0.342
2024,19.9,6.88,1,0,0,1,1,0,0,0,0,0,0,0,0,1,1,0.671
2024,22.3,26.96,0,0,0,0,0,0,0,0,0,0,0,1,0,1,0,0.308
2024,20.5,7.21,0,1,1,0,1,0,0,0,0,1,0,0,0,1,1,0.699
2025,19.8,7.24,1,1,0,1,1,0,1,0,1,1,1,1,0,1,1,0.965
2025,15.0,24.04,1,0,0,0,0,0,0,0,0,0,1,1,0,1,0,0.479
2025,21.8,4.58,1,1,1,1,1,1,0,1,0,0,1,1,0,1,1,0.915
2025,15.1,8.26,1,1,1,0,0,0,0,0,1,1,0,0,1,1,1,0.685
2025,15.0,15.3,1,1,1,1,1,0,0,0,0,1,0,1,0,1,1,0.908
2025,20.7,5.09,1,1,0,0,1,0,0,1,0,0,0,0,1,1,0,0.435
2025,15.0,3.0,1,1,0,0,1,1,1,0,1,1,0,1,0,1,1,0.725
2025,21.6,8.28,1,1,1,1,1,1,0,1,1,0,1,1,1,1,1,0.97
2025,22.6,0.11,0,0,1,0,1,0,0,0,1,0,0,0,1,1,1,0.53
2025,20.4,15.0,1,1,0,0,0,0,0,1,1,1,0,1,0,1,1,0.578
2025,15.0,1.77,1,1,0,1,0,1,0,0,0,1,0,1,0,1,1,0.683
2025,18.2,0.14,1,1,1,0,1,0,0,1,0,0,0,1,0,1,1,0.778
2025,15.0,14.67,1,1,1,1,1,0,0,1,1,1,0,1,1,1,1,0.933
2025,15.8,4.25,0,0,0,0,0,0,1,0,0,0,0,1,0,1,0,0.306
2025,16.1,8.11,0,0,0,1,0,1,0,0,0,0,0,1,0,1,1,0.613
2025,15.0,2.98,1,0,0,0,0,0,0,1,0,0,0,0,0,1,0,0.367
2025,21.5,4.74,1,1,1,1,1,0,0,1,0,0,0,0,0,1,1,0.769
2025,23.6,4.21,0,0,0,1,1,0,0,0,0,0,0,1,0,1,1,0.62
2025,15.0,4.28,1,0,0,1,0,0,0,0,1,0,0,1,0,1,1,0.674
2025,24.4,9.3,1,1,0,1,1,0,0,0,0,0,0,1,0,1,1,0.701
2025,24.8,7.04,0,1,1,1,1,0,0,0,1,0,0,1,0,1,1,0.781
2025,15.0,30.0,1,0,0,0,1,0,1,0,0,1,0,1,1,1,1,0.547
2025,20.4,5.9,1,0,1,0,0,0,0,1,1,0,1,0,0,1,1,0.609
2025,15.0,12.52,0,0,0,0,0,0,0,1,0,0,0,0,0,1,0,0.175
2025,16.7,2.93,0,0,0,0,0,0,0,0,1,0,0,1,0,1,0,0.287
2025,16.9,2.6,1,1,1,0,0,1,0,0,1,0,0,1,0,1,1,0.743
2025,21.6,2.86,1,1,1,0,0,0,0,0,1,0,0,0,0,1,1,0.581
2025,18.3,12.46,1,0,0,1,0,0,0,1,0,0,0,0,1,1,1,0.504
2025,24.0,11.75,0,0,0,1,1,0,0,0,0,0,0,1,0,1,1,0.522
2025,20.7,2.39,1,1,1,0,1,1,0,0,1,0,0,0,1,1,1,0.676
2025,15.0,2.51,1,1,0,1,1,0,0,1,0,1,0,1,0,1,1,0.829
2025,19.1,4.65,1,1,1,1,1,0,0,0,0,0,0,0,0,1,1,0.754
2025,21.0,1.19,1,0,1,0,1,0,0,0,0,0,0,0,1,1,1,0.597
2025,24.6,8.53,1,1,0,1,1,1,0,1,1,1,0,1,0,1,1,0.821
2025,17.4,5.76,1,1,0,1,1,1,0,0,0,0,0,0,1,1,1,0.871
2025,22.3,7.89,1,1,1,0,0,0,0,1,0,0,0,1,0,1,1,0.526
2025,19.8,1.02,0,0,0,0,1,1,0,1,0,0,1,1,0,1,1,0.55
2025,23.2,9.29,1,0,0,0,0,1,0,1,0,1,0,0,0,1,0,0.255
2025,22.2,1.21,1,1,0,1,1,0,0,0,0,1,0,1,0,1,1,0.811
2025,24.3,5.57,1,1,0,0,0,0,0,0,1,0,0,0,0,1,1,0.721
2025,15.0,14.43,1,1,0,1,0,0,0,0,0,0,0,0,0,1,1,0.726
2025,19.7,12.25,1,1,1,1,1,0,1,1,1,0,0,0,0,1,1,0.949
2025,24.7,4.39,1,1,0,1,0,0,0,1,0,0,0,0,0,1,1,0.513
2025,16.2,30.0,1,0,0,1,1,1,0,0,0,0,0,0,0,1,1,0.797
2025,15.0,30.0,0,0,0,1,1,0,0,0,0,0,0,1,0,1,1,0.661
2025,20.8,9.8,1,0,0,1,1,0,0,0,0,0,0,0,0,1,1,0.612
2025,22.4,30.0,1,0,1,1,1,1,0,0,0,0,0,0,0,1,1,0.795
2025,15.0,13.37,1,0,0,0,0,0,0,1,0,0,0,1,0,1,0,0.325
2025,18.1,30.0,1,1,1,0,0,0,1,0,1,0,0,0,1,1,0,0.495
2025,24.2,1.62,1,0,0,0,0,0,0,0,0,0,0,1,0,1,0,0.368
2025,15.0,7.71,0,0,0,0,1,0,1,0,0,0,0,1,0,1,0,0.244
2025,17.1,2.85,1,1,0,1,1,1,0,0,1,0,0,1,0,1,1,0.843
2025,18.8,9.74,1,0,1,0,1,0,0,1,0,0,0,0,0,1,1,0.515
2025,20.8,0.5,1,1,1,0,1,0,0,0,0,0,1,0,0,1,1,0.664
2025,22.7,15.82,0,0,0,1,1,0,0,0,1,1,1,1,0,1,1,0.796
2025,20.7,11.46,0,0,1,1,0,0,0,0,0,0,0,1,1,1,1,0.574
2025,15.0,13.25,1,0,0,0,1,1,0,0,1,0,0,0,0,1,0,0.419
2025,18.2,9.24,1,0,1,0,1,0,0,0,0,0,0,0,0,1,0,0.485
2025,15.0,1.56,1,0,0,0,1,1,0,1,1,1,0,0,1,1,1,0.548
2025,15.0,30.0,1,0,1,0,0,0,0,0,0,0,0,0,0,1,0,0.421
2025,23.7,1.05,1,1,0,1,1,0,0,1,1,0,0,1,0,1,1,0.781
2025,15.0,1.86,1,0,0,0,0,1,0,1,0,0,1,1,0,1,0,0.186
2025,15.0,7.29,1,0,0,1,1,0,0,0,0,0,0,0,0,1,1,0.698
2025,19.4,11.69,1,0,0,0,0,0,0,0,0,0,0,1,0,1,0,0.335
2025,21.6,2.73,1,1,0,1,1,1,0,1,0,0,1,0,0,1,1,0.837
2025,16.1,11.1,1,1,0,1,1,0,0,1,0,0,0,0,0,1,1,0.748
2025,15.0,4.61,1,1,1,1,1,1,0,0,0,1,0,0,1,1,1,0.833
2025,20.3,3.61,1,1,0,0,0,0,0,0,0,1,1,1,0,1,1,0.524
2025,18.2,18.3,1,1,0,0,0,0,0,0,0,0,0,1,0,1,0,0.378
2025,18.4,15.89,0,0,0,0,1,1,0,0,0,0,0,0,0,1,0,0.312
2025,24.2,1.26,1,0,1,0,0,0,0,0,0,0,0,1,0,1,0,0.395
2025,20.6,6.67,0,0,0,1,1,0,0,0,0,0,0,0,0,1,0,0.49
2025,22.5,7.43,1,1,0,0,0,0,0,0,0,0,0,0,0,1,0,0.487
2025,15.0,2.29,1,0,0,0,1,0,0,0,1,1,0,0,0,1,0,0.365
2025,24.2,30.0,1,0,0,1,1,0,0,0,0,0,0,0,0,1,1,0.685
2025,15.0,12.23,0,1,0,1,0,0,0,0,0,0,0,1,0,1,1,0.61
2025,15.0,3.54,0,1,0,0,1,0,0,1,0,0,0,1,0,1,0,0.233
2025,18.7,0.8,1,1,1,0,1,0,0,0,0,0,0,0,1,1,1,0.701
2025,15.0,4.3,1,1,0,0,0,0,0,0,0,0,0,1,0,1,0,0.372
2025,15.0,7.62,1,1,1,0,1,0,0,1,0,0,0,0,1,1,1,0.594
2025,15.5,30.0,1,0,1,1,0,1,0,0,0,0,0,0,0,1,1,0.764
2025,21.0,30.0,1,1,1,1,1,1,0,0,1,1,0,1,0,1,1,0.9
2025,20.2,26.83,1,1,1,1,1,0,1,1,0,0,1,1,1,1,1,0.894
2025,23.5,16.67,1,0,0,1,1,0,0,1,0,0,0,1,0,1,1,0.696
2025,24.1,1.7,0,0,0,0,0,0,0,0,0,0,0,0,0,1,0,0.295
2025,15.5,1.39,0,0,0,0,0,0,0,0,0,0,0,1,0,1,0,0.245
2025,23.2,2.1,1,1,0,1,1,0,0,0,0,1,0,0,0,1,1,0.773
2025,15.2,8.66,0,0,0,0,0,0,0,0,0,0,0,0,0,1,0,0.268
2025,22.3,4.98,0,0,1,0,1,0,0,0,0,0,0,1,0,1,0,0.417
2025,17.8,4.55,1,0,0,0,0,1,0,1,1,1,0,0,0,1,0,0.346
2025,22.4,30.0,0,0,1,0,0,0,0,0,0,0,0,0,1,1,0,0.342
2025,15.0,21.66,1,0,0,0,0,0,0,0,0,0,0,0,1,1,0,0.283
2025,21.3,1.2,1,1,1,0,1,0,0,0,0,0,0,0,0,1,1,0.664
2025,15.0,2.33,1,0,1,1,1,0,0,1,0,0,0,0,0,1,1,0.751
2025,15.0,11.65,0,0,0,0,0,0,0,0,0,1,0,0,0,1,0,0.33
2025,15.5,6.6,0,0,0,1,1,0,0,0,1,0,0,1,0,1,1,0.593
2025,24.2,12.52,1,1,1,1,1,0,0,0,0,0,1,1,0,1,1,0.782
2025,21.3,30.0,1,1,1,1,1,1,1,0,0,0,1,1,1,1,1,0.955
2025,15.0,10.6,1,1,0,1,0,0,0,0,1,1,0,1,0,1,1,0.79
2025,15.2,30.0,1,1,0,1,0,0,0,1,0,0,0,1,0,1,1,0.776
2025,15.0,5.22,1,0,0,0,0,0,0,0,1,0,1,1,0,1,0,0.406
2025,15.0,10.92,1,0,1,0,0,1,0,0,1,0,0,1,0,1,0,0.484
2025,22.0,3.2,1,1,0,1,1,0,0,1,0,0,0,1,0,1,1,0.749
2025,15.0,4.96,0,1,1,1,1,0,0,0,1,1,0,1,1,1,1,0.679
2025,15.0,3.81,1,0,0,1,1,0,0,1,1,0,0,1,0,1,1,0.757
2025,16.3,3.66,0,1,0,1,1,0,0,0,0,0,0,0,0,1,1,0.717
2025,15.0,12.48,0,0,0,0,0,0,0,0,0,0,0,0,0,1,0,0.206
2025,18.2,9.73,1,0,1,1,1,0,0,0,0,0,0,0,0,1,1,0.737
2025,21.1,4.22,0,1,1,0,1,1,0,1,0,0,0,0,0,1,1,0.614
2025,23.7,20.97,1,1,1,1,1,0,0,1,0,0,0,0,0,1,1,0.832
2025,21.7,3.05,0,0,0,1,1,0,0,0,0,0,0,1,0,1,1,0.598
2025,15.0,9.51,1,1,0,1,1,1,0,0,1,0,0,1,0,1,1,0.869
2025,18.1,14.44,1,1,0,1,1,0,0,0,0,0,0,0,0,1,1,0.634
2025,22.3,20.86,1,1,1,1,1,0,0,0,0,0,0,1,0,1,1,0.868
2025,15.0,4.84,1,1,0,1,1,0,0,0,0,1,0,0,0,1,1,0.751
2025,22.3,6.96,1,1,0,1,1,0,0,0,0,0,0,1,0,1,1,0.745
2025,24.9,6.04,1,1,1,0,0,0,0,0,1,0,1,1,0,1,1,0.579
2025,23.6,16.44,1,1,0,1,1,0,0,1,1,1,0,1,0,1,1,0.778
2025,15.0,1.74,1,0,0,1,1,1,0,0,0,0,0,0,0,1,1,0.695
2025,15.0,4.87,1,0,0,1,0,0,0,0,1,0,0,0,0,1,1,0.572
2025,24.8,4.5,0,0,0,0,0,0,0,1,0,0,0,1,0,1,0,0.188
2025,23.2,1.97,1,0,0,1,1,0,0,0,0,0,0,1,1,1,1,0.773
2025,23.8,30.0,0,0,0,1,1,0,0,0,0,0,0,1,0,1,1,0.665
2025,17.4,4.39,1,1,1,0,1,0,0,1,0,1,0,0,0,1,1,0.732
2025,24.0,2.67,1,1,1,1,0,0,0,0,0,0,0,1,0,1,1,0.787
2025,23.2,0.21,0,1,0,1,0,1,0,0,0,0,0,1,0,1,1,0.63
2025,15.0,0.66,0,1,1,1,1,0,0,0,1,0,0,1,0,1,1,0.873
2025,24.8,6.93,1,0,0,1,1,0,0,0,0,0,0,1,0,1,1,0.783
2025,15.0,30.0,1,1,1,1,0,1,0,0,1,0,0,0,1,1,1,0.782
2025,21.8,4.13,0,0,0,1,1,0,0,1,0,0,0,1,0,1,1,0.578
2025,24.7,11.76,1,0,1,0,0,0,0,0,0,0,0,1,0,1,0,0.344
2025,22.0,1.72,1,0,0,0,0,0,0,0,0,0,0,0,0,1,0,0.448
2025,15.0,1.04,0,0,0,0,0,0,0,0,0,0,0,0,0,1,0,0.365
2025,15.0,23.77,1,1,1,1,1,0,0,0,0,1,0,1,0,1,1,0.905
2025,15.0,22.82,1,0,0,1,1,0,1,0,0,0,0,0,0,1,1,0.801
2025,22.4,30.0,1,0,0,0,1,0,0,1,0,0,1,0,1,1,1,0.768
2025,20.3,30.0,1,1,1,1,1,0,0,0,0,0,0,0,0,1,1,0.764
2025,21.6,0.81,1,0,0,0,0,0,0,0,0,0,0,0,0,1,1,0.555
2025,22.5,10.97,0,0,0,0,0,0,0,0,0,0,0,1,0,1,0,0.249
2025,15.0,6.4,1,0,0,0,0,0,0,0,0,0,0,0,0,1,0,0.415
2025,15.0,18.82,1,1,1,1,1,1,0,0,1,1,0,1,0,1,1,0.92
2025,19.5,13.63,1,0,1,1,0,1,0,0,0,0,0,1,1,1,1,0.832
2025,15.0,3.42,1,0,0,0,0,0,0,0,0,0,0,1,0,1,0,0.27
2025,19.2,3.9,0,0,0,0,0,0,0,0,0,0,0,0,0,1,0,0.316
2025,21.5,10.53,1,1,0,0,0,0,0,0,1,1,0,1,0,1,0,0.44
2025,21.9,3.27,1,1,0,1,1,0,0,1,0,0,1,0,0,1,1,0.744
2025,19.5,30.0,1,0,0,1,1,0,0,0,1,1,0,1,0,1,1,0.69
2025,21.7,2.31,1,1,0,1,1,0,0,0,0,0,0,1,0,1,1,0.732
2025,24.1,11.98,0,0,0,0,0,0,0,0,0,0,0,0,0,1,0,0.207
2025,17.1,19.87,1,1,1,1,1,0,0,1,0,0,0,1,0,1,1,0.889
2025,22.7,3.78,1,1,0,1,1,0,0,0,1,1,0,1,0,1,1,0.87
2025,15.0,22.27,1,1,0,0,0,0,0,0,0,0,0,0,0,1,0,0.439
2025,17.3,2.13,0,0,0,0,0,0,0,1,0,0,0,0,0,1,0,0.298
2025,23.1,1.47,1,1,1,0,1,1,1,1,1,1,1,1,1,1,1,0.647
2025,23.2,8.01,1,0,0,1,1,1,0,1,1,1,0,0,1,1,1,0.791
2025,15.0,26.11,1,1,0,1,1,0,0,1,0,0,0,0,0,1,1,0.832
2025,15.0,5.72,1,1,0,0,0,0,0,0,1,0,1,0,0,1,1,0.507
2025,16.1,10.63,1,1,0,0,0,0,0,0,0,1,0,1,0,1,1,0.574
2025,15.0,0.66,0,1,1,1,1,1,0,0,0,0,0,0,0,1,1,0.81
2025,15.0,30.0,1,0,0,1,1,0,0,0,0,0,1,0,0,1,1,0.85
2025,15.0,7.02,1,0,0,0,0,0,0,0,0,0,0,1,0,1,0,0.281
2025,24.6,4.03,1,1,1,0,0,0,0,0,0,1,0,1,0,1,1,0.614
2025,15.0,2.47,0,0,1,0,1,0,0,0,0,0,0,1,1,1,0,0.372
2025,16.5,6.49,1,1,0,1,1,0,0,0,0,0,0,0,0,1,1,0.837
2025,17.9,21.79,0,1,1,0,1,0,0,0,1,1,1,1,0,1,1,0.717
2025,18.4,10.89,1,0,0,0,0,0,0,0,0,0,0,1,0,1,0,0.366
2025,19.2,3.24,0,0,0,0,0,0,0,1,0,0,0,1,0,1,0,0.22
2025,15.0,1.52,1,1,0,0,0,0,0,0,1,0,0,0,0,1,1,0.514
2025,19.1,30.0,1,0,0,0,0,0,0,0,0,0,0,1,0,1,0,0.287
2025,15.0,3.14,1,0,0,0,1,0,0,0,0,0,0,0,0,1,0,0.305
2025,20.4,4.69,1,0,1,0,0,0,0,0,1,0,0,0,1,1,0,0.465
2025,24.4,4.55,1,1,1,0,1,0,0,0,0,0,1,0,0,1,1,0.614
2025,15.0,8.73,0,1,0,1,1,0,0,1,0,0,0,0,0,1,1,0.626
2025,15.8,17.34,1,1,0,1,1,0,0,1,0,0,0,0,1,1,1,0.828
2025,21.3,3.24,1,1,0,0,1,0,0,0,0,1,0,0,0,1,0,0.476
2025,23.2,14.15,0,0,0,0,1,0,0,1,0,0,0,0,0,1,0,0.294
2025,18.1,1.07,1,0,1,1,1,0,0,0,0,0,0,1,0,1,1,0.781
2025,17.7,15.91,1,0,0,1,1,0,0,0,0,0,0,1,1,1,1,0.624
2025,24.8,7.97,1,1,1,1,1,0,0,1,0,0,0,1,0,1,1,0.894
2025,22.2,4.81,0,0,0,0,1,0,0,0,0,1,1,0,0,1,0,0.47
2025,15.0,16.19,1,1,0,1,0,0,1,0,1,0,0,1,0,1,1,0.624
2025,22.9,8.5,0,1,0,1,1,0,0,0,0,0,0,0,0,1,1,0.514
2025,20.6,16.88,1,1,0,1,1,0,0,1,0,0,1,0,1,1,1,0.831
2025,24.8,2.35,1,1,0,1,0,0,0,0,0,0,0,1,0,1,1,0.745
2025,17.8,28.44,0,1,0,0,1,0,0,0,0,0,0,0,0,1,1,0.52
2025,18.0,9.26,1,0,0,1,0,0,0,0,0,0,1,1,0,1,1,0.612
2025,23.3,2.86,0,0,0,0,0,1,0,1,0,0,0,0,0,1,0,0.237
2025,21.7,0.08,1,0,1,0,1,0,0,1,1,1,0,1,0,1,1,0.843
2025,15.0,18.84,1,1,0,1,1,0,0,0,0,0,0,1,0,1,1,0.848
2025,15.0,0.31,1,1,1,1,1,0,0,1,0,1,0,1,1,1,1,0.788
2025,24.0,30.0,1,1,0,0,1,1,0,1,1,0,0,1,0,1,1,0.68
2025,16.0,30.0,1,1,0,0,0,0,0,1,0,0,0,0,0,1,0,0.442
2025,15.0,18.81,0,1,0,1,1,0,0,0,0,0,0,1,0,1,1,0.788
2025,18.3,3.3,1,0,0,0,0,0,0,1,0,0,0,0,0,1,0,0.299
2025,15.0,2.62,1,1,0,0,1,0,0,0,0,0,0,1,0,1,1,0.516
2025,20.2,4.99,1,1,1,1,1,1,0,0,1,0,0,0,0,1,1,0.849
2025,21.4,16.95,1,0,1,0,1,0,0,0,0,0,0,1,0,1,1,0.577
2025,15.0,6.03,0,0,0,1,0,0,0,0,0,0,0,0,0,1,1,0.617
2025,15.0,3.4,1,0,0,0,1,0,0,0,0,0,0,1,0,1,0,0.27
2025,24.9,7.96,1,1,0,1,1,0,0,1,0,0,0,1,0,1,1,0.848
2025,15.0,0.15,1,1,1,1,1,0,0,0,0,0,0,1,0,1,1,0.908
2025,17.0,3.79,1,1,1,1,1,0,0,0,0,0,0,0,0,1,1,0.833
2025,15.0,15.92,1,0,0,1,1,1,0,1,1,0,1,1,0,1,1,0.817
2025,15.0,7.42,1,1,1,1,1,0,0,1,1,0,0,1,0,1,1,0.896
2025,15.0,5.78,0,1,0,0,1,0,0,0,0,0,0,0,0,1,0,0.391
2025,15.0,2.5,1,1,0,1,1,0,0,1,0,1,0,0,0,1,1,0.811
2025,22.0,2.86,0,1,0,0,0,0,0,1,1,0,0,1,1,1,0,0.326
2025,24.7,5.65,1,0,0,0,0,0,0,0,0,0,0,0,0,1,0,0.428
2025,15.0,1.6,1,1,0,1,1,0,0,1,0,1,0,1,0,1,1,0.801
2025,17.9,2.5,1,1,1,1,1,0,0,0,0,0,0,0,0,1,1,0.835
2025,15.0,13.3,1,1,1,1,1,0,0,0,0,0,0,0,1,1,1,0.868
2025,22.1,11.17,1,1,0,1,1,0,0,0,0,0,0,1,0,1,1,0.778
2025,23.9,1.02,0,1,0,0,0,1,0,1,0,0,0,1,0,1,0,0.27
2025,19.5,0.53,1,0,0,1,1,0,0,0,0,0,0,0,0,1,1,0.686
2025,23.1,5.72,0,1,0,1,1,0,0,0,0,0,0,0,0,1,1,0.592
2025,23.3,5.46,1,1,1,0,1,0,0,1,0,0,0,0,1,1,1,0.531
2025,21.3,9.43,1,0,1,1,1,0,1,0,1,0,0,1,0,1,1,0.762
2025,24.5,28.41,1,1,0,0,1,0,0,0,1,0,0,1,0,1,1,0.566
2025,23.0,6.25,0,1,0,0,0,0,0,1,0,0,0,0,0,1,0,0.207
2025,23.6,23.67,0,0,0,0,0,0,0,0,0,0,0,1,0,1,0,0.326
2025,15.0,5.33,0,0,0,0,1,0,0,0,0,0,1,0,0,1,0,0.304
2025,18.2,2.4,1,0,1,1,1,0,0,0,0,0,0,1,0,1,1,0.696
2025,24.2,26.27,1,1,0,1,1,1,0,1,1,0,0,1,0,1,1,0.839
2025,15.0,9.57,0,1,0,1,1,0,0,0,0,0,0,0,0,1,1,0.659
2025,20.1,4.69,1,0,0,0,1,1,0,1,0,0,0,0,0,1,1,0.528
2025,22.5,3.55,1,1,0,0,1,0,0,1,1,1,1,0,0,1,1,0.652
2025,23.2,12.32,1,0,0,0,0,0,0,0,0,0,0,0,0,1,0,0.182
2025,19.9,2.16,1,1,1,1,1,0,0,1,1,1,1,1,0,1,1,0.946
2025,18.1,6.29,1,0,0,1,1,0,0,0,1,0,0,0,0,1,1,0.684
2025,15.0,5.09,1,1,0,1,0,0,0,0,0,0,1,1,0,1,1,0.746
2025,22.7,22.47,1,1,1,0,1,0,0,0,0,1,0,1,1,1,1,0.767
2025,15.0,4.66,1,0,0,1,1,1,0,1,0,0,0,1,0,1,1,0.621
2025,17.9,2.23,1,1,0,1,1,0,0,1,0,0,0,1,0,1,1,0.725
2025,16.8,4.65,1,1,0,1,0,0,0,0,1,0,1,1,0,1,1,0.727
2025,19.5,2.95,1,0,0,0,1,0,0,0,0,0,0,1,0,1,0,0.433
2025,22.1,14.96,1,0,0,0,1,0,0,0,0,0,0,1,0,1,0,0.393
2025,18.4,30.0,1,1,0,1,1,0,0,0,0,0,0,1,0,1,1,0.769
2025,22.9,1.9,1,1,0,0,1,0,0,1,0,0,0,1,0,1,1,0.511
2025,20.2,3.03,1,0,0,0,1,0,0,0,1,0,1,0,0,1,1,0.57
2025,15.0,1.29,0,0,1,0,0,1,0,0,1,0,0,0,0,1,0,0.268
2025,22.5,2.93,1,1,0,1,1,0,0,0,1,0,0,0,0,1,1,0.831
2025,15.0,1.25,1,1,0,1,1,0,0,0,0,0,0,0,1,1,1,0.847
2025,21.9,10.98,1,1,0,1,1,0,0,1,0,0,1,1,0,1,1,0.851
2025,24.8,5.29,0,1,0,0,1,0,0,1,1,1,0,1,0,1,0,0.468
2025,15.1,1.92,1,1,0,1,1,0,0,0,0,1,0,0,1,1,1,0.73
2025,15.0,30.0,1,1,0,1,1,0,0,1,1,1,1,0,1,1,1,0.947
2025,15.0,30.0,0,0,0,1,1,0,0,1,0,0,0,1,0,1,1,0.619
2025,15.0,30.0,1,1,1,1,1,0,1,1,1,1,0,0,0,1,1,0.926
2025,15.6,9.95,0,0,0,1,1,0,0,1,0,0,0,0,0,1,1,0.592
2025,21.0,1.82,1,0,0,0,0,0,0,1,1,0,0,1,1,1,0,0.164
2025,15.0,16.85,1,1,0,1,1,0,0,0,0,1,1,1,0,1,1,0.875
2025,15.6,9.02,1,1,0,0,1,1,0,0,0,0,1,1,0,1,1,0.698
2025,24.6,1.57,1,1,0,0,1,0,0,1,1,1,0,1,0,1,1,0.639
2025,20.2,24.81,0,1,0,1,1,0,0,0,1,1,0,0,0,1,1,0.656
2025,15.0,4.49,1,1,0,0,0,0,0,0,0,0,0,1,0,1,0,0.377
2025,15.9,4.29,0,0,0,0,0,0,0,1,0,1,0,1,0,1,0,0.225
2025,21.5,1.78,0,0,0,1,0,0,0,1,0,0,1,1,0,1,0,0.492
2025,24.6,30.0,1,1,1,1,1,0,0,0,0,0,0,1,1,1,1,0.94
2025,21.8,7.19,0,1,0,0,0,0,0,0,1,0,0,1,0,1,0,0.336
2025,15.0,0.99,1,0,0,0,0,0,1,0,0,0,0,0,0,1,0,0.291
2025,20.1,2.45,1,1,0,1,1,1,0,1,0,0,0,1,0,1,1,0.842
2025,21.5,6.37,1,1,0,1,1,0,0,1,0,1,0,0,1,1,1,0.795
2025,15.0,1.44,1,1,0,0,0,1,1,1,0,0,0,0,0,1,0,0.39
2025,15.0,3.05,0,0,0,0,0,0,0,0,0,0,0,0,0,1,0,0.248
2025,22.2,29.58,1,1,0,1,1,0,0,1,0,1,0,0,0,1,1,0.831
2025,22.2,2.02,0,1,1,1,0,0,0,0,1,0,1,0,0,1,1,0.654
2025,15.0,21.61,0,1,0,1,1,0,0,0,0,0,0,0,0,1,1,0.717
2025,18.9,8.4,0,0,0,1,1,0,0,0,0,0,0,0,0,1,1,0.591
2025,24.4,5.26,0,0,0,0,0,0,0,0,0,0,0,1,0,1,0,0.256
2025,15.0,6.88,1,0,1,0,1,0,0,1,0,0,0,1,0,1,0,0.366
2025,24.0,1.42,0,1,0,1,1,0,0,0,0,0,0,1,0,1,1,0.717
2025,15.0,1.97,1,0,0,0,0,0,0,0,0,0,0,1,0,1,0,0.326
2025,15.0,7.9,1,0,0,0,0,1,0,0,0,0,0,0,0,1,0,0.341
2025,15.0,5.21,1,1,1,1,1,0,0,1,0,0,0,0,0,1,1,0.801
2025,15.0,14.68,1,1,0,1,1,0,0,1,1,0,0,0,0,1,1,0.786
2025,18.5,4.22,1,1,1,0,1,0,0,1,1,0,0,0,0,1,1,0.656
2025,17.9,9.18,1,1,1,0,1,0,1,1,0,1,0,1,0,1,1,0.802
2025,19.7,7.39,1,1,0,0,1,1,0,1,0,0,0,0,1,1,1,0.667
2025,15.0,2.54,1,0,0,1,1,0,0,0,1,1,0,1,0,1,1,0.823
2025,23.4,25.73,1,1,0,1,1,0,0,0,0,0,0,0,0,1,1,0.785
2025,24.2,1.48,1,0,0,1,0,0,0,0,0,0,0,0,1,1,1,0.681
2025,20.8,5.8,1,1,1,0,0,0,0,1,0,0,0,1,0,1,1,0.547
2025,15.0,1.6,1,1,0,1,1,0,1,0,1,0,0,0,0,1,1,0.887
2025,21.2,3.74,1,1,0,1,1,0,0,0,0,0,0,0,0,1,1,0.764
2025,22.5,10.37,1,1,0,1,1,0,0,0,0,0,1,0,0,1,1,0.806
2025,18.7,12.09,1,0,0,0,1,0,0,0,1,0,0,1,0,1,0,0.318
2025,23.2,11.86,0,0,0,0,0,0,0,0,0,0,0,0,0,1,0,0.169
2025,24.5,8.73,1,1,0,1,1,0,0,1,1,0,1,1,0,1,1,0.702
2025,19.1,2.29,0,0,0,1,0,0,0,0,0,0,0,0,0,1,0,0.45
2025,15.0,9.54,1,1,0,1,1,0,0,0,0,0,0,0,0,1,1,0.781
2025,15.0,7.06,0,0,0,0,0,0,0,0,0,0,0,1,0,1,0,0.213
2025,23.0,15.29,1,0,1,1,1,0,0,0,0,0,0,1,0,1,1,0.651
2025,15.0,30.0,1,1,1,1,0,0,0,0,0,1,0,1,1,1,1,0.872
2025,18.2,9.7,1,1,0,1,1,0,0,0,0,0,0,0,0,1,1,0.717
2025,17.1,2.71,1,1,0,0,0,0,0,1,1,0,1,1,0,1,1,0.537
2025,20.0,14.73,0,1,0,0,0,0,0,1,0,0,0,0,0,1,0,0.384
2025,15.0,17.42,1,1,0,0,0,0,0,0,0,0,0,0,0,1,0,0.487
2025,15.0,2.95,1,1,0,0,1,0,0,0,0,0,0,1,0,1,0,0.469
2025,19.8,7.41,1,1,1,1,1,0,1,1,0,0,0,1,0,1,1,0.925
2025,15.0,3.94,1,1,1,1,1,1,0,1,1,1,0,1,1,1,1,0.957
2025,16.7,1.5,1,1,1,1,1,0,0,0,0,0,0,0,0,1,1,0.862
2025,15.0,15.99,0,1,1,1,1,1,0,0,0,0,0,1,0,1,1,0.723
2025,20.2,8.22,1,0,0,1,0,0,0,0,1,0,0,0,1,1,1,0.651
2025,23.2,3.45,1,1,1,1,1,0,1,0,0,0,0,1,0,1,1,0.851
2025,15.0,1.76,1,1,1,1,1,0,0,0,0,0,0,1,0,1,1,0.808
2025,22.4,0.81,1,1,0,0,1,0,0,0,0,0,0,0,0,1,1,0.622
2025,16.4,7.8,1,1,1,1,1,0,0,0,0,0,0,1,0,1,1,0.875
2025,15.0,30.0,1,1,0,1,1,0,0,0,0,0,0,0,0,1,1,0.787
2025,22.8,1.58,1,0,1,1,1,1,0,1,1,1,0,1,0,1,1,0.874
2025,16.7,7.47,1,1,1,1,1,0,0,1,0,1,1,1,0,1,1,0.922
2025,15.0,1.54,1,1,1,1,1,0,1,1,0,0,0,0,0,1,1,0.913
2025,24.2,30.0,1,0,0,0,0,0,0,1,0,0,0,1,0,1,0,0.393
2025,20.8,18.48,1,0,0,0,1,0,0,1,0,0,0,1,0,1,0,0.399
2025,15.0,30.0,1,0,0,1,1,1,1,1,0,1,1,1,0,1,1,0.907
2025,15.0,8.86,1,1,1,0,1,0,0,0,1,1,0,0,0,1,1,0.823
2025,15.0,17.38,1,1,0,1,1,0,0,0,0,0,0,0,0,1,1,0.791
2025,20.4,30.0,1,1,1,1,1,0,0,1,0,0,1,1,1,1,1,0.929
2025,15.6,8.61,1,0,0,0,1,0,0,0,0,1,0,0,0,1,1,0.528
2025,23.1,1.35,0,0,0,0,0,0,0,1,0,0,0,0,0,1,0,0.212
2025,17.4,3.8,0,0,0,0,0,0,0,0,0,0,0,1,0,1,0,0.22
2025,15.0,4.56,0,0,0,1,0,0,0,0,1,1,0,1,0,1,1,0.664
2025,19.5,7.57,1,1,1,1,1,0,0,0,0,0,0,1,0,1,1,0.828
2025,24.6,7.63,1,1,0,1,1,0,0,0,0,1,1,1,0,1,1,0.925
2025,15.0,25.89,1,1,0,1,1,0,0,0,0,0,0,1,0,1,1,0.834
2025,17.5,11.66,0,0,0,0,0,0,0,1,0,0,0,0,0,1,0,0.223
2025,22.6,7.01,1,1,1,1,1,0,0,1,1,0,0,1,0,1,1,0.826
2025,23.4,1.73,1,1,1,1,1,1,1,0,1,1,1,1,0,1,1,0.918
2025,21.8,30.0,1,0,1,0,0,1,0,0,0,0,0,0,0,1,0,0.415
2025,20.4,3.95,1,1,1,1,1,0,0,0,0,1,0,1,0,1,1,0.92
2025,15.0,17.4,1,0,1,1,1,0,0,0,0,0,0,0,1,1,1,0.708
2025,24.2,20.63,1,1,0,1,1,0,0,0,1,0,0,1,0,1,1,0.868
2025,16.9,0.74,0,0,0,0,0,0,0,0,0,0,0,0,0,1,0,0.297
2025,15.0,3.24,1,0,1,1,1,0,0,1,0,0,0,1,0,1,1,0.777
2025,21.9,9.81,0,0,0,1,1,1,0,1,0,1,0,0,0,1,1,0.639
2025,24.3,5.84,1,1,1,0,1,1,0,0,1,0,1,0,0,1,1,0.696
2025,21.6,5.2,1,1,1,0,1,0,0,1,1,0,0,1,0,1,1,0.641
2025,24.4,1.58,0,0,0,0,0,0,0,1,0,0,0,0,0,1,0,0.319
2025,15.0,2.32,1,1,1,1,1,0,0,1,0,0,0,0,1,1,1,0.857
2025,21.6,15.44,1,1,1,1,1,0,0,1,0,1,0,1,0,1,1,0.907
2025,15.0,16.7,0,1,0,0,0,0,0,0,0,0,0,1,0,1,0,0.455
2025,24.3,17.29,1,1,0,0,0,0,0,0,0,0,0,1,0,1,1,0.572
2025,24.1,10.96,1,0,0,0,1,0,0,0,0,0,0,0,0,1,0,0.327
2025,18.6,3.63,1,1,0,0,1,0,0,0,0,1,0,1,0,1,0,0.433
2025,15.0,8.26,0,0,0,1,1,0,0,0,0,0,0,1,0,1,1,0.562
2025,15.0,1.23,0,0,0,0,1,1,0,0,0,0,0,0,1,1,0,0.395
2025,15.0,11.43,1,1,1,1,1,0,0,0,0,0,0,1,0,1,1,0.891
2025,19.4,30.0,0,1,0,0,1,0,0,0,0,0,0,1,0,1,0,0.369
2025,15.0,2.06,1,1,0,1,1,0,0,0,0,1,1,0,0,1,1,0.829
2025,21.0,18.07,1,0,0,0,0,1,0,0,0,0,0,1,0,1,0,0.375
2025,21.1,4.69,1,1,0,1,1,1,0,1,0,0,0,0,0,1,1,0.771
2025,15.0,7.69,0,0,0,1,0,0,0,0,1,1,0,1,0,1,1,0.68
2025,24.7,10.36,1,1,1,1,1,1,0,0,0,1,0,0,1,1,1,0.9
2025,15.0,0.05,0,0,1,0,0,0,0,0,0,0,0,0,1,1,0,0.414
2025,15.0,12.76,1,1,0,1,1,0,0,1,1,0,0,1,1,1,1,0.851
2025,15.0,18.18,1,0,0,0,0,0,0,0,0,0,0,0,0,1,0,0.326
2025,16.4,6.41,1,0,0,0,1,1,0,0,1,0,0,1,0,1,1,0.555
2025,15.0,5.39,1,1,1,1,1,0,0,0,0,0,1,1,0,1,1,0.872
2025,15.0,10.82,0,1,1,1,0,0,0,0,0,0,0,0,0,1,1,0.813
2025,23.5,30.0,1,1,0,0,1,0,0,0,0,0,0,1,0,1,0,0.437
2025,23.4,17.16,1,1,0,1,1,0,0,0,0,0,0,1,1,1,1,0.858
2025,23.2,5.43,1,1,1,1,1,0,0,0,0,0,0,1,0,1,1,0.813
2025,23.9,30.0,1,0,1,0,1,0,0,0,0,0,0,1,0,1,0,0.407
2025,24.0,19.13,0,0,0,0,0,0,0,0,1,1,0,1,0,1,0,0.286
2025,15.0,9.06,1,0,0,1,1,0,0,0,0,0,0,0,1,1,1,0.718
2025,17.7,30.0,1,0,0,0,0,0,0,0,0,0,0,0,0,1,0,0.323
2025,20.1,30.0,0,0,1,0,1,0,0,0,0,1,0,0,0,1,0,0.407
2025,15.0,7.52,1,0,0,0,1,0,0,0,0,1,1,0,1,1,1,0.704
2025,17.7,1.67,1,1,0,1,1,0,0,0,1,0,0,0,0,1,1,0.8
2025,22.7,24.54,1,1,1,0,1,0,1,0,0,0,0,1,0,1,1,0.607
2025,15.0,2.76,1,1,0,1,1,1,1,0,1,0,0,1,1,1,1,0.963
2025,24.8,6.16,1,1,0,1,1,0,0,1,0,0,0,0,0,1,1,0.72
2025,22.3,11.84,1,1,0,0,0,0,0,0,0,0,0,0,0,1,0,0.398
2025,19.4,3.7,1,1,1,1,1,0,0,0,1,0,0,0,0,1,1,0.876
2025,16.0,16.15,1,1,1,0,1,0,0,0,1,0,1,1,0,1,1,0.796
2025,23.6,30.0,1,1,0,1,0,0,0,0,0,1,0,0,0,1,1,0.701
2025,18.2,4.44,1,1,1,1,1,0,0,1,1,0,0,0,1,1,1,0.839
2025,15.0,2.8,1,0,0,1,0,0,0,0,0,0,0,0,1,1,1,0.686
2025,15.0,13.29,1,1,0,1,1,0,0,0,1,0,0,1,0,1,1,0.789
2025,15.0,0.2,1,1,1,1,1,1,0,0,0,0,1,1,1,1,1,0.922
2025,22.5,13.14,1,1,1,1,1,0,0,1,0,0,1,1,0,1,1,0.846
2025,17.5,10.62,0,0,0,0,0,0,0,0,0,0,0,1,0,1,0,0.248
2025,22.8,30.0,1,1,1,1,1,0,1,0,1,1,0,0,1,1,1,0.942
2025,23.1,8.48,1,1,1,1,1,0,0,0,0,0,0,0,1,1,1,0.771
2025,15.0,30.0,1,0,1,0,1,0,0,0,0,0,0,1,0,1,0,0.39
2025,15.9,14.27,1,1,0,0,1,0,0,0,0,1,0,0,0,1,1,0.635
2025,20.1,4.11,1,1,0,1,1,0,0,0,0,0,0,0,0,1,1,0.825
2025,15.0,30.0,1,0,0,0,0,1,0,0,1,0,0,1,0,1,0,0.443
2025,15.0,12.89,1,1,0,1,1,0,0,1,1,1,0,0,0,1,1,0.851
2025,21.4,8.44,1,1,0,1,1,1,0,1,0,0,0,1,1,1,1,0.928
2025,15.0,5.56,1,1,0,1,1,0,0,1,0,0,0,1,0,1,1,0.848
2025,17.0,12.17,1,1,0,0,0,0,0,0,1,0,0,0,0,1,0,0.362
2025,15.0,15.55,1,1,0,1,1,0,0,1,0,0,0,0,0,1,1,0.64
2025,15.0,30.0,0,0,0,1,1,0,0,0,0,1,0,1,0,1,1,0.696
2025,21.7,1.89,1,0,0,0,0,0,0,0,0,0,0,0,0,1,0,0.399
2025,19.9,5.51,1,1,1,0,1,1,0,1,0,0,0,0,0,1,1,0.652
2025,20.3,5.48,1,1,0,0,0,0,0,0,0,0,0,1,0,1,0,0.404
2025,16.9,30.0,1,1,1,1,1,0,0,1,0,0,0,0,0,1,1,0.742
2025,18.8,25.74,0,1,0,1,0,0,0,1,0,0,0,1,0,1,1,0.698
2025,24.3,30.0,1,1,0,1,0,1,0,0,0,0,1,0,0,1,1,0.691
2025,20.8,13.63,1,0,0,1,1,0,0,0,0,0,0,0,0,1,1,0.562
2025,23.1,1.28,1,1,0,0,0,0,0,0,0,0,0,1,0,1,0,0.359
2025,22.0,20.6,1,1,1,1,1,0,0,1,0,0,0,1,1,1,1,0.905
2025,15.0,4.66,1,0,0,0,0,0,0,0,0,0,0,1,0,1,0,0.303
2025,17.2,2.1,1,1,0,1,1,0,0,0,0,0,0,0,1,1,1,0.815
2025,20.2,2.73,1,1,1,1,1,0,0,0,1,1,0,0,0,1,1,0.899
2025,24.3,30.0,1,1,1,1,1,0,1,0,0,0,0,1,0,1,1,0.868
2025,23.5,8.21,1,1,0,1,1,0,0,1,1,1,1,1,0,1,1,0.875
2025,15.0,18.1,1,1,0,0,0,0,0,0,0,0,0,0,0,1,0,0.451
2025,22.4,19.42,0,1,1,1,0,0,0,1,0,0,0,0,0,1,1,0.536
2025,15.0,2.32,1,1,0,1,1,1,0,0,0,0,1,0,1,1,1,0.914
2025,18.4,3.7,1,1,1,1,1,0,0,1,0,1,0,0,0,1,1,0.881
2025,23.4,1.37,0,0,1,0,0,0,0,1,0,0,0,1,0,1,0,0.296
2025,15.0,1.36,1,1,0,0,1,1,0,0,1,0,0,1,0,1,1,0.631
2025,17.0,22.77,1,1,1,0,1,0,0,0,0,0,0,0,1,1,0,0.486
2025,15.0,17.69,1,1,0,1,1,1,0,1,0,0,0,0,0,1,1,0.845
2025,17.4,18.83,1,0,0,0,0,0,0,0,0,0,0,0,0,1,0,0.309
2025,15.9,30.0,1,0,1,0,1,0,0,1,0,0,0,1,0,1,0,0.479
2025,15.5,5.49,0,1,1,1,1,0,0,1,1,1,0,0,0,1,1,0.838
2025,21.8,12.71,1,0,0,0,1,0,0,1,0,0,0,1,0,1,0,0.439
2025,22.6,7.82,1,1,1,1,1,0,0,1,0,0,0,0,1,1,1,0.689
2025,20.8,15.78,0,1,0,0,0,0,0,0,0,0,0,0,0,1,0,0.345
2025,22.3,1.63,1,1,0,0,1,0,1,0,1,0,0,1,1,1,1,0.639
2025,21.4,5.89,1,1,1,1,1,1,0,0,1,0,0,1,0,1,1,0.879
2025,15.0,8.98,1,1,1,1,1,1,0,0,1,1,0,1,0,1,1,0.943
2025,21.2,16.04,1,0,1,1,0,0,0,0,0,0,0,1,0,1,1,0.557
2025,17.9,5.48,1,0,1,1,1,0,0,0,0,0,0,0,1,1,1,0.716
2025,15.0,2.8,1,0,0,1,1,0,0,0,1,0,1,0,0,1,1,0.822
2025,15.0,25.02,1,1,0,1,1,0,1,0,1,1,0,0,0,1,1,0.866
2025,23.8,13.43,1,1,0,1,1,1,0,0,0,1,0,1,1,1,1,0.942
2025,15.0,24.89,0,0,0,1,0,0,0,0,0,0,1,1,1,1,1,0.62
2025,19.3,3.7,0,0,1,0,0,0,0,1,0,0,0,0,0,1,0,0.405
2025,20.2,1.72,1,1,0,1,1,0,0,0,0,0,0,1,1,1,1,0.759
2025,20.5,9.54,1,1,0,1,1,0,0,0,0,0,0,0,0,1,1,0.759
2025,20.3,13.45,1,0,1,0,1,0,0,0,1,0,0,0,1,1,1,0.601
2025,15.0,0.11,1,1,1,1,1,0,0,0,0,0,0,1,0,1,1,0.918
2025,15.0,3.64,1,1,1,1,1,1,0,1,0,0,0,0,0,1,1,0.872
2025,22.6,19.72,1,1,0,0,0,0,0,0,0,1,1,0,0,1,1,0.832
2025,22.4,5.16,1,1,1,1,1,0,0,0,1,0,1,0,0,1,1,0.877
2025,15.0,1.18,1,0,0,1,0,1,0,0,1,1,0,0,1,1,1,0.693
2025,24.6,5.77,1,1,1,1,1,0,0,0,0,0,0,0,1,1,1,0.917
2025,20.2,3.61,1,1,0,1,1,0,0,0,1,0,0,0,0,1,1,0.802
2025,18.9,11.64,1,0,1,1,1,0,0,0,0,0,0,0,0,1,1,0.69
2025,15.0,5.49,1,1,0,0,0,1,0,1,1,1,0,1,0,1,1,0.511
2025,17.7,4.02,1,1,1,1,1,0,0,0,0,0,0,0,0,1,1,0.893
2025,15.0,12.12,0,0,0,0,0,0,0,0,0,0,0,1,0,1,0,0.215
2025,21.1,3.02,1,1,0,0,1,0,0,0,0,0,0,0,1,1,1,0.566
2025,15.0,15.09,1,1,1,1,1,0,0,0,0,0,0,1,1,1,1,0.868
2025,24.1,1.13,1,0,0,0,1,1,0,0,1,0,0,1,1,1,1,0.615
2025,23.8,8.21,1,1,1,1,1,0,0,1,1,0,1,1,1,1,1,0.8
2025,22.5,4.67,1,1,0,1,1,0,0,0,0,0,0,0,0,1,1,0.735
2025,15.0,7.67,0,0,0,0,0,0,0,0,0,0,0,1,0,1,0,0.224
2025,19.3,9.73,1,1,1,1,1,0,0,1,0,0,1,1,0,1,1,0.904
2025,19.8,4.65,1,1,1,1,1,0,0,1,0,0,0,0,0,1,1,0.827
2025,23.3,7.17,1,1,1,0,1,0,0,0,1,0,1,0,0,1,1,0.743
2025,19.7,10.16,1,1,0,1,1,0,0,0,0,1,0,1,0,1,1,0.87
2025,24.9,8.45,1,0,0,0,0,0,0,0,0,0,0,1,0,1,0,0.227
2025,15.0,30.0,0,1,0,1,1,0,0,0,0,1,0,0,1,1,1,0.746
2025,15.0,30.0,1,0,0,0,0,0,0,1,0,0,0,1,0,1,0,0.313
2025,18.1,16.25,0,0,0,1,1,0,0,0,0,1,1,0,0,1,1,0.599
2025,15.0,30.0,1,1,1,1,1,0,0,0,0,0,0,1,0,1,1,0.828
2025,22.6,30.0,1,0,0,0,0,0,0,0,0,0,0,1,0,1,0,0.342
2025,15.0,11.67,0,0,0,1,0,0,0,1,0,0,0,0,0,1,1,0.501
2025,15.5,4.3,0,0,0,0,1,0,0,0,0,0,0,0,0,1,0,0.315
2025,15.0,8.43,1,1,1,1,1,0,0,1,0,0,0,0,0,1,1,0.858
2025,17.5,3.16,1,0,1,0,1,0,0,1,0,0,1,0,0,1,1,0.527
2025,19.4,12.9,1,1,1,1,1,1,0,0,1,0,1,1,0,1,1,0.96
2025,15.0,13.09,1,0,0,0,1,0,0,1,1,0,0,0,0,1,0,0.38
2025,20.9,11.16,1,1,0,0,1,0,0,0,0,1,0,1,0,1,1,0.561
2025,20.1,5.52,1,1,0,1,1,0,0,0,0,0,0,1,0,1,1,0.772
2025,18.1,4.28,1,1,0,1,0,1,0,1,0,0,0,1,0,1,1,0.808
2025,15.0,27.15,1,1,0,1,1,0,0,0,1,0,0,0,0,1,1,0.796
2025,15.0,7.31,0,1,0,0,0,0,0,0,0,0,0,0,0,1,0,0.302
2025,18.6,3.59,1,1,1,1,1,0,0,0,0,0,0,0,0,1,1,0.813
2025,17.1,1.03,1,1,0,1,1,0,0,0,0,0,0,0,0,1,1,0.716
2025,16.2,4.65,0,0,0,0,0,0,0,1,0,0,0,1,0,1,0,0.185
2025,21.2,3.8,0,1,0,1,1,0,0,0,0,1,0,0,0,1,1,0.778
2025,22.1,10.42,1,1,1,1,0,0,0,0,0,0,0,0,1,1,1,0.756
2025,21.5,13.78,1,1,0,0,1,0,0,0,0,0,0,0,0,1,1,0.535
2025,20.0,30.0,1,1,1,0,0,1,0,0,0,0,0,0,0,1,0,0.406
2025,15.0,3.39,0,0,0,0,0,0,0,0,0,0,0,1,0,1,0,0.208
2025,15.0,5.8,0,0,0,1,1,0,0,0,0,0,0,0,0,1,1,0.645
2025,15.0,30.0,1,0,0,0,0,0,0,1,1,1,1,0,0,1,1,0.646
2025,15.0,2.09,1,0,0,0,0,0,0,1,0,0,0,1,0,1,0,0.299
2025,15.0,2.27,0,0,0,1,1,0,0,0,0,0,0,0,1,1,1,0.561
2025,21.6,0.86,1,0,0,0,1,0,0,1,0,0,1,1,0,1,1,0.609
2025,22.5,4.12,0,0,0,0,0,0,0,0,0,0,1,0,0,1,0,0.379
2025,15.0,14.9,1,1,1,1,0,1,0,1,0,0,0,0,0,1,1,0.774
2025,23.1,4.06,1,1,1,1,1,0,0,1,1,0,0,1,0,1,1,0.841
2025,23.4,2.25,0,1,0,1,1,0,1,0,0,1,1,1,0,1,1,0.833
2025,21.4,1.74,1,1,1,1,0,0,0,0,1,1,0,0,0,1,1,0.823
2025,19.4,2.37,1,1,1,1,1,0,0,0,1,1,0,0,0,1,1,0.893
2025,24.2,3.81,0,0,1,0,1,0,0,1,0,0,0,0,0,1,0,0.365
2025,17.5,0.26,1,1,1,0,0,0,0,1,0,0,0,1,0,1,1,0.565
2025,15.0,1.11,1,0,0,1,0,0,0,0,0,0,0,1,0,1,1,0.774
2025,15.0,2.28,1,1,1,1,1,0,0,0,0,0,0,0,0,1,1,0.816
2025,22.8,2.77,1,1,0,1,1,0,0,0,0,0,0,0,0,1,1,0.751
2025,15.0,6.87,1,1,0,0,1,0,0,1,1,0,0,1,0,1,0,0.402
2025,15.0,11.92,1,1,1,1,1,1,1,0,0,1,0,0,0,1,1,0.909
2025,20.1,30.0,1,1,1,1,0,0,0,0,0,1,0,0,0,1,1,0.715
2025,20.3,5.98,0,0,1,1,0,0,0,1,0,0,0,1,0,1,1,0.646
2025,15.0,20.59,1,0,1,0,0,0,0,0,1,0,0,1,0,1,1,0.505
2025,19.1,5.42,1,1,0,1,1,0,1,1,0,0,0,1,0,1,1,0.869
2025,24.6,2.14,1,0,1,1,1,0,1,0,0,1,1,1,1,1,1,0.945
2025,15.8,8.19,0,0,0,0,0,0,0,1,1,0,0,0,0,1,0,0.202
2025,19.0,1.48,1,1,0,1,0,1,0,0,0,0,0,1,0,1,1,0.723
2025,18.4,3.2,0,0,0,1,0,0,0,1,0,0,0,0,0,1,1,0.57
2025,20.9,0.56,1,0,0,1,1,0,0,0,1,1,0,1,0,1,1,0.743
2025,15.0,3.78,1,1,1,1,1,0,0,0,1,0,0,1,1,1,1,0.879
2025,19.9,12.93,0,1,0,0,0,0,0,1,0,0,0,1,0,1,0,0.403
2025,19.9,8.6,1,1,1,1,1,0,0,0,0,0,0,0,0,1,1,0.85
2025,18.0,22.16,0,0,0,0,0,0,0,1,0,0,0,1,0,1,0,0.221
2025,16.6,8.91,1,1,0,0,1,0,0,0,0,1,0,1,0,1,1,0.625
2025,15.0,7.33,1,1,1,0,1,0,0,0,1,1,0,1,0,1,1,0.775
2025,15.0,2.3,1,1,0,1,1,1,0,0,0,0,0,0,0,1,1,0.735
2025,15.0,7.86,0,0,0,1,1,0,0,1,0,0,1,1,0,1,1,0.586
2025,24.2,1.23,1,0,0,0,0,0,0,0,0,0,0,1,0,1,0,0.373
2025,16.9,3.65,1,1,0,1,1,0,0,0,0,0,0,1,0,1,1,0.744
2025,18.3,20.74,1,1,0,0,1,0,0,0,0,0,0,1,0,1,1,0.66
2025,23.6,0.13,1,1,0,0,1,0,0,0,0,0,0,0,0,1,1,0.544
2025,15.0,5.87,1,1,0,1,1,0,0,0,0,0,0,0,0,1,1,0.804
2025,15.6,1.85,0,0,0,1,1,0,0,0,1,0,0,1,1,1,1,0.668
2025,21.4,25.96,0,0,0,0,0,0,0,1,0,0,0,1,1,1,0,0.214
2025,15.0,20.21,1,0,0,1,1,1,1,0,1,0,0,1,0,1,1,0.87
2025,15.0,13.16,1,1,1,1,1,0,0,1,1,0,1,1,1,1,1,0.936
2025,21.0,2.95,1,1,1,0,1,0,0,0,1,0,0,0,0,1,1,0.672
2025,23.7,3.29,1,1,1,1,1,0,0,0,0,1,0,1,0,1,1,0.814
2025,23.8,22.5,1,0,0,1,1,0,0,0,0,1,1,1,0,1,1,0.873
2025,17.5,8.95,1,1,0,1,1,0,1,0,0,1,0,0,0,1,1,0.873
2025,23.6,20.06,0,0,0,1,1,1,0,0,0,0,0,0,0,1,1,0.832
2025,15.0,2.32,1,1,0,1,1,0,0,1,1,1,1,0,0,1,1,0.875
2025,15.3,30.0,1,0,1,0,0,0,0,0,1,0,0,0,0,1,1,0.536
2025,15.0,16.97,1,0,0,1,1,0,0,1,0,1,1,1,0,1,1,0.874
2025,23.1,2.17,0,1,0,0,1,0,0,0,0,0,0,0,0,1,0,0.389
2025,15.0,13.47,1,1,1,1,1,0,0,1,1,0,1,1,0,1,1,0.926
2025,15.0,2.55,0,0,1,0,1,0,0,1,0,0,0,0,0,1,0,0.477
2025,15.5,10.41,1,1,0,1,0,0,0,0,1,1,0,0,0,1,1,0.841
2025,23.2,13.86,1,1,1,0,0,0,0,1,0,0,0,0,0,1,0,0.477
2025,23.8,18.72,0,1,0,1,1,0,0,1,0,0,0,1,0,1,1,0.703
2025,16.7,7.89,1,1,0,1,1,0,0,0,0,0,0,0,0,1,1,0.839
2025,18.3,23.94,1,1,1,0,1,0,0,0,0,0,0,0,0,1,1,0.695
2025,15.0,3.04,1,1,0,1,1,0,1,0,0,0,0,0,0,1,1,0.896
2025,22.6,2.23,1,0,1,1,1,0,0,1,0,1,1,1,0,1,1,0.825
2025,23.6,16.81,1,1,1,1,1,0,0,0,0,0,0,1,1,1,1,0.857
2025,19.1,16.21,1,1,1,1,1,0,1,0,1,0,1,0,0,1,1,0.72
2025,19.8,6.33,1,0,1,1,1,0,0,0,0,0,0,0,0,1,1,0.741
2025,22.7,0.69,1,1,0,0,0,0,0,0,0,0,0,1,0,1,0,0.342
2025,19.4,6.57,0,0,1,1,1,0,0,1,0,0,0,0,0,1,1,0.693
2025,15.0,26.86,0,0,0,0,1,0,0,0,0,0,0,1,1,1,0,0.292
2025,22.7,5.2,0,1,0,1,0,0,0,1,0,0,0,0,0,1,1,0.523
2025,24.0,1.97,0,0,1,0,0,0,0,1,0,0,0,1,1,1,0,0.323
2025,22.3,19.29,1,1,1,0,1,1,0,1,0,0,0,0,0,1,1,0.769
2025,19.3,14.52,1,0,0,0,1,0,0,0,0,0,0,0,0,1,0,0.41
2025,19.7,1.72,1,1,1,1,0,0,1,0,1,1,1,1,0,1,1,0.968
2025,15.0,1.18,1,1,1,1,1,0,0,0,0,0,0,1,0,1,1,0.868
2025,17.4,1.22,1,1,1,1,1,0,0,0,0,0,0,0,0,1,1,0.814
2025,20.7,0.82,1,0,0,0,1,0,0,0,0,0,0,0,0,1,1,0.507
2025,23.9,21.54,1,0,0,1,1,0,0,1,1,0,0,0,0,1,1,0.661
2025,19.0,6.18,0,0,0,1,1,0,0,0,0,0,0,1,0,1,1,0.652
2025,16.6,1.32,1,1,1,0,1,0,0,0,0,0,0,0,1,1,1,0.613
2025,23.2,4.14,1,0,0,0,1,0,0,0,0,0,0,1,0,1,0,0.329
2025,17.0,2.1,1,0,1,1,1,0,1,0,0,0,1,1,1,1,1,0.841
2025,19.3,12.19,1,1,1,1,1,0,0,0,0,0,0,1,0,1,1,0.813
2025,22.3,1.33,1,1,1,0,1,0,0,0,0,0,0,0,0,1,1,0.568
2025,15.0,0.54,1,1,1,1,1,0,0,0,0,0,0,0,0,1,1,0.798
2025,19.4,30.0,1,1,1,1,0,0,0,1,0,1,0,0,0,1,1,0.816
2025,19.6,1.27,1,1,0,1,1,0,0,0,0,0,0,0,0,1,1,0.776
2025,24.2,5.85,1,0,0,0,0,0,0,0,0,0,0,0,0,1,0,0.368
2025,15.0,10.29,1,0,1,0,1,1,0,0,0,0,0,1,1,1,1,0.516
2025,23.8,28.43,1,0,0,1,1,1,0,0,0,0,0,0,0,1,1,0.707
2025,15.0,2.1,1,1,0,1,1,1,0,0,1,0,0,0,0,1,1,0.812
2025,15.0,6.05,1,0,0,1,1,0,0,1,0,0,0,1,0,1,1,0.729
2025,15.0,22.96,1,1,1,1,1,0,0,0,0,1,0,1,0,1,1,0.901
2025,21.1,6.37,1,1,1,1,1,0,0,0,0,0,1,1,1,1,1,0.875
2025,15.0,23.9,1,1,0,0,1,0,0,0,0,0,0,0,0,1,0,0.492
2025,15.0,5.48,1,1,1,1,1,0,0,0,0,0,0,1,0,1,1,0.847
2025,15.1,6.97,1,1,0,0,1,1,0,1,0,0,0,1,1,1,1,0.654
2025,23.7,6.27,1,1,0,1,1,0,0,0,0,1,0,1,0,1,1,0.811
2025,23.7,6.48,1,0,1,1,0,0,0,1,0,0,0,0,0,1,1,0.586
2025,15.0,6.59,1,0,0,0,1,0,0,1,0,0,0,1,0,1,0,0.311
2025,18.8,8.36,1,1,0,1,1,0,1,1,1,0,0,0,0,1,1,0.892
2025,18.2,30.0,0,0,0,0,0,0,1,0,1,1,0,1,0,1,0,0.13
2025,23.6,24.54,1,1,1,0,0,0,0,0,0,0,0,1,1,1,1,0.51
2025,15.0,0.81,0,0,0,1,1,0,0,0,0,0,0,1,0,1,1,0.653
2025,24.1,3.25,1,0,1,0,1,0,0,1,0,0,0,0,0,1,0,0.314
2025,15.0,12.14,1,1,1,1,1,1,0,0,1,0,0,1,1,1,1,0.926
2025,22.1,0.22,1,1,1,0,0,0,0,1,0,1,0,0,0,1,0,0.458
2025,23.2,3.27,1,0,1,1,1,0,0,0,0,0,0,1,0,1,1,0.693
2025,18.8,30.0,0,1,0,1,0,0,0,0,1,1,0,1,0,1,1,0.544
2025,15.0,3.56,1,1,0,1,1,0,0,1,0,1,0,1,0,1,1,0.842
2025,17.3,20.58,1,1,0,1,0,0,0,0,0,0,0,1,0,1,1,0.754
2025,18.5,9.96,0,1,0,0,1,0,0,0,0,0,0,1,0,1,0,0.36
2025,15.0,9.62,0,0,0,0,1,0,0,0,0,0,0,0,0,1,0,0.269
2025,15.0,8.44,1,0,0,0,0,0,0,0,1,1,0,1,0,1,1,0.51
2025,15.0,9.86,0,1,0,0,1,0,0,0,1,1,0,1,0,1,0,0.344
2025,15.0,18.6,1,1,1,1,1,0,0,1,0,1,0,1,0,1,1,0.926
2025,23.7,30.0,1,1,0,0,1,0,0,0,0,0,0,1,1,1,1,0.62
2025,18.8,30.0,1,1,1,1,0,0,0,0,0,0,1,0,0,1,1,0.79
2025,19.5,6.75,0,0,1,1,1,0,0,1,0,1,1,1,0,1,1,0.845
2025,15.0,9.98,1,1,0,0,1,0,0,0,0,0,0,0,0,1,0,0.465
2025,15.0,3.11,0,1,0,1,0,0,0,0,0,0,0,0,0,1,1,0.706
2025,21.6,4.96,1,1,1,1,1,0,0,0,1,0,0,1,0,1,1,0.83
2025,15.0,8.13,0,1,0,1,0,0,0,0,0,0,0,0,0,1,1,0.61
2025,15.0,5.9,1,1,1,1,1,0,0,1,0,0,0,1,0,1,1,0.869
2025,18.5,30.0,1,1,1,1,1,0,0,1,0,0,0,0,0,1,1,0.836
2025,18.2,25.71,1,1,1,1,1,0,0,0,0,0,0,1,0,1,1,0.804
2025,20.9,30.0,0,0,1,0,0,0,0,0,0,0,0,0,0,1,0,0.428
2025,15.0,9.26,1,0,0,1,1,0,0,0,0,0,0,0,0,1,1,0.661
2025,15.0,11.14,1,1,1,1,1,0,0,0,0,0,0,1,0,1,1,0.894
2025,15.0,6.06,1,0,0,1,0,0,0,1,0,0,0,1,0,1,1,0.729
2025,15.0,9.34,0,0,0,0,0,0,0,1,0,0,0,1,0,1,0,0.212
2025,21.0,1.71,1,0,1,0,1,0,0,0,0,0,0,0,1,1,0,0.406
2025,18.8,1.79,1,0,0,1,0,0,0,1,0,0,0,1,1,1,1,0.6
2025,21.6,5.43,0,0,0,0,0,0,0,0,0,0,0,0,0,1,0,0.36
2025,15.0,30.0,1,1,0,1,1,0,0,0,0,0,0,1,0,1,1,0.803
2025,24.5,5.41,1,1,0,1,1,1,0,1,1,0,0,1,0,1,1,0.633
2025,22.7,10.8,1,1,0,1,1,0,0,0,0,0,0,1,0,1,1,0.757
2025,18.8,2.57,1,1,1,1,1,1,0,0,1,1,0,1,0,1,1,0.898
2025,20.7,1.21,0,0,1,1,1,0,0,1,0,0,0,0,0,1,1,0.702
2025,21.5,5.18,1,1,0,1,1,1,0,1,0,0,0,0,0,1,1,0.798
2025,22.8,7.48,1,0,1,0,1,0,0,0,1,0,0,1,0,1,1,0.553
2025,15.0,9.32,1,1,1,0,1,0,0,0,0,0,0,0,0,1,1,0.593
2025,15.0,24.02,1,0,1,0,1,0,0,0,0,0,0,0,0,1,0,0.425
2025,17.6,30.0,0,0,0,0,1,0,0,0,0,0,0,0,0,1,0,0.337
2025,15.0,1.37,1,1,1,1,1,0,0,1,1,0,0,0,0,1,1,0.838
2025,22.2,9.24,1,1,0,1,1,0,0,0,1,1,0,0,0,1,1,0.81
2025,24.1,0.25,1,1,0,1,1,0,0,1,0,1,0,0,0,1,1,0.717
2025,18.9,7.44,1,0,0,0,0,0,0,1,0,0,0,0,0,1,0,0.397
2025,15.0,13.89,0,0,0,0,0,0,0,0,0,0,0,0,0,1,0,0.264
2025,16.2,4.83,0,0,0,0,0,0,0,0,0,1,0,0,0,1,0,0.225
2025,15.0,4.37,1,1,1,0,1,0,0,0,0,0,0,0,0,1,1,0.545
2025,19.3,2.16,0,0,1,0,0,0,0,0,0,1,0,0,1,1,0,0.349
2025,15.0,20.41,0,0,0,1,1,0,0,0,0,0,0,1,0,1,1,0.711
2025,15.0,3.9,1,1,0,1,1,0,0,1,0,0,0,1,1,1,1,0.836
2025,15.0,13.25,1,1,1,1,0,0,0,1,0,0,0,1,0,1,1,0.88
2025,24.6,1.33,0,0,1,1,1,0,0,1,0,1,0,1,0,1,1,0.775
2025,23.3,3.89,1,1,0,0,1,0,0,0,0,0,0,0,0,1,0,0.409
2025,15.0,29.79,1,1,0,1,0,0,0,0,0,0,0,0,0,1,1,0.808
2025,22.8,30.0,1,0,0,1,1,0,0,1,0,1,1,1,0,1,1,0.927
2025,22.1,2.52,1,0,0,1,1,0,0,0,0,0,0,1,0,1,1,0.633
2025,19.0,2.08,1,0,1,0,1,0,0,0,0,1,0,0,1,1,1,0.583
2025,15.0,4.44,1,1,0,1,1,0,0,0,0,0,0,0,0,1,1,0.725
2025,22.6,2.88,1,1,1,1,1,1,0,0,1,1,1,1,1,1,1,0.957
2025,15.0,30.0,0,0,0,0,1,0,0,0,0,0,0,1,1,1,0,0.356
2025,20.7,1.6,1,0,0,1,1,0,0,0,0,0,0,0,0,1,1,0.661
2025,22.1,20.08,1,1,0,1,1,0,1,1,0,0,0,1,0,1,1,0.927
2025,20.9,14.11,0,0,0,1,1,0,0,1,0,1,0,1,1,1,1,0.607
2025,20.9,26.98,1,1,0,0,1,0,0,1,0,0,1,0,0,1,1,0.642
2025,17.1,6.43,0,0,1,1,1,0,0,0,1,0,0,1,0,1,1,0.721
2025,20.5,7.85,1,1,0,1,1,0,0,0,1,0,0,0,0,1,1,0.822
2025,22.9,1.7,1,1,0,0,1,0,0,0,1,0,0,0,0,1,1,0.581
2025,15.0,9.78,0,0,0,1,0,0,0,0,0,0,0,1,0,1,1,0.519
2025,20.0,30.0,1,1,0,1,1,0,1,0,0,0,0,1,0,1,1,0.802
2025,15.0,23.58,0,0,0,0,1,0,0,0,0,0,0,1,0,1,0,0.305
2025,21.3,11.77,1,1,1,1,1,0,0,0,0,0,0,1,0,1,1,0.85
2025,17.2,10.56,1,1,0,1,1,0,0,0,0,1,0,1,0,1,1,0.831
2025,15.0,20.4,1,1,1,0,0,0,0,0,0,0,0,0,0,1,1,0.682
2025,15.7,1.75,0,0,0,0,0,0,0,0,1,0,0,0,0,1,0,0.25
2025,23.9,1.12,0,0,0,0,0,0,0,0,0,0,0,0,0,1,0,0.275
2025,15.0,4.08,1,1,0,1,0,0,0,0,0,0,0,0,0,1,1,0.849
2025,22.8,2.78,1,1,0,1,1,0,0,0,0,0,0,1,0,1,1,0.764
2025,15.7,30.0,0,0,1,0,1,0,0,0,0,0,0,0,0,1,1,0.581
2025,15.0,2.42,1,1,0,0,0,1,0,0,0,0,0,0,0,1,0,0.436
2025,24.6,5.81,1,1,0,1,1,0,0,0,0,0,0,1,0,1,1,0.832
2025,21.7,21.66,1,1,0,1,1,0,0,0,0,0,0,0,0,1,1,0.815
2025,22.0,2.26,0,0,1,1,1,0,0,0,0,0,1,1,1,1,1,0.624
2025,15.0,8.04,1,1,1,1,1,0,0,0,1,1,1,1,1,1,1,0.966
2025,21.8,20.68,1,1,1,0,0,1,0,0,0,0,0,1,1,1,1,0.713
2025,17.8,16.02,1,1,0,1,1,0,0,1,0,0,0,1,0,1,1,0.681
2025,15.0,23.19,1,0,0,0,0,0,0,1,0,0,0,0,0,1,0,0.283
2025,24.4,5.57,1,1,1,1,1,0,0,1,0,0,0,0,0,1,1,0.825
2025,15.0,5.61,1,1,1,1,1,0,0,0,0,0,0,0,0,1,1,0.854
2025,21.3,5.5,1,1,1,1,1,1,0,0,1,0,0,1,0,1,1,0.872
2025,23.7,6.89,1,0,1,0,0,1,0,0,0,0,0,0,0,1,0,0.361
2025,24.6,20.23,1,0,1,1,1,0,0,0,0,0,0,0,1,1,1,0.921
2025,15.0,1.35,1,1,1,1,1,0,0,0,1,0,0,1,0,1,1,0.842
2025,24.3,10.49,1,0,0,1,1,0,0,0,0,0,1,1,0,1,1,0.61
2025,15.5,3.01,1,0,1,1,1,0,0,0,0,0,0,1,0,1,1,0.745
2025,15.0,15.41,1,1,1,0,0,0,0,0,0,0,0,0,0,1,0,0.469
2025,18.7,8.38,0,1,0,1,1,0,0,0,0,0,0,0,0,1,1,0.636
2025,19.0,8.92,1,0,0,1,0,1,0,0,0,0,0,0,0,1,1,0.71
2025,23.1,8.16,1,0,0,1,1,0,0,0,0,0,0,1,0,1,1,0.566
2025,19.2,8.56,0,1,0,0,1,0,0,0,0,0,0,0,0,1,0,0.388
2025,22.1,3.65,1,0,0,0,0,0,0,0,0,0,0,0,0,1,0,0.347
2025,20.8,2.86,1,0,1,1,0,1,0,1,1,1,1,1,1,1,1,0.856
2025,16.9,20.24,0,0,0,0,0,0,0,0,0,0,0,0,0,1,1,0.554
2025,23.5,1.17,1,1,1,0,1,1,0,0,0,0,1,1,0,1,1,0.695
2025,24.9,11.2,0,0,0,1,0,0,0,0,1,0,0,1,0,1,0,0.411
2025,17.5,1.09,1,1,1,1,1,0,0,0,0,0,0,0,0,1,1,0.827
2025,15.0,8.07,1,0,0,1,1,1,0,0,0,0,0,0,0,1,1,0.608
2025,15.0,1.09,0,0,0,0,0,0,0,0,0,0,0,0,0,1,0,0.402
2025,17.1,9.9,1,0,0,0,1,1,0,1,1,0,0,1,0,1,1,0.513
2025,19.5,19.54,0,0,0,0,1,0,0,1,0,0,0,1,0,1,0,0.421
2025,21.1,12.93,1,0,0,0,0,0,0,0,0,0,0,0,0,1,0,0.457
2025,22.2,2.21,1,0,1,1,1,0,0,0,0,0,0,0,0,1,1,0.715
2025,17.5,1.49,1,1,1,1,1,0,0,0,0,1,0,0,0,1,1,0.839
2025,19.3,0.89,1,1,0,1,1,1,0,1,1,0,0,0,0,1,1,0.827
2025,17.9,8.97,0,1,0,1,1,0,0,0,0,0,0,1,0,1,1,0.608
2025,15.0,6.16,1,0,0,0,0,0,0,0,0,0,0,0,0,1,0,0.375
2025,15.0,1.48,1,0,1,1,1,0,0,0,1,1,0,0,1,1,1,0.842
2025,24.9,1.2,1,0,0,1,0,0,0,0,0,0,0,0,0,1,1,0.625
2025,15.0,23.05,1,1,1,0,1,0,0,1,0,0,0,1,1,1,1,0.604
2025,15.0,14.02,1,0,1,1,1,1,0,1,1,0,1,1,0,1,1,0.914
2025,15.0,6.23,1,1,0,0,1,0,0,0,0,0,0,1,0,1,0,0.47
2025,21.2,4.96,1,0,0,0,1,0,0,0,0,0,1,1,0,1,1,0.565
2025,20.5,18.86,1,1,0,0,0,0,0,0,0,0,0,1,0,1,0,0.487
2025,15.0,30.0,1,1,1,1,1,0,1,0,1,0,0,0,0,1,1,0.86
2025,23.0,11.02,1,0,0,0,0,0,0,1,0,0,0,0,0,1,0,0.151
2025,17.2,5.6,1,1,0,0,1,0,0,0,1,1,0,1,0,1,1,0.589
2025,18.3,30.0,1,1,1,1,1,0,0,1,1,0,0,1,0,1,1,0.906
2025,20.8,5.45,1,1,0,1,1,0,1,0,0,0,0,0,0,1,1,0.823
2025,21.5,2.65,1,1,1,1,1,0,0,0,0,0,0,0,0,1,1,0.822
2025,17.7,4.73,0,1,0,0,1,0,0,0,0,0,0,1,1,1,0,0.419
2025,18.9,4.52,1,1,1,1,1,0,0,1,1,1,0,0,0,1,1,0.879
2025,20.4,2.34,1,1,0,1,1,1,0,0,1,1,0,1,0,1,1,0.834
2025,15.0,0.28,0,0,0,0,0,0,0,1,0,0,0,0,0,1,0,0.231
2025,20.2,12.24,0,0,0,0,0,0,0,0,0,0,0,0,0,1,0,0.218
2025,21.5,12.11,0,0,0,1,1,1,0,1,1,0,0,0,0,1,1,0.578
2025,18.2,1.47,1,1,0,1,1,0,0,1,0,0,0,1,0,1,1,0.725
2025,17.3,7.66,1,1,0,1,1,0,0,1,0,0,0,1,1,1,1,0.796
2025,16.5,30.0,1,1,0,1,1,1,0,0,1,0,1,0,0,1,1,0.933
2025,16.1,30.0,0,0,1,0,1,0,0,0,0,0,0,1,0,1,0,0.471
2025,16.5,30.0,1,1,1,1,1,0,0,0,1,1,0,1,0,1,1,0.889
2025,15.0,6.33,1,1,0,1,1,0,1,0,1,0,0,0,0,1,1,0.904
2025,20.7,1.35,1,1,1,1,1,0,0,0,1,1,0,1,0,1,1,0.864
2025,15.0,6.3,0,1,0,1,0,1,1,0,0,0,0,0,0,1,1,0.626
2025,22.8,30.0,1,1,1,1,1,0,0,0,1,0,0,1,1,1,1,0.855
2025,20.3,18.67,1,1,1,0,1,0,0,1,0,1,0,1,0,1,1,0.788
2025,15.0,13.99,0,1,0,1,0,0,1,1,0,0,0,1,0,1,1,0.54
2025,18.4,1.1,1,0,0,0,1,0,0,1,0,1,0,0,1,1,1,0.558
2025,17.2,13.49,1,1,0,1,1,0,0,0,0,0,0,0,0,1,1,0.69
2025,24.6,30.0,1,1,0,0,1,0,0,0,1,1,0,0,1,1,1,0.71
2025,15.0,0.05,1,1,0,1,1,0,0,0,1,0,0,1,0,1,1,0.891
2025,15.0,1.34,1,1,0,0,1,0,0,0,1,0,0,0,0,1,0,0.488
2025,15.0,4.78,1,0,0,1,0,0,0,0,0,0,0,1,0,1,1,0.602
2025,18.2,5.84,0,1,0,0,0,1,0,0,1,1,1,0,1,1,0,0.321
2025,18.6,2.74,0,0,1,0,0,0,0,1,0,0,0,0,0,1,0,0.475
2025,19.6,4.74,0,1,0,0,0,0,0,0,0,0,0,0,0,1,0,0.353
2025,15.0,2.45,1,0,0,1,0,0,0,0,0,0,0,0,0,1,1,0.705
2025,15.0,1.22,1,1,1,0,1,0,0,0,1,1,1,1,1,1,1,0.665
2025,15.0,5.5,1,1,0,0,0,0,0,0,0,0,0,1,0,1,0,0.394
2025,15.0,13.76,1,1,1,1,1,0,0,1,1,0,1,0,0,1,1,0.914
2025,15.0,30.0,1,1,1,0,1,0,0,0,0,0,0,0,0,1,0,0.469
2025,20.3,0.61,1,0,1,1,0,0,0,0,0,0,0,0,0,1,1,0.649
2025,15.0,2.37,1,1,0,0,1,0,0,0,0,0,0,1,0,1,0,0.389
2025,18.9,11.97,1,0,0,0,1,0,0,0,0,0,1,1,0,1,0,0.392
2025,20.7,8.73,1,1,1,0,1,0,0,0,0,0,0,1,0,1,1,0.558
2025,15.0,6.65,1,1,0,0,1,0,0,0,0,1,0,1,0,1,1,0.619
2025,20.1,30.0,1,1,1,1,1,1,0,0,1,1,0,1,0,1,1,0.867
2025,24.5,12.19,1,1,1,1,0,1,0,1,0,0,0,1,0,1,1,0.684
2025,22.0,2.57,1,0,0,1,0,0,0,0,0,0,0,0,0,1,1,0.623
2025,16.5,0.11,1,1,0,0,0,0,0,0,0,0,0,0,0,1,0,0.445
2025,23.2,6.81,1,1,0,1,1,0,0,1,0,1,1,1,1,1,1,0.867
2025,15.0,13.16,1,1,1,0,1,0,0,0,0,0,0,1,0,1,1,0.614
2025,21.6,21.58,0,0,1,1,1,0,0,0,0,0,1,0,0,1,1,0.798
2025,22.7,8.08,1,1,0,1,0,0,0,1,0,0,0,0,1,1,1,0.6
2025,16.7,1.06,1,1,1,1,1,0,0,1,0,1,0,1,0,1,1,0.839
2025,15.0,3.26,1,1,0,0,0,0,0,0,1,0,0,0,0,1,0,0.425
2025,19.1,9.44,1,1,0,1,1,0,0,0,0,0,0,1,0,1,1,0.742
2025,21.1,11.88,0,0,0,0,1,0,0,0,0,0,0,1,0,1,0,0.202
2025,15.0,12.05,1,1,1,0,1,0,0,0,0,0,0,0,1,1,1,0.53
2025,15.0,21.58,0,1,0,0,1,0,0,0,0,0,0,0,0,1,0,0.385
2025,21.9,30.0,1,1,0,0,0,0,0,0,0,0,0,0,0,1,0,0.453
2025,21.4,1.57,1,1,0,1,1,0,0,1,0,0,0,1,0,1,1,0.77
2025,20.1,6.34,1,1,0,0,0,0,0,0,0,0,0,0,0,1,1,0.503
2025,20.7,12.34,1,1,0,1,1,1,0,0,0,0,0,0,0,1,1,0.697
2025,15.0,2.42,1,1,0,1,1,0,0,1,1,0,0,1,1,1,1,0.876
2025,22.3,12.66,1,0,1,0,1,1,0,1,1,0,0,0,0,1,1,0.772
2025,15.0,14.6,0,1,0,0,1,0,0,1,0,0,0,0,0,1,0,0.36
2025,15.0,7.44,1,1,1,1,1,0,0,0,0,1,0,1,0,1,1,0.924
2025,16.6,3.0,1,1,1,1,1,0,0,0,0,0,0,0,0,1,1,0.867
2025,22.1,6.02,1,1,1,1,1,0,0,1,0,0,1,1,0,1,1,0.863
2025,21.3,18.33,1,1,1,0,1,0,0,1,1,0,0,0,0,1,1,0.739
2025,15.0,2.14,1,1,1,0,1,0,0,0,0,1,0,1,1,1,1,0.674
2025,24.7,5.57,0,1,1,1,1,0,0,0,1,0,0,1,0,1,1,0.837
2025,15.0,30.0,1,1,1,1,1,0,0,0,0,0,0,0,0,1,1,0.793
2025,15.0,1.1,0,0,1,0,1,1,0,0,1,0,1,0,0,1,0,0.406
2025,15.0,3.27,0,0,0,1,0,0,0,0,0,0,0,1,0,1,1,0.605
2025,20.6,30.0,0,0,0,0,1,0,0,1,0,1,0,1,0,1,0,0.258
2025,15.0,2.59,0,1,0,1,1,0,0,0,0,1,0,1,0,1,1,0.794
2025,17.3,3.97,0,0,0,0,1,0,0,1,0,0,0,1,1,1,0,0.31
2025,15.0,30.0,1,1,0,1,1,0,0,0,0,0,0,0,0,1,1,0.787
2025,16.0,0.86,1,1,0,1,1,0,0,0,0,1,1,1,0,1,1,0.774
2025,21.0,17.35,1,0,0,0,0,0,0,1,0,0,0,0,0,1,0,0.412
2025,15.0,1.88,0,0,0,0,0,1,0,1,0,0,0,0,0,1,0,0.157
2025,19.7,11.96,1,1,1,1,1,0,0,0,0,1,0,1,0,1,1,0.91
2025,22.0,3.0,1,1,1,1,1,0,0,1,0,0,0,1,1,1,1,0.804
2025,15.0,30.0,1,1,1,1,1,1,0,0,0,0,0,1,0,1,1,0.874
2025,15.0,11.19,1,1,1,1,1,0,0,0,0,0,0,1,0,1,1,0.894
2025,24.3,1.57,1,1,0,1,1,1,0,0,1,0,0,0,0,1,1,0.782
2025,22.1,0.42,1,1,0,1,1,1,0,0,0,0,0,0,0,1,1,0.785
2025,15.0,4.34,1,0,1,0,1,1,0,0,0,0,0,1,0,1,0,0.413
2025,23.3,17.42,1,1,1,1,1,1,0,1,1,0,0,0,0,1,1,0.897
2025,15.0,25.9,1,0,0,1,1,0,0,0,0,0,0,0,0,1,1,0.706
2025,15.0,2.91,1,1,1,0,0,0,0,1,0,0,0,0,0,1,1,0.603
2025,24.8,30.0,1,1,0,1,1,0,0,0,0,0,0,0,1,1,1,0.796
2025,21.9,22.26,1,1,1,1,1,0,0,1,1,0,1,1,0,1,1,0.936
2025,24.2,17.56,1,0,0,0,1,0,0,0,0,0,0,0,0,1,0,0.499
2025,16.4,6.7,1,0,0,0,0,0,0,0,0,0,0,1,0,1,0,0.337
2025,23.3,5.01,0,1,0,0,0,0,0,0,0,0,1,0,0,1,0,0.381
2025,24.0,2.37,0,0,0,0,1,1,0,0,0,0,0,1,0,1,0,0.268
2025,15.0,2.77,0,1,0,0,1,0,0,1,0,0,0,0,0,1,0,0.363
2025,19.2,6.9,1,1,0,1,1,0,0,0,0,0,0,1,0,1,1,0.746
2025,15.8,1.99,1,0,1,1,1,1,0,0,0,0,0,0,0,1,1,0.844
2025,21.6,30.0,1,1,0,1,1,0,0,0,1,0,0,0,0,1,1,0.822
2025,22.2,4.24,1,0,0,0,1,0,0,1,0,0,1,1,0,1,1,0.54
2025,23.4,2.48,1,1,1,1,1,0,0,0,0,0,1,1,0,1,1,0.857
2025,20.6,25.94,1,0,1,0,1,0,0,0,1,1,1,0,1,1,1,0.692
2025,24.8,30.0,1,1,1,0,1,0,0,0,0,0,0,0,1,1,1,0.683
2025,15.0,30.0,1,0,1,0,0,0,0,0,0,0,0,0,0,1,0,0.421
2025,17.5,1.58,0,1,0,0,0,1,0,0,1,1,0,1,0,1,0,0.241
2025,15.0,4.44,0,0,0,0,0,0,0,1,0,0,0,1,0,1,0,0.238
2025,21.7,10.07,1,1,1,0,0,0,0,0,0,0,0,1,0,1,1,0.566
2025,15.0,13.3,1,1,0,0,1,1,0,0,0,0,0,0,0,1,1,0.522
2025,17.6,16.35,0,0,0,0,1,0,0,0,0,0,0,0,0,1,0,0.317
2025,15.0,5.36,0,0,0,0,0,0,0,0,0,0,0,0,0,1,0,0.318
2025,18.7,15.01,1,0,1,0,1,0,1,0,1,0,0,0,0,1,1,0.617
2025,15.0,9.72,1,1,1,1,1,0,0,0,1,1,0,1,1,1,1,0.921
2025,15.0,1.66,0,0,0,0,0,0,0,0,0,0,0,0,0,1,0,0.351
2025,15.5,11.15,0,0,0,0,0,0,0,1,0,0,0,0,0,1,0,0.261
2025,19.9,24.4,1,1,1,1,1,0,1,1,1,0,0,0,0,1,1,0.93
2025,21.1,4.59,1,1,0,1,1,0,1,1,0,0,0,1,0,1,1,0.725
2025,15.0,12.0,0,0,0,0,1,0,0,0,0,1,0,0,0,1,0,0.325
2025,15.0,23.25,0,0,0,0,0,0,0,0,0,0,1,0,0,1,0,0.361
2025,23.9,19.33,0,0,0,0,0,0,0,0,0,0,0,0,0,1,0,0.385
2025,17.8,14.0,0,0,0,1,0,0,0,0,0,0,0,0,0,1,0,0.469
2025,15.1,11.23,0,0,0,0,1,0,0,1,0,0,0,1,0,1,0,0.257
2025,23.1,12.3,1,0,1,0,0,0,0,0,0,0,0,1,1,1,0,0.295
2025,20.4,30.0,1,1,0,1,1,0,0,0,0,0,0,0,0,1,1,0.72
2025,15.0,6.12,1,1,1,0,1,0,0,0,0,0,0,0,0,1,1,0.584
2025,22.8,5.64,0,0,0,0,1,0,0,0,0,0,0,1,0,1,0,0.324
2025,15.0,30.0,0,1,1,0,1,0,0,0,0,0,0,1,0,1,0,0.442
2025,23.6,22.36,1,0,0,1,1,0,0,0,0,0,0,1,0,1,1,0.731
2025,21.7,1.35,0,0,0,0,0,0,0,1,0,0,0,0,0,1,0,0.262
2025,15.0,0.85,1,1,1,0,1,0,0,0,1,0,0,0,0,1,1,0.65
2025,18.7,5.86,1,0,1,1,1,0,0,1,1,1,1,1,1,1,1,0.873
2025,16.2,8.23,1,1,1,1,1,1,0,0,1,0,0,1,1,1,1,0.901
2025,17.4,7.87,1,1,0,1,1,0,1,0,1,0,0,0,0,1,1,0.907
2025,15.0,13.93,0,0,0,0,0,0,0,0,0,0,0,0,0,1,0,0.264
2025,15.0,24.24,1,1,0,1,1,0,0,0,0,0,0,0,0,1,1,0.81
2025,15.7,30.0,1,0,1,0,1,1,0,0,0,0,0,0,1,1,1,0.749
2025,23.6,5.25,1,1,0,1,1,1,0,0,0,0,1,0,0,1,1,0.839
2025,22.4,30.0,1,1,0,1,1,0,0,1,0,1,0,1,0,1,1,0.856
2025,19.3,8.42,1,1,1,0,1,0,1,0,1,0,0,0,0,1,1,0.728
2025,15.0,16.88,0,1,0,1,1,1,0,1,1,0,0,0,0,1,1,0.697
2025,19.9,11.12,1,1,0,1,0,0,0,0,0,1,0,0,0,1,1,0.8
2025,15.0,2.07,0,1,1,0,1,0,0,0,0,0,0,0,0,1,1,0.541
2025,19.2,1.8,1,0,0,1,1,0,0,0,0,0,0,0,0,1,1,0.644
2025,23.1,6.83,0,1,0,1,0,0,1,1,0,0,0,0,1,1,0,0.493
2025,22.8,2.02,1,0,0,0,1,0,0,0,0,1,0,0,0,1,1,0.53
2025,21.6,5.06,1,1,1,1,1,0,0,0,0,0,0,0,0,1,1,0.779
2025,21.0,1.25,1,1,0,0,0,0,0,1,0,0,0,0,1,1,1,0.509
2025,21.0,5.93,1,1,1,1,1,0,0,1,0,0,0,1,0,1,1,0.812
2025,22.8,2.55,0,1,1,0,1,1,0,0,0,0,0,1,0,1,1,0.566
2025,19.3,4.95,1,0,0,1,1,0,0,0,1,1,0,1,0,1,1,0.748
2025,15.9,14.1,1,1,1,1,1,1,1,1,1,1,0,1,0,1,1,0.967
2025,22.7,14.37,1,1,0,0,0,0,0,0,0,0,0,1,1,1,0,0.471
2025,23.1,30.0,0,0,0,1,0,0,0,0,0,0,0,0,0,1,0,0.495
2025,19.8,27.39,1,1,1,1,1,0,0,0,0,0,0,1,0,1,1,0.831
2025,18.6,5.4,1,1,1,1,0,1,0,0,0,1,0,0,0,1,1,0.756
2025,23.4,3.11,1,1,0,0,1,0,0,0,0,0,0,0,1,1,1,0.553
2025,15.0,0.42,0,1,1,1,1,0,0,1,1,0,0,1,0,1,1,0.865
2025,24.1,2.04,1,0,0,1,1,0,0,0,0,1,0,1,0,1,1,0.792
2025,23.8,19.23,1,1,1,1,1,0,0,0,1,1,1,0,0,1,1,0.866
2025,23.8,7.0,0,0,0,0,0,0,0,1,0,0,1,0,0,1,0,0.29
2025,15.0,21.19,0,0,0,1,0,0,0,1,0,0,0,0,0,1,1,0.538
2025,19.7,6.04,1,1,0,1,1,0,0,0,1,1,0,1,0,1,1,0.861
2025,22.7,25.86,1,1,1,1,1,0,1,0,1,1,0,1,0,1,1,0.941
2025,21.6,5.11,1,0,0,0,0,0,0,0,0,0,0,1,0,1,0,0.365
2025,15.0,30.0,1,1,1,1,1,1,0,0,0,0,0,0,1,1,1,0.874
2025,15.0,19.86,1,1,1,1,1,0,0,0,0,0,0,0,0,1,1,0.897
2025,15.0,5.14,0,0,0,0,0,0,0,1,0,0,0,1,0,1,0,0.216
2025,21.9,30.0,1,1,0,1,1,0,1,1,0,0,0,0,0,1,1,0.866
2025,17.4,21.0,1,1,1,1,1,0,1,0,0,1,0,0,0,1,1,0.844
2025,15.0,12.97,1,1,1,1,1,0,0,1,0,0,0,1,0,1,1,0.867
2025,15.0,21.35,1,1,1,0,1,0,0,1,0,0,0,1,0,1,1,0.601
2025,24.5,6.36,0,1,0,1,0,0,0,0,0,0,0,1,0,1,1,0.715
2025,15.0,10.91,1,1,0,0,1,0,0,0,0,0,0,1,0,1,0,0.463
2025,15.0,4.36,1,1,0,0,1,0,0,1,1,1,0,1,0,1,0,0.487
2025,15.0,6.45,0,1,0,0,1,0,0,0,0,0,0,0,0,1,0,0.407
2025,23.4,19.6,1,1,1,0,1,0,0,0,0,0,0,1,0,1,1,0.712
2025,15.0,2.06,1,1,1,1,1,1,0,1,1,1,1,1,0,1,1,0.953
2025,22.8,4.36,1,1,1,0,0,1,0,1,0,0,0,1,0,1,1,0.523
2025,24.9,2.17,1,1,1,0,1,0,0,0,0,1,1,1,0,1,1,0.635
2025,15.0,6.05,0,0,1,0,1,0,0,0,0,0,0,1,0,1,0,0.323
2025,18.4,30.0,1,1,1,1,0,0,1,0,1,1,1,1,0,1,1,0.907
2025,19.6,12.77,1,1,0,1,1,1,1,0,1,1,0,1,0,1,1,0.952
2025,15.0,1.21,1,1,1,1,1,0,0,0,1,1,0,0,0,1,1,0.883
2025,20.5,2.23,1,1,0,1,1,0,0,0,0,0,0,0,0,1,1,0.72
2025,15.0,4.08,1,0,1,1,1,0,0,0,0,0,0,0,0,1,1,0.826
2025,18.2,0.93,1,1,0,1,1,0,0,0,0,0,0,0,0,1,1,0.697
2025,18.1,11.43,1,1,0,1,1,0,0,1,1,1,0,1,0,1,1,0.856
2025,15.0,3.22,1,1,0,1,1,1,0,0,1,1,1,1,1,1,1,0.961
2025,16.5,20.22,0,0,0,0,0,0,0,0,0,0,0,1,0,1,1,0.566
2025,16.9,16.77,1,1,1,1,1,1,1,1,1,1,0,0,1,1,1,0.89
2025,21.1,5.5,1,1,1,1,1,1,0,0,1,1,0,1,0,1,1,0.925
2025,20.1,1.77,1,0,1,1,1,0,0,1,0,0,0,1,0,1,1,0.756
2025,15.0,10.68,1,1,1,1,0,0,0,0,0,1,1,0,0,1,1,0.899
2025,24.5,10.94,1,0,0,0,0,0,0,1,0,0,0,1,0,1,0,0.334
2025,15.0,10.93,1,1,0,1,1,0,0,0,0,1,0,1,0,1,1,0.894
2025,16.3,30.0,1,1,0,1,1,0,0,1,0,0,0,0,0,1,1,0.853
2025,18.7,13.8,1,1,0,1,1,0,0,0,1,0,0,0,0,1,1,0.692
2025,23.4,3.55,0,0,0,0,0,0,0,0,1,0,1,1,0,1,0,0.225
2025,22.8,30.0,1,1,0,1,1,0,0,1,0,1,0,0,0,1,1,0.832
2025,15.0,1.41,1,1,0,0,1,1,0,1,0,0,0,1,0,1,0,0.467
2025,19.1,14.73,1,1,0,0,1,0,0,1,0,0,0,0,0,1,0,0.449
2025,15.0,30.0,1,1,0,1,0,0,0,0,1,0,0,0,0,1,1,0.763
2025,22.0,6.66,1,1,0,0,1,0,0,0,0,0,0,0,0,1,1,0.532
2025,23.9,5.48,1,0,0,1,1,1,0,0,0,0,0,0,0,1,1,0.61
2025,22.8,7.32,0,1,0,1,1,0,0,0,0,0,0,1,0,1,1,0.692
2025,15.0,10.76,1,1,0,0,1,0,0,0,0,0,0,1,0,1,0,0.463
2025,15.0,1.54,0,1,0,0,0,1,0,0,0,0,1,1,0,1,0,0.238
2025,19.9,1.31,0,0,0,1,0,0,0,0,0,0,1,1,0,1,1,0.66
2025,17.9,3.03,0,1,0,0,1,0,0,0,0,0,0,0,0,1,0,0.312
2025,24.0,11.72,1,1,0,1,1,1,0,0,0,0,0,1,0,1,1,0.835
2025,24.6,5.54,1,1,0,1,1,0,0,1,0,0,0,0,0,1,1,0.831
2025,18.4,1.21,1,1,1,0,1,0,0,1,1,0,0,1,0,1,1,0.744
2025,15.0,12.1,0,0,0,1,1,0,0,0,0,0,0,0,0,1,0,0.471
2025,21.9,17.97,1,1,0,1,1,0,0,0,1,1,0,1,1,1,1,0.82
2025,15.0,9.62,1,1,0,0,1,0,0,0,0,0,0,0,0,1,0,0.467
2025,17.1,10.53,1,1,1,1,1,0,0,0,0,0,1,1,1,1,1,0.904
2025,21.9,30.0,0,1,0,0,0,0,0,1,0,0,0,1,0,1,0,0.286
2025,15.0,1.95,0,1,0,1,1,0,1,1,0,0,0,0,0,1,1,0.679
2025,20.2,15.84,1,0,0,1,0,0,0,0,0,1,1,0,0,1,1,0.753
2025,15.0,15.04,0,1,1,0,1,1,0,0,0,0,0,1,0,1,1,0.61
2025,24.4,0.14,1,0,0,1,0,0,1,1,1,0,1,0,0,1,1,0.727
2025,15.0,1.93,0,0,0,0,0,0,0,1,0,0,1,0,0,1,0,0.139
2025,19.5,4.58,1,0,0,1,0,1,0,1,0,0,1,1,0,1,1,0.819
2025,22.1,7.4,1,1,1,1,1,1,0,0,0,1,0,1,0,1,1,0.939
2025,21.2,2.61,1,1,1,1,1,0,0,1,1,1,0,1,0,1,1,0.91
2025,21.1,6.01,0,1,0,1,1,0,0,1,1,1,0,0,0,1,1,0.737
2025,22.5,3.18,1,1,1,1,1,1,1,1,0,1,0,0,0,1,1,0.84
2025,24.4,3.06,1,0,1,1,0,0,0,0,0,0,0,0,0,1,1,0.626
2025,20.9,9.48,1,1,1,1,1,0,0,0,0,1,0,1,0,1,1,0.901
2025,21.3,10.4,1,1,0,0,0,0,0,0,1,1,1,1,0,1,1,0.677
2025,15.0,23.86,1,1,0,0,1,0,0,0,0,0,0,1,0,1,0,0.483
2025,18.0,26.29,1,1,1,1,0,0,0,0,0,1,0,0,0,1,1,0.738
2025,15.0,10.48,1,1,1,0,0,0,0,0,0,0,0,1,0,1,0,0.445
2025,15.0,7.81,1,0,1,1,1,1,1,0,0,0,0,1,0,1,1,0.845
2025,15.0,6.12,1,0,1,0,0,0,0,1,1,0,0,0,0,1,0,0.483
2025,20.0,21.24,1,1,0,1,0,0,0,1,0,0,0,1,0,1,1,0.78
2025,24.9,5.18,1,1,1,1,1,0,0,0,1,1,1,1,1,1,1,0.944
2025,21.9,4.78,1,1,0,1,1,1,0,0,1,0,0,1,1,1,1,0.877
2025,15.0,4.19,0,1,0,1,1,1,0,0,0,0,0,0,0,1,1,0.771
2025,21.3,1.48,1,1,0,1,1,0,0,0,0,0,0,1,0,1,1,0.761
2025,24.0,9.81,1,0,0,1,1,0,0,0,0,1,0,0,0,1,1,0.718
2025,19.4,30.0,1,1,1,1,1,0,0,0,0,1,0,1,0,1,1,0.837
2025,16.1,6.03,1,1,0,1,1,0,0,0,0,1,1,1,0,1,1,0.858
2025,22.0,9.62,1,0,0,0,1,0,0,0,0,0,0,1,0,1,0,0.325
2025,15.0,3.27,0,0,0,1,1,0,0,0,0,0,1,0,0,1,1,0.614
2025,23.8,7.02,1,0,0,1,0,0,0,0,0,1,0,0,0,1,1,0.682
2025,21.2,30.0,0,0,0,1,1,0,0,1,1,1,0,0,0,1,0,0.477
2025,21.0,22.47,1,1,0,0,1,0,0,1,0,1,0,0,0,1,0,0.479
2025,21.9,4.15,0,0,0,1,1,0,1,1,0,0,0,1,0,1,1,0.612
2025,19.0,23.93,1,1,1,0,1,1,0,0,0,0,0,1,0,1,1,0.666
2025,21.3,18.03,1,0,1,1,1,0,0,0,0,0,0,0,0,1,1,0.694
2025,15.0,3.84,1,1,0,1,1,0,0,0,0,0,0,1,0,1,1,0.789
2025,21.8,0.41,1,0,1,1,1,0,0,1,0,0,0,0,0,1,1,0.611
2025,15.4,0.73,0,0,0,1,0,0,0,1,0,0,0,0,0,1,1,0.627
2025,23.1,11.88,0,0,0,1,0,0,0,0,0,0,0,1,0,1,0,0.351
2025,22.7,2.83,1,1,1,0,1,0,0,1,1,1,0,0,1,1,1,0.656
2025,15.7,5.95,1,1,1,1,1,1,1,0,1,1,0,1,1,1,1,0.969
2025,16.3,5.17,0,0,0,0,0,0,0,0,0,0,0,0,0,1,0,0.28
2025,15.5,1.76,0,0,0,1,1,0,0,0,1,0,0,1,0,1,1,0.661
2025,24.6,1.46,1,0,0,1,1,0,0,0,0,0,0,0,0,1,1,0.785
2025,18.3,14.92,1,1,1,0,0,0,0,1,0,0,0,1,1,1,1,0.638
2025,15.0,17.95,1,1,0,0,1,0,0,0,0,0,0,0,0,1,0,0.451
2025,15.0,2.08,0,0,0,1,1,0,0,1,0,0,1,1,0,1,1,0.61
2025,15.0,0.15,1,0,0,0,0,0,0,0,0,0,1,1,0,1,0,0.442
2025,23.4,4.29,1,1,0,0,0,0,0,1,0,0,0,1,0,1,0,0.312
2025,22.3,7.58,1,1,1,1,1,0,0,0,0,1,0,1,1,1,1,0.904
2025,15.0,29.45,1,0,1,0,1,0,0,1,1,1,1,1,0,1,1,0.816
2025,17.3,17.96,1,1,0,1,1,0,0,1,0,0,0,0,0,1,1,0.657
2025,15.0,30.0,1,0,0,0,0,0,0,0,0,0,0,1,0,1,0,0.331
2025,15.4,30.0,1,1,1,1,1,0,0,0,0,1,0,0,0,1,1,0.78
2025,18.1,4.31,1,1,1,1,1,0,0,1,0,0,0,1,0,1,1,0.868
2025,20.1,11.26,1,1,0,1,1,0,0,0,1,1,0,0,1,1,1,0.789
2025,24.9,30.0,1,0,0,1,0,0,0,0,0,0,0,0,0,1,1,0.652
2025,23.0,16.93,1,1,1,0,0,0,0,0,1,0,0,1,1,1,1,0.527
2025,20.0,1.24,1,1,1,1,1,0,0,0,0,0,0,1,0,1,1,0.854
2025,18.6,5.78,0,0,0,0,0,0,0,0,0,0,0,0,0,1,0,0.327
2025,15.0,14.41,1,0,1,0,1,1,0,0,1,1,1,1,0,1,1,0.802
2025,15.0,21.2,0,1,1,1,1,0,0,0,0,0,0,1,0,1,1,0.808
2025,18.7,4.01,0,1,0,1,1,1,0,0,1,0,0,1,1,1,1,0.844
2025,15.0,5.2,0,0,0,0,0,0,0,0,0,0,0,1,0,1,0,0.256
2025,24.4,1.32,1,1,0,0,1,0,0,0,0,0,0,0,0,1,0,0.457
2025,15.0,25.18,1,1,1,1,1,0,0,0,0,1,1,0,1,1,1,0.905
2025,21.4,4.97,1,0,0,0,0,1,0,1,1,0,0,0,0,1,0,0.431
2025,15.0,6.01,1,1,0,1,1,0,0,1,0,1,1,0,0,1,1,0.88
2025,22.3,13.06,1,0,0,0,0,0,0,0,1,0,0,0,0,1,1,0.516
2025,15.0,2.1,1,0,0,1,1,0,0,0,1,1,0,1,0,1,1,0.836
2025,22.9,20.62,0,1,1,0,1,0,0,0,0,1,0,0,1,1,1,0.672
2025,20.0,7.77,1,0,0,1,1,1,0,0,1,0,1,0,0,1,1,0.892
2025,17.7,6.95,1,1,0,1,1,1,0,1,0,0,0,1,1,1,1,0.903
2025,15.0,20.98,1,1,1,1,1,0,0,0,0,0,0,0,0,1,1,0.824
2025,15.0,16.76,1,1,0,1,1,1,0,0,0,0,0,0,0,1,1,0.815
2025,15.0,1.45,1,0,0,0,1,0,0,0,0,0,0,0,0,1,0,0.378
2025,15.0,5.26,0,1,0,0,0,1,0,1,1,0,0,0,0,1,0,0.251
2025,19.5,1.34,1,1,1,1,1,0,0,0,0,0,0,1,0,1,1,0.838
2025,23.0,30.0,1,1,1,1,1,1,0,0,0,0,0,0,1,1,1,0.929
2025,23.7,30.0,1,1,0,0,1,0,0,1,0,0,0,0,1,1,1,0.656
2025,15.0,30.0,0,1,0,0,1,0,0,0,1,0,0,0,0,1,0,0.391
2025,24.7,10.44,1,1,0,1,0,0,0,1,0,0,0,1,0,1,1,0.604
2025,24.7,5.38,1,0,1,1,1,0,0,1,1,1,0,1,1,1,1,0.891
2025,16.4,17.15,1,0,0,1,1,0,1,1,0,0,0,1,1,1,1,0.841
2025,24.8,12.54,1,1,1,1,1,0,0,1,1,0,0,1,1,1,1,0.896
2025,24.0,30.0,1,1,1,1,1,0,0,0,1,0,0,1,1,1,1,0.773
2025,15.0,0.23,1,0,0,0,0,0,0,1,0,0,1,1,0,1,0,0.268
2025,23.3,30.0,1,1,0,0,0,0,0,0,0,0,0,1,0,1,0,0.436
2025,15.0,13.77,1,1,1,1,1,0,0,0,0,0,0,0,0,1,1,0.831
2025,23.2,1.31,0,0,0,0,0,0,0,0,0,0,0,1,0,1,0,0.23
2025,21.9,28.74,0,1,0,0,0,0,0,0,0,0,0,1,0,1,0,0.343
2025,20.8,29.94,1,1,1,1,1,0,0,0,1,1,0,1,1,1,1,0.815
2025,15.0,30.0,1,0,0,0,0,1,0,1,0,0,0,1,0,1,0,0.296
2025,15.0,10.19,0,1,0,1,1,0,0,0,0,0,0,0,0,1,1,0.684
2025,17.4,30.0,1,1,1,1,1,0,0,0,0,0,0,1,0,1,1,0.734
2025,16.3,30.0,1,1,0,1,1,0,1,0,1,1,1,0,0,1,1,0.938
2025,22.1,2.79,1,0,0,1,0,0,0,0,0,0,0,1,0,1,1,0.557
2025,22.2,28.95,0,0,1,0,0,0,0,0,0,0,0,1,0,1,0,0.376
2025,23.5,1.35,1,1,0,0,0,0,0,0,0,0,0,1,0,1,0,0.449
2025,19.5,30.0,1,1,1,0,1,0,0,0,0,0,0,0,1,1,1,0.512
2025,15.0,6.77,1,1,0,0,1,0,1,0,0,1,0,0,1,1,1,0.709
2025,15.0,3.05,1,1,1,1,1,0,0,1,0,0,0,1,1,1,1,0.884
2025,15.2,1.16,0,0,1,0,0,1,0,0,0,0,0,0,0,1,0,0.444
2025,21.0,2.19,1,1,1,1,1,0,0,1,1,1,0,1,1,1,1,0.887
2025,18.8,15.56,1,1,0,0,0,0,0,0,0,0,0,0,0,1,0,0.479
2025,15.0,1.02,1,1,1,1,0,1,1,1,1,1,0,0,0,1,1,0.627
2025,21.6,3.12,1,0,0,1,1,0,0,0,0,0,0,0,0,1,1,0.686
2025,15.0,6.95,1,1,1,1,1,0,0,1,1,1,0,0,0,1,1,0.901
2025,15.0,15.38,1,0,0,0,1,0,0,0,1,0,1,1,0,1,1,0.624
2025,23.0,28.21,1,1,0,1,1,0,0,0,1,1,0,1,0,1,1,0.799
2025,19.0,5.17,1,1,1,1,0,0,0,1,0,0,0,1,0,1,1,0.84
2025,17.9,1.87,1,1,0,1,0,0,0,0,0,0,0,0,0,1,1,0.662
2025,16.9,1.06,1,0,0,1,1,1,0,1,0,0,0,0,0,1,1,0.747
2025,23.3,4.23,1,1,1,0,0,0,0,0,0,0,0,0,0,1,1,0.512
2025,19.8,5.62,1,1,1,1,1,0,0,1,0,0,0,1,1,1,1,0.869
2025,16.4,3.18,1,1,1,0,1,0,0,0,1,0,0,0,1,1,1,0.623
2025,18.8,30.0,1,1,0,0,1,0,0,1,0,0,0,1,0,1,1,0.564
2025,19.5,1.18,1,1,1,1,1,1,0,1,0,0,1,1,1,1,1,0.935
2025,22.2,0.79,1,0,1,0,1,0,0,0,0,0,0,1,0,1,1,0.632
2025,15.0,30.0,1,1,1,1,0,0,0,0,0,0,0,1,0,1,1,0.828
2025,15.0,8.25,1,1,1,0,1,0,0,0,1,1,0,1,0,1,1,0.819
2025,15.0,4.46,1,0,0,1,0,0,0,0,0,0,0,1,0,1,1,0.698
2025,21.8,10.65,1,1,0,1,0,0,0,0,0,0,0,1,0,1,1,0.643
2025,18.8,3.69,1,1,1,0,0,0,0,1,0,0,0,1,1,1,1,0.551
2025,16.0,17.76,1,1,1,1,1,0,0,1,0,1,0,1,0,1,1,0.914
2025,18.6,2.6,1,0,0,1,1,0,0,1,0,0,0,0,0,1,1,0.672
2025,22.7,8.52,1,1,1,0,1,0,1,0,0,0,0,0,0,1,0,0.481
2025,24.0,29.67,0,1,0,1,1,0,0,0,0,0,0,1,0,1,1,0.728
2025,15.0,8.86,0,0,0,0,0,0,0,1,1,0,0,1,0,1,0,0.194
2025,23.1,6.87,1,1,0,1,1,0,0,0,0,0,0,1,0,1,1,0.71
2025,19.8,5.51,1,0,1,0,1,0,0,0,1,0,0,0,0,1,1,0.589
2025,20.9,1.67,0,0,0,0,0,0,0,0,0,0,0,1,0,1,0,0.28
2025,15.0,6.54,0,0,0,1,1,0,0,1,0,0,0,1,0,1,1,0.597
2025,18.4,2.17,0,0,0,0,0,0,0,0,0,0,0,0,0,1,0,0.345
2025,15.0,7.69,1,0,0,0,0,0,0,0,0,0,0,0,0,1,0,0.358
2025,15.0,7.59,0,1,0,1,0,0,0,1,1,0,0,1,0,1,1,0.676
2025,17.9,9.93,1,1,0,1,1,1,0,0,0,0,0,0,0,1,1,0.811
2025,15.0,30.0,0,0,0,0,0,0,0,1,0,0,0,1,0,1,0,0.249
2025,15.3,8.77,1,0,0,1,1,0,0,1,0,1,0,0,0,1,1,0.753
2025,23.3,4.53,1,0,0,0,0,0,0,0,0,0,0,0,0,1,0,0.307
2025,17.6,17.51,1,1,1,1,1,0,1,0,1,1,0,0,0,1,1,0.899
2025,15.0,2.17,1,1,1,0,1,0,0,1,0,1,1,0,0,1,1,0.731
2025,20.5,30.0,1,0,0,0,0,0,0,1,0,0,0,0,0,1,0,0.343
2025,21.2,4.16,1,1,1,1,1,0,0,0,0,0,0,1,1,1,1,0.868
2025,15.0,6.44,1,0,0,0,0,0,0,1,0,0,0,1,0,1,0,0.311
2025,20.6,18.98,1,0,0,1,0,0,0,0,1,1,0,1,0,1,1,0.693
2025,19.1,18.12,1,0,0,1,0,0,0,0,0,0,0,1,0,1,1,0.561
2025,17.4,8.25,0,1,0,1,1,0,0,1,0,0,0,0,0,1,1,0.571
2025,15.0,10.26,0,0,1,0,1,1,0,1,0,1,0,0,0,1,1,0.584
2025,24.4,30.0,1,1,1,1,1,0,0,1,1,0,0,0,0,1,1,0.865
2025,17.4,10.13,1,0,0,1,0,0,0,0,0,0,0,1,0,1,1,0.611
2025,15.0,1.25,1,0,1,0,1,0,0,0,0,0,0,1,1,1,0,0.498
2025,23.3,21.71,1,0,1,0,1,0,0,1,0,0,0,0,0,1,0,0.475
2025,15.0,2.57,0,0,0,0,1,0,0,0,0,0,0,1,0,1,0,0.341
2025,24.3,12.55,1,1,0,0,0,0,0,0,0,0,0,0,0,1,0,0.417
2025,15.0,5.7,1,1,1,1,1,0,0,0,0,0,0,1,1,1,1,0.883
2025,17.8,30.0,0,0,0,0,1,0,0,0,1,0,0,0,0,1,0,0.339
2025,23.2,24.53,1,1,0,1,1,0,0,1,0,0,0,0,0,1,1,0.775
2025,21.8,8.14,1,1,0,0,0,0,0,0,1,0,0,1,0,1,0,0.353
2025,21.9,2.0,1,0,0,0,1,0,0,0,0,0,0,1,0,1,0,0.491
2025,17.8,3.29,0,0,0,0,0,0,0,0,0,0,0,0,0,1,0,0.284
2025,15.0,30.0,1,0,0,0,1,0,0,0,0,0,0,1,0,1,0,0.331
2025,20.6,1.72,1,0,1,1,0,0,0,0,0,0,0,1,0,1,1,0.656
2025,15.0,2.17,1,1,1,0,1,0,0,1,0,0,0,1,1,1,1,0.63
2025,18.7,18.69,1,0,0,1,1,0,0,0,0,0,0,0,0,1,1,0.689
2025,18.6,8.37,0,1,1,0,0,0,0,0,0,0,0,1,1,1,0,0.391
2025,15.0,4.63,1,1,1,1,1,0,0,1,0,0,0,0,0,1,1,0.796
2025,16.2,4.54,1,1,1,0,0,1,0,0,0,1,0,1,1,1,1,0.645
2025,23.4,0.85,0,0,0,0,0,0,0,0,0,0,0,0,0,1,0,0.321
2025,17.9,15.0,1,0,0,0,0,0,0,0,0,0,0,1,0,1,0,0.302
2025,23.7,22.42,1,0,0,1,1,0,0,0,0,0,0,1,0,1,1,0.764
2025,15.0,30.0,0,0,1,0,1,0,0,0,0,0,0,0,0,1,0,0.392
2025,24.0,2.58,1,1,1,1,0,0,0,1,0,0,0,0,1,1,1,0.745
2025,19.5,6.34,1,1,1,1,1,0,0,0,0,0,0,0,0,1,1,0.841
2025,18.6,6.05,1,1,0,1,0,0,0,1,0,1,0,0,1,1,1,0.725
2025,21.5,30.0,1,1,0,0,0,1,0,1,0,1,0,1,0,1,1,0.577
2025,15.0,0.55,1,1,0,1,1,0,0,1,0,1,0,1,0,1,1,0.713
2025,24.5,1.56,1,1,0,1,1,0,0,1,1,0,0,1,0,1,1,0.824
2025,23.8,30.0,1,0,0,0,1,0,0,0,0,0,0,0,0,1,0,0.433
2025,15.0,7.95,0,0,0,0,0,0,0,0,0,0,0,1,0,1,0,0.244
2025,22.8,25.68,1,1,1,1,1,0,0,0,0,0,0,0,0,1,1,0.837
2025,15.0,18.27,0,0,0,0,1,0,0,0,0,0,0,1,0,1,0,0.32
2025,23.2,3.72,1,0,0,0,0,0,0,0,0,0,0,1,0,1,0,0.261
2025,22.4,1.51,0,0,0,0,1,0,0,1,0,0,0,0,0,1,0,0.271
2025,18.2,2.56,1,0,0,0,0,0,0,0,0,0,0,0,0,1,0,0.42
2025,17.9,30.0,1,1,0,1,1,0,1,0,1,1,0,0,0,1,1,0.772
2025,20.9,17.35,0,0,0,0,0,0,0,0,0,1,0,0,0,1,0,0.38
2025,22.3,21.82,1,1,1,1,1,1,1,1,0,0,0,1,0,1,1,0.952
2025,15.0,2.29,0,0,0,0,0,0,0,0,0,0,0,0,0,1,0,0.272
2025,15.0,26.34,0,0,0,0,0,0,0,1,0,0,0,0,0,1,0,0.246
2025,15.0,17.59,1,0,1,0,0,1,0,0,0,0,0,1,1,1,1,0.513
2025,15.0,30.0,0,0,0,0,0,0,0,0,0,0,0,1,0,1,0,0.321
2025,18.4,12.84,1,1,0,0,0,0,0,1,0,0,0,0,1,1,0,0.42
2025,19.8,3.86,1,1,1,0,1,0,0,0,0,0,0,1,0,1,1,0.619
2025,22.8,2.81,1,0,0,1,0,0,0,0,0,0,0,1,0,1,1,0.61
2025,18.4,19.0,0,0,0,1,1,0,0,0,0,0,0,1,0,1,1,0.673
2025,15.0,13.83,1,0,0,0,0,0,0,0,0,0,0,1,0,1,0,0.303
2025,20.4,4.63,1,1,1,1,1,0,0,0,0,0,0,1,0,1,1,0.818
2025,15.0,3.89,1,1,0,1,1,0,0,0,1,1,0,0,0,1,1,0.84
2025,24.3,12.27,0,0,1,0,0,0,0,0,0,0,0,0,0,1,0,0.286
2025,21.9,1.9,1,1,1,1,1,0,0,0,1,0,0,1,0,1,1,0.861
2025,20.6,30.0,1,1,1,1,1,0,0,0,0,1,1,1,0,1,1,0.879
2025,23.9,0.7,1,1,1,1,0,0,0,0,1,0,0,0,0,1,1,0.639
2025,20.7,3.17,0,1,0,1,0,0,0,0,0,0,0,0,0,1,1,0.667
2025,23.5,30.0,1,1,0,1,1,1,0,1,1,0,0,1,0,1,1,0.92
2025,20.8,5.64,1,1,0,1,0,0,0,0,0,0,0,1,0,1,1,0.713
2025,20.4,14.05,1,1,1,1,1,0,0,0,1,0,0,0,1,1,1,0.835
2025,15.0,8.17,0,0,1,0,0,0,0,0,0,0,0,1,0,1,0,0.318
2025,16.0,1.4,0,1,0,1,1,1,0,1,1,0,0,1,0,1,1,0.844
2025,22.7,2.53,1,0,0,1,1,0,0,0,1,1,1,0,0,1,1,0.857
2025,23.6,0.44,1,0,0,0,0,0,0,0,1,1,0,0,0,1,0,0.305
2025,24.8,2.99,1,1,0,0,0,0,0,0,0,0,0,0,0,1,0,0.387
2025,23.8,30.0,1,1,1,1,0,1,0,0,1,0,0,1,1,1,1,0.776
2025,23.9,7.98,1,1,1,0,1,0,0,1,0,0,0,1,0,1,1,0.529
2025,21.1,4.67,1,1,0,1,1,0,0,0,0,0,0,1,1,1,1,0.765
2025,23.6,30.0,1,1,1,1,1,0,0,0,0,0,1,1,0,1,1,0.786
2025,15.0,0.75,1,1,1,1,1,0,0,1,0,0,0,1,0,1,1,0.799
2025,23.8,19.44,1,1,1,0,1,0,0,1,1,0,0,1,0,1,1,0.735
2025,23.2,16.42,1,1,0,1,1,0,0,0,1,1,0,0,0,1,1,0.74
2025,16.5,6.31,1,1,1,0,0,0,0,1,0,0,0,1,0,1,1,0.632
2025,22.9,3.41,1,1,0,1,1,0,0,1,1,1,0,0,0,1,1,0.81
2025,15.3,2.48,0,0,1,1,0,0,0,1,0,0,0,0,0,1,1,0.663
2025,21.4,30.0,1,0,1,1,1,0,0,1,0,0,0,1,1,1,1,0.848
2025,15.0,1.48,0,0,0,1,1,0,0,1,0,0,0,1,0,1,1,0.701
2025,16.4,22.54,1,0,1,0,1,0,0,0,0,0,0,1,0,1,1,0.501
2025,23.7,23.04,1,1,1,1,1,1,0,0,1,1,1,1,0,1,1,0.924
2025,21.7,2.16,0,1,0,1,1,0,0,0,0,0,0,1,0,1,1,0.745
2025,15.0,10.29,1,1,1,0,1,0,0,1,0,0,0,1,0,1,1,0.612
2025,24.5,3.56,1,1,1,0,1,1,0,0,0,0,0,0,0,1,1,0.534
2025,15.0,6.55,1,0,0,0,1,0,0,1,0,0,0,1,0,1,0,0.313
2025,23.6,9.53,1,1,0,1,1,0,0,1,0,0,0,1,0,1,1,0.729
2025,24.7,20.49,0,1,0,1,1,1,0,1,0,0,0,0,0,1,1,0.873
2025,15.0,19.78,1,1,1,0,1,0,0,0,0,0,0,0,0,1,1,0.638
2025,22.5,17.9,0,1,0,0,1,0,0,0,0,0,0,1,0,1,0,0.499
2025,18.5,4.74,1,0,0,0,0,0,0,0,0,1,0,1,0,1,0,0.326
2025,24.9,1.21,1,0,0,0,1,0,0,0,1,0,1,0,1,1,1,0.634
2025,15.0,0.9,1,1,1,1,1,0,0,0,0,0,1,1,0,1,1,0.855
2025,20.3,23.5,0,0,0,1,1,0,0,0,0,0,0,0,0,1,1,0.644
2025,18.5,5.16,1,1,1,1,1,0,1,0,0,0,0,0,0,1,1,0.895
2025,15.0,7.23,1,0,1,0,0,0,0,0,1,0,0,1,0,1,0,0.437
2025,15.3,30.0,1,0,1,1,1,0,0,1,1,1,1,1,1,1,1,0.949
2025,22.8,2.07,1,1,1,0,0,0,0,1,0,1,0,1,0,1,1,0.608
2025,20.2,2.65,0,0,1,1,1,0,0,0,0,0,1,1,0,1,1,0.731
2025,18.3,2.45,0,0,1,0,0,0,0,0,0,0,0,0,0,1,0,0.451
2025,23.4,18.86,1,1,0,1,1,0,0,0,0,0,0,0,0,1,1,0.753
2025,23.2,25.9,1,0,0,0,0,0,0,0,0,1,0,0,0,1,0,0.347
2025,15.0,30.0,0,0,0,1,1,0,0,1,0,0,0,0,0,1,1,0.6
2025,15.0,30.0,0,1,0,0,1,0,0,0,0,0,0,0,0,1,0,0.43
2025,15.3,10.83,1,1,0,1,1,0,0,0,0,0,1,0,0,1,1,0.767
2025,19.6,30.0,0,0,0,1,1,0,0,0,0,0,1,1,0,1,1,0.758
2025,16.4,10.88,1,0,1,0,1,0,0,1,0,0,0,1,1,1,0,0.473
2025,24.6,22.61,1,0,1,1,1,0,0,1,0,1,0,1,0,1,1,0.882
2025,23.1,30.0,1,1,1,1,1,0,0,0,0,0,0,1,1,1,1,0.866
2025,19.4,1.98,1,1,1,1,1,0,0,0,0,0,0,1,1,1,1,0.89
2025,17.2,30.0,1,1,1,1,1,0,0,0,1,1,0,0,0,1,1,0.75
2025,15.0,30.0,1,1,1,1,1,1,0,1,1,0,0,1,1,1,1,0.925
2025,21.3,3.01,1,1,1,1,1,0,0,0,0,1,1,0,0,1,1,0.862
2025,24.4,8.5,1,0,0,1,0,1,0,0,0,0,0,1,0,1,0,0.477
2025,23.8,7.07,1,0,1,1,1,0,0,1,0,0,0,1,0,1,1,0.681
2025,22.2,8.31,0,0,0,1,1,1,0,0,1,0,0,0,1,1,1,0.587
2025,15.0,24.66,1,1,1,1,1,1,1,1,0,0,1,0,1,1,1,0.921
2025,15.0,29.74,1,1,0,1,1,0,0,0,1,0,0,1,0,1,1,0.809
2025,17.0,9.79,1,1,1,1,0,0,0,0,0,0,0,1,0,1,1,0.789
2025,23.6,2.14,0,1,0,0,1,0,0,1,0,0,0,1,1,1,0,0.431
2025,16.7,2.85,1,1,0,0,1,0,0,0,0,0,0,1,0,1,0,0.434
2025,18.9,26.25,1,1,0,1,1,1,1,0,1,1,1,0,0,1,1,0.884
2025,15.0,1.71,1,1,0,1,0,0,0,0,0,1,0,1,0,1,1,0.779
2025,15.0,16.21,1,1,0,1,1,0,0,0,0,0,0,1,1,1,1,0.777
2025,19.6,2.53,1,0,1,1,0,0,0,0,0,0,0,0,0,1,1,0.683
2025,23.2,2.07,1,1,0,0,0,0,0,1,0,0,0,1,0,1,0,0.334
2025,15.0,8.96,1,1,1,1,1,1,0,0,0,0,0,0,0,1,1,0.811
2025,15.0,26.17,0,0,1,0,0,0,0,0,0,1,0,1,0,1,0,0.447
2025,22.5,30.0,1,1,0,1,1,0,0,0,1,1,0,0,0,1,1,0.81
2025,21.0,2.16,1,0,0,0,1,0,0,0,0,0,0,1,0,1,0,0.39
2025,15.7,1.37,1,1,1,1,0,0,0,1,1,0,0,1,0,1,1,0.835
2025,24.2,5.88,0,1,0,0,1,0,0,1,1,0,0,0,0,1,0,0.491
2025,18.3,13.97,1,1,0,0,1,0,0,0,0,0,0,1,0,1,0,0.452
2025,15.0,6.7,0,0,0,1,0,1,0,1,0,1,0,1,1,1,0,0.471
2025,18.9,30.0,1,1,1,1,1,1,0,0,1,1,1,1,0,1,1,0.925
2025,15.0,30.0,0,0,0,1,1,0,0,0,0,0,0,1,0,1,1,0.661
2025,15.0,5.3,0,0,0,1,1,1,0,1,1,0,0,1,0,1,1,0.695
2025,18.9,5.92,1,1,1,1,1,0,0,0,1,1,1,1,0,1,1,0.921
2025,15.4,1.85,0,0,0,0,0,0,0,0,0,0,0,0,0,1,0,0.265
2025,24.3,19.01,0,1,0,0,1,0,0,1,0,0,0,0,0,1,1,0.644
2025,23.6,13.08,1,1,0,0,0,0,0,0,0,0,0,1,0,1,1,0.51
2025,18.3,7.62,1,1,1,1,1,0,0,0,0,1,0,0,0,1,1,0.898
2025,15.0,7.42,1,1,0,1,1,1,0,1,1,0,0,1,0,1,1,0.866
2025,15.0,11.73,1,1,0,0,1,0,1,0,1,1,0,0,0,1,1,0.696
2025,15.8,4.0,1,1,0,1,1,0,0,0,0,0,0,0,0,1,1,0.884
2025,22.4,10.76,1,0,1,0,1,0,0,0,1,1,0,1,0,1,1,0.778
2025,22.9,1.94,1,1,1,1,1,0,0,0,0,1,1,0,0,1,1,0.899
2025,18.9,7.24,1,1,1,1,1,0,0,0,0,0,1,1,0,1,1,0.834
2025,24.7,2.55,1,1,1,1,1,1,1,0,1,1,0,0,1,1,1,0.937
2025,15.0,30.0,1,0,0,0,0,0,0,1,0,0,0,1,1,1,0,0.375
2025,15.0,6.69,1,1,1,0,1,0,0,1,0,0,0,1,0,1,1,0.516
2025,18.8,28.84,0,1,0,1,1,0,0,0,0,0,0,0,0,1,1,0.758
2025,23.7,30.0,1,1,1,0,1,0,0,0,0,0,1,0,0,1,1,0.683
2025,21.3,8.86,1,1,0,0,1,0,0,0,1,0,0,0,0,1,0,0.466
2025,20.1,14.67,0,0,0,1,1,1,0,1,0,1,1,1,0,1,1,0.84
2025,24.1,11.21,1,0,0,0,1,0,0,1,0,0,0,1,0,1,0,0.358
2025,21.2,11.29,1,0,1,0,0,0,0,1,0,0,0,1,1,1,0,0.4
2025,21.7,1.89,1,1,0,1,1,1,0,0,0,0,0,0,0,1,1,0.795
2025,15.0,1.76,0,0,0,0,0,0,0,1,0,0,0,0,0,1,0,0.171
2025,24.4,1.21,1,1,0,1,1,0,0,0,1,0,1,1,0,1,1,0.808
2025,24.9,18.48,1,1,0,1,1,0,0,0,0,1,0,1,0,1,1,0.835
2025,24.7,2.09,1,0,1,1,1,0,0,1,1,0,0,0,0,1,1,0.821
2025,15.0,0.13,1,1,1,0,1,0,0,1,0,0,0,1,0,1,1,0.69
2025,15.0,6.99,1,1,1,0,0,0,0,0,0,0,0,0,0,1,1,0.561
2025,17.6,17.38,1,0,1,1,1,0,0,0,0,0,1,1,0,1,1,0.798
2025,17.4,4.97,0,0,0,1,0,0,0,0,0,0,0,1,0,1,0,0.495
2025,17.5,2.08,1,1,1,0,1,1,0,1,1,0,0,1,1,1,1,0.782
2025,15.0,16.06,1,0,1,0,1,0,0,0,1,0,0,1,0,1,0,0.359
2025,15.0,7.38,1,0,0,1,1,0,0,0,0,0,0,0,0,1,1,0.704
2025,15.0,8.51,0,1,0,1,0,0,0,0,0,0,0,1,0,1,1,0.632
2025,20.7,8.91,1,1,0,0,0,0,1,0,0,0,0,0,0,1,0,0.361
2025,23.2,4.01,1,1,0,1,1,0,0,0,0,0,0,1,0,1,1,0.782
2025,21.1,7.15,1,0,0,1,1,0,0,0,0,0,0,1,0,1,1,0.627
2025,24.3,1.23,1,1,1,1,0,0,0,0,0,0,0,0,0,1,1,0.804
2025,18.4,30.0,1,0,0,1,0,0,0,0,0,0,0,0,1,1,1,0.661
2025,24.9,30.0,1,0,0,1,1,0,0,0,0,0,0,1,0,1,1,0.788
2025,17.5,30.0,0,1,0,1,0,0,0,1,1,0,0,0,0,1,1,0.619
2025,15.0,11.59,1,1,0,1,1,1,0,0,1,0,0,0,0,1,1,0.81
2025,22.6,1.68,1,1,0,1,1,0,0,0,0,0,0,0,0,1,1,0.77
2025,24.6,2.25,1,0,0,0,1,0,0,0,1,0,0,1,0,1,0,0.462
2025,16.2,5.23,1,1,1,1,1,0,1,0,0,0,0,1,1,1,1,0.894
2025,22.2,7.18,0,1,0,0,0,0,0,0,0,1,0,0,0,1,0,0.446
2025,22.4,5.62,1,1,1,1,0,0,0,0,0,1,0,1,1,1,1,0.893
2025,15.0,3.34,1,1,1,0,1,1,0,0,0,0,0,0,0,1,1,0.562
2025,15.0,4.69,1,1,1,1,1,0,0,1,0,0,0,0,1,1,1,0.816
2025,20.6,6.47,1,1,0,0,0,0,0,1,0,0,0,0,1,1,0,0.446
2025,15.0,4.94,0,0,1,0,0,0,0,0,0,0,0,1,0,1,0,0.305
2025,15.0,3.36,1,1,0,0,0,0,0,1,0,0,0,0,0,1,0,0.375
2025,16.3,5.83,1,1,0,0,0,1,0,1,0,0,0,1,0,1,1,0.508
2025,15.0,3.3,0,0,0,0,1,0,0,0,0,0,0,0,0,1,0,0.266
2025,23.4,4.37,1,1,1,0,0,0,0,0,1,0,0,1,1,1,1,0.508
2025,22.5,1.97,1,1,0,0,1,0,0,0,1,0,0,0,0,1,1,0.623
2025,21.4,9.16,0,0,0,0,1,0,0,0,0,0,0,1,0,1,0,0.25
2025,24.4,6.53,1,1,0,1,1,0,0,0,0,1,0,0,0,1,1,0.815
2025,23.2,5.19,1,1,0,1,1,0,0,1,0,0,0,1,0,1,1,0.727
2025,24.8,5.56,1,1,1,1,1,0,0,1,1,1,0,0,0,1,1,0.882
2025,15.0,8.33,1,1,0,1,0,1,0,1,1,1,0,1,1,1,1,0.939
2025,15.0,4.65,1,1,1,1,1,0,0,0,1,1,0,1,0,1,1,0.876
2025,21.4,8.87,1,0,0,0,1,0,0,0,0,0,0,0,1,1,0,0.452
2025,15.0,10.95,1,0,0,0,1,0,0,0,1,0,0,1,0,1,0,0.398
2025,21.1,30.0,1,1,0,1,0,0,0,0,0,0,0,1,0,1,1,0.756
2025,21.2,30.0,1,1,1,0,1,0,0,1,0,1,0,1,1,1,1,0.701
2025,23.3,8.92,1,1,1,1,1,0,0,1,1,0,0,0,1,1,1,0.83
2025,16.8,8.64,1,1,1,1,1,0,0,0,1,0,0,0,0,1,1,0.821
2025,24.4,20.99,1,1,1,1,1,0,0,0,0,0,1,1,0,1,1,0.913
2025,15.0,7.31,1,0,1,1,1,0,1,0,1,1,1,1,0,1,1,0.966
2025,20.9,3.23,1,1,0,1,1,0,0,1,0,0,0,0,0,1,1,0.712
2025,18.9,10.3,1,1,1,1,1,0,0,0,0,0,0,0,1,1,1,0.814
2025,15.0,10.67,1,1,1,0,0,0,1,0,0,0,0,0,0,1,0,0.404
2025,15.3,1.44,0,0,0,0,0,0,0,0,0,0,0,0,0,1,0,0.249
2025,21.8,13.44,0,0,0,0,0,0,0,0,0,1,0,0,0,1,0,0.448
2025,21.6,1.44,1,1,1,0,1,0,0,0,0,0,0,1,0,1,1,0.605
2025,15.0,23.93,1,1,0,0,1,0,1,1,0,0,1,1,0,1,1,0.524
2025,15.0,15.97,1,1,1,1,0,1,0,0,1,1,0,0,0,1,1,0.582
2025,23.5,4.33,1,0,0,0,0,1,0,1,1,0,0,0,1,1,0,0.355
2025,23.7,30.0,0,1,0,0,0,0,0,0,0,0,0,0,0,1,0,0.451
2025,20.1,19.65,1,1,1,1,1,1,0,0,0,0,0,0,1,1,1,0.882
2025,18.4,23.97,1,0,0,1,1,1,0,0,0,1,0,0,1,1,1,0.786
2025,18.9,1.41,1,1,1,1,1,0,0,0,1,0,0,1,0,1,1,0.824
2025,15.0,27.15,1,1,1,1,1,1,0,0,1,1,1,1,0,1,1,0.963
2025,23.7,3.49,1,1,1,1,1,0,0,0,1,0,0,1,0,1,1,0.784
2025,15.0,18.9,0,0,0,0,0,0,0,1,1,0,0,1,0,1,0,0.273
2025,18.7,3.13,0,1,1,1,1,0,0,0,0,1,0,1,0,1,1,0.841
2025,15.0,21.17,0,1,0,1,1,0,0,1,0,0,0,1,0,1,1,0.713
2025,15.0,4.95,1,1,1,1,1,0,0,1,0,0,1,1,0,1,1,0.812
2025,18.4,3.12,1,1,0,1,1,0,0,0,0,0,0,1,0,1,1,0.784
2025,24.9,8.22,0,1,0,1,0,0,0,0,0,0,0,0,0,1,0,0.263
2025,15.0,4.8,0,0,0,1,0,0,0,1,0,0,0,0,0,1,0,0.452
2025,16.0,0.25,0,0,1,1,1,0,0,0,0,0,1,1,0,1,1,0.751
2025,21.4,18.99,0,0,0,0,0,0,0,0,0,0,0,0,0,1,0,0.472
2025,15.0,11.42,1,1,0,0,0,0,0,0,1,0,0,1,1,1,1,0.548
2025,21.7,0.94,1,1,1,0,0,0,0,1,1,1,0,1,1,1,0,0.446
2025,24.1,6.95,1,1,1,0,0,0,0,1,0,1,0,1,0,1,0,0.461
2025,15.1,2.73,1,1,1,0,1,0,0,1,0,0,0,1,1,1,1,0.669
2025,21.2,2.53,1,0,1,0,0,0,0,0,0,1,0,1,0,1,1,0.542
2025,23.1,8.51,1,1,0,1,1,0,0,1,0,1,0,1,0,1,1,0.797
2025,15.0,16.78,1,1,1,1,1,0,1,1,0,0,1,1,0,1,1,0.849
2025,24.9,3.92,0,0,0,0,0,0,0,1,0,0,0,1,0,1,0,0.116
2025,22.5,6.59,1,0,0,1,0,0,0,0,0,0,0,0,1,1,1,0.594
2025,15.0,4.86,1,1,0,1,1,0,0,0,0,1,0,0,0,1,1,0.731
2025,15.0,2.77,0,0,0,1,1,0,0,1,1,0,0,1,0,1,1,0.667
2025,23.4,1.67,1,0,0,0,0,0,0,1,0,0,0,0,0,1,0,0.357
2025,17.6,30.0,0,0,0,1,1,0,0,0,0,1,0,1,0,1,1,0.631
2025,15.0,1.06,1,1,1,1,1,0,0,1,1,0,0,1,0,1,1,0.87
2025,19.0,2.0,1,0,0,1,1,0,0,0,0,0,0,1,0,1,1,0.771
2025,20.8,2.85,1,0,0,1,1,1,0,1,0,0,0,1,0,1,1,0.633
2025,23.1,0.24,1,1,0,0,0,0,0,0,0,0,0,0,0,1,0,0.412
2025,24.5,5.61,1,1,1,1,1,0,0,0,0,0,0,0,1,1,1,0.897
2025,19.1,14.16,1,1,0,1,1,0,0,0,0,0,0,0,0,1,1,0.634
2025,15.0,1.79,0,1,0,1,0,1,0,1,0,0,0,1,0,1,1,0.549
2025,23.7,3.9,1,1,0,1,1,1,0,0,1,0,0,0,0,1,1,0.75
2025,15.0,10.69,1,1,1,1,1,0,0,1,1,0,0,0,0,1,1,0.861
2025,21.5,3.84,1,1,0,1,1,0,0,1,1,0,0,1,0,1,1,0.803
2025,15.0,18.43,0,0,1,0,0,0,0,1,0,0,0,0,1,1,0,0.317
2025,22.1,30.0,1,1,1,1,1,0,0,1,1,0,0,1,0,1,1,0.874
2025,15.0,0.4,0,0,0,0,0,0,0,0,0,0,0,0,0,1,0,0.293
2025,15.0,5.46,1,1,0,1,0,0,0,0,1,0,0,1,0,1,1,0.794
2025,15.0,3.39,1,1,1,0,0,0,0,0,0,1,1,1,1,1,1,0.67
2025,21.8,1.03,1,0,0,1,0,0,0,0,0,0,1,1,0,1,1,0.682
2025,24.1,1.5,1,1,1,1,1,0,0,0,0,1,0,0,0,1,1,0.761
2025,20.6,1.19,0,1,0,0,0,0,0,0,0,0,1,1,0,1,0,0.257
2025,24.8,21.52,1,0,1,1,0,0,0,0,1,0,0,0,0,1,1,0.671
2025,19.0,2.41,1,0,0,0,0,1,1,1,0,1,0,1,0,1,0,0.332
2025,15.0,12.94,0,0,0,0,0,0,0,1,0,0,0,1,0,1,0,0.233
2025,15.0,5.23,1,0,1,0,0,0,0,0,0,0,0,1,1,1,0,0.391
2025,18.3,7.74,1,1,1,1,1,1,0,1,0,0,0,1,1,1,1,0.915
2025,16.9,9.86,1,1,0,1,1,0,0,0,0,0,0,1,0,1,1,0.672
2025,15.0,30.0,1,1,1,1,1,0,0,1,1,0,0,0,1,1,1,0.839
2025,19.5,3.94,1,1,0,1,1,0,0,0,0,1,0,0,0,1,1,0.853
2025,21.7,9.0,1,0,0,0,0,0,0,1,0,0,0,0,1,1,0,0.37
2025,15.0,3.23,1,1,1,0,1,0,0,1,0,0,1,0,1,1,1,0.651
2025,15.0,6.01,1,1,0,1,1,0,0,0,1,1,1,1,0,1,1,0.927
2025,19.4,6.38,1,1,1,0,0,0,0,0,0,0,0,0,0,1,1,0.617
2025,15.0,14.2,1,0,0,0,1,0,0,0,0,1,0,1,0,1,0,0.499
2025,15.0,5.33,1,1,0,1,1,0,0,0,0,0,0,0,0,1,1,0.773
2025,15.8,30.0,1,1,1,1,1,0,0,0,1,0,0,1,0,1,1,0.886
2025,17.6,10.44,1,1,0,1,1,0,1,0,0,0,0,1,0,1,1,0.867
2025,15.0,7.25,1,1,1,1,1,0,0,0,1,1,0,0,0,1,1,0.898
2025,15.4,23.0,1,1,0,0,0,0,0,1,0,0,0,0,0,1,0,0.406
2025,20.5,12.87,0,1,0,0,1,0,0,1,1,0,0,1,0,1,0,0.45
2025,23.9,3.45,0,0,0,0,0,0,0,1,0,0,0,1,0,1,0,0.12
2025,15.0,9.52,1,0,1,0,1,0,0,0,0,0,0,0,0,1,0,0.459
2025,24.3,8.07,1,0,1,0,0,0,0,0,0,0,0,1,1,1,0,0.448
2025,16.6,5.69,1,0,0,0,1,0,0,0,0,0,0,0,0,1,0,0.41
2025,19.6,2.67,1,1,0,0,1,0,0,0,0,1,0,0,0,1,1,0.532
2025,15.0,3.6,0,1,1,0,0,0,0,0,0,1,0,1,1,1,1,0.504
2025,15.0,18.42,1,0,0,1,1,0,0,0,1,0,0,0,1,1,1,0.707
2025,24.2,2.16,1,1,0,1,1,0,0,0,1,0,0,1,0,1,1,0.814
2025,15.0,3.34,1,1,0,1,1,0,0,1,1,0,0,0,0,1,1,0.835
2025,15.0,30.0,1,1,0,0,1,0,0,1,0,0,0,1,0,1,0,0.439
2025,15.0,7.57,1,0,0,0,0,0,0,0,0,0,0,1,0,1,0,0.333
2025,22.5,16.98,1,1,0,1,0,0,0,1,0,0,0,0,0,1,1,0.734
2025,15.0,17.53,0,0,0,0,0,0,0,0,0,0,0,0,0,1,0,0.341
2025,23.7,5.8,1,0,1,1,1,1,1,0,1,1,0,0,0,1,1,0.809
2025,24.4,5.11,1,1,0,1,1,0,0,0,0,0,0,0,0,1,1,0.734
2025,23.3,10.6,0,1,1,1,1,0,0,1,1,0,0,1,1,1,1,0.716
2025,22.8,7.82,1,1,1,1,1,0,0,1,0,1,0,1,0,1,1,0.887
2025,22.6,6.31,1,0,1,0,0,0,0,0,1,0,0,0,0,1,0,0.494
2025,15.0,4.45,1,1,1,0,1,0,0,1,0,0,0,0,0,1,1,0.558
2025,24.3,6.52,1,0,1,0,1,0,0,0,0,0,0,1,0,1,0,0.463
2025,23.4,10.26,0,0,1,0,1,0,0,0,0,1,0,1,0,1,0,0.498
2025,23.1,14.53,0,0,0,0,1,0,0,1,0,0,0,1,0,1,0,0.276
2025,23.4,1.21,1,0,0,0,1,0,0,0,0,0,0,0,0,1,0,0.425
2025,23.9,4.41,0,0,0,0,0,0,0,0,0,0,0,0,0,1,0,0.192
2025,24.7,2.2,1,0,0,0,1,0,0,0,0,0,0,0,0,1,0,0.397
2025,15.0,30.0,0,0,0,0,0,0,0,1,0,0,0,1,0,1,0,0.249
2025,16.6,18.38,1,0,0,1,1,0,0,0,0,0,0,0,0,1,1,0.781
2025,19.9,2.81,1,0,0,1,0,0,0,0,0,0,0,0,0,1,1,0.579
2025,19.9,0.64,0,1,1,0,1,0,0,1,0,0,0,1,0,1,1,0.728
2025,22.9,0.05,0,1,0,0,1,0,0,0,0,0,0,0,0,1,1,0.546
2025,21.5,30.0,1,0,1,1,1,1,0,1,0,0,0,1,0,1,1,0.86
2025,15.0,27.74,1,1,1,1,1,1,0,1,0,0,0,0,0,1,1,0.852
2025,16.6,0.17,0,0,0,0,0,1,0,0,0,0,0,0,0,1,0,0.239
2025,23.4,25.81,1,0,0,0,1,0,0,0,0,0,0,1,0,1,0,0.369
2025,18.9,1.69,0,0,0,1,0,1,0,1,0,0,1,0,0,1,1,0.509
2025,23.1,11.02,1,0,0,0,1,1,0,0,1,0,0,1,0,1,1,0.573
2025,15.0,7.0,0,0,1,0,0,0,0,0,0,0,0,0,0,1,0,0.354
2025,24.7,5.35,1,1,0,0,0,0,0,0,1,0,0,0,0,1,1,0.527
2025,23.5,1.59,1,1,0,1,0,0,0,1,0,0,1,0,1,1,1,0.634
2025,15.0,20.54,1,1,0,0,1,0,0,0,1,0,0,1,1,1,1,0.625
2025,19.0,7.41,1,0,0,0,0,0,0,0,0,0,0,1,0,1,0,0.378
2025,15.0,6.42,1,0,0,1,1,0,0,1,0,0,0,1,0,1,1,0.754
2025,16.5,6.34,0,0,0,0,1,0,0,1,0,0,0,1,0,1,0,0.264
2025,18.6,1.82,0,0,0,0,0,1,0,0,0,0,0,1,0,1,0,0.237
2025,15.0,7.72,1,0,0,0,0,0,0,1,1,0,0,0,0,1,0,0.356
2025,15.0,9.12,1,1,0,1,1,0,0,0,0,0,0,0,0,1,1,0.748
2025,22.7,2.87,1,1,1,1,1,0,1,0,1,1,1,0,1,1,1,0.95
2025,15.0,11.66,1,0,0,0,1,0,0,0,0,0,0,1,0,1,0,0.342
2025,22.5,8.71,1,1,1,0,1,0,0,0,0,0,0,1,0,1,1,0.54
2025,15.0,20.45,1,0,1,1,1,0,0,1,0,0,0,1,0,1,1,0.815
2025,24.4,8.8,0,0,0,0,0,0,0,0,0,0,1,0,0,1,0,0.264
2025,15.0,1.24,1,1,1,1,1,0,0,0,0,0,0,1,0,1,1,0.878
2025,17.5,9.98,1,1,0,1,1,0,0,0,1,0,0,0,0,1,1,0.737
2025,15.0,23.33,1,1,0,0,0,0,0,1,0,0,0,1,0,1,0,0.423
2025,16.9,4.41,1,1,1,1,1,1,0,0,1,1,1,1,0,1,1,0.921
2025,21.9,2.39,1,1,0,0,0,0,0,1,0,0,0,1,1,1,0,0.39
2025,18.6,8.17,1,0,1,1,1,0,0,0,0,0,1,1,0,1,1,0.731
2025,22.6,16.42,1,0,0,0,0,0,0,0,0,0,0,0,0,1,0,0.389
2025,15.0,8.16,1,1,0,1,1,0,1,1,1,0,1,1,1,1,1,0.925
2025,18.3,7.88,0,1,0,1,1,0,0,1,1,0,0,0,1,1,1,0.638
2025,22.5,2.6,1,1,0,1,1,0,0,0,0,1,0,0,0,1,1,0.838
2025,15.0,2.45,1,0,0,0,0,1,0,1,0,0,1,0,0,1,0,0.314
2025,23.0,2.57,1,1,1,1,1,0,0,0,0,1,0,1,0,1,1,0.859
2025,22.7,21.48,1,0,0,0,0,0,0,1,0,0,0,1,0,1,0,0.297
2025,23.9,2.31,0,0,0,1,1,0,1,1,1,1,0,1,0,1,1,0.724
2025,16.7,1.26,0,0,0,1,1,0,0,1,0,0,0,1,0,1,1,0.729
2025,15.0,4.2,1,1,0,1,1,0,0,0,0,0,0,1,0,1,1,0.818
2025,15.0,8.94,1,0,0,0,0,0,0,0,0,0,0,0,0,1,0,0.342
2025,24.2,2.16,1,1,1,0,1,0,0,1,0,0,0,1,1,1,1,0.723
2025,15.0,1.75,1,1,1,1,1,0,0,0,0,0,1,1,1,1,1,0.871
2025,21.6,12.16,1,0,1,0,1,0,0,1,0,0,0,0,0,1,0,0.435
2025,15.0,6.9,1,1,1,1,1,1,0,0,0,0,0,0,0,1,1,0.761
2025,16.2,3.79,0,0,0,0,0,0,0,0,0,0,0,0,0,1,0,0.259
2025,21.1,11.82,0,1,0,0,1,0,0,0,0,1,0,0,0,1,0,0.416
2025,21.6,2.26,1,1,1,0,1,0,0,1,0,0,0,0,0,1,1,0.505
2025,23.6,7.18,1,0,1,0,0,0,0,0,0,0,0,1,0,1,0,0.318
2025,22.4,4.32,0,1,1,0,0,0,0,0,0,0,0,0,0,1,0,0.499
2025,15.0,6.92,1,0,1,0,0,0,0,0,0,0,0,0,0,1,0,0.455
2025,24.2,6.24,0,0,0,0,0,0,0,1,0,0,0,0,0,1,0,0.379
2025,21.3,5.04,0,0,0,0,0,0,0,0,0,0,0,1,0,1,0,0.277
2025,18.2,10.08,1,1,0,0,0,0,0,0,0,0,0,0,0,1,0,0.464
2025,16.8,3.64,1,1,0,0,1,0,0,0,1,1,1,1,0,1,1,0.579
2025,24.0,2.83,0,1,0,1,0,0,0,0,0,0,0,0,0,1,1,0.544
2025,24.6,2.98,0,0,0,1,1,0,0,0,0,0,0,0,0,1,1,0.686
2025,16.5,5.45,0,0,1,1,1,0,0,1,0,1,0,1,0,1,1,0.774
2025,19.9,3.66,1,0,0,0,0,0,0,1,0,0,0,0,0,1,0,0.315
2025,20.2,16.39,1,1,1,1,0,0,0,0,0,0,0,0,0,1,1,0.729
2025,21.1,1.87,1,0,0,1,1,0,0,0,0,0,0,0,0,1,1,0.688
2025,21.9,0.82,1,0,1,1,1,0,0,1,0,0,0,1,1,1,1,0.772
2025,18.9,26.8,1,1,0,1,1,0,1,1,0,1,1,1,0,1,1,0.869
2025,23.9,9.31,1,1,0,1,1,0,0,0,0,0,0,1,0,1,1,0.679
2025,15.0,25.17,1,0,0,1,1,0,0,0,0,0,0,1,0,1,1,0.666
2025,20.7,0.32,0,0,1,1,1,0,1,1,1,0,0,1,0,1,1,0.856
2025,15.0,4.97,1,1,1,1,0,0,0,1,0,0,0,1,1,1,1,0.796
2025,15.0,4.12,0,0,1,0,1,0,0,0,0,0,0,0,0,1,0,0.453
2025,18.3,7.42,0,0,0,0,0,0,0,0,0,0,0,0,1,1,0,0.203
2025,21.7,7.45,0,0,0,0,1,0,0,0,0,0,0,1,0,1,0,0.289
2025,15.0,7.84,0,1,0,1,1,0,0,0,1,1,0,0,0,1,1,0.808
2025,21.4,11.17,1,0,0,1,1,0,0,0,0,0,0,1,0,1,1,0.722
2025,15.0,6.17,1,0,1,1,1,1,0,0,1,0,0,1,0,1,1,0.786
2025,15.5,3.7,0,0,0,0,0,0,0,0,0,0,0,0,0,1,0,0.297
2025,15.0,6.45,1,1,1,1,1,0,0,1,1,0,0,0,0,1,1,0.888
2025,24.9,14.88,1,1,1,0,1,0,0,0,0,0,0,0,0,1,1,0.554
2025,22.3,1.86,1,0,0,0,1,0,0,0,0,0,0,1,0,1,0,0.414
2025,17.0,8.87,1,0,0,1,0,0,1,0,1,0,0,1,0,1,1,0.667
2025,24.8,2.93,1,1,1,1,1,0,0,1,1,0,0,1,0,1,1,0.903
2025,21.9,7.77,1,1,0,1,1,0,0,0,0,0,0,0,0,1,1,0.703
2025,20.8,2.7,1,1,1,0,1,0,0,0,1,1,0,1,0,1,1,0.784
2025,21.1,7.02,1,1,1,0,1,1,0,0,0,0,0,1,0,1,1,0.591
2025,24.6,2.86,1,0,1,0,1,0,0,0,0,0,0,0,0,1,1,0.518
2025,16.2,11.09,1,1,0,0,1,0,0,1,0,0,1,1,0,1,1,0.506
2025,17.1,11.45,1,1,1,0,0,1,0,0,1,0,0,0,0,1,1,0.573
2025,22.5,23.15,0,1,0,1,1,0,0,0,0,0,0,1,0,1,1,0.743
2025,15.0,1.99,1,1,0,1,0,0,0,1,0,0,0,1,0,1,1,0.798
2025,15.0,17.72,1,1,0,1,1,1,0,0,0,0,0,1,0,1,1,0.862
2025,23.0,4.24,0,1,1,1,1,1,0,0,0,0,1,1,0,1,1,0.883
2025,23.3,2.11,0,0,0,0,0,0,0,0,0,0,0,0,0,1,0,0.292
2025,15.0,7.23,1,1,1,1,1,0,0,1,1,0,0,0,0,1,1,0.863
2025,15.0,4.19,1,1,0,0,1,0,0,0,0,1,0,1,0,1,1,0.6
2025,15.0,4.22,1,1,0,1,1,0,0,0,0,0,0,1,0,1,1,0.771
2025,21.1,6.36,1,0,1,1,1,0,0,0,1,1,0,0,0,1,1,0.814
2025,17.8,13.95,1,1,1,1,1,0,0,0,1,0,0,1,0,1,1,0.867
2025,20.3,5.6,1,0,0,1,1,0,0,1,1,0,0,0,1,1,1,0.734
2025,15.0,2.98,1,1,0,1,1,0,0,0,0,0,0,0,0,1,1,0.795
2025,19.4,16.93,1,1,1,1,1,1,0,0,1,1,1,1,1,1,1,0.963
2025,19.4,2.56,1,1,1,1,1,1,0,1,0,0,0,1,0,1,1,0.874
2025,15.0,1.15,1,1,0,0,1,0,0,1,0,0,0,1,0,1,1,0.523
2025,22.6,5.62,1,1,1,1,1,0,0,0,1,1,0,1,1,1,1,0.904
2025,15.0,4.75,0,0,0,0,0,0,0,0,0,0,0,1,0,1,0,0.245
2025,17.4,30.0,0,1,0,0,1,0,0,0,0,0,0,0,0,1,0,0.377
2025,20.8,21.1,1,1,0,1,1,0,0,1,1,0,0,1,0,1,1,0.843
2025,24.2,1.16,1,1,0,0,1,0,0,1,0,0,0,0,1,1,1,0.775
2025,17.9,27.38,1,0,1,1,1,0,0,1,0,1,0,0,0,1,1,0.827
2025,21.0,21.72,0,0,0,0,0,0,0,0,0,0,0,1,0,1,0,0.202
2025,18.2,8.39,1,1,0,0,1,0,0,0,0,0,0,1,0,1,0,0.372
2025,21.1,25.02,0,0,0,1,1,0,0,0,0,1,0,1,0,1,1,0.638
2025,15.0,7.25,1,1,1,1,1,0,0,0,0,0,0,0,1,1,1,0.826
2025,19.0,2.27,1,0,1,1,0,0,0,0,0,0,0,0,0,1,1,0.654
2025,24.9,1.72,1,0,0,0,0,0,0,0,0,0,0,1,0,1,0,0.344
2025,23.3,1.05,1,1,0,0,0,0,0,0,0,0,0,1,0,1,0,0.463
2025,22.4,5.91,0,0,0,0,0,0,0,1,0,0,0,1,0,1,0,0.259
2025,23.6,4.63,1,0,0,1,1,1,0,1,0,1,1,1,0,1,1,0.828
2025,18.5,30.0,1,1,1,1,1,0,1,0,1,1,1,0,1,1,1,0.922
2025,15.0,30.0,1,1,0,0,1,1,0,0,1,0,0,0,0,1,0,0.498
2025,23.9,2.18,1,0,1,1,1,0,0,0,0,0,0,0,0,1,1,0.699
2025,20.2,8.45,1,1,0,1,1,0,0,1,1,1,0,1,1,1,1,0.869
2025,17.1,25.08,1,1,1,1,1,1,0,0,0,0,0,1,0,1,1,0.839
2025,21.5,9.46,1,0,0,0,0,0,0,1,0,0,0,1,0,1,0,0.346
2025,24.1,4.57,1,0,1,1,0,0,0,1,0,0,0,0,0,1,1,0.513
2025,16.2,9.41,0,1,1,1,1,1,0,0,0,0,0,1,1,1,1,0.912
2025,21.4,30.0,1,1,1,1,1,1,0,0,1,0,0,1,1,1,1,0.925
2025,17.8,3.94,1,0,0,0,1,0,0,0,0,0,0,1,0,1,0,0.464
2025,15.0,17.97,1,1,1,0,0,0,0,0,0,0,0,0,0,1,1,0.551
2025,23.1,8.63,0,0,0,0,1,0,0,0,0,0,0,0,1,1,0,0.21
2025,15.0,15.72,0,0,0,1,1,0,0,0,0,0,0,1,1,1,1,0.629
2025,15.3,8.41,1,1,1,1,0,0,0,0,0,0,0,1,0,1,1,0.815
2025,17.2,12.44,1,1,1,1,1,1,0,0,0,1,0,1,1,1,1,0.938
2025,15.0,3.2,1,1,0,1,1,1,0,0,0,0,0,1,0,1,1,0.856
2025,15.0,2.92,0,1,1,1,1,0,1,0,0,1,1,1,0,1,1,0.892
2025,15.0,8.75,1,1,1,0,1,0,0,0,0,1,0,1,0,1,1,0.802
2025,15.0,5.76,1,1,1,0,1,0,0,0,0,0,0,1,0,1,1,0.596
2025,23.4,2.33,1,1,1,1,1,1,0,0,1,0,0,1,0,1,1,0.885
2025,20.5,0.84,1,1,1,1,1,1,0,0,1,0,0,1,0,1,1,0.869
2025,21.6,7.04,1,1,0,1,1,1,1,1,1,1,0,0,0,1,1,0.884
2025,24.0,30.0,1,1,0,0,0,0,0,1,1,0,0,1,0,1,0,0.482
2025,20.4,8.96,1,1,0,1,1,0,0,0,1,1,0,0,0,1,1,0.803
2025,15.0,1.39,1,0,0,1,1,0,0,1,0,1,0,1,0,1,1,0.788
2025,21.4,2.12,1,1,1,1,1,1,0,0,1,1,0,0,0,1,1,0.883
2025,19.8,12.3,1,1,0,1,1,0,0,0,1,0,0,1,0,1,1,0.762
2025,20.7,30.0,0,1,1,1,1,0,1,1,0,0,0,1,1,1,1,0.842
2025,15.0,8.09,1,0,1,0,0,0,0,0,1,0,0,0,0,1,0,0.493
2025,15.0,2.58,1,1,1,1,1,0,0,0,0,0,0,0,0,1,1,0.866
2025,24.8,4.22,1,0,0,0,1,0,0,0,0,0,0,1,0,1,0,0.344
2025,19.1,2.31,1,1,1,1,1,0,0,1,1,0,0,0,0,1,1,0.815
2025,17.3,25.12,1,1,0,1,1,0,0,1,0,0,0,1,0,1,1,0.757
2025,22.6,30.0,0,0,0,0,1,0,0,0,0,0,0,0,0,1,0,0.334
2025,22.4,12.98,0,1,0,0,1,1,0,1,0,0,0,1,0,1,1,0.651
2025,15.0,15.02,1,1,0,1,1,0,0,1,0,1,0,0,0,1,1,0.776
2025,19.0,14.02,1,1,1,0,1,0,0,0,1,0,0,0,0,1,1,0.655
2025,19.5,1.55,0,1,0,1,1,0,0,1,0,0,0,1,0,1,1,0.74
2025,15.0,19.81,1,1,0,1,1,0,0,1,0,0,0,1,0,1,1,0.863
2025,21.0,2.33,1,1,0,1,0,0,0,0,0,0,0,1,1,1,1,0.706
2025,22.9,7.19,1,1,0,1,1,1,0,0,1,0,0,0,0,1,1,0.748
2025,19.2,26.33,1,1,0,1,1,0,0,0,0,1,1,0,0,1,1,0.876
2025,23.3,19.99,1,1,1,1,1,0,0,0,1,0,0,0,1,1,1,0.915
2025,15.0,1.42,1,1,1,1,1,0,0,0,0,0,0,0,1,1,1,0.864
2025,19.3,2.61,1,0,0,1,0,0,0,0,0,0,0,1,1,1,1,0.719
2025,15.0,1.88,1,1,1,1,0,0,0,1,1,0,0,1,1,1,1,0.784
2025,24.7,5.45,1,1,1,0,1,0,0,0,0,0,0,1,0,1,1,0.664
2025,17.4,30.0,1,0,1,0,1,0,0,1,1,0,0,0,0,1,1,0.508
2025,15.0,2.19,1,1,0,1,1,0,0,0,0,0,0,1,0,1,1,0.786
2025,23.8,6.18,1,1,0,1,1,0,0,1,0,1,0,1,0,1,1,0.799
2025,20.3,20.02,1,0,0,0,0,0,0,0,0,0,0,1,0,1,0,0.373
2025,22.3,30.0,1,1,1,0,0,0,0,1,0,0,0,1,0,1,1,0.552
2025,24.0,4.75,1,1,0,0,0,0,0,0,0,0,0,0,0,1,0,0.335
2025,24.8,2.19,1,1,1,1,1,0,0,0,1,1,0,0,0,1,1,0.87
2025,18.6,0.39,1,0,0,0,0,0,0,0,0,0,0,1,0,1,0,0.32
2025,15.0,1.68,1,1,0,1,0,0,0,1,0,1,0,1,0,1,1,0.762
2025,20.8,7.76,1,1,0,1,0,0,1,1,0,1,0,0,1,1,1,0.786
2025,16.6,9.93,1,1,1,1,1,0,0,1,1,0,0,0,0,1,1,0.916
2025,22.7,22.91,0,0,0,0,0,0,0,1,0,0,0,0,0,1,0,0.265
2025,18.2,30.0,1,1,0,1,1,0,0,0,0,0,0,1,0,1,1,0.711
2025,15.0,2.99,1,1,0,1,1,1,0,0,1,0,0,1,0,1,1,0.917
2025,15.0,10.07,1,1,0,1,0,0,0,0,0,0,0,1,0,1,1,0.779
2025,22.2,2.54,0,0,0,0,0,0,0,0,0,0,0,0,0,1,0,0.297
2025,23.8,4.97,1,0,1,0,1,0,0,1,0,0,0,1,0,1,0,0.399
2025,15.0,12.23,1,1,0,1,1,0,0,0,0,0,0,0,1,1,1,0.785
2025,15.0,5.76,0,0,1,0,0,0,0,0,0,0,0,1,0,1,0,0.379
2025,15.0,8.87,0,0,0,0,0,0,0,1,0,0,0,1,1,1,0,0.247
2025,17.5,9.14,1,1,0,1,1,0,0,0,1,0,0,0,0,1,1,0.667
2025,15.0,30.0,1,0,0,0,0,0,0,0,0,0,0,1,0,1,0,0.331
2025,22.7,29.8,1,1,1,1,1,1,0,0,0,1,0,0,1,1,1,0.928
2025,15.0,3.04,0,0,0,0,0,0,0,0,0,0,0,1,0,1,0,0.201
2025,15.0,20.71,1,0,1,0,1,0,0,0,0,0,0,0,1,1,1,0.526
2025,24.3,1.92,0,1,0,1,1,0,0,0,0,0,0,1,0,1,1,0.64
2025,15.2,4.37,0,0,1,0,1,1,0,0,0,0,0,0,0,1,0,0.478
2025,15.0,4.38,0,0,0,0,0,0,0,0,0,0,0,0,0,1,0,0.314
2025,16.9,30.0,1,1,1,1,0,0,0,0,1,0,0,1,1,1,1,0.628
2025,24.0,8.06,0,1,0,1,1,0,0,0,0,0,0,0,0,1,1,0.517
2025,22.5,3.81,0,1,0,1,1,0,0,0,0,0,0,1,1,1,1,0.732
2025,24.4,10.5,1,0,1,1,1,0,0,1,1,1,1,1,1,1,1,0.896
2025,23.7,7.0,1,1,0,0,1,1,0,0,1,0,0,1,0,1,1,0.642
2025,15.0,3.07,1,0,0,0,0,0,0,0,0,0,0,0,0,1,0,0.31
2025,15.0,30.0,0,0,0,0,0,0,0,0,0,0,0,1,1,1,0,0.356
2025,15.0,2.67,0,1,0,1,1,0,0,1,1,0,0,1,0,1,1,0.76
2025,15.0,9.15,1,0,0,0,1,0,0,1,0,0,0,0,0,1,0,0.318
2025,22.0,0.05,0,0,0,1,0,0,0,1,0,0,0,0,0,1,0,0.267
2025,23.7,2.48,1,1,0,0,0,0,0,0,0,1,0,0,0,1,0,0.374
2025,18.2,8.02,1,1,0,1,1,0,0,0,0,1,0,0,0,1,1,0.785
2025,24.4,6.16,1,1,0,1,0,1,0,0,0,1,0,0,0,1,1,0.671
2025,23.8,2.17,0,0,0,0,0,0,0,0,0,0,0,0,0,1,0,0.282
2025,15.0,1.84,1,1,0,1,1,1,0,1,1,0,0,0,0,1,1,0.724
2025,16.7,9.38,1,1,1,1,0,0,0,0,1,1,0,1,0,1,1,0.917
2025,16.0,12.74,0,0,0,0,0,0,0,0,0,0,0,0,1,1,0,0.213
2025,15.1,10.55,1,1,0,0,1,0,0,0,1,0,0,0,0,1,0,0.409
2025,23.0,2.0,1,1,0,0,0,0,0,0,0,1,0,0,0,1,0,0.433
2025,22.2,3.14,1,1,0,1,1,0,0,0,0,0,0,1,0,1,1,0.775
2025,15.0,8.01,0,0,0,0,0,0,0,0,0,0,0,1,0,1,0,0.244
2025,20.2,7.19,1,0,0,1,0,0,0,1,0,0,0,1,0,1,1,0.695
2025,19.7,9.77,0,0,1,0,1,0,0,1,0,0,0,1,0,1,0,0.391
2025,15.0,16.95,1,1,0,1,1,0,0,1,0,0,0,1,1,1,1,0.875
2025,20.2,1.19,1,1,1,1,1,0,0,1,0,0,0,1,0,1,1,0.87
2025,15.0,4.83,1,1,0,1,1,0,0,1,0,1,0,1,1,1,1,0.801
2025,20.0,6.64,0,0,0,0,1,0,0,0,0,0,0,0,0,1,0,0.367
2025,19.0,0.26,1,1,1,0,1,0,1,1,1,1,0,1,0,1,1,0.838
2025,18.0,9.97,1,1,0,1,1,1,0,0,0,0,0,1,0,1,1,0.858
2025,19.7,3.23,1,1,0,1,1,1,0,0,0,0,0,0,0,1,1,0.802
2025,19.1,30.0,1,1,1,1,1,0,1,1,0,0,0,1,0,1,1,0.876
2025,15.3,15.1,0,1,1,1,1,0,0,0,1,1,0,1,1,1,1,0.823
2025,15.0,9.85,1,1,0,0,0,0,0,0,1,0,0,0,0,1,0,0.443
2025,17.5,9.3,1,1,0,1,1,1,0,0,1,0,1,0,0,1,1,0.787
2025,22.5,13.27,0,0,0,0,0,0,0,0,0,0,0,1,0,1,0,0.359
2025,24.0,5.07,1,1,1,1,1,0,0,0,0,1,0,0,1,1,1,0.835
2025,20.7,30.0,1,0,1,1,1,0,0,0,1,0,0,0,1,1,1,0.734
2025,15.0,9.94,1,1,0,1,0,0,0,0,1,0,0,1,0,1,1,0.78
2025,15.0,3.88,1,1,1,0,1,0,0,0,1,1,1,1,0,1,1,0.861
2025,19.8,1.3,1,1,0,1,1,0,0,0,1,0,1,0,0,1,1,0.861
2025,15.0,9.76,1,1,1,0,1,1,0,1,1,1,1,0,0,1,1,0.835
2025,16.5,2.69,1,1,1,1,1,0,0,1,0,1,0,0,0,1,1,0.899
2025,15.0,4.9,0,0,0,0,1,0,0,0,0,0,0,1,0,1,0,0.228
2025,23.7,23.16,1,0,0,1,1,0,0,0,0,0,0,0,0,1,1,0.755
2025,24.0,1.82,1,0,1,1,1,0,0,0,0,0,0,0,0,1,1,0.688
2025,22.8,3.27,1,1,1,1,1,0,0,1,0,0,0,1,0,1,1,0.758
2025,24.0,2.6,1,1,1,0,1,0,0,1,0,0,0,1,0,1,0,0.467
2025,15.0,18.05,0,0,0,0,0,1,1,1,0,0,0,1,1,1,0,0.354
2025,23.9,30.0,0,0,0,0,0,0,0,0,0,0,0,0,0,1,0,0.323
2025,20.7,20.17,0,1,0,1,1,0,0,0,0,0,0,0,0,1,1,0.803
2025,16.6,30.0,1,1,1,1,1,1,0,1,1,0,0,1,0,1,1,0.942
2025,16.7,6.19,0,1,0,1,1,0,0,0,0,0,0,0,0,1,1,0.747
2025,15.0,19.86,1,1,0,0,1,0,0,0,0,0,1,1,0,1,1,0.739
2025,15.0,10.43,1,0,0,0,1,0,1,0,0,0,0,0,0,1,0,0.223
2026,20.7,15.35,1,0,1,1,1,0,0,0,1,1,1,1,0,1,1,0.922
2026,19.7,10.61,1,1,1,1,1,0,1,0,0,1,0,1,0,1,1,0.944
2026,15.0,1.53,1,0,0,1,1,0,0,0,0,0,0,1,0,1,1,0.759
2026,20.8,10.66,1,1,0,1,1,1,1,0,1,0,0,1,0,1,1,0.886
2026,17.8,30.0,0,0,1,0,1,0,0,1,0,0,0,1,0,1,0,0.427
2026,15.0,9.29,1,1,0,1,1,0,0,0,0,1,0,1,0,1,1,0.846
2026,21.3,5.83,1,1,0,1,0,0,0,0,0,0,0,0,0,1,1,0.732
2026,24.4,14.41,1,1,1,1,1,0,0,0,0,0,0,1,0,1,1,0.844
2026,22.2,18.24,1,0,0,0,0,0,0,1,0,0,0,1,0,1,0,0.374
2026,15.6,4.98,1,0,0,1,1,0,0,1,0,0,0,1,0,1,1,0.592
2026,18.7,5.58,1,1,1,1,1,0,1,0,1,1,0,1,0,1,1,0.946
2026,15.0,13.93,1,1,1,1,0,1,0,0,1,0,0,0,0,1,1,0.802
2026,16.0,2.85,1,1,1,1,1,0,1,0,0,0,1,1,0,1,1,0.892
2026,16.5,30.0,1,1,0,1,1,0,0,0,0,1,0,1,0,1,1,0.854
2026,21.8,9.99,1,0,0,0,0,0,0,1,0,0,0,0,0,1,0,0.332
2026,15.0,30.0,1,1,0,0,1,1,0,1,1,0,0,1,0,1,1,0.59
2026,18.5,30.0,1,0,0,0,0,1,0,1,1,1,0,1,0,1,0,0.37
2026,24.2,5.33,1,0,0,1,1,0,0,1,0,0,0,0,0,1,1,0.63
2026,15.0,3.42,0,0,0,0,0,0,0,0,0,0,0,1,0,1,0,0.208
2026,15.0,8.44,1,1,1,1,1,0,0,0,0,0,1,0,0,1,1,0.875
2026,21.1,25.25,0,0,0,1,0,0,0,0,0,0,0,1,0,1,1,0.58
2026,21.3,5.27,1,1,1,1,1,0,0,1,0,1,1,1,0,1,1,0.913
2026,20.9,2.03,1,0,0,0,1,0,0,0,0,0,0,1,0,1,0,0.382
2026,15.0,1.53,1,0,0,1,0,0,0,1,0,0,0,1,0,1,1,0.751
2026,22.7,1.35,1,1,1,1,0,0,0,0,0,0,0,0,0,1,1,0.594
2026,21.1,4.57,1,0,0,0,0,0,0,1,0,0,0,1,0,1,0,0.308
2026,17.2,2.45,1,0,0,0,0,0,0,1,1,0,0,0,1,1,0,0.436
2026,22.6,26.76,1,1,1,1,0,0,0,0,0,0,0,0,1,1,1,0.778
2026,15.0,8.77,1,1,1,1,1,0,0,1,0,1,0,1,0,1,1,0.937
2026,15.0,10.78,1,1,1,1,0,0,0,0,1,0,0,1,0,1,1,0.874
2026,18.0,1.27,1,1,0,1,1,1,0,1,0,0,0,1,1,1,1,0.916
2026,15.0,30.0,1,1,0,1,1,0,0,0,1,1,0,0,0,1,1,0.762
2026,20.4,7.09,0,1,0,0,0,1,0,1,0,0,0,0,0,1,0,0.332
2026,15.0,12.52,0,1,1,0,1,0,0,1,0,0,0,1,1,1,0,0.498
2026,15.0,9.12,1,0,0,1,1,0,0,0,0,1,0,1,0,1,1,0.796
2026,18.6,30.0,0,1,0,0,0,1,0,0,0,0,0,1,0,1,0,0.47
2026,15.0,0.92,1,1,0,1,1,0,0,1,1,1,0,1,0,1,1,0.777
2026,22.1,30.0,1,1,0,0,1,1,0,1,1,0,0,0,0,1,1,0.696
2026,18.3,2.22,1,0,0,0,1,1,0,0,0,0,0,0,0,1,0,0.383
2026,17.8,8.02,0,0,0,1,1,0,0,1,0,0,0,0,0,1,1,0.605
2026,15.0,3.48,1,1,1,1,1,0,0,0,0,0,1,1,0,1,1,0.889
2026,15.0,2.36,0,0,0,1,1,0,0,0,1,1,0,1,0,1,1,0.674
2026,24.4,0.73,1,0,0,0,0,0,0,0,0,0,0,0,0,1,0,0.324
2026,16.8,2.87,1,0,0,0,0,0,1,0,0,0,0,0,0,1,0,0.317
2026,24.8,3.61,1,0,1,0,1,0,0,1,0,0,0,1,0,1,0,0.296
2026,23.6,30.0,0,1,1,1,1,0,0,1,0,0,0,0,0,1,1,0.5
2026,24.6,7.45,0,0,0,0,0,0,0,1,0,1,0,1,0,1,0,0.243
2026,19.6,22.61,1,1,0,1,0,0,0,0,1,0,1,1,0,1,1,0.813
2026,19.6,1.23,1,0,1,0,0,0,0,0,0,0,0,1,0,1,0,0.464
2026,15.0,30.0,1,1,0,1,1,0,0,1,1,1,1,1,1,1,1,0.949
2026,16.0,2.84,1,1,1,1,1,0,0,0,1,1,1,0,0,1,1,0.956
2026,24.8,3.76,1,0,1,0,0,0,0,1,0,0,0,1,0,1,0,0.285
2026,21.6,8.37,1,1,1,0,0,0,0,0,0,0,0,0,0,1,1,0.566
2026,15.0,30.0,1,0,0,1,0,0,0,1,0,0,0,0,0,1,1,0.742
2026,23.9,6.99,1,1,1,1,1,0,0,0,0,0,0,1,0,1,1,0.769
2026,24.3,1.26,1,0,0,0,1,0,1,0,1,0,0,1,0,1,1,0.585
2026,15.0,2.8,0,0,0,1,0,0,0,0,0,0,0,0,0,1,1,0.516
2026,15.0,8.89,0,0,0,0,0,0,0,0,0,0,0,0,0,1,0,0.266
2026,21.2,6.4,1,0,0,1,1,0,0,1,0,0,0,0,0,1,1,0.657
2026,19.9,11.96,1,1,1,0,1,0,0,0,0,0,0,1,0,1,1,0.537
2026,19.9,2.1,1,0,1,1,1,0,0,0,0,0,0,1,0,1,1,0.776
2026,21.0,10.26,1,1,0,1,0,1,0,0,0,0,0,1,0,1,1,0.848
2026,21.6,7.84,1,1,0,1,1,1,0,0,0,0,0,1,0,1,1,0.838
2026,24.2,11.53,1,1,1,0,1,0,0,1,0,1,0,1,1,1,1,0.713
2026,16.7,16.55,1,1,0,1,1,1,0,0,0,1,0,0,0,1,1,0.787
2026,15.0,4.27,1,1,0,0,0,0,0,0,0,0,0,0,0,1,0,0.393
2026,15.0,5.53,1,1,0,1,0,1,0,1,0,0,0,1,0,1,1,0.766
2026,15.0,4.4,1,0,0,0,0,0,0,1,0,0,0,0,0,1,0,0.312
2026,15.0,5.28,0,0,1,0,0,0,0,0,1,1,0,1,0,1,0,0.484
2026,19.4,4.6,1,1,0,1,1,0,0,0,1,0,1,1,0,1,1,0.804
2026,15.0,3.54,1,1,0,0,0,0,0,0,0,0,0,1,0,1,0,0.371
2026,20.1,3.01,1,1,1,1,1,0,0,1,0,0,0,1,0,1,1,0.867
2026,18.3,2.63,1,1,1,1,0,0,0,0,1,0,0,1,0,1,1,0.919
2026,16.8,12.81,1,0,0,0,1,0,0,0,0,0,0,0,0,1,0,0.351
2026,23.2,17.55,1,1,1,1,1,0,0,1,1,0,0,1,1,1,1,0.89
2026,23.8,12.27,1,1,1,0,1,1,0,1,0,1,0,1,0,1,1,0.746
2026,17.2,13.69,1,1,1,0,1,1,0,1,0,0,0,1,1,1,1,0.705
2026,17.9,8.75,0,1,1,1,1,1,0,0,1,0,0,1,0,1,1,0.89
2026,19.7,6.35,1,0,0,0,0,0,0,0,0,0,0,1,1,1,0,0.268
2026,21.8,6.46,1,0,0,1,0,0,0,1,0,0,0,0,0,1,1,0.652
2026,15.0,3.69,1,1,1,1,1,0,0,0,1,1,0,1,1,1,1,0.922
2026,24.7,10.09,1,1,1,1,1,0,0,0,1,0,0,0,0,1,1,0.827
2026,24.8,1.92,1,0,0,0,1,0,0,1,0,0,0,0,0,1,0,0.412
2026,15.0,30.0,1,1,0,1,0,0,0,0,1,1,0,1,0,1,1,0.803
2026,15.9,6.06,0,1,0,1,1,0,0,1,0,0,0,1,0,1,1,0.694
2026,19.1,15.35,1,1,1,1,0,0,0,1,1,0,0,0,0,1,1,0.826
2026,18.0,0.45,0,0,0,0,0,0,0,1,0,0,0,0,0,1,0,0.326
2026,22.0,0.6,1,1,1,1,0,0,0,1,0,0,0,1,0,1,1,0.572
2026,19.1,30.0,0,0,0,0,0,0,0,0,0,0,0,0,0,1,0,0.339
2026,24.9,6.22,1,0,1,1,1,0,0,0,1,0,0,0,0,1,1,0.677
2026,20.3,11.18,1,1,1,1,1,1,0,1,0,0,1,0,1,1,1,0.939
2026,20.3,2.55,1,1,0,1,0,0,0,0,0,0,0,1,0,1,1,0.751
2026,21.0,15.96,1,1,0,1,1,0,0,0,0,1,0,0,0,1,1,0.692
2026,15.0,5.65,1,0,0,0,0,0,0,0,0,0,0,0,0,1,0,0.367
2026,22.9,5.32,1,1,0,1,1,1,1,1,1,0,0,0,0,1,1,0.885
2026,22.9,14.93,1,1,0,1,1,0,0,0,0,0,0,1,0,1,1,0.711
2026,21.0,2.82,0,0,0,0,0,0,1,0,0,0,0,1,0,1,0,0.198
2026,24.2,4.03,1,1,1,1,1,0,0,1,0,0,0,0,0,1,1,0.784
2026,23.7,30.0,1,1,1,0,1,0,0,0,1,0,0,1,0,1,1,0.592
2026,15.0,10.16,1,1,1,1,1,0,0,1,0,0,0,1,0,1,1,0.896
2026,15.0,2.65,1,1,0,0,1,1,0,0,1,0,0,0,0,1,1,0.603
2026,15.0,3.59,1,0,0,0,0,0,0,0,0,0,0,0,0,1,0,0.329
2026,19.9,8.8,1,1,1,1,1,1,0,1,0,0,0,1,0,1,1,0.916
2026,15.0,30.0,1,1,0,1,1,1,0,0,1,0,0,1,0,1,1,0.886
2026,17.9,21.64,1,1,1,1,1,0,1,0,1,1,0,1,0,1,1,0.882
2026,22.3,3.02,1,1,0,1,1,0,0,1,0,0,0,0,0,1,1,0.719
2026,16.9,6.37,1,1,0,1,1,0,0,0,0,0,0,0,0,1,1,0.782
2026,17.9,30.0,0,0,1,0,0,1,0,1,0,1,0,0,0,1,0,0.429
2026,15.0,2.5,1,1,0,0,0,1,0,0,0,0,0,0,0,1,0,0.47
2026,22.1,19.04,1,1,1,1,1,1,0,0,1,0,0,1,0,1,1,0.923
2026,23.0,6.14,1,1,1,1,1,0,0,1,1,1,0,1,0,1,1,0.854
2026,23.1,4.35,1,1,0,0,1,0,0,0,1,0,0,0,0,1,0,0.302
2026,23.3,12.09,1,1,0,1,1,0,1,0,0,1,0,0,0,1,1,0.897
2026,15.2,21.81,1,1,0,0,0,0,0,0,0,0,0,1,0,1,0,0.33
2026,21.0,6.9,0,0,0,0,1,0,0,1,0,0,0,1,0,1,0,0.243
2026,19.5,8.41,1,1,1,0,0,0,0,0,0,0,0,1,0,1,1,0.546
2026,15.0,14.35,0,1,1,1,1,0,0,1,1,1,0,1,1,1,1,0.877
2026,21.2,1.32,0,0,0,1,1,0,0,0,1,0,0,0,0,1,1,0.637
2026,20.7,12.13,0,0,0,0,0,0,0,0,0,0,0,1,0,1,0,0.191
2026,22.7,3.9,0,0,1,0,0,0,0,0,0,0,0,1,0,1,0,0.315
2026,17.9,8.53,1,1,0,1,0,0,0,1,1,0,0,0,1,1,1,0.747
2026,16.3,14.18,1,1,1,1,1,0,0,0,0,0,0,1,0,1,1,0.847
2026,15.2,10.5,1,0,0,1,1,0,0,0,0,0,1,1,0,1,1,0.764
2026,20.6,6.92,1,1,0,1,0,0,0,0,1,0,0,0,0,1,1,0.709
2026,15.0,7.5,1,1,1,0,1,0,1,0,1,1,1,0,0,1,1,0.918
2026,24.5,7.0,0,1,1,1,1,0,1,0,0,0,0,1,0,1,1,0.874
2026,17.3,6.35,1,1,0,1,1,0,0,1,0,0,0,1,0,1,1,0.773
2026,15.1,30.0,0,0,0,0,0,0,0,0,0,0,0,0,0,1,0,0.346
2026,15.9,5.68,1,0,0,1,1,0,1,0,1,0,0,1,0,1,1,0.878
2026,23.3,7.74,0,0,0,0,0,0,0,0,1,0,0,0,0,1,0,0.234
2026,15.0,1.68,1,1,0,0,0,0,0,1,0,0,0,1,0,1,0,0.411
2026,15.0,7.29,1,1,1,1,1,0,0,1,0,0,0,0,0,1,1,0.835
2026,17.9,3.65,1,0,1,1,1,0,0,0,0,0,0,1,0,1,1,0.777
2026,15.0,7.84,0,1,0,0,0,0,0,0,1,1,0,0,0,1,0,0.407
2026,24.8,30.0,1,1,1,1,0,0,0,1,0,0,0,1,1,1,1,0.91
2026,19.5,30.0,1,0,1,1,1,0,0,1,0,0,0,1,0,1,1,0.802
2026,24.2,3.35,1,0,1,1,0,0,0,1,0,0,0,0,0,1,1,0.58
2026,16.6,4.29,0,1,1,0,1,0,0,0,0,0,0,0,0,1,1,0.631
2026,15.0,22.16,1,1,1,1,1,0,0,0,0,0,1,1,0,1,1,0.884
2026,18.3,30.0,1,1,1,1,1,0,0,1,0,1,0,1,1,1,1,0.903
2026,15.6,17.85,1,1,0,1,1,0,0,0,0,0,0,1,0,1,1,0.831
2026,15.0,3.15,1,1,0,1,1,0,0,0,1,1,0,1,1,1,1,0.894
2026,20.0,22.87,1,1,1,1,1,1,0,0,1,1,0,1,0,1,1,0.9
2026,23.6,21.55,1,1,0,1,1,0,0,1,0,0,0,0,0,1,1,0.758
2026,15.0,15.77,1,1,0,1,0,1,0,0,0,0,0,1,0,1,1,0.651
2026,21.1,2.41,1,1,0,0,0,0,0,0,0,1,0,0,1,1,0,0.467
2026,24.4,1.15,1,1,1,1,1,0,0,0,0,0,0,0,0,1,1,0.799
2026,18.4,12.59,1,0,0,1,1,0,0,1,0,0,0,1,0,1,1,0.636
2026,15.0,1.3,1,1,0,1,1,0,0,0,0,0,0,0,0,1,1,0.799
2026,24.7,4.57,1,1,0,0,0,0,0,0,0,0,0,0,0,1,0,0.335
2026,20.9,2.43,1,1,0,1,0,0,1,1,0,0,0,1,0,1,1,0.646
2026,22.8,30.0,0,0,0,1,0,0,0,1,0,0,0,0,1,1,0,0.457
2026,18.9,15.94,1,1,1,0,0,1,0,1,1,0,0,1,0,1,1,0.619
2026,21.3,10.3,1,1,1,0,0,0,0,0,0,0,0,1,0,1,1,0.595
2026,15.0,12.12,0,1,1,1,1,1,0,1,1,0,0,1,0,1,1,0.882
2026,18.3,5.51,1,1,0,1,1,0,0,0,0,0,1,0,0,1,1,0.758
2026,15.0,9.95,1,1,0,1,1,0,1,1,0,0,0,0,0,1,1,0.859
2026,15.0,5.09,1,1,1,1,1,0,0,1,1,0,1,1,1,1,1,0.894
2026,19.1,5.3,1,0,0,0,0,0,0,1,1,0,0,1,0,1,0,0.306
2026,15.0,4.41,1,1,1,1,1,0,0,0,0,0,0,1,0,1,1,0.83
2026,15.0,1.09,0,1,0,0,1,0,0,1,0,0,0,1,0,1,0,0.365
2026,23.6,13.51,0,0,0,0,0,0,0,0,0,0,0,0,0,1,0,0.461
2026,17.9,7.48,1,0,0,0,0,0,0,1,0,0,1,1,0,1,0,0.381
2026,15.0,4.13,1,1,1,0,1,0,0,1,0,1,1,1,0,1,1,0.834
2026,22.0,2.88,0,1,0,1,0,0,0,0,0,0,0,0,1,1,0,0.447
2026,22.0,5.89,1,1,1,0,0,0,0,0,0,0,0,0,0,1,0,0.495
2026,19.5,5.52,1,1,0,1,1,0,1,0,0,1,0,0,0,1,1,0.919
2026,15.0,3.9,0,1,0,0,0,0,0,1,0,0,0,0,0,1,0,0.287
2026,15.0,29.28,1,0,1,1,1,1,0,0,0,0,1,0,0,1,1,0.872
2026,21.8,30.0,1,1,1,1,0,0,0,0,0,1,0,0,0,1,1,0.744
2026,23.8,5.64,1,1,1,1,1,0,0,0,0,1,1,0,1,1,1,0.885
2026,23.3,2.48,1,0,0,1,1,0,0,1,0,0,0,1,0,1,1,0.635
2026,15.0,12.74,0,0,0,0,0,0,0,1,0,0,0,0,0,1,0,0.202
2026,20.2,8.24,1,1,1,1,1,1,0,0,1,0,0,1,1,1,1,0.935
2026,15.0,5.26,1,0,0,1,0,0,0,0,0,0,0,0,0,1,1,0.717
2026,15.0,16.54,1,1,1,1,1,0,0,0,0,0,0,1,1,1,1,0.866
2026,20.5,17.12,1,0,0,1,1,0,0,1,0,0,1,1,0,1,1,0.894
2026,24.2,0.88,1,0,0,0,0,0,0,0,0,0,0,0,0,1,0,0.484
2026,22.6,27.31,1,1,0,1,1,0,0,1,0,0,0,1,0,1,1,0.81
2026,22.7,9.66,1,0,1,1,0,0,0,1,0,0,0,1,0,1,1,0.616
2026,20.7,6.43,0,1,0,1,1,0,0,0,0,0,0,0,0,1,1,0.675
2026,15.0,27.47,0,1,0,1,0,1,0,0,0,0,0,0,0,1,1,0.791
2026,15.0,6.66,0,0,0,0,0,0,0,1,0,0,0,1,0,1,0,0.223
2026,22.1,3.0,0,0,0,1,1,0,0,0,0,0,0,0,0,1,1,0.508
2026,24.4,10.59,1,1,0,0,0,0,0,0,0,0,0,1,0,1,0,0.246
2026,17.7,14.26,0,0,0,0,0,0,0,0,0,0,0,1,1,1,0,0.274
2026,15.0,19.17,1,0,0,1,0,0,0,0,0,1,0,0,0,1,1,0.808
2026,15.0,30.0,1,1,1,1,1,0,0,0,1,1,0,1,0,1,1,0.863
2026,18.1,17.5,1,0,0,0,0,0,0,0,0,0,0,1,0,1,0,0.297
2026,15.0,11.82,1,1,1,0,0,0,0,0,0,0,0,0,0,1,1,0.541
2026,20.1,10.22,1,0,1,0,0,0,0,0,0,0,0,1,0,1,0,0.438
2026,22.5,6.68,1,0,0,0,0,0,0,0,0,0,0,1,0,1,0,0.324
2026,23.1,7.43,1,1,1,0,0,0,0,0,0,0,0,0,0,1,1,0.518
2026,15.0,6.41,1,0,1,0,0,0,0,1,0,0,0,1,1,1,0,0.383
2026,22.5,2.33,1,1,1,1,1,0,1,0,1,1,1,1,1,1,1,0.931
2026,24.3,19.29,1,1,0,1,1,0,0,1,0,0,0,1,1,1,1,0.887
2026,15.0,24.26,1,1,0,0,0,0,0,0,0,0,0,0,0,1,0,0.492
2026,16.3,2.65,1,1,0,1,1,0,0,0,1,0,0,0,0,1,1,0.846
2026,18.9,1.79,1,1,1,0,0,0,1,1,0,0,0,1,0,1,0,0.421
2026,21.6,13.04,1,1,1,0,1,0,0,0,1,0,0,1,1,1,1,0.772
2026,15.0,4.13,1,1,1,1,1,0,1,0,0,0,0,0,0,1,1,0.946
2026,23.2,3.67,1,1,0,1,0,0,0,1,0,0,0,0,0,1,1,0.686
2026,16.6,10.09,0,0,0,1,1,0,0,0,0,0,0,0,0,1,1,0.647
2026,22.6,18.42,0,0,0,0,1,0,0,0,0,0,0,0,0,1,0,0.414
2026,18.7,5.06,1,1,0,1,0,0,0,0,0,0,1,1,0,1,1,0.613
2026,23.6,3.95,1,0,0,0,1,0,1,0,1,0,1,1,0,1,1,0.689
2026,18.7,6.63,1,0,1,0,0,0,0,0,0,0,0,1,1,1,0,0.351
2026,22.1,30.0,1,1,1,1,1,0,0,0,0,1,0,0,1,1,1,0.85
2026,15.0,12.47,1,1,0,1,1,0,0,1,1,0,0,1,1,1,1,0.836
2026,17.8,7.73,1,1,1,1,1,1,1,1,1,1,0,1,0,1,1,0.97
2026,23.5,21.42,1,1,1,1,1,0,1,1,1,0,0,1,0,1,1,0.91
2026,24.1,5.59,1,1,0,1,0,0,0,0,0,0,0,0,0,1,1,0.761
2026,15.0,1.04,1,1,1,0,0,0,0,1,0,0,1,0,0,1,1,0.598
2026,23.9,4.42,1,0,0,1,0,0,0,0,0,0,0,1,0,1,1,0.572
2026,15.0,1.1,1,1,1,1,1,0,0,1,0,0,0,1,0,1,1,0.864
2026,23.6,1.21,1,1,1,1,0,1,0,0,0,0,0,1,0,1,1,0.808
2026,22.5,27.28,1,0,1,1,1,0,0,1,0,0,0,0,0,1,1,0.684
2026,15.0,1.7,1,1,1,1,1,0,0,0,1,0,0,0,1,1,1,0.82
2026,15.0,3.79,0,0,0,0,0,0,0,0,0,0,0,1,0,1,0,0.241
2026,15.0,24.15,1,0,0,0,0,1,0,1,0,0,0,0,0,1,0,0.293
2026,18.6,9.11,1,1,0,1,1,0,0,1,1,1,1,1,0,1,1,0.828
2026,18.2,7.23,1,1,0,1,1,1,0,0,1,1,1,0,0,1,1,0.815
2026,24.6,30.0,1,1,1,0,0,0,0,0,1,1,0,1,0,1,1,0.613
2026,15.0,30.0,1,1,0,0,0,0,0,0,1,0,0,1,0,1,0,0.44
2026,18.9,17.48,1,1,0,1,1,0,0,0,0,0,0,1,0,1,1,0.781
2026,15.0,3.8,1,0,1,1,0,0,0,0,0,0,0,0,0,1,1,0.763
2026,23.9,30.0,1,0,1,1,1,0,0,0,0,0,0,0,0,1,1,0.665
2026,20.4,12.8,1,1,1,1,0,0,0,1,0,0,0,0,0,1,1,0.873
2026,15.0,25.61,1,1,0,1,1,0,0,0,0,0,1,0,0,1,1,0.868
2026,15.0,0.05,0,0,0,1,1,0,0,0,1,0,0,1,0,1,1,0.759
2026,20.4,5.64,1,1,0,0,0,0,0,0,0,0,0,0,0,1,0,0.446
2026,23.6,15.72,1,1,1,0,1,0,0,1,0,0,0,0,0,1,0,0.457
2026,16.4,7.38,1,1,1,1,1,0,0,0,1,0,1,1,0,1,1,0.925
2026,24.1,1.47,0,0,0,0,0,0,0,0,0,0,1,1,0,1,0,0.218
2026,15.0,1.0,1,0,1,0,0,0,0,1,0,1,0,0,1,1,1,0.51
2026,15.0,1.32,1,0,1,1,1,0,0,0,0,0,0,0,1,1,1,0.778
2026,15.0,12.97,0,1,1,1,1,0,0,0,0,1,1,1,0,1,1,0.884
2026,15.0,2.74,1,1,0,1,1,0,0,0,0,0,0,1,0,1,1,0.775
2026,19.4,2.78,1,1,1,1,1,1,1,1,1,0,0,1,1,1,1,0.974
2026,23.4,27.46,1,1,0,1,0,0,0,0,0,0,0,0,0,1,1,0.766
2026,15.0,1.7,1,1,0,1,1,0,0,1,1,1,1,1,0,1,1,0.86
2026,21.5,21.45,0,0,0,0,0,0,0,0,0,0,0,0,0,1,0,0.395
2026,15.0,4.56,1,1,1,1,0,0,0,1,0,0,1,0,0,1,1,0.805
2026,18.7,2.68,1,1,1,1,1,0,0,1,0,0,1,0,0,1,1,0.789
2026,22.7,8.15,1,0,0,1,0,0,0,1,1,0,0,1,0,1,1,0.615
2026,15.5,8.53,1,1,0,0,0,0,0,1,1,0,0,1,0,1,0,0.384
2026,21.2,0.99,1,1,1,1,0,0,0,0,1,0,0,1,0,1,1,0.608
2026,24.6,5.79,1,1,0,1,1,0,0,0,0,0,0,1,0,1,1,0.832
2026,15.0,30.0,0,1,0,1,0,1,0,1,0,0,1,0,0,1,1,0.729
2026,24.5,5.94,0,1,0,1,1,0,0,0,0,0,0,1,0,1,1,0.69
2026,15.3,2.37,1,0,0,0,0,0,0,1,1,0,0,1,0,1,0,0.273
2026,23.8,7.64,1,0,1,1,0,0,0,1,0,0,1,1,0,1,1,0.742
2026,18.6,3.18,1,1,1,0,0,0,0,0,0,0,0,1,0,1,0,0.477
2026,15.0,2.18,1,1,1,1,1,1,0,1,0,1,0,1,0,1,1,0.883
2026,15.0,22.5,1,0,0,1,1,0,0,1,0,0,0,1,0,1,1,0.715
2026,24.3,7.56,1,0,0,1,1,0,0,1,0,0,0,0,0,1,1,0.593
2026,15.0,30.0,1,1,1,0,0,0,0,0,1,0,0,1,0,1,1,0.536
2026,15.0,7.34,1,1,1,1,1,0,0,0,1,0,0,1,0,1,1,0.852
2026,15.0,3.48,1,1,0,1,1,0,0,0,0,1,0,1,0,1,1,0.841
2026,21.0,10.71,1,0,1,1,0,0,1,0,0,0,0,0,1,1,1,0.689
2026,23.8,30.0,0,1,0,1,1,0,0,0,0,0,0,0,0,1,1,0.655
2026,20.8,3.55,1,0,0,1,1,0,0,1,1,0,0,1,0,1,1,0.735
2026,16.8,16.83,1,1,1,1,0,0,0,0,0,0,1,0,0,1,1,0.773
2026,24.8,13.05,0,0,1,1,0,0,0,1,0,0,0,0,0,1,0,0.343
2026,22.5,0.69,1,1,1,1,0,0,0,0,0,0,0,1,0,1,1,0.515
2026,15.0,15.18,1,1,0,1,1,0,0,0,0,0,0,0,0,1,1,0.721
2026,15.0,30.0,1,1,0,1,1,0,0,1,0,0,0,0,0,1,1,0.814
2026,18.4,18.32,1,1,0,1,1,1,0,1,0,1,0,0,0,1,1,0.819
2026,16.7,2.37,1,1,0,1,1,0,0,1,1,0,0,0,0,1,1,0.8
2026,21.5,3.02,1,1,1,1,0,0,1,0,0,0,0,1,0,1,1,0.822
2026,19.3,2.1,1,1,0,1,1,0,0,0,1,0,0,1,0,1,1,0.771
2026,24.4,11.48,1,1,0,0,0,0,0,1,0,0,0,1,0,1,0,0.341
2026,16.2,8.55,0,0,0,1,1,0,0,1,1,0,0,1,0,1,1,0.552
2026,15.0,30.0,1,0,1,0,1,0,0,0,0,0,0,0,0,1,0,0.421
2026,15.0,8.51,0,0,0,1,0,0,0,0,0,1,0,0,0,1,1,0.695
2026,15.0,30.0,0,0,0,0,0,0,0,1,0,0,0,0,0,1,0,0.282
2026,16.9,30.0,1,1,1,1,0,0,0,0,1,1,0,1,0,1,1,0.7
2026,22.9,28.11,1,0,0,0,0,0,0,0,0,0,0,1,0,1,0,0.347
2026,15.0,6.22,1,0,0,1,1,0,0,0,1,0,0,0,0,1,1,0.742
2026,23.2,1.74,1,1,1,1,1,0,0,0,0,0,0,0,1,1,1,0.806
2026,15.0,1.09,0,1,0,0,0,0,0,0,0,0,0,0,0,1,0,0.375
2026,16.8,7.21,1,1,1,1,1,0,0,1,0,0,1,1,0,1,1,0.829
2026,22.2,0.99,0,0,0,1,0,0,0,0,0,1,0,1,0,1,1,0.574
2026,21.5,8.95,1,1,1,1,1,0,0,0,0,1,0,1,1,1,1,0.907
2026,18.0,8.72,1,0,0,0,1,0,0,1,1,0,0,1,0,1,0,0.387
2026,19.2,18.48,1,1,0,1,1,0,0,0,0,0,0,1,0,1,1,0.779
2026,22.5,3.77,1,1,0,1,0,1,0,0,1,1,0,0,1,1,1,0.894
2026,19.2,0.92,1,0,0,0,0,0,1,0,0,0,0,1,0,1,0,0.391
2026,15.0,16.52,1,1,1,0,1,0,0,0,0,0,0,1,0,1,1,0.605
2026,23.9,0.8,0,0,0,0,1,0,0,0,0,0,0,0,0,1,0,0.323
2026,20.7,2.64,1,0,0,1,0,1,0,1,0,0,0,0,0,1,1,0.674
2026,23.4,18.67,1,1,0,0,0,0,0,0,0,0,0,1,0,1,0,0.474
2026,23.5,13.32,0,1,0,1,1,0,0,0,0,1,1,0,0,1,1,0.827
2026,15.0,30.0,1,1,1,0,0,0,0,0,0,0,1,1,0,1,1,0.612
2026,22.3,21.43,0,1,1,1,1,0,1,0,1,0,0,0,0,1,1,0.818
2026,19.6,4.6,0,0,0,0,0,0,0,0,1,0,0,0,0,1,0,0.28
2026,15.0,2.08,1,1,1,1,1,0,1,0,0,0,0,1,0,1,1,0.896
2026,15.0,24.24,1,1,0,1,1,1,1,1,1,1,0,1,1,1,1,0.956
2026,18.9,28.24,0,0,0,0,1,0,0,1,0,0,0,0,0,1,0,0.448
2026,15.0,1.34,0,0,0,1,1,0,0,1,0,1,0,1,0,1,1,0.689
2026,15.0,6.63,1,1,0,0,0,0,0,1,0,0,0,1,0,1,0,0.43
2026,22.7,2.76,1,1,1,0,0,0,0,0,0,0,0,1,0,1,1,0.513
2026,18.2,30.0,1,0,0,0,0,0,0,1,0,0,0,1,0,1,0,0.288
2026,15.0,10.75,1,1,1,1,1,1,0,1,0,0,0,1,0,1,1,0.892
2026,15.0,2.01,1,0,0,0,1,0,0,0,0,0,0,1,1,1,0,0.393
2026,24.2,7.29,1,1,0,1,1,0,0,0,0,0,0,1,0,1,1,0.804
2026,20.9,1.85,1,1,1,1,1,0,1,0,1,0,0,0,0,1,1,0.832
2026,21.7,3.46,0,0,0,0,0,0,0,0,0,0,0,1,0,1,0,0.235
2026,20.8,20.88,1,1,1,0,0,0,0,0,1,0,0,1,0,1,1,0.58
2026,22.0,1.49,1,1,1,1,1,0,0,0,1,0,0,0,0,1,1,0.793
2026,22.2,10.15,0,1,0,0,0,0,0,0,0,0,0,1,0,1,0,0.336
2026,24.5,9.0,1,1,1,1,0,1,0,0,1,0,1,1,0,1,1,0.636
2026,15.0,3.84,0,0,0,0,0,0,1,0,1,0,0,0,1,1,0,0.265
2026,15.0,4.58,0,1,0,1,0,0,0,0,0,0,0,0,0,1,1,0.605
2026,19.3,10.14,1,1,1,1,1,0,0,0,0,0,0,1,0,1,1,0.882
2026,19.8,7.67,1,0,1,1,0,0,0,1,0,0,0,0,0,1,1,0.686
2026,22.2,30.0,1,0,0,0,0,0,0,0,1,0,0,1,0,1,0,0.396
2026,15.0,2.98,1,0,1,1,1,0,0,1,0,0,0,1,0,1,1,0.772
2026,15.0,2.67,0,1,1,0,1,0,0,1,1,0,0,1,1,1,1,0.697
2026,21.0,8.3,1,1,0,0,0,0,0,0,0,1,0,1,0,1,1,0.533
2026,24.3,6.21,0,0,0,0,1,0,0,1,0,0,0,1,0,1,0,0.328
2026,23.5,10.57,1,1,1,1,1,1,1,0,1,1,0,1,1,1,1,0.952
2026,15.0,3.36,0,1,0,0,0,0,0,1,0,0,0,1,0,1,0,0.227
2026,23.5,3.43,0,0,0,0,0,0,0,0,0,0,0,1,0,1,0,0.191
2026,15.9,30.0,1,1,0,1,1,0,0,0,0,0,0,1,0,1,1,0.864
2026,15.0,5.19,1,1,1,1,1,1,0,1,1,1,1,1,1,1,1,0.935
2026,15.0,4.85,0,0,0,0,1,0,0,1,0,0,0,0,0,1,0,0.221
2026,24.5,0.55,1,1,1,1,1,0,0,0,0,1,0,1,0,1,1,0.73
2026,23.5,2.42,1,0,0,0,1,1,0,0,0,0,0,1,0,1,0,0.398
2026,20.1,4.3,1,1,0,1,1,0,0,0,0,0,0,0,0,1,1,0.753
2026,15.7,20.45,1,1,1,1,1,0,0,1,0,1,0,1,0,1,1,0.929
2026,15.0,4.48,1,1,1,1,1,0,0,1,1,0,0,1,0,1,1,0.854
2026,22.6,2.37,1,1,0,1,0,0,1,1,0,0,0,1,0,1,1,0.647
2026,19.9,2.67,1,0,0,1,1,0,1,1,0,0,1,1,0,1,1,0.867
2026,20.0,3.41,1,1,0,1,0,1,0,0,1,1,0,0,0,1,1,0.798
2026,15.0,0.5,1,0,1,0,0,0,0,1,0,0,0,0,1,1,1,0.648
2026,18.1,15.35,0,1,0,1,0,0,0,0,0,0,0,0,0,1,1,0.562
2026,22.6,30.0,1,1,1,0,0,0,0,0,0,1,0,0,0,1,1,0.721
2026,21.8,18.01,0,0,0,0,1,0,1,1,0,1,1,1,0,1,1,0.628
2026,15.0,1.29,1,1,0,0,1,1,0,0,1,0,0,1,0,1,1,0.648
2026,15.0,4.94,1,0,0,1,0,0,0,0,0,0,0,0,1,1,1,0.587
2026,19.0,10.93,1,1,0,0,1,0,0,0,0,0,0,0,0,1,0,0.49
2026,21.6,0.45,1,1,0,1,0,0,0,1,0,0,0,1,0,1,1,0.585
2026,24.4,4.18,1,1,1,1,0,0,0,1,0,0,0,1,1,1,1,0.828
2026,23.4,8.87,0,0,0,0,0,0,0,1,0,0,0,0,0,1,0,0.207
2026,21.6,30.0,1,1,0,0,1,0,0,0,0,0,0,1,1,1,1,0.597
2026,22.3,7.99,1,1,1,0,1,0,0,1,0,0,0,1,1,1,1,0.566
2026,15.0,3.53,1,1,1,0,0,0,0,0,0,0,0,0,0,1,1,0.574
2026,15.9,13.29,1,0,1,0,0,0,0,1,0,0,0,1,0,1,0,0.437
2026,21.1,30.0,0,0,0,0,0,0,0,0,0,0,0,0,0,1,0,0.356
2026,18.4,3.35,1,1,0,1,1,0,0,0,0,0,0,0,1,1,1,0.788
2026,19.1,2.26,1,1,0,0,0,0,0,1,0,0,0,1,0,1,0,0.311
2026,21.4,9.37,1,0,0,0,1,0,0,0,0,0,0,1,0,1,0,0.378
2026,22.4,6.4,1,1,0,0,0,0,0,0,1,0,0,0,1,1,1,0.554
2026,16.2,14.99,1,1,1,1,1,0,0,0,0,0,1,1,0,1,1,0.863
2026,23.5,7.65,0,1,0,0,1,0,0,0,0,1,0,1,0,1,0,0.442
2026,23.4,29.59,1,1,1,1,1,0,0,0,0,1,0,0,1,1,1,0.856
2026,18.4,8.12,1,1,0,0,0,0,0,0,0,0,0,1,1,1,0,0.349
2026,23.0,0.49,0,0,0,0,0,0,0,1,0,0,0,0,0,1,0,0.275
2026,15.0,3.03,1,1,0,1,1,0,0,0,0,0,1,1,0,1,1,0.817
2026,24.6,6.31,1,1,0,0,0,1,0,0,1,0,0,1,0,1,1,0.517
2026,15.0,0.2,0,0,0,1,0,0,0,0,0,0,1,0,0,1,1,0.595
2026,17.6,0.73,0,0,0,0,0,0,0,0,1,0,0,0,0,1,0,0.224
2026,21.8,3.1,1,1,1,1,0,0,0,1,0,0,0,1,0,1,1,0.769
2026,17.6,2.26,1,1,0,1,0,0,0,1,1,0,1,0,0,1,1,0.708
2026,21.3,27.74,1,0,0,1,0,0,1,1,0,0,0,1,0,1,1,0.759
2026,15.0,6.63,1,1,0,1,0,0,0,0,0,0,0,0,0,1,1,0.792
2026,16.6,1.56,1,1,0,0,1,1,0,0,1,0,0,1,0,1,1,0.701
2026,15.0,1.04,0,1,1,1,1,0,1,0,0,1,0,1,0,1,1,0.89
2026,19.8,10.94,1,1,1,1,1,1,1,0,1,0,0,0,0,1,1,0.954
2026,21.2,18.67,1,1,1,0,1,0,0,1,0,0,1,0,0,1,1,0.817
2026,15.0,6.46,1,1,1,1,1,0,0,1,0,1,1,1,0,1,1,0.94
2026,23.6,5.61,0,0,0,1,0,0,0,0,0,0,1,0,0,1,1,0.628
2026,24.4,2.88,0,0,1,0,0,0,0,0,0,0,0,1,1,1,0,0.28
2026,23.3,7.0,0,0,0,0,1,0,0,0,0,0,0,0,0,1,0,0.342
2026,24.6,29.92,1,1,1,0,1,0,0,0,0,0,0,0,0,1,1,0.684
2026,18.6,3.21,1,1,1,0,1,0,0,0,0,0,0,0,0,1,1,0.523
2026,18.2,1.07,1,1,0,1,1,1,0,1,0,0,0,1,0,1,1,0.836
2026,24.8,15.32,1,1,1,1,1,1,0,1,0,1,1,1,0,1,1,0.918
2026,15.0,3.95,1,0,1,1,0,0,0,0,1,0,0,0,0,1,1,0.82
2026,23.3,7.23,1,1,1,1,1,1,1,0,0,0,0,0,1,1,1,0.946
2026,15.1,5.29,1,1,0,1,1,0,0,1,0,0,1,1,0,1,1,0.796
2026,15.0,8.93,1,1,1,1,0,0,0,1,1,0,0,1,0,1,1,0.9
2026,16.4,11.81,1,0,0,0,0,0,0,0,0,0,0,0,0,1,0,0.339
2026,17.0,6.7,1,1,0,1,0,0,0,0,0,0,0,0,0,1,1,0.666
2026,23.0,16.19,1,1,1,0,0,1,0,1,1,1,1,1,1,1,1,0.589
2026,21.3,20.12,1,1,0,1,1,0,1,1,0,0,0,0,0,1,1,0.922
2026,21.8,3.38,1,1,0,0,1,0,1,0,1,1,0,1,0,1,1,0.578
2026,15.0,6.26,1,0,0,1,1,0,0,0,0,0,0,1,0,1,1,0.743
2026,24.2,1.01,0,1,0,1,1,0,0,1,1,1,0,1,0,1,1,0.694
2026,22.9,30.0,1,1,1,1,1,0,0,0,1,0,0,0,0,1,1,0.762
2026,16.6,2.28,1,0,0,1,1,0,0,1,0,0,0,1,0,1,1,0.68
2026,24.1,5.3,1,1,1,1,0,1,0,1,1,1,0,0,0,1,1,0.654
2026,24.4,7.04,1,1,0,0,0,0,0,0,0,0,0,1,1,1,1,0.551
2026,20.8,1.18,1,1,0,1,1,0,0,1,1,0,0,1,0,1,1,0.789
2026,15.0,2.2,1,1,0,0,0,0,0,1,0,0,0,0,0,1,0,0.395
2026,18.9,17.04,1,1,1,1,1,0,0,0,1,0,1,1,0,1,1,0.892
2026,16.6,13.14,1,1,1,1,1,0,0,0,0,1,0,0,0,1,1,0.912
2026,24.9,11.86,1,0,0,1,1,0,1,0,0,0,0,1,0,1,1,0.734
2026,18.9,8.46,1,1,1,1,1,0,0,1,0,0,0,1,0,1,1,0.869
2026,15.0,2.68,1,1,1,1,1,0,0,0,1,1,0,0,0,1,1,0.926
2026,23.4,5.35,1,0,0,0,0,0,1,1,0,0,0,0,0,1,0,0.32
2026,23.7,4.23,0,0,0,0,0,0,0,1,0,0,0,1,0,1,0,0.236
2026,15.0,7.6,1,1,1,0,0,0,0,1,1,0,1,0,1,1,1,0.667
2026,20.6,3.28,1,1,0,1,0,1,0,0,0,0,0,0,0,1,1,0.694
2026,22.0,18.54,1,1,0,1,1,0,0,0,0,0,1,0,1,1,1,0.87
2026,18.8,24.61,1,0,1,0,0,0,0,0,1,1,0,0,0,1,1,0.523
2026,15.0,4.61,1,1,0,1,0,1,0,1,1,0,0,0,0,1,1,0.706
2026,24.0,1.43,1,1,0,1,1,0,0,0,0,0,1,0,0,1,1,0.749
2026,24.5,7.19,1,1,0,1,1,0,1,1,1,1,1,1,1,1,1,0.946
2026,20.3,5.47,1,1,0,0,1,0,0,1,1,1,0,1,0,1,1,0.541
2026,24.8,27.24,1,1,0,0,1,1,0,0,0,0,0,0,0,1,1,0.66
2026,22.8,0.12,1,0,1,1,1,1,0,0,0,0,0,1,0,1,1,0.85
2026,19.8,18.37,1,0,1,0,1,0,0,0,0,0,0,0,0,1,1,0.567
2026,15.0,1.89,0,1,1,0,1,0,0,1,1,0,0,1,0,1,0,0.408
2026,15.0,30.0,1,1,1,0,0,0,0,1,0,0,0,0,0,1,0,0.497
2026,15.0,7.65,1,1,1,1,1,0,0,0,1,0,0,0,0,1,1,0.888
2026,15.0,17.07,1,1,0,0,1,0,0,0,0,0,0,0,1,1,1,0.56
2026,23.7,7.25,1,0,0,0,0,0,0,0,0,0,0,0,0,1,0,0.419
2026,15.0,4.81,1,0,0,1,0,0,0,0,0,0,0,0,0,1,1,0.597
2026,21.9,22.81,0,1,1,0,0,0,0,1,0,0,0,1,0,1,1,0.504
2026,15.0,1.71,1,1,1,1,1,0,0,0,1,1,0,1,1,1,1,0.81
2026,20.6,0.47,1,1,0,0,0,0,0,0,0,0,0,1,0,1,0,0.395
2026,20.7,4.09,1,1,1,1,1,0,1,0,0,1,0,0,0,1,1,0.919
2026,15.0,2.84,1,1,1,0,1,1,0,0,0,0,0,1,0,1,1,0.57
2026,16.0,30.0,1,0,1,0,1,0,0,0,1,0,0,1,1,1,1,0.617
2026,15.0,11.17,1,1,0,0,0,0,0,0,0,1,0,1,0,1,1,0.684
2026,15.0,3.74,1,1,1,1,1,1,0,1,1,1,0,1,0,1,1,0.952
2026,19.4,14.81,1,1,1,0,1,0,0,1,1,1,0,1,0,1,1,0.812
2026,15.0,5.96,1,1,1,1,1,0,0,0,0,0,0,1,0,1,1,0.863
2026,23.8,23.29,1,1,1,1,1,0,0,0,0,0,0,0,1,1,1,0.833
2026,15.0,7.94,1,1,0,0,0,0,0,1,1,0,0,1,0,1,0,0.423
2026,19.5,15.15,1,1,1,1,1,1,0,0,0,0,0,1,0,1,1,0.883
2026,15.0,19.06,0,0,0,0,1,1,0,1,0,0,0,0,0,1,0,0.373
2026,15.0,30.0,1,1,1,1,1,0,1,0,1,0,0,0,0,1,1,0.86
2026,15.0,9.65,0,0,0,0,0,0,0,0,0,0,0,1,0,1,0,0.232
2026,15.0,23.28,1,0,0,0,0,0,0,0,0,0,0,0,0,1,0,0.302
2026,15.0,16.42,1,1,1,1,1,0,0,1,0,0,0,0,1,1,1,0.82
2026,22.4,6.87,1,1,0,1,1,0,0,1,0,0,0,1,0,1,1,0.751
2026,21.2,10.58,1,1,0,0,0,1,0,0,1,0,0,0,0,1,0,0.34
2026,15.0,3.45,1,1,0,1,1,0,0,0,1,1,0,0,0,1,1,0.853
2026,22.0,16.32,1,0,0,0,1,0,0,0,0,1,0,0,0,1,1,0.502
2026,15.0,0.09,1,0,0,1,1,0,0,0,0,0,0,0,0,1,1,0.769
2026,15.4,30.0,1,1,1,1,1,0,0,0,1,1,0,1,0,1,1,0.835
2026,15.0,18.2,1,0,1,0,0,0,0,0,0,0,0,1,0,1,0,0.37
2026,15.0,5.78,1,0,0,0,0,0,0,0,0,0,0,0,0,1,0,0.373
2026,15.0,12.39,1,1,0,1,1,1,1,0,0,0,0,1,1,1,1,0.937
2026,15.0,1.15,1,1,0,1,1,0,0,0,0,0,0,1,0,1,1,0.832
2026,15.0,2.66,1,1,1,0,0,0,0,0,0,0,0,0,0,1,1,0.672
2026,17.8,1.08,1,0,0,1,1,0,0,1,0,0,1,1,0,1,1,0.765
2026,23.4,7.03,1,1,0,0,1,0,0,1,0,0,0,1,0,1,0,0.393
2026,18.3,2.25,1,1,0,1,0,0,0,0,0,1,0,1,0,1,1,0.743
2026,18.3,10.59,0,1,0,1,1,0,0,0,0,1,0,0,0,1,1,0.774
2026,22.2,4.26,0,1,0,0,1,0,0,0,0,0,0,0,0,1,0,0.385
2026,15.0,8.34,0,0,0,1,0,0,0,1,0,0,0,0,0,1,1,0.536
2026,19.1,11.5,1,1,0,0,0,0,1,1,1,0,0,0,1,1,0,0.412
2026,22.9,1.67,1,1,1,1,1,0,0,1,0,0,0,1,0,1,1,0.82
2026,15.0,1.71,0,1,0,0,1,1,0,0,0,0,0,0,0,1,0,0.304
2026,18.2,3.62,1,1,0,0,1,0,0,0,0,0,1,1,0,1,0,0.417
2026,23.6,0.28,1,1,0,1,1,0,0,0,0,0,0,0,0,1,1,0.798
2026,17.2,2.61,1,0,1,0,1,0,0,0,1,1,0,1,0,1,1,0.723
2026,20.5,25.06,0,0,0,0,0,0,0,0,0,0,0,1,0,1,0,0.22
2026,16.4,1.29,1,1,0,1,1,0,0,0,0,0,0,0,0,1,1,0.795
2026,21.7,13.36,1,1,1,1,1,0,0,0,0,0,0,1,1,1,1,0.906
2026,17.6,1.88,1,1,0,1,1,1,0,1,1,1,0,1,0,1,1,0.79
2026,15.7,9.6,1,0,0,0,0,0,0,1,0,0,0,1,0,1,0,0.324
2026,15.0,30.0,1,1,0,1,1,0,0,0,1,0,0,1,0,1,1,0.786
2026,21.7,6.2,1,1,0,1,0,0,0,1,0,0,0,0,0,1,1,0.741
2026,21.8,3.25,1,0,1,1,0,0,0,0,0,1,0,0,0,1,1,0.663
2026,21.7,4.92,1,1,1,1,1,0,0,0,1,0,0,1,1,1,1,0.794
2026,15.0,25.2,1,1,1,1,1,1,0,0,1,1,0,1,0,1,1,0.916
2026,20.0,6.49,0,0,0,0,0,0,0,0,0,0,0,0,0,1,0,0.367
2026,15.0,13.23,1,1,1,1,1,1,0,0,1,0,0,1,0,1,1,0.923
2026,17.3,7.1,1,1,1,1,1,0,0,1,1,0,0,0,0,1,1,0.865
2026,20.7,0.06,0,0,0,0,0,0,0,0,0,0,0,0,0,1,0,0.217
2026,22.0,4.25,1,1,1,0,0,0,1,0,1,1,0,1,1,1,1,0.648
2026,15.0,7.83,1,1,1,1,1,0,1,0,1,1,1,1,1,1,1,0.978
2026,19.8,18.35,0,1,0,0,1,0,0,0,0,0,0,1,0,1,1,0.56
2026,15.0,26.51,1,1,1,0,0,1,0,1,1,0,0,0,0,1,1,0.556
2026,15.5,19.81,1,1,1,0,1,0,0,1,0,0,1,0,0,1,1,0.812
2026,20.2,1.71,1,1,0,1,0,0,0,0,0,0,0,0,0,1,1,0.758
2026,18.8,6.21,1,0,0,1,1,0,0,1,0,0,0,1,0,1,1,0.727
2026,23.8,3.54,1,1,0,0,1,0,0,0,0,1,0,0,0,1,0,0.396
2026,22.3,30.0,1,1,1,1,1,0,0,0,0,0,0,0,1,1,1,0.827
2026,15.0,1.74,1,0,1,0,0,0,0,0,0,0,0,0,0,1,0,0.362
2026,18.7,9.06,1,1,1,1,1,0,0,1,1,1,0,0,0,1,1,0.883
2026,21.0,24.48,1,1,1,1,1,0,0,1,1,0,0,1,1,1,1,0.883
2026,15.0,15.77,1,0,0,1,1,0,0,1,0,0,1,1,0,1,1,0.747
2026,15.0,6.03,0,0,0,0,0,0,0,0,0,1,0,0,0,1,0,0.3
2026,15.0,3.42,1,1,0,1,1,0,0,0,1,0,0,0,0,1,1,0.818
2026,15.3,1.02,1,1,1,1,1,0,0,1,1,1,1,1,1,1,1,0.784
2026,23.6,11.06,0,1,1,1,0,0,0,0,0,0,0,0,0,1,1,0.59
2026,18.1,10.54,1,0,0,0,0,0,0,1,1,0,0,1,0,1,0,0.374
2026,24.5,10.56,1,1,1,0,1,0,1,0,0,0,0,1,0,1,0,0.366
2026,22.0,4.04,1,1,1,1,1,0,1,1,1,1,0,0,0,1,1,0.915
2026,15.0,13.0,1,0,1,0,1,0,0,0,0,0,0,1,0,1,0,0.438
2026,20.4,0.86,1,1,1,1,1,0,0,0,0,1,1,1,0,1,1,0.799
2026,18.3,11.89,0,0,0,0,1,1,0,0,1,0,0,1,0,1,0,0.442
2026,23.6,11.92,1,1,0,1,0,0,0,1,0,0,0,0,0,1,1,0.544
2026,20.8,1.15,1,1,0,1,1,0,0,0,0,1,1,1,0,1,1,0.798
2026,24.5,1.56,1,1,1,1,1,0,0,1,1,0,0,0,0,1,1,0.877
2026,22.7,0.07,1,1,1,1,1,0,0,0,0,0,0,0,0,1,1,0.563
2026,15.0,5.78,1,1,1,1,1,0,1,0,0,0,0,1,1,1,1,0.925
2026,18.5,2.59,1,1,1,0,1,0,0,1,0,0,0,0,0,1,1,0.726
2026,21.8,1.93,1,1,1,1,1,0,0,0,0,1,0,0,1,1,1,0.82
2026,20.4,10.39,1,1,1,1,1,0,0,0,0,0,1,1,0,1,1,0.899
2026,21.7,30.0,1,1,0,0,1,0,0,1,1,0,0,0,0,1,1,0.54
2026,17.0,2.05,1,1,1,1,1,0,1,0,1,0,0,1,1,1,1,0.879
2026,23.0,30.0,0,1,0,1,0,0,0,0,1,1,0,1,0,1,1,0.512
2026,20.6,30.0,1,0,0,0,0,0,0,0,0,1,1,1,0,1,1,0.576
2026,19.4,3.57,1,1,1,1,1,0,1,1,1,1,0,1,0,1,1,0.971
2026,24.6,18.57,1,1,0,0,0,0,0,1,0,0,0,0,0,1,1,0.522
2026,15.0,2.41,1,1,1,1,1,0,0,1,1,1,0,1,1,1,1,0.911
2026,19.8,10.57,0,0,0,1,0,0,0,0,0,1,0,1,0,1,1,0.636
2026,24.5,4.05,1,1,0,1,1,0,0,0,0,0,0,1,1,1,1,0.877
2026,15.0,30.0,1,1,0,0,1,0,0,0,1,0,0,0,0,1,0,0.452
2026,24.4,2.45,0,0,0,0,0,0,0,0,0,0,0,0,0,1,0,0.284
2026,18.8,5.61,1,1,1,1,0,0,0,0,1,0,0,1,0,1,1,0.82
2026,15.0,26.28,1,1,0,1,1,0,0,0,0,1,0,0,0,1,1,0.847
2026,19.9,10.49,1,1,1,1,1,0,1,1,1,1,1,1,0,1,1,0.963
2026,24.1,5.98,1,1,1,1,0,0,1,1,0,1,0,1,0,1,1,0.779
2026,15.0,2.29,1,1,1,0,0,0,0,0,0,1,0,1,0,1,1,0.642
2026,16.7,17.38,1,0,0,1,1,0,0,1,0,0,0,0,0,1,1,0.735
2026,18.3,0.19,1,1,1,1,1,0,0,1,0,0,0,1,0,1,1,0.934
2026,22.4,24.11,1,0,0,0,0,0,0,1,0,0,0,1,0,1,0,0.362
2026,20.8,30.0,1,0,1,1,1,0,1,1,1,0,1,1,1,1,1,0.92
2026,24.9,20.3,1,1,1,0,1,0,0,0,1,0,0,1,0,1,1,0.808
2026,24.6,0.91,0,0,0,1,1,0,0,0,0,0,0,0,0,1,1,0.677
2026,22.7,2.48,1,0,0,1,1,1,0,0,0,0,0,1,0,1,1,0.718
2026,15.8,12.69,0,0,0,1,1,0,0,0,0,0,0,1,0,1,1,0.583
2026,15.0,1.11,1,1,0,1,1,0,1,0,1,0,0,1,1,1,1,0.852
2026,16.9,0.3,1,1,1,1,1,1,0,0,0,0,0,1,0,1,1,0.861
2026,23.6,30.0,1,1,0,1,1,1,1,0,0,0,0,1,0,1,1,0.895
2026,20.5,30.0,1,1,0,1,0,1,0,0,0,1,0,0,0,1,1,0.672
2026,24.6,2.43,1,1,0,1,1,0,0,0,0,0,0,1,1,1,1,0.903
2026,24.1,7.82,1,0,0,0,0,0,1,0,0,0,0,1,0,1,0,0.287
2026,23.9,12.25,1,1,0,1,0,0,0,0,0,0,0,0,0,1,1,0.521
2026,18.6,0.59,0,0,0,0,1,0,0,0,0,1,1,1,0,1,0,0.303
2026,19.6,2.23,1,1,1,0,0,0,0,1,0,0,0,0,0,1,1,0.551
2026,24.1,2.95,1,1,0,1,1,1,1,1,0,0,0,1,0,1,1,0.898
2026,15.0,10.91,1,1,0,1,1,0,0,0,0,0,0,1,0,1,1,0.799
2026,24.3,0.75,1,1,1,1,0,0,0,1,1,1,0,1,0,1,1,0.811
2026,19.7,30.0,1,1,1,1,1,0,0,0,1,0,0,1,0,1,1,0.814
2026,15.0,0.61,1,1,0,0,0,0,0,1,1,0,1,1,0,1,0,0.434
2026,15.0,30.0,1,1,0,1,1,0,0,0,0,0,0,1,0,1,1,0.803
2026,15.0,0.79,1,0,0,1,0,0,0,0,0,0,0,0,0,1,1,0.77
2026,22.5,2.66,1,1,0,1,1,0,0,1,0,0,1,0,0,1,1,0.751
2026,15.0,13.38,1,1,1,1,0,1,0,0,0,0,1,0,0,1,1,0.831
2026,19.4,16.1,1,1,0,1,0,0,0,0,0,0,0,0,0,1,1,0.574
2026,21.9,24.13,1,1,1,1,0,0,0,1,0,0,1,1,0,1,1,0.923
2026,23.6,13.4,1,0,0,0,0,0,0,0,0,0,0,0,0,1,0,0.458
2026,24.0,5.36,1,1,1,1,1,1,0,1,0,0,0,1,0,1,1,0.805
2026,15.0,1.73,1,1,1,1,1,0,0,0,1,1,1,1,0,1,1,0.914
2026,24.6,1.46,0,1,1,1,1,0,0,1,0,0,0,1,0,1,1,0.871
2026,24.5,8.08,1,0,0,1,0,1,0,0,0,0,0,1,1,1,1,0.534
2026,23.8,9.25,1,1,0,0,1,0,0,1,1,1,0,0,1,1,1,0.649
2026,21.9,30.0,1,1,0,0,1,1,0,1,1,0,0,0,0,1,1,0.661
2026,16.3,0.97,1,1,1,1,0,0,0,1,0,1,0,1,0,1,1,0.648
2026,23.2,15.91,1,0,0,0,0,0,0,1,0,0,0,1,0,1,0,0.225
2026,24.8,1.38,1,0,0,1,1,0,0,0,0,0,0,0,0,1,1,0.748
2026,15.0,7.05,1,1,0,0,1,0,0,0,1,0,0,1,0,1,0,0.403
2026,23.6,30.0,1,1,1,1,0,0,1,1,1,1,0,1,1,1,1,0.863
2026,17.6,12.3,1,1,0,1,1,0,0,0,0,0,0,1,0,1,1,0.668
2026,23.1,0.57,0,0,1,0,1,0,0,1,0,0,0,0,0,1,1,0.582
2026,15.0,25.14,0,1,1,1,0,0,0,0,1,0,0,0,0,1,1,0.763
2026,17.2,5.53,1,0,1,1,1,0,0,0,0,0,0,1,0,1,1,0.728
2026,24.3,5.1,1,0,0,1,1,0,1,0,0,0,0,0,0,1,1,0.828
2026,20.2,18.58,0,0,0,1,1,0,0,0,0,1,1,0,0,1,1,0.857
2026,15.0,5.37,1,1,1,1,1,1,1,0,1,0,0,1,0,1,1,0.933
2026,15.2,0.59,1,1,1,1,0,0,0,1,0,1,1,1,0,1,1,0.682
2026,15.0,12.87,0,0,0,1,0,0,0,1,0,0,0,0,0,1,0,0.431
2026,15.0,4.22,1,1,0,1,0,0,0,0,1,0,0,0,0,1,1,0.724
2026,15.0,23.9,0,0,0,0,0,0,0,1,0,0,0,1,0,1,0,0.237
2026,15.0,30.0,0,0,1,1,1,0,0,1,0,0,0,1,1,1,1,0.71
2026,15.0,30.0,0,1,0,0,0,0,0,0,0,0,1,0,0,1,0,0.459
2026,24.6,10.27,1,1,0,1,1,0,1,0,0,1,0,0,0,1,1,0.922
2026,15.0,3.91,0,0,0,0,0,0,0,0,0,0,0,1,0,1,0,0.241
2026,20.7,1.47,1,1,0,1,1,0,0,0,0,0,0,0,0,1,1,0.76
2026,15.0,8.57,1,0,0,1,1,0,0,0,0,0,0,1,0,1,1,0.682
2026,15.0,10.28,0,0,0,0,0,0,0,1,0,0,0,1,1,1,0,0.221
2026,24.0,1.86,0,1,1,0,0,1,0,0,0,0,0,0,0,1,0,0.242
2026,17.1,5.32,1,1,1,1,1,0,0,0,0,0,0,1,0,1,1,0.839
2026,24.4,2.62,1,1,1,1,1,1,0,0,0,0,1,0,0,1,1,0.808
2026,23.3,11.28,1,0,0,1,1,0,1,0,0,1,0,1,0,1,1,0.901
2026,16.6,1.43,1,1,1,1,1,1,0,0,1,1,0,0,0,1,1,0.851
2026,23.9,0.32,1,1,1,1,1,0,0,1,1,0,0,1,1,1,1,0.88
2026,18.6,5.37,1,1,1,1,0,0,0,1,1,1,0,1,1,1,1,0.841
2026,24.9,9.06,1,1,1,1,1,1,0,0,0,0,0,1,0,1,1,0.787
2026,22.5,6.27,1,0,1,0,1,0,0,1,0,0,0,1,0,1,0,0.338
2026,24.5,6.34,0,0,0,0,0,0,0,0,0,0,0,0,0,1,0,0.328
2026,21.0,9.03,1,0,0,1,1,0,1,0,1,0,0,0,0,1,1,0.7
2026,15.0,9.24,1,1,0,1,0,0,0,0,0,0,0,0,0,1,1,0.739
2026,15.0,3.86,1,1,0,1,1,1,0,0,1,1,0,0,0,1,1,0.821
2026,19.5,5.42,1,1,1,1,1,0,0,0,0,0,0,0,1,1,1,0.801
2026,23.9,4.58,1,0,0,0,0,0,0,1,0,0,0,1,0,1,0,0.198
2026,23.9,1.39,0,1,0,1,0,0,0,1,0,0,1,0,0,1,0,0.413
2026,18.5,15.82,1,1,1,1,1,0,1,1,1,0,0,0,1,1,1,0.897
2026,21.0,29.88,1,1,0,1,1,0,0,1,0,1,1,1,0,1,1,0.913
2026,15.0,5.82,0,1,0,1,1,0,0,0,0,0,1,0,0,1,1,0.705
2026,15.1,3.46,0,1,0,1,1,1,0,1,0,1,0,0,0,1,1,0.709
2026,23.7,0.98,1,1,1,1,1,0,0,1,0,0,0,0,0,1,1,0.675
2026,24.5,1.86,1,1,0,1,0,0,0,1,1,0,0,1,0,1,1,0.781
2026,15.0,7.76,1,1,1,0,1,0,0,1,0,0,0,0,0,1,1,0.618
2026,15.0,17.98,1,1,1,0,0,0,0,0,0,0,0,0,1,1,1,0.552
2026,23.1,17.16,1,1,0,1,1,0,1,1,1,1,0,1,0,1,1,0.892
2026,15.0,30.0,0,1,0,0,0,0,0,0,0,0,0,0,0,1,0,0.43
2026,15.0,18.47,1,0,0,1,0,1,0,0,1,0,0,1,0,1,1,0.752
2026,15.0,1.65,1,1,0,0,1,1,0,1,1,1,0,0,0,1,1,0.549
2026,23.3,5.57,0,0,1,0,0,0,0,0,0,0,0,0,0,1,0,0.473
2026,15.0,16.24,1,0,1,1,0,1,0,1,1,0,0,1,0,1,1,0.71
2026,16.9,2.68,1,1,0,1,1,0,0,0,0,0,1,1,1,1,1,0.802
2026,22.2,30.0,1,1,1,1,1,1,0,0,1,0,0,1,0,1,1,0.92
2026,19.8,2.78,1,1,1,1,1,0,0,1,0,1,0,0,0,1,1,0.867
2026,17.4,30.0,1,0,0,0,0,0,0,0,0,0,0,1,0,1,0,0.235
2026,24.5,19.09,0,1,1,0,1,0,0,1,0,0,0,0,0,1,1,0.673
2026,24.9,0.26,1,1,1,1,1,0,0,1,1,0,1,1,0,1,1,0.811
2026,18.4,8.94,0,0,0,0,0,0,0,1,0,0,0,1,0,1,0,0.248
2026,21.4,8.34,1,1,1,0,1,0,0,0,1,0,0,1,0,1,1,0.635
2026,16.3,5.53,1,1,0,1,1,0,1,1,0,0,1,1,0,1,1,0.824
2026,24.5,2.58,1,0,0,0,1,0,0,1,1,0,0,0,0,1,1,0.531
2026,24.9,30.0,1,1,0,1,1,0,1,0,1,0,0,1,0,1,1,0.86
2026,15.0,1.97,1,1,1,1,1,0,0,0,0,1,0,0,0,1,1,0.896
2026,23.6,3.92,1,1,0,1,1,1,0,0,0,0,0,0,0,1,1,0.819
2026,15.0,1.27,1,1,0,1,0,0,0,1,1,0,0,1,1,1,1,0.839
2026,24.1,2.85,1,1,0,1,1,0,0,0,1,0,0,0,0,1,1,0.756
2026,23.0,4.02,1,0,0,0,0,0,0,0,1,0,0,0,0,1,0,0.237
2026,20.1,0.17,0,0,0,0,0,0,0,1,0,0,0,1,0,1,1,0.625
2026,22.8,3.63,1,0,0,1,1,0,0,0,0,0,0,1,0,1,1,0.653
2026,19.1,12.74,1,1,0,1,0,0,0,0,0,0,0,1,0,1,1,0.672
2026,16.9,7.39,1,1,0,0,0,0,0,0,0,0,0,1,0,1,0,0.391
2026,15.2,6.37,1,1,0,0,1,0,0,0,0,0,0,0,0,1,0,0.49
2026,16.5,11.19,1,0,1,1,0,1,0,0,0,0,0,1,0,1,1,0.776
2026,15.0,8.97,1,1,0,1,1,1,0,0,0,1,0,0,1,1,1,0.901
2026,15.0,30.0,1,1,1,1,1,0,0,0,1,0,0,0,0,1,1,0.787
2026,15.0,1.07,1,0,0,0,0,0,0,1,0,0,0,1,0,1,0,0.417
2026,15.0,4.47,1,1,0,0,0,0,0,0,0,0,0,0,0,1,0,0.396
2026,24.3,30.0,1,1,1,1,1,1,0,0,1,0,0,0,0,1,1,0.749
2026,19.2,24.61,1,0,1,0,0,0,0,1,0,0,0,1,0,1,0,0.417
2026,16.8,30.0,1,1,1,1,0,0,0,0,1,0,0,1,0,1,1,0.704
2026,15.0,6.73,1,1,1,0,0,0,0,0,1,0,0,1,1,1,1,0.524
2026,23.0,2.07,1,1,1,1,1,1,0,0,0,1,1,1,0,1,1,0.941
2026,22.6,2.86,1,0,0,1,1,0,0,0,0,1,0,1,1,1,1,0.736
2026,21.4,1.24,1,1,0,0,0,0,0,0,1,0,0,1,0,1,1,0.536
2026,15.0,22.25,0,0,1,0,0,0,0,0,0,0,0,0,0,1,0,0.348
2026,18.8,1.18,1,0,0,0,1,0,0,1,0,0,0,1,0,1,0,0.468
2026,17.7,2.03,1,0,1,0,0,0,0,1,0,0,0,1,0,1,0,0.447
2026,24.0,21.85,0,1,1,0,0,0,0,0,0,0,0,1,0,1,0,0.388
2026,15.4,6.92,1,1,1,1,1,0,0,0,1,1,0,1,0,1,1,0.902
2026,19.1,17.46,0,0,1,1,0,0,1,0,0,0,0,1,0,1,1,0.65
2026,23.4,4.89,1,0,0,1,0,1,0,1,1,1,1,1,0,1,1,0.85
2026,15.0,30.0,1,1,0,1,1,0,0,1,0,0,0,1,0,1,1,0.833
2026,15.0,21.73,1,1,1,1,1,0,0,0,0,0,0,0,0,1,1,0.805
2026,18.6,1.06,1,1,1,0,1,0,0,0,1,0,1,1,0,1,1,0.732
2026,15.0,7.99,1,1,1,1,1,1,0,1,1,0,0,1,0,1,1,0.924
2026,24.6,21.85,1,1,1,1,1,0,0,1,0,1,0,1,0,1,1,0.858
2026,15.0,2.98,0,1,0,1,0,0,0,0,0,0,0,0,0,1,1,0.699
2026,15.0,4.79,1,1,0,1,1,1,1,0,0,0,0,1,0,1,1,0.801
2026,15.0,3.65,0,1,0,0,0,0,0,1,0,0,0,0,0,1,0,0.277
2026,21.4,5.36,1,1,1,1,0,0,0,0,1,0,0,1,1,1,1,0.809
2026,18.2,30.0,1,1,1,1,1,0,0,1,0,1,0,0,0,1,1,0.784
2026,18.0,6.77,1,0,0,0,0,1,0,0,0,1,0,0,0,1,0,0.365
2026,15.0,18.86,1,1,1,1,1,0,0,0,0,0,0,0,0,1,1,0.839
2026,15.0,12.56,1,1,1,1,0,0,0,1,0,0,0,1,0,1,1,0.867
2026,15.0,3.35,1,0,0,1,0,0,0,0,0,0,0,0,0,1,1,0.72
2026,23.2,1.0,1,1,1,1,1,0,0,1,0,0,0,1,0,1,1,0.634
2026,23.1,2.01,1,0,0,1,1,0,0,1,0,0,0,0,0,1,1,0.689
2026,20.9,30.0,1,1,0,1,1,0,0,0,0,0,0,1,1,1,1,0.813
2026,20.5,7.79,1,1,0,0,1,0,0,0,1,0,0,1,0,1,0,0.479
2026,15.0,4.37,1,0,1,1,1,0,0,0,0,0,0,1,0,1,1,0.749
2026,21.9,9.62,1,1,0,0,0,0,0,0,0,1,0,0,1,1,1,0.562
2026,22.0,3.0,0,0,0,0,0,0,0,0,0,0,0,0,0,1,0,0.301
2026,21.2,0.73,1,1,0,1,1,0,1,0,0,1,0,1,0,1,1,0.73
2026,20.4,19.38,1,1,0,0,1,0,0,0,0,0,0,1,0,1,0,0.482
2026,23.0,4.08,1,0,0,0,1,0,0,0,0,1,0,1,0,1,0,0.331
2026,23.5,16.4,1,1,0,1,1,0,0,0,0,0,0,1,0,1,1,0.737
2026,15.0,1.44,1,1,0,0,0,0,0,0,1,0,0,1,1,1,1,0.522
2026,20.0,22.39,1,0,0,1,0,0,0,0,0,0,0,1,0,1,1,0.593
2026,19.6,30.0,1,1,1,1,1,0,0,0,1,0,1,1,0,1,1,0.893
2026,15.0,2.48,1,1,1,0,1,0,0,0,1,0,0,1,0,1,1,0.642
2026,20.1,4.6,0,0,0,0,0,0,0,0,0,0,0,0,0,1,0,0.332
2026,19.1,28.92,1,1,1,1,0,0,0,1,0,1,0,0,1,1,1,0.778
2026,24.0,7.62,1,1,0,0,1,0,0,0,0,0,0,1,0,1,0,0.392
2026,15.0,1.83,1,1,1,1,1,0,0,0,0,0,0,0,0,1,1,0.811
2026,15.0,15.32,0,1,1,1,1,0,1,0,0,0,0,1,0,1,1,0.782
2026,18.2,7.83,1,1,0,0,0,0,0,0,0,0,0,1,1,1,0,0.345
2026,15.0,1.18,1,1,1,0,0,0,0,1,0,0,0,1,0,1,1,0.604
2026,15.0,1.61,1,0,0,0,1,0,0,1,0,0,0,1,0,1,0,0.319
2026,15.0,3.67,1,1,0,1,1,0,1,1,0,0,0,1,0,1,1,0.867
2026,24.0,2.76,1,1,1,1,1,0,0,1,1,1,0,0,0,1,1,0.791
2026,15.0,8.9,1,1,1,1,1,1,0,0,1,1,1,1,1,1,1,0.971
2026,19.9,3.31,0,1,0,1,1,0,0,0,0,1,0,1,0,1,1,0.802
2026,23.7,6.72,1,1,1,1,0,1,0,0,1,0,0,0,1,1,1,0.702
2026,15.0,4.48,0,0,0,0,0,0,0,0,0,0,0,1,0,1,0,0.272
2026,23.8,1.63,1,1,0,1,0,0,0,0,0,0,0,0,0,1,1,0.696
2026,24.1,1.93,0,1,0,0,0,0,0,1,0,0,0,1,0,1,0,0.224
2026,15.0,8.13,0,1,1,0,0,0,0,0,0,0,0,1,0,1,0,0.461
2026,18.1,18.94,1,1,1,0,1,0,0,1,0,1,0,1,1,1,1,0.804
2026,19.2,13.36,1,1,1,1,1,1,1,1,0,0,0,1,0,1,1,0.946
2026,23.1,3.17,1,0,1,1,1,0,0,0,0,0,0,1,1,1,1,0.742
2026,24.3,3.5,1,1,1,1,1,0,0,1,1,1,0,0,0,1,1,0.872
2026,23.1,1.3,1,1,1,1,0,0,0,0,1,0,0,1,1,1,1,0.689
2026,15.0,2.53,1,1,0,1,0,0,0,0,0,0,0,1,0,1,1,0.791
2026,15.0,6.8,0,0,0,1,0,0,0,1,1,0,0,1,0,1,1,0.549
2026,22.0,8.88,1,0,0,0,0,0,0,1,0,0,0,1,0,1,0,0.314
2026,22.4,1.94,1,1,0,1,1,1,0,0,0,1,1,1,0,1,1,0.941
2026,15.0,30.0,1,1,0,1,1,0,0,0,0,0,0,0,0,1,1,0.787
2026,19.5,30.0,0,0,0,0,0,0,0,0,0,0,0,0,0,1,0,0.352
2026,15.0,9.15,0,1,0,0,1,0,0,1,0,0,0,0,0,1,0,0.307
2026,15.0,30.0,1,1,0,0,1,0,0,0,1,0,0,1,0,1,0,0.44
2026,15.0,4.92,1,0,1,0,0,0,0,0,0,0,0,0,0,1,0,0.405
2026,17.2,26.75,1,1,0,1,0,0,0,0,0,0,0,1,0,1,1,0.729
2026,21.8,12.4,1,1,1,0,1,0,0,1,1,0,1,1,0,1,1,0.758
2026,18.7,2.23,1,1,0,1,1,1,0,0,0,0,0,0,0,1,1,0.668
2026,18.9,1.58,1,1,0,1,0,1,0,1,1,0,0,1,0,1,1,0.779
2026,15.0,1.95,1,1,1,1,1,0,0,1,0,0,0,1,1,1,1,0.885
2026,17.2,11.64,1,1,0,1,1,0,0,0,0,0,0,0,0,1,1,0.713
2026,20.4,18.77,1,0,0,0,0,0,0,0,0,0,0,0,0,1,0,0.39
2026,19.0,2.2,1,1,0,1,1,0,0,0,0,0,0,1,0,1,1,0.768
2026,22.9,5.46,1,1,0,1,1,0,0,0,1,1,0,0,1,1,1,0.835
2026,15.0,3.18,1,0,0,1,1,0,1,0,0,0,0,1,0,1,1,0.877
2026,19.5,2.23,1,0,0,0,0,0,1,0,0,0,0,0,1,1,0,0.241
2026,15.0,4.24,1,1,0,0,0,0,0,0,0,0,0,1,0,1,0,0.406
2026,15.0,3.31,0,1,0,0,0,0,0,0,0,1,0,1,0,1,0,0.294
2026,15.0,18.13,1,1,0,1,1,1,0,1,1,1,1,0,1,1,1,0.947
2026,17.6,6.29,1,1,0,0,1,0,0,0,1,0,0,1,0,1,0,0.46
2026,23.7,30.0,1,1,0,0,1,0,1,1,0,0,1,1,0,1,1,0.597
2026,22.8,2.74,1,1,1,1,1,0,0,1,1,0,0,0,0,1,1,0.807
2026,22.4,3.21,1,1,1,0,0,0,0,1,0,0,0,0,1,1,0,0.475
2026,15.0,21.65,1,1,0,0,0,0,0,0,0,0,0,1,0,1,0,0.384
2026,15.0,5.16,1,1,0,1,0,0,0,0,0,1,0,0,0,1,1,0.79
2026,23.0,2.99,0,1,0,0,0,0,0,0,1,0,0,0,0,1,0,0.229
2026,15.0,30.0,1,1,0,1,1,0,1,0,1,1,0,1,0,1,1,0.873
2026,22.8,0.82,1,1,0,0,1,0,0,1,0,0,0,1,1,1,1,0.656
2026,17.1,3.63,1,1,0,1,1,0,0,1,1,0,0,1,0,1,1,0.822
2026,18.6,21.45,1,1,0,1,1,0,0,1,1,0,0,1,0,1,1,0.833
2026,23.6,21.03,1,0,0,1,1,0,0,0,1,0,1,1,0,1,1,0.866
2026,15.0,14.35,0,1,1,0,0,0,0,0,0,0,0,1,1,1,1,0.522
2026,23.8,1.33,1,1,0,1,0,0,0,1,1,0,0,0,0,1,1,0.728
2026,20.4,5.37,1,1,1,0,0,0,0,0,1,0,0,0,1,1,0,0.438
2026,15.0,9.97,0,0,0,0,0,0,0,0,0,0,0,1,1,1,0,0.247
2026,19.7,10.51,1,0,0,0,0,0,0,0,0,0,0,1,1,1,0,0.254
2026,21.7,4.18,1,1,1,1,1,1,0,0,0,0,1,1,0,1,1,0.934
2026,22.7,8.8,1,1,1,1,1,0,0,0,0,0,0,1,0,1,1,0.757
2026,22.3,3.55,1,0,0,0,0,0,0,1,0,0,1,1,0,1,0,0.44
2026,17.6,3.95,1,0,0,1,1,1,0,1,1,0,0,1,0,1,1,0.871
2026,17.4,4.55,1,1,1,1,1,0,0,1,0,0,0,1,0,1,1,0.843
2026,17.2,30.0,1,1,0,1,1,0,0,0,0,1,0,1,0,1,1,0.728
2026,15.0,2.9,1,1,0,1,1,0,0,0,0,0,0,1,0,1,1,0.725
2026,24.1,3.37,1,1,0,1,1,0,0,1,0,0,0,0,0,1,1,0.665
2026,17.9,5.57,0,0,0,1,1,0,0,1,0,0,0,1,0,1,1,0.676
2026,24.8,2.28,1,0,1,1,1,0,0,0,0,0,0,1,0,1,1,0.75
2026,15.0,18.26,1,1,0,1,1,0,1,0,1,1,0,1,1,1,1,0.902
2026,15.0,9.13,1,1,0,0,0,1,1,0,0,0,1,1,0,1,0,0.444
2026,20.4,1.36,1,1,0,1,1,0,0,0,0,0,0,1,0,1,1,0.734
2026,21.9,20.78,1,0,0,0,0,1,0,1,0,0,0,1,0,1,0,0.487
2026,22.3,19.03,1,0,0,1,1,0,0,1,0,1,0,1,0,1,1,0.862
2026,15.0,6.24,1,1,1,1,1,0,0,1,0,0,0,0,1,1,1,0.84
2026,23.5,5.07,1,0,1,1,1,0,0,0,0,0,0,0,1,1,1,0.684
2026,22.9,4.06,1,0,1,0,1,0,1,1,1,0,0,0,1,1,1,0.617
2026,16.9,9.19,1,1,0,1,0,0,0,1,0,0,0,0,0,1,1,0.695
2026,18.8,1.92,1,0,1,0,0,0,0,1,0,0,0,0,0,1,0,0.379
2026,22.7,3.04,1,1,1,1,1,0,0,0,0,0,0,1,0,1,1,0.757
2026,15.0,0.61,1,1,1,0,0,0,0,0,0,0,0,1,0,1,1,0.564
2026,23.5,2.89,0,0,0,1,1,0,0,1,0,0,0,0,0,1,0,0.473
2026,15.0,1.69,1,1,1,1,0,0,0,1,0,0,0,1,0,1,1,0.861
2026,21.0,1.26,0,1,0,1,1,0,1,0,1,1,0,1,0,1,1,0.804
2026,15.0,1.41,1,1,1,1,1,1,0,0,0,1,0,0,1,1,1,0.838
2026,21.0,2.58,1,1,1,0,0,0,0,0,0,0,0,1,0,1,1,0.589
2026,22.9,10.98,0,0,0,1,0,0,0,0,0,0,0,0,0,1,0,0.361
2026,18.4,1.35,0,0,0,0,0,0,0,1,0,0,0,1,0,1,0,0.205
2026,15.0,4.97,0,1,1,0,1,1,0,0,1,0,0,0,0,1,0,0.434
2026,22.2,2.31,0,0,1,0,1,1,0,0,1,0,0,1,0,1,1,0.568
2026,24.3,5.03,1,1,1,1,1,0,0,1,0,1,0,0,0,1,1,0.788
2026,24.1,7.91,0,0,0,0,1,0,0,0,1,0,1,0,0,1,0,0.393
2026,21.6,2.31,1,0,0,1,1,0,0,0,0,0,0,0,0,1,1,0.633
2026,22.0,30.0,1,1,0,1,1,0,0,1,0,0,0,1,0,1,1,0.788
2026,23.9,30.0,0,1,1,1,0,0,0,0,0,1,0,0,0,1,0,0.434
2026,24.2,6.29,1,1,1,1,1,0,0,1,0,1,0,0,0,1,1,0.787
2026,15.0,0.84,1,1,0,0,1,0,0,0,0,0,0,0,0,1,1,0.574
2026,15.0,1.63,1,1,1,1,1,0,0,1,0,0,0,1,0,1,1,0.862
2026,21.4,2.11,0,0,0,1,1,0,0,0,1,0,0,0,0,1,1,0.659
2026,15.0,10.44,1,1,1,1,1,0,0,0,1,0,0,0,1,1,1,0.811
2026,23.2,1.46,1,0,1,0,0,0,0,0,0,1,1,1,0,1,0,0.467
2026,15.0,3.17,1,1,1,1,1,0,0,0,1,0,1,0,0,1,1,0.933
2026,23.7,13.68,0,0,1,1,1,0,0,0,0,0,0,0,1,1,0,0.499
2026,15.0,4.61,1,1,0,1,0,0,0,0,0,0,0,0,0,1,1,0.67
2026,22.3,11.95,1,1,1,0,0,0,0,0,0,0,0,0,0,1,0,0.393
2026,18.7,30.0,1,1,1,1,1,1,0,0,1,1,0,1,1,1,1,0.842
2026,24.6,9.32,1,1,1,1,1,0,0,0,0,0,0,0,1,1,1,0.916
2026,15.0,26.46,1,1,0,1,1,0,0,0,0,0,0,0,0,1,1,0.813
2026,17.2,15.16,1,1,0,1,1,0,0,1,0,0,0,1,1,1,1,0.84
2026,21.2,4.73,1,1,1,1,1,0,0,1,1,1,1,1,0,1,1,0.937
2026,23.6,2.22,1,1,1,1,1,0,1,0,1,1,1,1,1,1,1,0.87
2026,19.7,3.33,1,1,0,1,1,0,1,1,0,0,0,1,0,1,1,0.88
2026,18.1,10.79,1,1,1,1,1,1,1,0,1,0,0,0,0,1,1,0.935
2026,15.0,30.0,0,1,0,1,1,0,0,0,0,0,0,0,0,1,1,0.731
2026,15.0,5.32,1,1,1,1,1,0,0,0,1,0,0,1,0,1,1,0.85
2026,17.7,8.61,1,1,1,1,1,1,1,1,1,0,0,0,0,1,1,0.945
2026,18.9,30.0,1,1,0,1,0,0,0,0,0,0,0,0,0,1,1,0.772
2026,18.0,7.54,1,1,1,1,1,0,0,0,1,0,1,0,0,1,1,0.904
2026,15.1,11.65,0,0,0,1,1,0,0,1,0,0,0,1,0,1,1,0.567
2026,15.0,2.22,1,1,0,1,1,0,0,0,0,0,0,0,0,1,1,0.747
2026,24.7,12.0,1,1,0,1,1,0,0,0,0,0,0,0,0,1,1,0.591
2026,15.0,30.0,1,1,1,1,1,0,0,0,0,0,1,0,0,1,1,0.867
2026,15.0,6.04,0,0,0,0,0,0,0,0,1,0,0,1,0,1,0,0.221
2026,15.0,28.89,1,1,0,0,0,1,0,1,1,0,0,0,0,1,1,0.547
2026,23.9,9.82,1,0,0,1,1,1,0,0,0,1,0,1,0,1,1,0.772
2026,21.1,26.02,0,1,0,1,1,0,0,0,0,0,0,0,0,1,1,0.741
2026,15.0,4.29,1,1,1,1,1,0,0,0,0,0,0,1,0,1,1,0.836
2026,15.2,14.08,0,1,1,0,0,0,0,0,0,0,0,1,0,1,1,0.505
2026,17.2,3.7,1,1,0,1,1,0,0,0,1,0,1,0,0,1,1,0.846
2026,24.8,10.43,0,0,0,1,0,0,0,0,1,0,0,1,1,1,0,0.351
2026,23.2,3.53,1,0,0,1,0,0,0,1,0,1,0,1,0,1,1,0.679
2026,18.0,7.12,1,1,1,1,0,0,0,0,1,1,0,1,0,1,1,0.879
2026,23.8,9.01,1,1,0,0,0,0,0,0,0,0,0,1,0,1,0,0.358
2026,20.8,3.24,1,0,0,1,1,0,0,0,0,0,0,1,0,1,1,0.618
2026,15.0,30.0,0,0,0,1,0,0,0,0,0,0,0,0,0,1,1,0.659
2026,15.0,7.89,1,1,0,0,0,0,0,0,1,0,0,0,1,1,1,0.574
2026,22.1,7.69,1,1,1,0,1,0,0,0,0,0,0,1,0,1,1,0.541
2026,15.0,1.83,1,0,0,0,0,0,0,0,0,0,0,1,0,1,0,0.223
2026,15.0,3.54,1,1,0,1,1,0,0,0,0,1,0,1,0,1,1,0.841
2026,21.3,10.07,1,1,0,1,1,0,1,0,0,1,0,1,0,1,1,0.887
2026,16.4,30.0,0,0,0,0,1,0,0,1,0,0,0,0,0,1,0,0.438
2026,17.1,12.68,0,1,0,0,0,1,0,0,1,0,0,0,0,1,0,0.354
2026,15.0,5.59,0,0,0,0,1,0,0,0,0,0,0,1,0,1,0,0.305
2026,19.1,1.24,1,1,1,1,1,0,0,0,0,0,0,1,1,1,1,0.795
2026,19.7,5.24,1,0,0,1,1,0,0,0,0,0,0,1,1,1,1,0.654
2026,18.2,3.41,1,0,1,0,1,0,0,1,0,0,0,1,0,1,0,0.435
2026,15.0,3.86,1,0,1,0,0,0,0,0,1,0,0,0,0,1,1,0.505
2026,20.1,3.6,1,0,1,0,1,0,0,0,1,0,0,0,1,1,1,0.559
2026,15.0,6.1,0,0,0,0,0,0,0,0,0,0,0,0,0,1,0,0.297
2026,16.1,9.88,1,1,0,1,1,0,0,0,0,1,0,1,0,1,1,0.826
2026,21.4,1.57,1,1,1,1,1,0,0,0,1,0,0,0,0,1,1,0.834
2026,23.3,0.26,1,1,1,1,1,0,0,0,0,1,0,0,1,1,1,0.73
2026,23.6,3.51,0,1,1,1,0,0,0,0,1,0,1,1,0,1,1,0.611
2026,15.0,30.0,1,1,0,1,1,1,0,0,1,1,1,1,0,1,1,0.939
2026,15.0,8.29,1,1,0,1,0,0,0,1,0,0,0,0,0,1,1,0.742
2026,24.6,6.28,1,1,0,0,1,0,0,0,0,0,0,0,0,1,1,0.553
2026,20.4,2.49,1,1,1,1,1,1,0,0,1,0,0,0,1,1,1,0.881
2026,24.3,9.43,0,1,1,0,1,0,1,0,0,0,0,1,0,1,1,0.692
2026,19.9,6.57,0,0,0,0,1,0,0,0,0,0,1,1,0,1,0,0.395
2026,16.4,30.0,1,1,1,0,1,0,0,1,1,0,0,1,0,1,1,0.742
2026,15.0,3.54,1,1,1,1,1,0,1,1,1,1,1,0,0,1,1,0.98
2026,15.0,1.18,1,0,0,0,0,0,0,1,0,0,0,0,0,1,0,0.406
2026,21.9,0.57,1,1,1,0,1,0,0,0,0,0,0,1,0,1,0,0.497
2026,24.9,7.46,1,0,0,1,1,0,0,1,0,0,0,0,0,1,1,0.631
2026,15.0,5.78,0,1,1,0,0,0,0,0,0,0,1,0,0,1,1,0.578
2026,22.7,5.13,1,1,0,1,1,0,0,0,1,0,0,1,0,1,1,0.764
2026,15.0,1.86,1,1,1,1,1,1,0,1,1,1,1,0,1,1,1,0.841
2026,21.6,19.85,1,1,1,0,1,0,0,0,0,0,0,1,0,1,1,0.755
2026,15.0,1.03,0,0,0,0,0,0,0,0,0,0,0,0,0,1,0,0.321
2026,15.0,2.19,1,1,0,1,1,1,1,1,1,1,1,1,0,1,1,0.906
2026,24.5,15.07,1,0,0,0,1,0,0,0,0,0,0,0,0,1,0,0.425
2026,15.0,14.88,0,0,0,1,0,0,0,1,1,0,0,1,0,1,1,0.531
2026,15.0,30.0,1,1,0,0,0,0,0,0,0,0,0,0,0,1,0,0.46
2026,22.2,3.75,0,0,0,0,1,0,1,0,0,0,0,0,0,1,0,0.326
2026,22.1,8.66,1,1,1,0,0,0,0,0,1,0,0,1,1,1,1,0.561
2026,22.7,1.47,0,0,0,1,0,0,0,0,0,0,0,0,0,1,1,0.521
2026,24.0,30.0,1,1,0,1,0,1,0,0,0,0,0,0,0,1,1,0.72
2026,22.5,3.85,0,0,0,1,1,0,1,0,0,0,0,0,0,1,1,0.551
2026,15.0,1.4,1,1,1,1,1,0,0,0,0,1,1,1,0,1,1,0.885
2026,15.0,9.31,0,1,0,0,1,0,0,0,0,0,1,1,0,1,0,0.254
2026,15.0,2.49,1,1,1,1,1,0,1,1,0,0,1,1,0,1,1,0.913
2026,15.0,24.98,1,0,0,1,0,0,0,0,0,0,0,1,0,1,1,0.666
2026,15.0,8.47,1,0,0,0,0,0,1,1,0,0,0,1,0,1,0,0.31
2026,22.3,2.53,1,1,1,1,0,0,0,0,0,0,1,0,0,1,1,0.787
2026,18.9,8.18,1,1,0,1,1,0,1,1,0,0,0,1,0,1,1,0.875
2026,15.0,30.0,1,1,1,0,0,0,0,0,1,0,0,1,0,1,1,0.536
2026,21.7,0.83,0,1,0,0,0,0,0,1,0,0,0,1,0,1,0,0.308
2026,23.4,6.8,1,1,1,1,1,1,0,1,0,0,0,1,1,1,1,0.904
2026,22.3,13.91,1,1,1,0,1,0,0,1,0,0,0,1,0,1,1,0.556
2026,15.0,19.89,1,0,0,0,1,0,0,1,0,0,0,0,0,1,0,0.488
2026,18.5,5.69,1,1,1,0,0,0,0,0,1,0,0,0,0,1,1,0.642
2026,24.9,3.8,1,0,0,1,1,0,0,0,1,0,1,0,0,1,1,0.703
2026,18.9,3.95,1,1,0,1,1,0,0,0,1,1,0,1,1,1,1,0.87
2026,23.5,25.78,1,1,0,0,0,0,1,1,0,1,1,1,0,1,1,0.567
2026,15.6,14.83,0,1,1,1,1,0,0,0,0,0,0,1,1,1,1,0.836
2026,15.0,0.53,0,0,0,1,0,0,0,0,0,0,0,1,0,1,1,0.621
2026,17.4,2.02,1,1,1,1,0,1,0,0,0,0,0,1,0,1,1,0.81
2026,16.8,1.46,1,1,0,1,0,0,0,0,1,0,1,1,1,1,1,0.742
2026,22.1,2.29,1,1,0,1,1,0,0,1,0,0,0,1,0,1,1,0.7
2026,19.5,4.89,1,1,1,1,0,0,0,0,0,0,0,0,1,1,1,0.756
2026,15.3,4.29,0,0,1,0,1,1,0,1,0,0,1,1,0,1,1,0.642
2026,15.0,30.0,1,1,1,1,1,1,1,0,1,0,1,1,1,1,1,0.935
2026,21.5,6.98,1,1,1,0,0,0,0,1,0,0,0,1,0,1,1,0.613
2026,15.0,3.09,1,1,1,0,0,0,0,0,0,0,0,0,0,1,1,0.541
2026,15.0,8.43,0,0,0,1,0,0,0,0,0,0,0,1,0,1,1,0.546
2026,21.1,6.01,1,1,1,0,0,0,0,0,0,0,0,1,1,1,0,0.477
2026,21.3,1.53,1,1,1,1,1,0,0,0,0,1,0,0,1,1,1,0.827
2026,19.8,7.93,1,0,1,1,0,1,0,1,0,0,0,1,0,1,1,0.78
2026,20.9,14.55,1,0,1,1,1,0,0,0,1,1,0,0,0,1,1,0.829
2026,18.4,7.54,0,1,1,1,0,0,0,0,0,0,0,1,0,1,1,0.765
2026,23.2,2.35,1,1,0,0,0,1,0,1,1,0,1,1,0,1,0,0.415
2026,15.0,4.69,1,0,0,1,1,0,0,1,0,0,1,1,1,1,1,0.772
2026,19.0,1.96,1,1,0,1,1,0,0,1,0,0,0,1,0,1,1,0.834
2026,24.7,8.56,1,1,0,1,0,0,0,1,1,1,0,1,0,1,1,0.752
2026,22.0,9.12,1,1,0,1,1,0,0,0,0,0,0,1,0,1,1,0.685
2026,22.1,30.0,1,1,0,0,1,0,1,1,0,0,0,1,0,1,0,0.451
2026,15.0,3.9,1,1,1,1,0,0,0,1,1,1,0,1,0,1,1,0.938
2026,24.4,9.69,1,1,1,1,1,0,0,0,0,1,0,1,0,1,1,0.891
2026,15.0,15.22,1,1,1,0,1,0,0,0,1,0,1,0,0,1,1,0.794
2026,22.4,30.0,1,1,0,1,1,0,0,1,1,1,0,1,1,1,1,0.89
2026,21.4,5.51,1,1,1,1,1,1,0,1,1,0,1,0,0,1,1,0.916
2026,20.1,15.42,1,1,1,1,1,0,1,1,1,1,0,1,0,1,1,0.91
2026,21.5,20.36,1,0,1,0,0,0,0,0,0,1,0,0,0,1,1,0.704
2026,15.0,7.21,1,1,0,1,1,0,0,1,0,0,1,1,0,1,1,0.747
2026,20.5,1.88,1,0,0,1,1,0,0,0,0,1,0,1,0,1,1,0.78
2026,17.7,13.65,1,0,1,1,1,0,0,1,0,0,0,0,0,1,1,0.68
2026,24.3,15.81,1,1,0,1,0,0,0,0,0,0,0,1,0,1,1,0.608
2026,15.0,4.02,0,0,0,1,1,0,1,1,0,1,0,1,0,1,1,0.849
2026,17.6,13.19,1,1,0,0,0,0,0,0,0,0,1,1,0,1,0,0.427
2026,23.6,30.0,0,0,1,0,0,0,0,0,0,0,0,1,0,1,0,0.252
2026,24.7,0.52,1,1,1,1,1,1,0,0,0,0,0,1,0,1,1,0.622
2026,22.1,24.84,0,0,0,0,0,0,0,0,0,0,0,1,0,1,0,0.264
2026,15.0,10.2,1,1,1,1,1,0,0,0,0,0,1,1,0,1,1,0.894
2026,15.0,14.47,1,1,0,1,1,0,0,1,1,1,1,1,0,1,1,0.93
2026,23.5,2.67,1,1,1,1,1,0,0,0,0,0,1,1,0,1,1,0.866
2026,16.6,26.54,1,1,0,0,1,0,0,0,0,0,0,0,0,1,1,0.607
2026,20.7,19.78,1,1,0,1,0,1,0,0,0,0,0,0,0,1,1,0.764
2026,16.8,30.0,1,1,0,0,0,1,1,0,1,1,0,1,0,1,0,0.402
2026,15.0,10.29,1,1,0,1,1,0,0,1,0,0,1,1,1,1,1,0.841
2026,23.9,9.29,1,1,1,1,1,0,0,1,1,0,0,0,1,1,1,0.793
2026,21.1,6.65,1,1,1,1,1,1,0,0,0,0,0,1,1,1,1,0.901
2026,18.6,2.4,1,1,1,1,1,0,0,0,0,0,0,1,0,1,1,0.785
2026,16.3,8.46,1,1,0,1,0,0,0,1,0,0,0,1,1,1,1,0.72
2026,21.9,15.88,0,1,0,0,0,0,0,0,0,0,0,0,0,1,0,0.381
2026,23.3,6.68,1,1,0,1,1,0,0,0,0,0,0,0,0,1,1,0.706
2026,19.3,18.6,1,1,1,1,0,0,0,0,1,0,0,1,0,1,1,0.833
2026,19.2,6.37,1,1,0,1,1,0,0,1,0,0,0,0,0,1,1,0.781
2026,15.0,30.0,1,1,0,1,1,1,0,0,0,0,1,1,0,1,1,0.897
2026,22.2,16.02,1,1,1,0,1,0,0,0,1,0,0,1,0,1,1,0.635
2026,21.8,3.73,1,1,1,0,0,0,0,0,1,0,0,0,0,1,1,0.579
2026,22.2,30.0,1,1,1,1,1,1,1,1,1,0,0,1,0,1,1,0.966
2026,19.0,9.48,1,1,0,0,0,0,0,1,0,0,0,0,0,1,0,0.491
2026,15.0,27.42,1,1,1,1,1,0,0,0,0,0,1,0,0,1,1,0.876
2026,20.4,1.05,1,1,0,0,1,0,0,0,0,0,0,0,0,1,1,0.57
2026,15.0,4.48,0,0,0,0,0,0,0,1,0,0,0,1,0,1,0,0.238
2026,19.5,16.95,1,1,1,1,1,1,0,1,1,0,1,1,0,1,1,0.957
2026,24.8,4.2,1,1,1,1,0,0,0,0,0,0,0,1,1,1,1,0.806
2026,15.0,17.57,1,1,0,0,0,0,0,0,1,0,0,1,0,1,0,0.417
2026,22.5,13.77,1,1,0,1,1,0,0,1,0,0,0,0,1,1,1,0.683
2026,21.6,2.92,1,1,1,1,1,0,1,1,0,0,0,1,1,1,1,0.884
2026,23.0,0.42,0,1,0,1,0,0,0,1,0,0,0,1,0,1,0,0.495
2026,15.0,23.99,1,1,0,1,1,0,1,0,0,0,1,1,0,1,1,0.869
2026,22.1,7.07,1,1,0,1,1,0,0,0,0,1,0,0,0,1,1,0.818
2026,17.2,3.29,0,0,1,0,0,0,0,1,0,0,0,1,1,1,0,0.348
2026,16.0,13.1,1,1,0,1,0,0,0,1,0,0,1,0,0,1,1,0.645
2026,21.0,4.19,0,0,0,0,0,0,0,1,0,0,0,1,0,1,0,0.251
2026,15.1,7.49,1,1,1,1,1,0,0,1,0,1,0,1,0,1,1,0.899
2026,15.0,15.71,1,1,0,1,0,0,0,0,1,0,1,0,0,1,1,0.7
2026,15.0,5.41,1,0,0,1,0,0,0,0,0,1,0,1,0,1,1,0.811
2026,20.4,4.85,1,1,1,1,1,0,0,0,0,0,1,0,0,1,1,0.838
2026,22.6,1.35,0,0,0,1,1,0,0,0,1,0,0,0,0,1,0,0.484
2026,15.0,4.36,0,0,0,0,0,1,0,0,0,0,0,1,0,1,0,0.304
2026,15.0,0.05,1,1,0,1,1,0,0,1,0,0,1,1,0,1,1,0.856
2026,21.7,6.71,1,1,1,1,1,1,0,0,0,0,0,0,0,1,1,0.756
2026,15.0,4.51,1,1,1,1,0,0,0,0,0,0,0,1,0,1,1,0.825
2026,22.6,5.23,1,0,0,1,1,0,0,0,0,0,0,1,0,1,1,0.654
2026,24.2,2.24,1,1,1,1,0,0,0,1,1,1,1,1,0,1,1,0.693
2026,17.3,16.7,0,1,1,0,0,1,0,1,1,1,1,0,0,1,1,0.592
2026,23.7,2.22,1,1,0,1,1,1,0,0,0,0,1,1,0,1,1,0.855
2026,21.0,30.0,1,0,1,0,1,0,0,0,0,0,0,1,0,1,0,0.418
2026,22.3,30.0,0,0,0,0,0,0,0,1,0,0,0,0,1,1,0,0.25
2026,15.0,10.47,1,1,0,1,1,1,0,0,1,0,0,0,1,1,1,0.864
2026,24.6,13.91,1,1,1,1,1,0,0,1,0,0,1,1,1,1,1,0.933
2026,21.1,0.07,1,1,1,1,1,0,0,0,0,0,1,0,0,1,1,0.619
2026,17.8,14.05,1,1,1,0,1,1,0,0,1,0,0,1,0,1,1,0.78
2026,15.0,2.29,1,1,1,1,1,0,0,1,1,1,0,0,0,1,1,0.896
2026,23.0,5.71,1,1,1,0,1,0,0,0,0,0,0,0,0,1,0,0.404
2026,22.2,14.73,1,1,1,1,1,0,0,1,0,0,1,1,0,1,1,0.892
2026,24.4,17.46,1,1,1,1,1,0,1,0,0,1,0,1,1,1,1,0.958
2026,15.0,9.7,1,1,1,1,1,0,0,1,0,0,0,0,1,1,1,0.87
2026,15.0,3.16,1,1,0,0,0,1,0,0,1,0,0,0,0,1,0,0.488
2026,22.6,13.73,1,1,0,0,0,0,0,1,0,0,0,0,0,1,0,0.376
2026,15.0,17.92,1,1,1,0,1,1,1,0,1,0,1,0,0,1,1,0.777
2026,15.0,0.65,0,1,0,1,1,0,0,1,1,0,0,0,0,1,1,0.79
2026,18.0,30.0,1,0,0,0,1,0,0,0,1,0,1,0,1,1,1,0.684
2026,21.1,4.41,1,1,0,1,1,0,1,0,1,1,1,0,0,1,1,0.909
2026,15.0,30.0,1,1,1,1,1,0,0,0,0,0,0,0,0,1,1,0.793
2026,24.4,17.55,1,1,0,1,0,0,0,0,0,0,0,0,0,1,1,0.757
2026,21.2,1.7,0,0,1,0,0,0,0,1,0,0,0,1,0,1,0,0.325
2026,15.0,18.05,1,1,1,0,1,1,0,1,0,1,0,1,1,1,1,0.718
2026,16.4,4.54,1,1,0,1,0,0,0,1,0,0,0,1,0,1,1,0.732
2026,17.6,3.11,1,1,0,0,0,0,0,1,0,0,0,1,0,1,0,0.351
2026,17.0,10.5,0,1,0,0,0,0,0,1,0,0,0,1,0,1,0,0.341
2026,16.6,3.75,1,0,1,1,0,0,0,1,0,0,0,0,0,1,1,0.749
2026,24.9,4.83,0,0,1,1,0,0,0,1,0,0,0,0,0,1,0,0.245
2026,18.7,0.36,1,1,1,1,1,0,0,0,0,0,0,0,0,1,1,0.756
2026,21.5,9.39,1,1,0,0,1,0,0,1,0,0,0,1,1,1,0,0.479
2026,15.0,9.87,1,1,1,0,1,0,0,1,0,1,1,1,0,1,1,0.777
2026,15.0,6.3,0,0,1,0,0,0,0,0,0,0,0,1,0,1,0,0.325
2026,15.0,17.61,1,0,0,0,0,0,0,0,0,0,0,0,0,1,0,0.347
2026,22.2,21.94,1,1,1,1,1,0,0,0,0,0,0,0,0,1,1,0.823
2026,15.0,8.67,1,1,0,0,1,0,1,0,1,1,1,1,1,1,1,0.83
2026,22.0,5.83,1,1,1,1,0,0,1,0,0,1,1,1,0,1,1,0.88
2026,15.0,9.98,1,0,1,1,1,0,0,0,0,0,0,0,1,1,1,0.772
2026,23.9,0.17,0,1,1,1,0,0,1,0,0,0,0,1,0,1,1,0.867
2026,21.7,6.19,0,0,0,0,0,1,0,1,0,0,0,1,0,1,0,0.301
2026,23.4,0.57,1,1,1,1,1,0,0,0,1,1,0,1,0,1,1,0.774
2026,23.7,18.92,1,1,0,0,1,0,1,1,1,0,0,1,0,1,1,0.673
2026,18.8,4.71,0,1,0,0,1,0,0,1,0,0,0,1,0,1,0,0.4
2026,15.6,5.98,1,0,0,0,0,0,0,1,1,0,0,0,0,1,0,0.334
2026,15.1,11.96,1,1,1,0,0,0,0,0,1,0,0,1,0,1,1,0.526
2026,22.7,15.11,1,0,0,1,1,0,0,0,0,1,0,1,0,1,1,0.809
2026,15.7,30.0,1,1,1,0,1,1,0,1,0,0,1,1,0,1,1,0.817
2026,15.0,1.94,1,1,1,1,0,0,0,0,0,1,0,0,1,1,1,0.796
2026,22.7,4.52,1,1,0,0,0,0,0,1,0,0,0,1,0,1,0,0.306
2026,19.7,3.97,1,1,1,1,1,0,0,0,0,1,0,1,1,1,1,0.926
2026,24.1,7.03,1,0,0,0,0,0,0,0,0,0,0,1,0,1,0,0.334
2026,19.1,5.19,1,0,0,1,1,0,0,0,0,0,1,1,0,1,1,0.733
2026,15.0,22.04,1,1,1,1,1,0,0,1,1,0,0,1,1,1,1,0.87
2026,20.4,6.4,1,1,0,1,1,0,0,0,0,0,0,1,0,1,1,0.775
2026,16.5,2.8,1,1,0,1,1,0,0,0,1,1,0,1,0,1,1,0.841
2026,15.0,4.05,1,1,0,0,0,0,0,0,0,0,0,1,0,1,1,0.539
2026,22.0,2.62,1,1,0,1,1,0,0,0,0,0,1,1,0,1,1,0.814
2026,24.9,2.39,1,1,0,1,1,0,0,1,0,0,0,1,0,1,1,0.768
2026,18.8,14.27,1,0,0,0,0,0,0,0,0,0,0,1,0,1,0,0.349
2026,24.1,18.67,1,0,0,1,0,0,0,0,1,0,0,1,0,1,1,0.599
2026,17.5,10.74,1,1,1,1,1,0,0,0,0,1,1,1,1,1,1,0.925
2026,18.3,1.04,0,0,0,1,1,0,0,0,0,0,0,0,0,1,1,0.672
2026,23.9,10.02,0,1,0,1,1,0,0,0,0,0,0,0,0,1,1,0.569
2026,21.8,2.12,1,1,0,1,1,0,0,1,0,0,0,1,1,1,1,0.834
2026,17.5,15.9,1,1,1,1,0,0,1,1,0,1,1,1,0,1,1,0.692
2026,15.0,27.68,1,1,1,1,0,0,0,0,0,0,0,0,0,1,1,0.815
2026,17.1,1.1,1,0,0,1,1,1,0,0,0,0,0,0,0,1,1,0.765
2026,20.8,5.09,1,1,0,0,0,0,0,0,0,0,0,0,0,1,0,0.398
2026,24.7,30.0,1,1,1,1,1,0,0,0,1,0,1,0,0,1,1,0.847
2026,15.0,30.0,1,0,1,1,1,0,0,1,0,0,0,0,0,1,1,0.773
2026,20.0,15.32,1,1,1,0,1,1,0,0,0,0,0,1,0,1,1,0.695
2026,23.5,1.5,1,1,1,1,0,0,0,1,1,0,0,1,1,1,1,0.776
2026,22.6,7.92,0,0,0,0,0,0,0,0,0,0,0,1,0,1,0,0.236
2026,15.0,13.08,0,0,0,1,0,0,0,0,0,0,0,0,0,1,1,0.545
2026,19.8,30.0,1,0,0,1,0,0,0,0,1,0,0,0,0,1,1,0.64
2026,16.4,11.03,0,1,0,0,0,0,0,0,0,0,0,0,0,1,0,0.357
2026,22.7,22.87,1,1,0,0,1,0,0,1,0,0,0,0,0,1,0,0.442
2026,15.0,30.0,1,0,0,0,0,0,0,0,0,0,0,1,0,1,0,0.331
2026,15.0,12.75,1,1,0,1,1,0,0,0,1,1,0,1,0,1,1,0.855
2026,15.0,10.09,1,1,1,1,1,0,0,1,0,0,0,1,0,1,1,0.896
2026,23.2,6.34,0,1,0,1,1,0,0,0,0,0,1,0,0,1,1,0.663
2026,20.2,2.67,1,1,0,1,1,0,1,0,1,1,1,0,1,1,1,0.954
2026,15.0,6.43,1,1,1,0,1,0,0,0,0,0,0,0,1,1,1,0.601
2026,21.3,2.01,1,0,0,0,0,0,0,1,1,0,0,1,0,1,0,0.389
2026,15.0,6.61,1,1,0,1,1,0,0,0,0,0,0,0,0,1,1,0.792
2026,15.0,14.74,1,1,0,0,1,0,0,0,0,0,0,1,0,1,0,0.468
2026,15.0,7.65,1,0,1,0,1,0,0,0,0,0,0,0,0,1,1,0.553
2026,22.4,30.0,1,0,0,1,1,0,0,0,0,0,0,0,0,1,1,0.661
2026,15.0,3.56,1,1,0,0,0,0,0,0,0,1,0,1,0,1,0,0.475
2026,24.7,21.81,1,1,1,1,1,0,0,0,1,1,0,0,0,1,1,0.803
2026,21.3,30.0,1,1,1,1,1,1,0,0,0,1,0,0,0,1,1,0.805
2026,15.0,6.75,1,1,0,1,1,0,0,0,1,0,0,1,0,1,1,0.732
2026,15.0,1.69,0,0,1,1,1,1,0,0,0,0,0,0,0,1,1,0.787
2026,16.5,30.0,1,1,1,1,1,0,0,0,1,1,0,0,0,1,1,0.87
2026,15.0,6.04,1,1,1,0,1,0,0,0,0,0,0,1,1,1,1,0.571
2026,21.9,5.17,1,1,0,0,0,1,1,0,0,0,0,1,0,1,1,0.562
2026,22.9,28.56,0,1,0,1,1,0,0,1,0,1,0,0,0,1,1,0.73
2026,15.0,5.45,1,1,1,1,1,0,0,0,0,0,0,0,0,1,1,0.845
2026,21.5,13.87,1,1,0,0,0,1,0,0,1,0,0,0,0,1,1,0.55
2026,23.4,22.17,0,1,1,1,1,0,0,0,1,1,0,0,0,1,1,0.761
2026,15.0,12.01,1,1,1,1,1,0,0,0,0,0,0,0,0,1,1,0.827
2026,18.8,30.0,1,1,1,1,1,0,0,0,0,0,0,1,1,1,1,0.85
2026,23.6,25.7,1,1,0,1,1,0,0,0,0,0,0,1,0,1,1,0.796
2026,17.1,8.17,1,0,0,0,0,0,0,0,0,0,0,1,1,1,0,0.315
2026,15.0,13.92,1,1,1,1,1,0,0,0,0,1,0,1,0,1,1,0.917
2026,19.9,12.4,1,1,1,1,1,1,0,1,1,0,0,0,0,1,1,0.919
2026,16.4,2.07,0,1,0,0,0,0,0,0,0,0,1,1,0,1,0,0.274
2026,17.2,30.0,1,1,1,1,1,0,1,0,0,1,1,1,0,1,1,0.841
2026,17.9,9.24,1,0,0,1,0,0,0,0,1,1,0,1,0,1,1,0.69
2026,22.6,2.67,1,0,0,1,0,0,0,1,0,0,0,0,0,1,1,0.53
2026,24.7,1.57,1,1,1,0,0,0,0,1,0,1,0,1,1,1,0,0.303
2026,21.7,7.52,1,1,0,0,0,0,0,0,0,0,0,0,0,1,0,0.47
2026,17.6,1.62,1,0,1,1,1,0,0,0,0,1,0,1,0,1,1,0.854
2026,23.0,9.73,1,1,1,1,1,0,0,0,0,1,0,1,0,1,1,0.897
2026,20.8,29.46,1,0,0,1,1,0,0,0,1,0,0,1,0,1,1,0.719
2026,23.6,3.46,1,1,1,1,1,0,0,0,1,1,0,0,0,1,1,0.814
2026,22.2,21.02,0,0,0,0,0,0,0,1,0,0,1,0,0,1,0,0.451
2026,23.6,14.36,1,0,1,0,0,0,0,0,0,0,0,0,0,1,0,0.377
2026,15.0,1.38,0,1,0,0,0,1,0,0,0,0,0,1,0,1,0,0.267
2026,19.1,14.81,1,0,0,1,1,0,0,0,1,0,0,1,0,1,1,0.594
2026,15.0,4.38,1,0,0,0,1,1,0,0,0,0,0,0,0,1,0,0.343
2026,21.8,0.23,0,0,0,1,0,0,0,0,0,0,0,0,0,1,0,0.419
2026,24.0,6.36,1,1,0,1,1,0,1,0,0,0,0,0,0,1,1,0.872
2026,19.6,2.16,0,0,0,0,0,0,1,0,0,0,0,1,0,1,0,0.229
2026,15.0,30.0,1,1,1,1,1,0,0,0,0,1,0,1,0,1,1,0.865
2026,22.7,8.46,1,1,1,1,1,0,0,0,0,0,0,1,1,1,1,0.816
2026,15.0,1.06,1,0,0,0,1,0,0,1,0,0,0,0,0,1,0,0.424
2026,22.3,2.11,1,1,1,1,0,0,1,1,0,1,0,1,1,1,1,0.837
2026,24.4,8.78,1,1,1,1,0,1,0,1,1,1,0,1,0,1,1,0.829
2026,21.2,4.22,1,1,1,1,1,0,1,1,1,0,0,0,0,1,1,0.883
2026,15.0,2.98,1,1,1,1,1,0,0,0,1,1,1,1,0,1,1,0.964
2026,17.8,2.86,1,1,0,1,1,0,0,0,0,1,0,1,0,1,1,0.681
2026,18.6,16.61,0,0,1,1,0,0,0,1,0,0,1,0,0,1,0,0.366
2026,19.8,30.0,1,1,1,1,1,0,0,0,0,0,0,1,0,1,1,0.797
2026,20.1,3.22,1,1,0,1,1,0,0,0,0,0,0,1,0,1,1,0.789
2026,21.8,21.36,0,0,1,0,0,0,0,0,1,0,0,1,0,1,0,0.322
2026,15.0,30.0,1,0,1,0,0,0,0,0,0,0,0,1,0,1,0,0.39
2026,22.5,11.88,1,1,0,1,0,0,0,0,0,0,0,1,0,1,1,0.646
2026,15.0,30.0,1,1,0,0,1,0,0,1,0,0,0,1,0,1,0,0.439
2026,24.2,22.9,1,0,0,0,1,0,0,0,0,0,0,0,0,1,1,0.517
2026,17.8,13.01,1,1,1,1,1,0,0,1,0,0,1,0,1,1,1,0.858
2026,17.6,30.0,1,0,0,0,0,0,0,0,0,0,0,1,0,1,0,0.293
2026,17.5,19.68,1,1,0,0,1,0,0,0,1,0,1,1,0,1,1,0.599
2026,24.3,3.47,1,0,0,1,0,0,0,0,1,0,0,1,0,1,1,0.642
2026,19.4,7.42,1,0,1,1,1,0,0,0,0,1,1,0,0,1,1,0.902
2026,24.1,1.88,0,0,0,0,0,1,0,0,0,0,0,0,0,1,0,0.2
2026,15.0,30.0,1,1,1,0,1,0,0,1,0,1,1,1,0,1,1,0.785
2026,24.3,2.26,1,1,1,1,0,0,0,1,0,1,0,1,0,1,1,0.713
2026,21.5,22.75,0,0,1,0,1,0,0,0,0,0,0,0,0,1,0,0.439
2026,15.0,12.19,0,0,1,0,0,1,0,0,0,0,0,0,0,1,0,0.352
2026,20.6,4.21,1,1,1,1,1,0,0,1,0,1,0,1,0,1,1,0.885
2026,16.5,30.0,1,1,1,1,1,0,0,1,1,0,0,0,0,1,1,0.904
2026,21.4,30.0,0,0,0,1,1,0,0,0,0,0,1,0,0,1,1,0.794
2026,20.5,7.56,1,1,1,1,1,0,0,0,0,0,1,0,0,1,1,0.872
2026,15.0,19.32,1,1,1,0,0,0,0,1,0,0,0,1,1,1,1,0.707
2026,17.0,12.76,0,0,0,1,0,0,0,0,0,0,0,0,0,1,0,0.404
2026,17.4,9.22,1,0,0,1,1,1,0,0,0,0,0,1,0,1,1,0.629
2026,24.1,19.3,1,0,0,1,1,0,0,0,0,0,0,0,0,1,1,0.718
2026,19.2,0.14,1,1,1,1,0,0,0,0,0,0,1,0,0,1,1,0.592
2026,15.0,3.36,1,0,1,0,1,0,0,0,0,0,0,0,0,1,0,0.465
2026,22.1,4.85,1,0,0,1,1,1,0,1,0,0,1,1,0,1,1,0.865
2026,22.7,3.23,1,0,0,0,0,0,1,0,0,1,0,0,0,1,0,0.479
2026,18.3,12.0,0,0,1,1,1,0,1,0,0,0,0,0,0,1,1,0.756
2026,15.0,8.09,1,1,0,1,1,1,0,0,0,0,0,1,0,1,1,0.758
2026,17.0,27.07,1,1,0,1,0,1,1,1,1,0,0,1,0,1,1,0.901
2026,20.9,21.46,1,1,1,0,0,1,0,0,0,0,0,1,0,1,1,0.515
2026,17.2,7.15,1,1,1,1,1,0,0,1,0,0,1,0,0,1,1,0.828
2026,17.5,22.89,1,0,0,1,1,1,0,0,0,0,0,1,0,1,1,0.656
2026,17.5,3.98,1,1,0,1,1,1,0,0,1,0,0,1,0,1,1,0.874
2026,15.0,8.91,1,1,0,0,0,0,0,0,0,0,1,1,0,1,0,0.432
2026,16.3,1.26,1,0,0,0,0,0,0,0,0,0,0,0,0,1,0,0.389
2026,21.5,6.95,1,1,1,1,0,1,0,0,0,0,0,0,0,1,1,0.778
2026,17.5,4.5,0,0,1,0,1,0,0,1,0,0,1,1,0,1,1,0.51
2026,20.4,30.0,1,1,1,1,1,0,1,0,0,0,1,1,0,1,1,0.865
2026,18.8,30.0,0,0,0,0,1,0,0,0,0,0,0,0,0,1,0,0.446
2026,15.0,14.23,1,1,1,1,1,0,0,1,1,0,0,1,0,1,1,0.9
2026,15.6,1.6,1,0,1,1,1,1,0,1,0,0,1,1,0,1,1,0.882
2026,22.6,0.14,0,1,1,0,0,0,0,0,1,0,0,0,1,1,1,0.545
2026,15.0,2.92,1,1,0,0,0,0,0,1,0,0,0,1,0,1,0,0.422
2026,21.6,3.25,1,1,0,1,1,0,0,0,0,0,1,1,1,1,1,0.855
2026,20.3,1.43,0,0,0,1,1,1,0,1,0,0,0,1,0,1,1,0.816
2026,18.5,6.73,1,1,1,1,1,0,0,0,1,0,0,0,0,1,1,0.835
2026,23.8,6.41,1,1,0,1,1,0,1,1,0,0,0,1,1,1,1,0.868
2026,20.0,8.78,1,0,1,0,0,0,0,0,0,0,0,0,0,1,0,0.473
2026,17.8,15.94,1,1,0,1,0,0,0,1,0,0,0,0,0,1,1,0.597
2026,23.4,9.26,1,1,1,1,1,0,1,1,0,0,0,0,0,1,1,0.831
2026,15.0,4.6,1,0,0,0,0,0,0,0,1,1,0,1,0,1,0,0.411
2026,20.5,0.06,1,1,0,0,1,0,1,1,1,0,1,1,0,1,1,0.799
2026,18.2,2.79,1,0,1,1,1,0,0,1,0,0,1,1,1,1,1,0.841
2026,19.8,6.75,1,1,1,0,0,0,0,0,1,1,0,1,1,1,1,0.625
2026,17.2,3.21,1,1,1,1,1,0,0,0,0,1,0,1,0,1,1,0.886
2026,15.0,3.0,1,1,0,1,1,0,0,0,0,0,0,1,0,1,1,0.793
2026,24.3,11.82,0,0,0,0,0,0,0,0,0,0,0,0,0,1,0,0.295
2026,15.0,16.17,1,1,0,0,1,0,0,0,0,0,0,1,0,1,0,0.391
2026,21.3,30.0,0,0,0,1,0,0,0,1,1,0,0,1,0,1,1,0.638
2026,15.4,24.09,1,0,0,1,0,0,0,0,1,0,0,0,1,1,1,0.639
2026,15.0,6.06,0,0,0,0,0,0,0,0,0,0,0,1,0,1,0,0.251
2026,21.6,0.09,1,1,1,0,1,0,0,1,0,1,0,1,0,1,1,0.819
2026,22.4,2.24,1,1,1,1,1,0,0,1,1,1,0,1,0,1,1,0.87
2026,24.6,29.39,0,1,0,0,0,0,0,0,1,0,0,0,0,1,0,0.468
2026,20.3,5.03,1,1,1,1,1,0,0,1,0,1,0,1,1,1,1,0.86
2026,15.0,20.79,1,1,1,1,1,0,0,0,0,0,0,0,1,1,1,0.871
2026,22.1,12.6,1,1,0,1,1,1,0,0,1,0,0,1,0,1,1,0.909
2026,21.2,30.0,1,1,0,1,1,0,0,0,0,1,0,0,0,1,1,0.739
2026,24.4,1.77,1,1,1,1,1,1,1,1,0,0,1,1,0,1,1,0.781
2026,24.3,18.21,1,1,1,0,1,0,0,1,0,0,0,0,1,1,1,0.843
2026,21.0,9.53,1,1,0,0,1,0,0,1,0,0,0,1,0,1,0,0.433
2026,21.6,13.45,1,1,0,0,1,0,0,0,0,0,0,0,0,1,1,0.672
2026,24.1,15.14,1,1,0,1,0,0,0,0,1,0,0,0,0,1,1,0.634
2026,24.1,9.37,0,1,0,1,0,1,0,0,0,0,0,0,0,1,1,0.5
2026,15.0,4.44,1,0,1,0,0,0,0,0,0,0,0,0,0,1,0,0.467
2026,15.0,30.0,1,1,1,1,1,1,0,0,1,1,0,1,0,1,1,0.892
2026,15.0,1.17,1,1,1,0,0,0,0,0,0,0,0,1,0,1,1,0.606
2026,17.5,3.4,1,1,1,1,1,1,1,1,1,0,1,0,1,1,1,0.973
2026,24.6,3.54,1,1,1,1,1,1,0,0,0,1,1,1,1,1,1,0.933
2026,20.2,11.72,1,0,0,1,1,0,0,1,0,0,0,1,0,1,1,0.752
2026,22.1,4.08,0,0,0,0,0,0,0,0,0,1,0,0,0,1,0,0.291
2026,15.0,2.13,1,1,0,1,1,0,0,0,1,0,0,1,0,1,1,0.809
2026,21.8,14.72,0,0,0,0,0,0,0,1,0,0,0,0,0,1,0,0.293
2026,15.0,5.79,1,1,1,1,0,1,0,0,1,0,0,0,0,1,1,0.774
2026,20.3,2.78,1,1,0,0,0,0,0,0,0,0,1,1,0,1,1,0.541
2026,23.3,9.7,1,1,1,1,1,0,0,0,0,0,1,1,0,1,1,0.873
2026,24.5,3.68,1,1,0,1,1,1,0,0,0,0,0,0,0,1,1,0.704
2026,24.7,2.58,1,1,1,1,1,0,0,0,0,0,0,1,1,1,1,0.876
2026,15.0,12.58,1,1,0,1,0,0,0,0,0,1,1,1,0,1,1,0.848
2026,19.6,16.59,1,1,1,0,1,1,0,0,0,0,0,0,1,1,1,0.765
2026,15.0,0.95,1,1,1,0,1,0,0,0,0,0,0,0,0,1,1,0.695
2026,19.8,6.48,1,1,0,0,1,0,0,0,0,0,0,0,0,1,1,0.565
2026,15.0,1.01,1,0,0,1,1,0,0,0,0,1,0,1,0,1,1,0.695
2026,19.1,4.39,0,1,1,1,1,0,0,1,0,1,1,0,0,1,1,0.853
2026,23.6,30.0,0,0,0,0,0,1,0,0,0,0,0,1,0,1,0,0.361
2026,15.0,12.91,0,1,1,0,1,1,0,1,1,0,1,1,0,1,1,0.702
2026,15.0,26.68,1,1,1,0,1,0,0,0,0,0,0,1,1,1,1,0.524
2026,16.7,13.15,1,0,0,0,0,0,0,0,0,0,0,0,0,1,0,0.369
2026,23.0,5.87,1,1,1,1,1,1,0,0,1,0,1,0,0,1,1,0.848
2026,20.1,2.28,1,1,0,1,0,0,0,0,0,0,0,1,0,1,1,0.694
2026,15.0,30.0,1,1,1,0,0,0,0,1,1,0,0,1,1,1,1,0.543
2026,17.7,5.62,1,1,1,0,1,0,0,1,0,1,0,1,0,1,1,0.792
2026,21.2,2.4,1,1,0,0,1,0,0,0,1,1,1,1,0,1,1,0.509
2026,24.2,21.66,1,1,0,1,0,1,1,0,1,0,1,1,0,1,1,0.679
2026,15.0,13.72,1,1,0,1,1,0,0,0,0,1,0,0,0,1,1,0.826
2026,15.0,2.87,1,0,0,0,0,0,0,0,0,0,0,0,0,1,0,0.371
2026,15.3,4.28,1,0,0,0,0,0,0,0,0,0,0,0,0,1,0,0.333
2026,21.9,0.93,1,1,0,0,0,0,1,1,1,0,0,1,1,1,1,0.636
2026,15.0,5.74,1,1,0,1,1,0,0,0,0,1,0,1,0,1,1,0.876
2026,15.0,3.47,1,1,1,0,1,0,0,0,1,1,0,1,0,1,1,0.788
2026,19.2,6.4,0,1,0,1,1,0,0,1,0,0,0,1,1,1,1,0.649
2026,23.8,1.24,1,1,1,1,1,0,0,0,1,1,0,1,0,1,1,0.819
2026,15.5,30.0,1,1,1,1,1,0,0,1,1,0,0,1,0,1,1,0.87
2026,22.8,4.85,1,1,1,1,1,1,0,0,1,0,0,1,0,1,1,0.889
2026,22.3,2.08,1,1,1,1,1,0,0,0,1,0,0,0,0,1,1,0.821
2026,15.9,2.03,1,1,0,1,1,0,0,1,0,0,0,0,0,1,1,0.8
2026,24.7,5.62,1,1,0,1,1,1,0,1,0,0,0,1,0,1,1,0.691
2026,15.0,4.87,1,1,1,0,0,0,0,0,0,0,0,1,0,1,0,0.472
2026,15.0,0.54,1,0,1,0,0,0,1,0,0,0,1,1,1,1,0,0.356
2026,19.4,4.99,0,0,1,0,0,0,0,0,0,0,0,0,0,1,0,0.383
2026,15.0,5.14,0,0,0,0,0,0,0,0,0,0,0,0,0,1,0,0.299
2026,21.0,30.0,1,1,0,1,1,0,1,0,0,1,1,1,0,1,1,0.902
2026,15.0,13.43,0,0,0,0,0,0,0,1,0,0,0,1,0,1,0,0.263
2026,21.6,20.96,1,1,0,1,1,0,0,1,1,0,0,0,0,1,1,0.874
2026,22.4,17.72,0,0,0,1,0,0,0,0,0,0,0,1,0,1,1,0.51
2026,18.4,10.68,1,1,0,1,1,0,0,0,0,1,0,0,0,1,1,0.806
2026,23.8,7.69,0,0,0,0,0,0,0,1,0,0,0,0,0,1,0,0.242
2026,19.8,1.27,1,1,0,1,1,1,0,0,0,0,0,1,0,1,1,0.867
2026,17.3,2.37,1,1,1,1,1,0,0,0,0,0,0,1,1,1,1,0.844
2026,21.7,7.06,1,1,0,1,1,1,0,0,1,0,1,1,0,1,1,0.921
2026,23.3,0.87,0,0,0,0,0,0,0,0,0,0,0,1,1,1,0,0.353
2026,15.0,2.01,1,1,1,1,1,1,0,0,1,1,0,1,1,1,1,0.903
2026,20.6,30.0,1,1,1,1,0,0,0,1,0,0,0,1,1,1,1,0.868
2026,16.6,11.24,0,1,1,1,1,0,0,0,0,0,0,1,0,1,1,0.868
2026,15.0,4.24,1,1,0,1,1,0,0,0,0,0,0,1,0,1,1,0.771
2026,15.0,30.0,1,1,1,1,1,0,0,1,0,0,0,1,1,1,1,0.882
2026,21.5,1.69,1,0,0,0,0,0,0,1,0,0,0,1,0,1,0,0.383
2026,20.9,2.47,1,1,1,1,1,0,0,1,0,0,0,0,0,1,1,0.783
2026,15.8,1.86,1,1,1,0,1,1,0,0,1,1,1,0,1,1,1,0.748
2026,15.0,12.08,1,1,1,1,1,1,0,0,0,0,0,1,0,1,1,0.873
2026,15.0,6.6,1,1,0,1,1,0,0,0,1,1,0,1,0,1,1,0.847
2026,15.0,6.35,1,1,0,1,1,0,0,0,0,0,0,0,0,1,1,0.822
2026,21.3,0.45,1,1,1,1,1,0,0,0,0,0,0,0,1,1,1,0.808
2026,19.3,11.08,0,0,0,0,0,0,0,0,1,0,0,1,0,1,0,0.269
2026,20.0,1.83,1,0,0,0,0,0,0,0,0,1,0,0,0,1,0,0.276
2026,19.5,8.25,0,1,1,1,0,0,0,1,0,0,0,0,0,1,1,0.81
2026,18.0,4.58,0,0,0,0,1,0,0,0,0,0,0,1,0,1,0,0.267
2026,15.0,2.05,1,1,1,1,1,0,0,0,1,0,0,1,1,1,1,0.868
2026,18.0,7.82,1,1,1,1,0,0,0,0,0,0,0,1,0,1,1,0.812
2026,15.0,5.15,1,1,1,0,1,0,0,0,0,0,0,1,0,1,0,0.495
2026,18.6,8.08,1,0,1,0,0,0,0,1,1,0,0,1,1,1,0,0.392
2026,22.6,30.0,1,1,1,1,0,0,0,1,1,1,0,0,0,1,1,0.839
2026,23.1,29.8,1,1,1,1,0,0,0,0,0,0,1,1,0,1,1,0.859
2026,24.4,7.16,1,0,1,1,1,0,0,0,0,0,0,1,0,1,1,0.698
2026,23.4,8.65,1,1,1,1,0,0,0,1,1,1,0,0,0,1,1,0.82
2026,21.5,30.0,0,0,0,1,1,0,0,0,0,0,0,0,1,1,1,0.671
2026,15.0,2.77,1,1,1,0,1,0,0,0,0,0,0,1,1,1,1,0.686
2026,15.3,19.31,0,0,0,0,0,0,0,0,0,0,0,0,0,1,0,0.436
2026,15.0,2.12,1,1,1,1,1,0,0,1,0,0,1,1,0,1,1,0.871
2026,24.4,2.92,1,1,1,1,0,0,0,1,1,0,0,1,1,1,1,0.908
2026,15.0,8.15,1,1,0,0,0,0,0,1,0,0,1,0,0,1,0,0.377
2026,21.5,2.02,1,1,0,1,1,1,0,1,1,0,1,1,0,1,1,0.899
2026,24.9,5.76,1,1,1,1,1,0,0,1,1,0,0,1,0,1,1,0.906
2026,21.1,30.0,1,0,1,0,0,0,0,1,0,0,0,1,0,1,0,0.444
2026,21.5,23.57,1,0,0,1,1,0,0,0,0,0,0,0,1,1,1,0.742
2026,24.4,7.27,1,1,1,0,0,0,1,1,0,0,0,1,0,1,1,0.572
2026,23.0,0.72,1,1,1,1,1,1,0,1,0,0,0,0,0,1,1,0.704
2026,16.3,5.87,0,0,0,1,0,0,0,0,0,1,0,1,0,1,1,0.672
2026,15.0,7.68,1,1,1,1,1,0,0,1,0,0,0,1,0,1,1,0.875
2026,15.0,3.17,1,1,0,1,1,0,0,0,0,0,0,1,0,1,1,0.809
2026,15.0,6.52,1,1,1,1,1,1,0,1,0,0,0,1,1,1,1,0.886
2026,15.0,24.0,0,0,1,0,0,0,0,0,0,0,0,0,0,1,0,0.377
2026,17.7,9.25,0,0,1,1,1,0,0,1,0,0,0,0,0,1,1,0.692
2026,24.9,18.46,1,1,0,1,1,0,0,0,1,0,0,1,1,1,1,0.836
2026,19.8,2.02,1,1,1,1,1,0,0,0,0,1,1,1,1,1,1,0.913
2026,15.0,30.0,1,1,1,1,1,1,0,1,1,0,0,1,0,1,1,0.922
2026,21.4,3.1,1,1,1,1,1,0,0,0,0,1,0,0,0,1,1,0.853
2026,21.3,13.18,1,1,1,0,1,0,0,0,0,0,0,1,0,1,1,0.774
2026,15.3,6.67,1,1,0,0,0,0,0,0,1,1,0,1,0,1,1,0.56
2026,15.0,20.3,1,1,0,1,1,0,0,0,0,0,0,0,0,1,1,0.881
2026,15.0,0.43,1,1,1,1,1,0,0,0,0,1,0,1,0,1,1,0.787
2026,21.6,1.76,1,0,0,0,0,0,0,0,0,0,0,1,0,1,0,0.244
2026,19.1,1.89,1,1,0,1,0,0,0,0,0,0,1,1,0,1,1,0.644
2026,15.0,16.77,0,1,0,0,1,0,0,0,0,0,0,0,0,1,0,0.474
2026,24.3,1.0,0,0,0,0,0,0,0,1,0,0,0,1,0,1,0,0.318
2026,21.4,3.12,1,1,1,1,1,0,0,1,0,0,0,1,0,1,1,0.825
2026,20.7,30.0,1,1,0,1,1,0,1,0,1,1,1,0,1,1,1,0.933
2026,15.0,5.62,0,0,0,0,0,0,0,1,0,0,0,1,1,1,0,0.214
2026,21.2,8.09,1,1,1,0,0,0,0,0,1,0,0,0,0,1,1,0.502
2026,18.5,21.97,1,1,0,0,0,0,0,0,0,0,0,0,0,1,0,0.427
2026,24.6,1.23,1,1,0,0,0,0,0,1,0,0,0,1,0,1,0,0.298
2026,20.9,2.18,1,1,0,0,0,0,0,1,1,1,1,0,0,1,0,0.437
2026,15.0,3.87,1,1,0,1,1,0,0,0,0,0,0,1,0,1,1,0.783
2026,23.7,16.08,1,1,0,1,1,0,0,0,1,1,0,0,0,1,1,0.624
2026,15.0,8.26,1,1,1,1,1,0,0,0,0,0,0,1,0,1,1,0.855
2026,15.0,4.73,1,1,0,0,0,0,0,1,0,0,0,0,0,1,0,0.34
2026,15.0,2.04,0,1,0,1,1,0,0,0,0,0,0,1,1,1,1,0.707
2026,15.0,13.13,1,0,1,1,1,0,0,0,0,0,0,1,0,1,1,0.782
2026,23.3,8.33,1,1,1,1,1,0,0,0,0,0,0,1,0,1,1,0.782
