Date,Count_,TotalLengthOfStay,Category,ObjectId
2014/04/01 00:00:00+00,2024,40656,All Clients,1
2014/04/01 00:00:00+00,1382,24783,All Singles,2
2014/04/01 00:00:00+00,716,17276,Family Household Members,3
2014/04/01 00:00:00+00,647,15903,Family Member,4
2014/04/01 00:00:00+00,70,1403,Offsite/Overflow Singles,5
2014/04/01 00:00:00+00,830,14585,Mens Shelter,6
2014/04/01 00:00:00+00,219,3840,Womens Shelter,7
2014/04/01 00:00:00+00,248,2846,Mixed-Gender,8
2014/04/01 00:00:00+00,113,2109,Youth Shelter,9
2014/04/01 00:00:00+00,974,17613,Single Adult Males,10
2014/04/01 00:00:00+00,294,5031,Single Adult Females,11
2014/04/01 00:00:00+00,114,2139,Single Youth 18 Under,12
2014/04/01 00:00:00+00,186,15903,Family Units,13
2014/04/01 00:00:00+00,255,17276,Family Households,14
2014/08/01 00:00:00+00,2256,46128,All Clients,15
2014/08/01 00:00:00+00,1410,25425,All Singles,16
2014/08/01 00:00:00+00,905,21825,Family Household Members,17
2014/08/01 00:00:00+00,849,20709,Family Member,18
2014/08/01 00:00:00+00,57,1122,Offsite/Overflow Singles,19
2014/08/01 00:00:00+00,895,15155,Mens Shelter,20
2014/08/01 00:00:00+00,214,4039,Womens Shelter,21
2014/08/01 00:00:00+00,284,3113,Mixed-Gender,22
2014/08/01 00:00:00+00,83,1996,Youth Shelter,23
2014/08/01 00:00:00+00,1051,18363,Single Adult Males,24
2014/08/01 00:00:00+00,276,5131,Single Adult Females,25
2014/08/01 00:00:00+00,83,1931,Single Youth 18 Under,26
2014/08/01 00:00:00+00,258,20709,Family Units,27
2014/08/01 00:00:00+00,314,21825,Family Households,28
2014/12/01 00:00:00+00,2204,47914,All Clients,29
2014/12/01 00:00:00+00,1327,24910,All Singles,30
2014/12/01 00:00:00+00,934,24106,Family Household Members,31
2014/12/01 00:00:00+00,880,23046,Family Member,32
2014/12/01 00:00:00+00,56,1102,Offsite/Overflow Singles,33
2014/12/01 00:00:00+00,826,14906,Mens Shelter,34
2014/12/01 00:00:00+00,229,4247,Womens Shelter,35
2014/12/01 00:00:00+00,255,2758,Mixed-Gender,36
2014/12/01 00:00:00+00,100,1897,Youth Shelter,37
2014/12/01 00:00:00+00,943,17905,Single Adult Males,38
2014/12/01 00:00:00+00,292,5299,Single Adult Females,39
2014/12/01 00:00:00+00,92,1706,Single Youth 18 Under,40
2014/12/01 00:00:00+00,253,23046,Family Units,41
2014/12/01 00:00:00+00,307,24106,Family Households,42
2014/02/01 00:00:00+00,2009,39437,All Clients,43
2014/02/01 00:00:00+00,1303,22874,All Singles,44
2014/02/01 00:00:00+00,798,18139,Family Household Members,45
2014/02/01 00:00:00+00,716,16591,Family Member,46
2014/02/01 00:00:00+00,89,1576,Offsite/Overflow Singles,47
2014/02/01 00:00:00+00,780,13328,Mens Shelter,48
2014/02/01 00:00:00+00,211,3618,Womens Shelter,49
2014/02/01 00:00:00+00,217,2457,Mixed-Gender,50
2014/03/01 00:00:00+00,726,18259,Family Household Members,51
2014/03/01 00:00:00+00,645,16602,Family Member,52
2014/03/01 00:00:00+00,82,1688,Offsite/Overflow Singles,53
2014/03/01 00:00:00+00,824,14890,Mens Shelter,54
2014/03/01 00:00:00+00,209,3906,Womens Shelter,55
2014/03/01 00:00:00+00,230,2728,Mixed-Gender,56
2014/03/01 00:00:00+00,101,2121,Youth Shelter,57
2014/03/01 00:00:00+00,923,17915,Single Adult Males,58
2014/03/01 00:00:00+00,281,5299,Single Adult Females,59
2014/03/01 00:00:00+00,98,2119,Single Youth 18 Under,60
2014/03/01 00:00:00+00,184,16602,Family Units,61
2014/03/01 00:00:00+00,265,18259,Family Households,62
2014/05/01 00:00:00+00,2117,43139,All Clients,63
2014/05/01 00:00:00+00,1449,25740,All Singles,64
2014/05/01 00:00:00+00,740,18735,Family Household Members,65
2014/05/01 00:00:00+00,678,17426,Family Member,66
2014/05/01 00:00:00+00,65,1336,Offsite/Overflow Singles,67
2014/05/01 00:00:00+00,908,15333,Mens Shelter,68
2014/05/01 00:00:00+00,226,4033,Womens Shelter,69
2014/05/01 00:00:00+00,266,2932,Mixed-Gender,70
2014/05/01 00:00:00+00,108,2106,Youth Shelter,71
2014/05/01 00:00:00+00,1044,18416,Single Adult Males,72
2014/05/01 00:00:00+00,297,5220,Single Adult Females,73
2014/05/01 00:00:00+00,108,2104,Single Youth 18 Under,74
2014/05/01 00:00:00+00,201,17426,Family Units,75
2014/05/01 00:00:00+00,264,18735,Family Households,76
2014/11/01 00:00:00+00,2282,48351,All Clients,77
2014/11/01 00:00:00+00,1355,25225,All Singles,78
2014/11/01 00:00:00+00,992,24330,Family Household Members,79
2014/11/01 00:00:00+00,934,23186,Family Member,80
2014/11/01 00:00:00+00,61,1204,Offsite/Overflow Singles,81
2014/11/01 00:00:00+00,859,15267,Mens Shelter,82
2014/11/01 00:00:00+00,205,4091,Womens Shelter,83
2014/11/01 00:00:00+00,259,2670,Mixed-Gender,84
2014/11/01 00:00:00+00,98,1993,Youth Shelter,85
2014/11/01 00:00:00+00,989,18252,Single Adult Males,86
2014/11/01 00:00:00+00,271,5261,Single Adult Females,87
2014/11/01 00:00:00+00,95,1712,Single Youth 18 Under,88
2014/11/01 00:00:00+00,275,23186,Family Units,89
2014/11/01 00:00:00+00,334,24330,Family Households,90
2014/10/01 00:00:00+00,2311,49407,All Clients,91
2014/10/01 00:00:00+00,1409,25686,All Singles,92
2014/10/01 00:00:00+00,960,24808,Family Household Members,93
2014/10/01 00:00:00+00,904,23783,Family Member,94
2014/10/01 00:00:00+00,58,1087,Offsite/Overflow Singles,95
2014/10/01 00:00:00+00,904,15706,Mens Shelter,96
2014/10/01 00:00:00+00,215,4150,Womens Shelter,97
2014/10/01 00:00:00+00,261,2788,Mixed-Gender,98
2014/10/01 00:00:00+00,96,1955,Youth Shelter,99
2014/10/01 00:00:00+00,1034,18788,Single Adult Males,100
2015/11/01 00:00:00+00,202,3931,Womens Shelter,101
2015/11/01 00:00:00+00,256,2329,Mixed-Gender,102
2015/11/01 00:00:00+00,95,1868,Youth Shelter,103
2015/11/01 00:00:00+00,991,16846,Single Adult Males,104
2015/11/01 00:00:00+00,283,5276,Single Adult Females,105
2015/11/01 00:00:00+00,83,1397,Single Youth 18 Under,106
2015/11/01 00:00:00+00,250,21934,Family Units,107
2015/11/01 00:00:00+00,299,22976,Family Households,108
2015/10/01 00:00:00+00,2364,49352,All Clients,109
2015/10/01 00:00:00+00,1407,24539,All Singles,110
2015/10/01 00:00:00+00,1020,25956,Family Household Members,111
2015/10/01 00:00:00+00,962,24844,Family Member,112
2015/10/01 00:00:00+00,59,1143,Offsite/Overflow Singles,113
2015/10/01 00:00:00+00,861,14865,Mens Shelter,114
2015/10/01 00:00:00+00,230,3830,Womens Shelter,115
2015/10/01 00:00:00+00,281,2758,Mixed-Gender,116
2015/10/01 00:00:00+00,100,1943,Youth Shelter,117
2015/10/01 00:00:00+00,1004,17719,Single Adult Males,118
2015/10/01 00:00:00+00,309,5210,Single Adult Females,119
2015/10/01 00:00:00+00,94,1610,Single Youth 18 Under,120
2015/10/01 00:00:00+00,269,24844,Family Units,121
2015/10/01 00:00:00+00,327,25956,Family Households,122
2015/09/01 00:00:00+00,2313,46658,All Clients,123
2015/09/01 00:00:00+00,1385,24012,All Singles,124
2015/09/01 00:00:00+00,986,23795,Family Household Members,125
2015/09/01 00:00:00+00,933,22706,Family Member,126
2015/09/01 00:00:00+00,56,1149,Offsite/Overflow Singles,127
2015/09/01 00:00:00+00,871,14547,Mens Shelter,128
2015/09/01 00:00:00+00,208,3837,Womens Shelter,129
2015/09/01 00:00:00+00,270,2678,Mixed-Gender,130
2015/09/01 00:00:00+00,96,1801,Youth Shelter,131
2015/09/01 00:00:00+00,1010,17363,Single Adult Males,132
2015/09/01 00:00:00+00,294,5258,Single Adult Females,133
2015/09/01 00:00:00+00,81,1391,Single Youth 18 Under,134
2015/09/01 00:00:00+00,260,22706,Family Units,135
2015/09/01 00:00:00+00,313,23795,Family Households,136
2016/04/01 00:00:00+00,2137,43204,All Clients,137
2016/04/01 00:00:00+00,1353,23444,All Singles,138
2016/04/01 00:00:00+00,838,20809,Family Household Members,139
2016/04/01 00:00:00+00,785,19760,Family Member,140
2016/04/01 00:00:00+00,53,1049,Offsite/Overflow Singles,141
2016/04/01 00:00:00+00,872,14346,Mens Shelter,142
2016/04/01 00:00:00+00,203,3594,Womens Shelter,143
2016/04/01 00:00:00+00,291,2568,Mixed-Gender,144
2016/04/01 00:00:00+00,79,1887,Youth Shelter,145
2016/04/01 00:00:00+00,996,17134,Single Adult Males,146
2016/04/01 00:00:00+00,291,4978,Single Adult Females,147
2016/04/01 00:00:00+00,66,1332,Single Youth 18 Under,148
2016/04/01 00:00:00+00,227,19760,Family Units,149
2016/04/01 00:00:00+00,279,20809,Family Households,150
2014/02/01 00:00:00+00,95,1895,Youth Shelter,151
2014/02/01 00:00:00+00,905,15881,Single Adult Males,152
2014/02/01 00:00:00+00,297,5044,Single Adult Females,153
2014/02/01 00:00:00+00,101,1949,Single Youth 18 Under,154
2014/02/01 00:00:00+00,204,16591,Family Units,155
2014/02/01 00:00:00+00,292,18139,Family Households,156
2014/01/01 00:00:00+00,2094,45026,All Clients,157
2014/01/01 00:00:00+00,1390,26446,All Singles,158
2014/01/01 00:00:00+00,801,20706,Family Household Members,159
2014/01/01 00:00:00+00,716,18638,Family Member,160
2014/01/01 00:00:00+00,97,2126,Offsite/Overflow Singles,161
2014/01/01 00:00:00+00,863,15335,Mens Shelter,162
2014/01/01 00:00:00+00,217,4051,Womens Shelter,163
2014/01/01 00:00:00+00,242,2873,Mixed-Gender,164
2014/01/01 00:00:00+00,104,2061,Youth Shelter,165
2014/01/01 00:00:00+00,986,18510,Single Adult Males,166
2014/01/01 00:00:00+00,298,5765,Single Adult Females,167
2014/01/01 00:00:00+00,106,2171,Single Youth 18 Under,168
2014/01/01 00:00:00+00,208,18638,Family Units,169
2014/01/01 00:00:00+00,302,20706,Family Households,170
2014/07/01 00:00:00+00,2187,44077,All Clients,171
2014/07/01 00:00:00+00,1412,25284,All Singles,172
2014/07/01 00:00:00+00,845,20008,Family Household Members,173
2014/07/01 00:00:00+00,782,18793,Family Member,174
2014/07/01 00:00:00+00,63,1215,Offsite/Overflow Singles,175
2014/07/01 00:00:00+00,891,15053,Mens Shelter,176
2014/07/01 00:00:00+00,212,3994,Womens Shelter,177
2014/07/01 00:00:00+00,261,3054,Mixed-Gender,178
2014/07/01 00:00:00+00,105,1968,Youth Shelter,179
2014/07/01 00:00:00+00,1033,18206,Single Adult Males,180
2014/07/01 00:00:00+00,278,5179,Single Adult Females,181
2014/07/01 00:00:00+00,101,1899,Single Youth 18 Under,182
2014/07/01 00:00:00+00,241,18793,Family Units,183
2014/07/01 00:00:00+00,303,20008,Family Households,184
2014/06/01 00:00:00+00,2110,42389,All Clients,185
2014/06/01 00:00:00+00,1370,24539,All Singles,186
2014/06/01 00:00:00+00,816,19137,Family Household Members,187
2014/06/01 00:00:00+00,742,17850,Family Member,188
2014/06/01 00:00:00+00,74,1287,Offsite/Overflow Singles,189
2014/06/01 00:00:00+00,839,14535,Mens Shelter,190
2014/06/01 00:00:00+00,217,3904,Womens Shelter,191
2014/06/01 00:00:00+00,243,2786,Mixed-Gender,192
2014/06/01 00:00:00+00,106,2027,Youth Shelter,193
2014/06/01 00:00:00+00,972,17456,Single Adult Males,194
2014/06/01 00:00:00+00,289,5082,Single Adult Females,195
2014/06/01 00:00:00+00,109,2001,Single Youth 18 Under,196
2014/06/01 00:00:00+00,227,17850,Family Units,197
2014/06/01 00:00:00+00,300,19137,Family Households,198
2014/03/01 00:00:00+00,1942,41904,All Clients,199
2014/03/01 00:00:00+00,1302,25333,All Singles,200
2014/10/01 00:00:00+00,285,5299,Single Adult Females,201
2014/10/01 00:00:00+00,90,1599,Single Youth 18 Under,202
2014/10/01 00:00:00+00,274,23783,Family Units,203
2014/10/01 00:00:00+00,330,24808,Family Households,204
2014/09/01 00:00:00+00,2246,46924,All Clients,205
2014/09/01 00:00:00+00,1357,24730,All Singles,206
2014/09/01 00:00:00+00,953,23388,Family Household Members,207
2014/09/01 00:00:00+00,896,22247,Family Member,208
2014/09/01 00:00:00+00,60,1194,Offsite/Overflow Singles,209
2014/09/01 00:00:00+00,847,14624,Mens Shelter,210
2014/09/01 00:00:00+00,207,4095,Womens Shelter,211
2014/09/01 00:00:00+00,283,2896,Mixed-Gender,212
2014/09/01 00:00:00+00,95,1921,Youth Shelter,213
2014/09/01 00:00:00+00,992,17652,Single Adult Males,214
2014/09/01 00:00:00+00,271,5229,Single Adult Females,215
2014/09/01 00:00:00+00,94,1849,Single Youth 18 Under,216
2014/09/01 00:00:00+00,273,22247,Family Units,217
2014/09/01 00:00:00+00,330,23388,Family Households,218
2015/04/01 00:00:00+00,1997,40846,All Clients,219
2015/04/01 00:00:00+00,1303,23344,All Singles,220
2015/04/01 00:00:00+00,744,18385,Family Household Members,221
2015/04/01 00:00:00+00,697,17532,Family Member,222
2015/04/01 00:00:00+00,48,883,Offsite/Overflow Singles,223
2015/04/01 00:00:00+00,813,14354,Mens Shelter,224
2015/04/01 00:00:00+00,225,3848,Womens Shelter,225
2015/04/01 00:00:00+00,255,2392,Mixed-Gender,226
2015/04/01 00:00:00+00,93,1867,Youth Shelter,227
2015/04/01 00:00:00+00,939,16868,Single Adult Males,228
2015/04/01 00:00:00+00,295,5213,Single Adult Females,229
2015/04/01 00:00:00+00,69,1263,Single Youth 18 Under,230
2015/04/01 00:00:00+00,194,17532,Family Units,231
2015/04/01 00:00:00+00,241,18385,Family Households,232
2015/08/01 00:00:00+00,2239,45084,All Clients,233
2015/08/01 00:00:00+00,1335,24127,All Singles,234
2015/08/01 00:00:00+00,960,21969,Family Household Members,235
2015/08/01 00:00:00+00,908,21018,Family Member,236
2015/08/01 00:00:00+00,54,1012,Offsite/Overflow Singles,237
2015/08/01 00:00:00+00,828,14505,Mens Shelter,238
2015/08/01 00:00:00+00,198,3949,Womens Shelter,239
2015/08/01 00:00:00+00,266,2821,Mixed-Gender,240
2015/08/01 00:00:00+00,94,1840,Youth Shelter,241
2015/08/01 00:00:00+00,984,17388,Single Adult Males,242
2015/08/01 00:00:00+00,279,5397,Single Adult Females,243
2015/08/01 00:00:00+00,72,1342,Single Youth 18 Under,244
2015/08/01 00:00:00+00,249,21018,Family Units,245
2015/08/01 00:00:00+00,301,21969,Family Households,246
2015/12/01 00:00:00+00,2151,44364,All Clients,247
2015/12/01 00:00:00+00,1328,23738,All Singles,248
2015/12/01 00:00:00+00,878,21745,Family Household Members,249
2015/12/01 00:00:00+00,825,20626,Family Member,250
2015/07/01 00:00:00+00,224,19857,Family Units,251
2015/07/01 00:00:00+00,274,20794,Family Households,252
2015/06/01 00:00:00+00,2129,40713,All Clients,253
2015/06/01 00:00:00+00,1310,22704,All Singles,254
2015/06/01 00:00:00+00,879,19199,Family Household Members,255
2015/06/01 00:00:00+00,827,18049,Family Member,256
2015/06/01 00:00:00+00,54,1190,Offsite/Overflow Singles,257
2015/06/01 00:00:00+00,783,13403,Mens Shelter,258
2015/06/01 00:00:00+00,213,3625,Womens Shelter,259
2015/06/01 00:00:00+00,256,2624,Mixed-Gender,260
2015/06/01 00:00:00+00,101,1862,Youth Shelter,261
2015/06/01 00:00:00+00,919,16214,Single Adult Males,262
2015/06/01 00:00:00+00,307,5097,Single Adult Females,263
2015/06/01 00:00:00+00,84,1393,Single Youth 18 Under,264
2015/06/01 00:00:00+00,224,18049,Family Units,265
2015/06/01 00:00:00+00,276,19199,Family Households,266
2015/03/01 00:00:00+00,2037,42481,All Clients,267
2015/03/01 00:00:00+00,1274,23861,All Singles,268
2015/03/01 00:00:00+00,824,19439,Family Household Members,269
2015/03/01 00:00:00+00,767,18676,Family Member,270
2015/03/01 00:00:00+00,59,819,Offsite/Overflow Singles,271
2015/03/01 00:00:00+00,816,14968,Mens Shelter,272
2015/03/01 00:00:00+00,200,4034,Womens Shelter,273
2015/03/01 00:00:00+00,224,2196,Mixed-Gender,274
2015/03/01 00:00:00+00,91,1844,Youth Shelter,275
2015/03/01 00:00:00+00,929,17376,Single Adult Males,276
2015/03/01 00:00:00+00,278,5308,Single Adult Females,277
2015/03/01 00:00:00+00,67,1177,Single Youth 18 Under,278
2015/03/01 00:00:00+00,212,18676,Family Units,279
2015/03/01 00:00:00+00,269,19439,Family Households,280
2015/05/01 00:00:00+00,2014,40843,All Clients,281
2015/05/01 00:00:00+00,1336,23730,All Singles,282
2015/05/01 00:00:00+00,739,18230,Family Household Members,283
2015/05/01 00:00:00+00,682,17150,Family Member,284
2015/05/01 00:00:00+00,59,1117,Offsite/Overflow Singles,285
2015/05/01 00:00:00+00,806,14270,Mens Shelter,286
2015/05/01 00:00:00+00,220,3719,Womens Shelter,287
2015/05/01 00:00:00+00,273,2656,Mixed-Gender,288
2015/05/01 00:00:00+00,106,1968,Youth Shelter,289
2015/05/01 00:00:00+00,949,17035,Single Adult Males,290
2015/05/01 00:00:00+00,305,5236,Single Adult Females,291
2015/05/01 00:00:00+00,82,1459,Single Youth 18 Under,292
2015/05/01 00:00:00+00,187,17150,Family Units,293
2015/05/01 00:00:00+00,244,18230,Family Households,294
2015/11/01 00:00:00+00,2234,45449,All Clients,295
2015/11/01 00:00:00+00,1357,23519,All Singles,296
2015/11/01 00:00:00+00,933,22976,Family Household Members,297
2015/11/01 00:00:00+00,884,21934,Family Member,298
2015/11/01 00:00:00+00,50,1046,Offsite/Overflow Singles,299
2015/11/01 00:00:00+00,860,14345,Mens Shelter,300
2016/08/01 00:00:00+00,2443,48139,All Clients,301
2016/08/01 00:00:00+00,1432,24433,All Singles,302
2016/08/01 00:00:00+00,1093,25134,Family Household Members,303
2016/08/01 00:00:00+00,1014,23706,Family Member,304
2016/08/01 00:00:00+00,79,1428,Offsite/Overflow Singles,305
2016/08/01 00:00:00+00,861,13929,Mens Shelter,306
2016/08/01 00:00:00+00,198,3983,Womens Shelter,307
2016/08/01 00:00:00+00,336,3117,Mixed-Gender,308
2016/08/01 00:00:00+00,93,1976,Youth Shelter,309
2016/08/01 00:00:00+00,1028,17157,Single Adult Males,310
2016/08/01 00:00:00+00,317,5822,Single Adult Females,311
2016/08/01 00:00:00+00,87,1454,Single Youth 18 Under,312
2016/08/01 00:00:00+00,295,23706,Family Units,313
2016/08/01 00:00:00+00,373,25134,Family Households,314
2016/12/01 00:00:00+00,2513,52732,All Clients,315
2016/12/01 00:00:00+00,1369,24705,All Singles,316
2016/12/01 00:00:00+00,1238,30239,Family Household Members,317
2016/12/01 00:00:00+00,1144,28027,Family Member,318
2016/12/01 00:00:00+00,94,2212,Offsite/Overflow Singles,319
2016/12/01 00:00:00+00,854,14164,Mens Shelter,320
2016/12/01 00:00:00+00,200,3540,Womens Shelter,321
2016/12/01 00:00:00+00,278,2900,Mixed-Gender,322
2016/12/01 00:00:00+00,84,1889,Youth Shelter,323
2016/12/01 00:00:00+00,1004,17574,Single Adult Males,324
2016/12/01 00:00:00+00,285,5469,Single Adult Females,325
2016/12/01 00:00:00+00,80,1662,Single Youth 18 Under,326
2016/12/01 00:00:00+00,338,28027,Family Units,327
2016/12/01 00:00:00+00,431,30239,Family Households,328
2016/02/01 00:00:00+00,2037,40518,All Clients,329
2016/02/01 00:00:00+00,1278,22766,All Singles,330
2016/02/01 00:00:00+00,830,18860,Family Household Members,331
2016/02/01 00:00:00+00,766,17767,Family Member,332
2016/02/01 00:00:00+00,66,1108,Offsite/Overflow Singles,333
2016/02/01 00:00:00+00,808,13711,Mens Shelter,334
2016/02/01 00:00:00+00,199,3632,Womens Shelter,335
2016/02/01 00:00:00+00,243,2398,Mixed-Gender,336
2016/02/01 00:00:00+00,83,1917,Youth Shelter,337
2016/02/01 00:00:00+00,934,16304,Single Adult Males,338
2016/02/01 00:00:00+00,276,5205,Single Adult Females,339
2016/02/01 00:00:00+00,68,1257,Single Youth 18 Under,340
2016/02/01 00:00:00+00,227,17767,Family Units,341
2016/02/01 00:00:00+00,291,18860,Family Households,342
2016/01/01 00:00:00+00,2108,44183,All Clients,343
2016/01/01 00:00:00+00,1352,23872,All Singles,344
2016/01/01 00:00:00+00,824,21496,Family Household Members,345
2016/01/01 00:00:00+00,761,20328,Family Member,346
2016/01/01 00:00:00+00,64,1185,Offsite/Overflow Singles,347
2016/01/01 00:00:00+00,849,14738,Mens Shelter,348
2016/01/01 00:00:00+00,207,3762,Womens Shelter,349
2016/01/01 00:00:00+00,278,2287,Mixed-Gender,350
2015/12/01 00:00:00+00,53,1119,Offsite/Overflow Singles,351
2015/12/01 00:00:00+00,811,14460,Mens Shelter,352
2015/12/01 00:00:00+00,218,3875,Womens Shelter,353
2015/12/01 00:00:00+00,248,2347,Mixed-Gender,354
2015/12/01 00:00:00+00,108,1937,Youth Shelter,355
2015/12/01 00:00:00+00,936,16979,Single Adult Males,356
2015/12/01 00:00:00+00,297,5323,Single Adult Females,357
2015/12/01 00:00:00+00,95,1436,Single Youth 18 Under,358
2015/12/01 00:00:00+00,233,20626,Family Units,359
2015/12/01 00:00:00+00,285,21745,Family Households,360
2015/02/01 00:00:00+00,2105,40938,All Clients,361
2015/02/01 00:00:00+00,1287,22393,All Singles,362
2015/02/01 00:00:00+00,863,19419,Family Household Members,363
2015/02/01 00:00:00+00,824,18579,Family Member,364
2015/02/01 00:00:00+00,41,874,Offsite/Overflow Singles,365
2015/02/01 00:00:00+00,825,13704,Mens Shelter,366
2015/02/01 00:00:00+00,213,3872,Womens Shelter,367
2015/02/01 00:00:00+00,215,2248,Mixed-Gender,368
2015/02/01 00:00:00+00,92,1695,Youth Shelter,369
2015/02/01 00:00:00+00,941,16306,Single Adult Males,370
2015/02/01 00:00:00+00,280,4990,Single Adult Females,371
2015/02/01 00:00:00+00,66,1097,Single Youth 18 Under,372
2015/02/01 00:00:00+00,230,18579,Family Units,373
2015/02/01 00:00:00+00,269,19419,Family Households,374
2015/01/01 00:00:00+00,2160,47463,All Clients,375
2015/01/01 00:00:00+00,1295,25393,All Singles,376
2015/01/01 00:00:00+00,924,23056,Family Household Members,377
2015/01/01 00:00:00+00,872,22081,Family Member,378
2015/01/01 00:00:00+00,53,986,Offsite/Overflow Singles,379
2015/01/01 00:00:00+00,822,15549,Mens Shelter,380
2015/01/01 00:00:00+00,204,4363,Womens Shelter,381
2015/01/01 00:00:00+00,229,2666,Mixed-Gender,382
2015/01/01 00:00:00+00,98,1829,Youth Shelter,383
2015/01/01 00:00:00+00,948,18473,Single Adult Males,384
2015/01/01 00:00:00+00,279,5718,Single Adult Females,385
2015/01/01 00:00:00+00,68,1202,Single Youth 18 Under,386
2015/01/01 00:00:00+00,252,22081,Family Units,387
2015/01/01 00:00:00+00,304,23056,Family Households,388
2015/07/01 00:00:00+00,2195,43575,All Clients,389
2015/07/01 00:00:00+00,1342,23749,All Singles,390
2015/07/01 00:00:00+00,904,20794,Family Household Members,391
2015/07/01 00:00:00+00,854,19857,Family Member,392
2015/07/01 00:00:00+00,51,968,Offsite/Overflow Singles,393
2015/07/01 00:00:00+00,823,14170,Mens Shelter,394
2015/07/01 00:00:00+00,218,3748,Womens Shelter,395
2015/07/01 00:00:00+00,265,2944,Mixed-Gender,396
2015/07/01 00:00:00+00,99,1919,Youth Shelter,397
2015/07/01 00:00:00+00,955,17187,Single Adult Males,398
2015/07/01 00:00:00+00,300,5180,Single Adult Females,399
2015/07/01 00:00:00+00,87,1382,Single Youth 18 Under,400
2018/12/01 00:00:00+00,3034,68284,All Clients,401
2018/12/01 00:00:00+00,1452,25895,All Singles,402
2018/12/01 00:00:00+00,1612,42963,Family Household Members,403
2018/12/01 00:00:00+00,1585,42389,Family Member,404
2018/12/01 00:00:00+00,27,574,Offsite/Overflow Singles,405
2018/12/01 00:00:00+00,930,15938,Mens Shelter,406
2018/12/01 00:00:00+00,205,4243,Womens Shelter,407
2018/12/01 00:00:00+00,354,3065,Mixed-Gender,408
2018/12/01 00:00:00+00,89,2075,Youth Shelter,409
2018/12/01 00:00:00+00,1056,18364,Single Adult Males,410
2018/12/01 00:00:00+00,310,5663,Single Adult Females,411
2018/12/01 00:00:00+00,86,1868,Single Youth 18 Under,412
2018/12/01 00:00:00+00,458,42389,Family Units,413
2018/12/01 00:00:00+00,484,42963,Family Households,414
2018/02/01 00:00:00+00,2602,54246,All Clients,415
2018/02/01 00:00:00+00,1328,22714,All Singles,416
2018/02/01 00:00:00+00,1312,32085,Family Household Members,417
2018/02/01 00:00:00+00,1281,31532,Family Member,418
2018/02/01 00:00:00+00,31,553,Offsite/Overflow Singles,419
2018/02/01 00:00:00+00,822,13397,Mens Shelter,420
2018/02/01 00:00:00+00,208,3794,Womens Shelter,421
2018/02/01 00:00:00+00,316,3214,Mixed-Gender,422
2018/02/01 00:00:00+00,75,1756,Youth Shelter,423
2018/02/01 00:00:00+00,950,15905,Single Adult Males,424
2018/02/01 00:00:00+00,318,5581,Single Adult Females,425
2018/02/01 00:00:00+00,60,1228,Single Youth 18 Under,426
2018/02/01 00:00:00+00,370,31532,Family Units,427
2018/02/01 00:00:00+00,400,32085,Family Households,428
2018/01/01 00:00:00+00,2635,59335,All Clients,429
2018/01/01 00:00:00+00,1347,25157,All Singles,430
2018/01/01 00:00:00+00,1323,34760,Family Household Members,431
2018/01/01 00:00:00+00,1293,34178,Family Member,432
2018/01/01 00:00:00+00,30,582,Offsite/Overflow Singles,433
2018/01/01 00:00:00+00,845,15159,Mens Shelter,434
2018/01/01 00:00:00+00,227,4267,Womens Shelter,435
2018/01/01 00:00:00+00,330,3145,Mixed-Gender,436
2018/01/01 00:00:00+00,80,2004,Youth Shelter,437
2018/01/01 00:00:00+00,971,17693,Single Adult Males,438
2018/01/01 00:00:00+00,315,6092,Single Adult Females,439
2018/01/01 00:00:00+00,61,1372,Single Youth 18 Under,440
2018/01/01 00:00:00+00,376,34178,Family Units,441
2018/01/01 00:00:00+00,405,34760,Family Households,442
2018/07/01 00:00:00+00,2993,65295,All Clients,443
2018/07/01 00:00:00+00,1414,24510,All Singles,444
2018/07/01 00:00:00+00,1609,41387,Family Household Members,445
2018/07/01 00:00:00+00,1584,40785,Family Member,446
2018/07/01 00:00:00+00,25,602,Offsite/Overflow Singles,447
2018/07/01 00:00:00+00,876,14687,Mens Shelter,448
2018/07/01 00:00:00+00,234,4374,Womens Shelter,449
2018/07/01 00:00:00+00,329,2929,Mixed-Gender,450
2017/06/01 00:00:00+00,389,34887,Family Units,451
2017/06/01 00:00:00+00,423,35516,Family Households,452
2017/03/01 00:00:00+00,2502,53760,All Clients,453
2017/03/01 00:00:00+00,1343,24368,All Singles,454
2017/03/01 00:00:00+00,1208,30392,Family Household Members,455
2017/03/01 00:00:00+00,1164,29392,Family Member,456
2017/03/01 00:00:00+00,44,1000,Offsite/Overflow Singles,457
2017/03/01 00:00:00+00,819,14222,Mens Shelter,458
2017/03/01 00:00:00+00,210,3960,Womens Shelter,459
2017/03/01 00:00:00+00,328,3191,Mixed-Gender,460
2017/03/01 00:00:00+00,84,1995,Youth Shelter,461
2017/03/01 00:00:00+00,976,17452,Single Adult Males,462
2017/03/01 00:00:00+00,309,5630,Single Adult Females,463
2017/03/01 00:00:00+00,58,1286,Single Youth 18 Under,464
2017/03/01 00:00:00+00,341,29392,Family Units,465
2017/03/01 00:00:00+00,384,30392,Family Households,466
2017/05/01 00:00:00+00,2664,59105,All Clients,467
2017/05/01 00:00:00+00,1397,23881,All Singles,468
2017/05/01 00:00:00+00,1303,35843,Family Household Members,469
2017/05/01 00:00:00+00,1271,35224,Family Member,470
2017/05/01 00:00:00+00,32,619,Offsite/Overflow Singles,471
2017/05/01 00:00:00+00,874,14073,Mens Shelter,472
2017/05/01 00:00:00+00,219,3891,Womens Shelter,473
2017/05/01 00:00:00+00,318,3115,Mixed-Gender,474
2017/05/01 00:00:00+00,85,2183,Youth Shelter,475
2017/05/01 00:00:00+00,1001,16815,Single Adult Males,476
2017/05/01 00:00:00+00,327,5510,Single Adult Females,477
2017/05/01 00:00:00+00,69,1556,Single Youth 18 Under,478
2017/05/01 00:00:00+00,378,35224,Family Units,479
2017/05/01 00:00:00+00,409,35843,Family Households,480
2017/11/01 00:00:00+00,2756,57762,All Clients,481
2017/11/01 00:00:00+00,1434,24282,All Singles,482
2017/11/01 00:00:00+00,1346,33810,Family Household Members,483
2017/11/01 00:00:00+00,1326,33480,Family Member,484
2017/11/01 00:00:00+00,20,330,Offsite/Overflow Singles,485
2017/11/01 00:00:00+00,885,14431,Mens Shelter,486
2017/11/01 00:00:00+00,217,4106,Womens Shelter,487
2017/11/01 00:00:00+00,374,3586,Mixed-Gender,488
2017/11/01 00:00:00+00,89,1829,Youth Shelter,489
2017/11/01 00:00:00+00,1031,17014,Single Adult Males,490
2017/11/01 00:00:00+00,314,5646,Single Adult Females,491
2017/11/01 00:00:00+00,89,1622,Single Youth 18 Under,492
2017/11/01 00:00:00+00,380,33480,Family Units,493
2017/11/01 00:00:00+00,399,33810,Family Households,494
2017/10/01 00:00:00+00,2788,61652,All Clients,495
2017/10/01 00:00:00+00,1420,25149,All Singles,496
2017/10/01 00:00:00+00,1394,36883,Family Household Members,497
2017/10/01 00:00:00+00,1374,36503,Family Member,498
2017/10/01 00:00:00+00,20,380,Offsite/Overflow Singles,499
2017/10/01 00:00:00+00,886,14927,Mens Shelter,500
2016/01/01 00:00:00+00,90,1900,Youth Shelter,501
2016/01/01 00:00:00+00,987,17357,Single Adult Males,502
2016/01/01 00:00:00+00,299,5375,Single Adult Females,503
2016/01/01 00:00:00+00,66,1140,Single Youth 18 Under,504
2016/01/01 00:00:00+00,220,20328,Family Units,505
2016/01/01 00:00:00+00,283,21496,Family Households,506
2016/07/01 00:00:00+00,2278,45041,All Clients,507
2016/07/01 00:00:00+00,1378,23541,All Singles,508
2016/07/01 00:00:00+00,975,22868,Family Household Members,509
2016/07/01 00:00:00+00,902,21500,Family Member,510
2016/07/01 00:00:00+00,73,1368,Offsite/Overflow Singles,511
2016/07/01 00:00:00+00,804,13231,Mens Shelter,512
2016/07/01 00:00:00+00,218,3874,Womens Shelter,513
2016/07/01 00:00:00+00,316,3058,Mixed-Gender,514
2016/07/01 00:00:00+00,94,2010,Youth Shelter,515
2016/07/01 00:00:00+00,968,16444,Single Adult Males,516
2016/07/01 00:00:00+00,328,5601,Single Adult Females,517
2016/07/01 00:00:00+00,82,1496,Single Youth 18 Under,518
2016/07/01 00:00:00+00,259,21500,Family Units,519
2016/07/01 00:00:00+00,331,22868,Family Households,520
2016/06/01 00:00:00+00,2154,42452,All Clients,521
2016/06/01 00:00:00+00,1327,23087,All Singles,522
2016/06/01 00:00:00+00,881,20542,Family Household Members,523
2016/06/01 00:00:00+00,827,19365,Family Member,524
2016/06/01 00:00:00+00,54,1177,Offsite/Overflow Singles,525
2016/06/01 00:00:00+00,814,13437,Mens Shelter,526
2016/06/01 00:00:00+00,197,3562,Womens Shelter,527
2016/06/01 00:00:00+00,287,3018,Mixed-Gender,528
2016/06/01 00:00:00+00,85,1893,Youth Shelter,529
2016/06/01 00:00:00+00,969,16480,Single Adult Males,530
2016/06/01 00:00:00+00,289,5226,Single Adult Females,531
2016/06/01 00:00:00+00,69,1381,Single Youth 18 Under,532
2016/06/01 00:00:00+00,237,19365,Family Units,533
2016/06/01 00:00:00+00,290,20542,Family Households,534
2016/03/01 00:00:00+00,2119,43048,All Clients,535
2016/03/01 00:00:00+00,1292,23866,All Singles,536
2016/03/01 00:00:00+00,881,20345,Family Household Members,537
2016/03/01 00:00:00+00,829,19213,Family Member,538
2016/03/01 00:00:00+00,53,1163,Offsite/Overflow Singles,539
2016/03/01 00:00:00+00,821,14458,Mens Shelter,540
2016/03/01 00:00:00+00,205,3720,Womens Shelter,541
2016/03/01 00:00:00+00,257,2562,Mixed-Gender,542
2016/03/01 00:00:00+00,82,1963,Youth Shelter,543
2016/03/01 00:00:00+00,944,17304,Single Adult Males,544
2016/03/01 00:00:00+00,282,5277,Single Adult Females,545
2016/03/01 00:00:00+00,66,1285,Single Youth 18 Under,546
2016/03/01 00:00:00+00,240,19213,Family Units,547
2016/03/01 00:00:00+00,292,20345,Family Households,548
2016/05/01 00:00:00+00,2182,44891,All Clients,549
2016/05/01 00:00:00+00,1367,24239,All Singles,550
2016/05/01 00:00:00+00,877,21840,Family Household Members,551
2016/05/01 00:00:00+00,818,20652,Family Member,552
2016/05/01 00:00:00+00,59,1188,Offsite/Overflow Singles,553
2016/05/01 00:00:00+00,862,14583,Mens Shelter,554
2016/05/01 00:00:00+00,193,3735,Womens Shelter,555
2016/05/01 00:00:00+00,295,2677,Mixed-Gender,556
2016/05/01 00:00:00+00,89,2056,Youth Shelter,557
2016/05/01 00:00:00+00,1012,17438,Single Adult Males,558
2016/05/01 00:00:00+00,284,5334,Single Adult Females,559
2016/05/01 00:00:00+00,71,1467,Single Youth 18 Under,560
2016/05/01 00:00:00+00,237,20652,Family Units,561
2016/05/01 00:00:00+00,295,21840,Family Households,562
2016/11/01 00:00:00+00,2394,49191,All Clients,563
2016/11/01 00:00:00+00,1334,23089,All Singles,564
2016/11/01 00:00:00+00,1145,27776,Family Household Members,565
2016/11/01 00:00:00+00,1064,26102,Family Member,566
2016/11/01 00:00:00+00,81,1674,Offsite/Overflow Singles,567
2016/11/01 00:00:00+00,810,13311,Mens Shelter,568
2016/11/01 00:00:00+00,204,3457,Womens Shelter,569
2016/11/01 00:00:00+00,291,2831,Mixed-Gender,570
2016/11/01 00:00:00+00,83,1816,Youth Shelter,571
2016/11/01 00:00:00+00,954,16452,Single Adult Males,572
2016/11/01 00:00:00+00,299,5062,Single Adult Females,573
2016/11/01 00:00:00+00,81,1575,Single Youth 18 Under,574
2016/11/01 00:00:00+00,319,26102,Family Units,575
2016/11/01 00:00:00+00,399,27776,Family Households,576
2016/10/01 00:00:00+00,2430,51542,All Clients,577
2016/10/01 00:00:00+00,1384,24184,All Singles,578
2016/10/01 00:00:00+00,1122,28907,Family Household Members,579
2016/10/01 00:00:00+00,1048,27358,Family Member,580
2016/10/01 00:00:00+00,74,1549,Offsite/Overflow Singles,581
2016/10/01 00:00:00+00,857,14013,Mens Shelter,582
2016/10/01 00:00:00+00,214,3735,Womens Shelter,583
2016/10/01 00:00:00+00,296,3019,Mixed-Gender,584
2016/10/01 00:00:00+00,77,1868,Youth Shelter,585
2016/10/01 00:00:00+00,1000,17271,Single Adult Males,586
2016/10/01 00:00:00+00,309,5353,Single Adult Females,587
2016/10/01 00:00:00+00,75,1560,Single Youth 18 Under,588
2016/10/01 00:00:00+00,314,27358,Family Units,589
2016/10/01 00:00:00+00,387,28907,Family Households,590
2016/09/01 00:00:00+00,2449,48901,All Clients,591
2016/09/01 00:00:00+00,1423,23697,All Singles,592
2016/09/01 00:00:00+00,1098,26382,Family Household Members,593
2016/09/01 00:00:00+00,1028,25204,Family Member,594
2016/09/01 00:00:00+00,70,1178,Offsite/Overflow Singles,595
2016/09/01 00:00:00+00,872,13891,Mens Shelter,596
2016/09/01 00:00:00+00,203,3791,Womens Shelter,597
2016/09/01 00:00:00+00,334,2900,Mixed-Gender,598
2016/09/01 00:00:00+00,89,1937,Youth Shelter,599
2016/09/01 00:00:00+00,1023,16753,Single Adult Males,600
2017/02/01 00:00:00+00,56,957,Offsite/Overflow Singles,601
2017/02/01 00:00:00+00,798,12910,Mens Shelter,602
2017/02/01 00:00:00+00,198,3506,Womens Shelter,603
2017/02/01 00:00:00+00,260,2674,Mixed-Gender,604
2017/02/01 00:00:00+00,88,1726,Youth Shelter,605
2017/02/01 00:00:00+00,949,15832,Single Adult Males,606
2017/02/01 00:00:00+00,280,4956,Single Adult Females,607
2017/02/01 00:00:00+00,61,985,Single Youth 18 Under,608
2017/02/01 00:00:00+00,331,27612,Family Units,609
2017/02/01 00:00:00+00,386,28569,Family Households,610
2017/01/01 00:00:00+00,2512,54550,All Clients,611
2017/01/01 00:00:00+00,1376,24496,All Singles,612
2017/01/01 00:00:00+00,1209,31564,Family Household Members,613
2017/01/01 00:00:00+00,1138,30054,Family Member,614
2017/01/01 00:00:00+00,71,1510,Offsite/Overflow Singles,615
2017/01/01 00:00:00+00,859,14535,Mens Shelter,616
2017/01/01 00:00:00+00,213,3682,Womens Shelter,617
2017/01/01 00:00:00+00,277,2824,Mixed-Gender,618
2017/01/01 00:00:00+00,86,1945,Youth Shelter,619
2017/01/01 00:00:00+00,1018,17953,Single Adult Males,620
2017/01/01 00:00:00+00,304,5380,Single Adult Females,621
2017/01/01 00:00:00+00,54,1163,Single Youth 18 Under,622
2017/01/01 00:00:00+00,330,30054,Family Units,623
2017/01/01 00:00:00+00,400,31564,Family Households,624
2017/07/01 00:00:00+00,2744,59587,All Clients,625
2017/07/01 00:00:00+00,1366,23582,All Singles,626
2017/07/01 00:00:00+00,1415,36530,Family Household Members,627
2017/07/01 00:00:00+00,1386,36005,Family Member,628
2017/07/01 00:00:00+00,29,525,Offsite/Overflow Singles,629
2017/07/01 00:00:00+00,860,13687,Mens Shelter,630
2017/07/01 00:00:00+00,204,4062,Womens Shelter,631
2017/07/01 00:00:00+00,319,3180,Mixed-Gender,632
2017/07/01 00:00:00+00,84,2128,Youth Shelter,633
2017/07/01 00:00:00+00,984,16228,Single Adult Males,634
2017/07/01 00:00:00+00,303,5593,Single Adult Females,635
2017/07/01 00:00:00+00,79,1761,Single Youth 18 Under,636
2017/07/01 00:00:00+00,395,36005,Family Units,637
2017/07/01 00:00:00+00,423,36530,Family Households,638
2017/06/01 00:00:00+00,2699,57552,All Clients,639
2017/06/01 00:00:00+00,1371,22665,All Singles,640
2017/06/01 00:00:00+00,1368,35516,Family Household Members,641
2017/06/01 00:00:00+00,1333,34887,Family Member,642
2017/06/01 00:00:00+00,35,629,Offsite/Overflow Singles,643
2017/06/01 00:00:00+00,868,13138,Mens Shelter,644
2017/06/01 00:00:00+00,193,3862,Womens Shelter,645
2017/06/01 00:00:00+00,309,2997,Mixed-Gender,646
2017/06/01 00:00:00+00,88,2039,Youth Shelter,647
2017/06/01 00:00:00+00,991,15696,Single Adult Males,648
2017/06/01 00:00:00+00,302,5419,Single Adult Females,649
2017/06/01 00:00:00+00,78,1550,Single Youth 18 Under,650
2017/10/01 00:00:00+00,202,4201,Womens Shelter,651
2017/10/01 00:00:00+00,367,3623,Mixed-Gender,652
2017/10/01 00:00:00+00,83,2018,Youth Shelter,653
2017/10/01 00:00:00+00,1034,17649,Single Adult Males,654
2017/10/01 00:00:00+00,313,5792,Single Adult Females,655
2017/10/01 00:00:00+00,73,1708,Single Youth 18 Under,656
2017/10/01 00:00:00+00,388,36503,Family Units,657
2017/10/01 00:00:00+00,407,36883,Family Households,658
2017/09/01 00:00:00+00,2792,59678,All Clients,659
2017/09/01 00:00:00+00,1383,24030,All Singles,660
2017/09/01 00:00:00+00,1429,36100,Family Household Members,661
2017/09/01 00:00:00+00,1412,35648,Family Member,662
2017/09/01 00:00:00+00,17,452,Offsite/Overflow Singles,663
2017/09/01 00:00:00+00,861,14172,Mens Shelter,664
2017/09/01 00:00:00+00,206,4089,Womens Shelter,665
2017/09/01 00:00:00+00,349,3385,Mixed-Gender,666
2017/09/01 00:00:00+00,81,1932,Youth Shelter,667
2017/09/01 00:00:00+00,1010,16799,Single Adult Males,668
2017/09/01 00:00:00+00,299,5694,Single Adult Females,669
2017/09/01 00:00:00+00,74,1537,Single Youth 18 Under,670
2017/09/01 00:00:00+00,392,35648,Family Units,671
2017/09/01 00:00:00+00,408,36100,Family Households,672
2018/04/01 00:00:00+00,2797,60040,All Clients,673
2018/04/01 00:00:00+00,1403,24541,All Singles,674
2018/04/01 00:00:00+00,1426,36181,Family Household Members,675
2018/04/01 00:00:00+00,1398,35559,Family Member,676
2018/04/01 00:00:00+00,30,682,Offsite/Overflow Singles,677
2018/04/01 00:00:00+00,869,14466,Mens Shelter,678
2018/04/01 00:00:00+00,207,4099,Womens Shelter,679
2018/04/01 00:00:00+00,342,3409,Mixed-Gender,680
2018/04/01 00:00:00+00,80,1885,Youth Shelter,681
2018/04/01 00:00:00+00,1014,17121,Single Adult Males,682
2018/04/01 00:00:00+00,318,5945,Single Adult Females,683
2018/04/01 00:00:00+00,71,1475,Single Youth 18 Under,684
2018/04/01 00:00:00+00,400,35559,Family Units,685
2018/04/01 00:00:00+00,428,36181,Family Households,686
2018/08/01 00:00:00+00,2977,67088,All Clients,687
2018/08/01 00:00:00+00,1460,24982,All Singles,688
2018/08/01 00:00:00+00,1539,42654,Family Household Members,689
2018/08/01 00:00:00+00,1517,42106,Family Member,690
2018/08/01 00:00:00+00,22,548,Offsite/Overflow Singles,691
2018/08/01 00:00:00+00,922,15129,Mens Shelter,692
2018/08/01 00:00:00+00,207,4317,Womens Shelter,693
2018/08/01 00:00:00+00,363,3167,Mixed-Gender,694
2018/08/01 00:00:00+00,76,1821,Youth Shelter,695
2018/08/01 00:00:00+00,1056,17400,Single Adult Males,696
2018/08/01 00:00:00+00,326,5875,Single Adult Females,697
2018/08/01 00:00:00+00,78,1707,Single Youth 18 Under,698
2018/08/01 00:00:00+00,424,42106,Family Units,699
2018/08/01 00:00:00+00,445,42654,Family Households,700
2018/07/01 00:00:00+00,81,1918,Youth Shelter,701
2018/07/01 00:00:00+00,1005,16857,Single Adult Males,702
2018/07/01 00:00:00+00,329,5890,Single Adult Females,703
2018/07/01 00:00:00+00,80,1763,Single Youth 18 Under,704
2018/07/01 00:00:00+00,448,40785,Family Units,705
2018/07/01 00:00:00+00,472,41387,Family Households,706
2018/06/01 00:00:00+00,2793,58933,All Clients,707
2018/06/01 00:00:00+00,1389,23323,All Singles,708
2018/06/01 00:00:00+00,1433,36087,Family Household Members,709
2018/06/01 00:00:00+00,1408,35610,Family Member,710
2018/06/01 00:00:00+00,25,477,Offsite/Overflow Singles,711
2018/06/01 00:00:00+00,861,14099,Mens Shelter,712
2018/06/01 00:00:00+00,234,4058,Womens Shelter,713
2018/06/01 00:00:00+00,326,2780,Mixed-Gender,714
2018/06/01 00:00:00+00,75,1909,Youth Shelter,715
2018/06/01 00:00:00+00,988,16232,Single Adult Males,716
2018/06/01 00:00:00+00,328,5459,Single Adult Females,717
2018/06/01 00:00:00+00,73,1632,Single Youth 18 Under,718
2018/06/01 00:00:00+00,405,35610,Family Units,719
2018/06/01 00:00:00+00,429,36087,Family Households,720
2018/03/01 00:00:00+00,2735,60574,All Clients,721
2018/03/01 00:00:00+00,1404,25219,All Singles,722
2018/03/01 00:00:00+00,1365,35958,Family Household Members,723
2018/03/01 00:00:00+00,1339,35395,Family Member,724
2018/03/01 00:00:00+00,28,603,Offsite/Overflow Singles,725
2018/03/01 00:00:00+00,889,15002,Mens Shelter,726
2018/03/01 00:00:00+00,206,4208,Womens Shelter,727
2018/03/01 00:00:00+00,370,3517,Mixed-Gender,728
2018/03/01 00:00:00+00,79,1889,Youth Shelter,729
2018/03/01 00:00:00+00,1021,17759,Single Adult Males,730
2018/03/01 00:00:00+00,317,6006,Single Adult Females,731
2018/03/01 00:00:00+00,66,1454,Single Youth 18 Under,732
2018/03/01 00:00:00+00,385,35395,Family Units,733
2018/03/01 00:00:00+00,411,35958,Family Households,734
2018/05/01 00:00:00+00,2816,62959,All Clients,735
2018/05/01 00:00:00+00,1411,24788,All Singles,736
2018/05/01 00:00:00+00,1441,38809,Family Household Members,737
2018/05/01 00:00:00+00,1410,38201,Family Member,738
2018/05/01 00:00:00+00,33,638,Offsite/Overflow Singles,739
2018/05/01 00:00:00+00,875,14731,Mens Shelter,740
2018/05/01 00:00:00+00,219,4296,Womens Shelter,741
2018/05/01 00:00:00+00,353,3206,Mixed-Gender,742
2018/05/01 00:00:00+00,73,1917,Youth Shelter,743
2018/05/01 00:00:00+00,1025,17384,Single Adult Males,744
2018/05/01 00:00:00+00,315,5764,Single Adult Females,745
2018/05/01 00:00:00+00,71,1640,Single Youth 18 Under,746
2018/05/01 00:00:00+00,400,38201,Family Units,747
2018/05/01 00:00:00+00,431,38809,Family Households,748
2018/11/01 00:00:00+00,2968,65242,All Clients,749
2018/11/01 00:00:00+00,1424,25758,All Singles,750
2016/09/01 00:00:00+00,324,5445,Single Adult Females,751
2016/09/01 00:00:00+00,76,1499,Single Youth 18 Under,752
2016/09/01 00:00:00+00,305,25204,Family Units,753
2016/09/01 00:00:00+00,374,26382,Family Households,754
2017/04/01 00:00:00+00,2521,53788,All Clients,755
2017/04/01 00:00:00+00,1324,23460,All Singles,756
2017/04/01 00:00:00+00,1245,31116,Family Household Members,757
2017/04/01 00:00:00+00,1201,30328,Family Member,758
2017/04/01 00:00:00+00,44,788,Offsite/Overflow Singles,759
2017/04/01 00:00:00+00,826,13830,Mens Shelter,760
2017/04/01 00:00:00+00,190,3832,Womens Shelter,761
2017/04/01 00:00:00+00,303,2971,Mixed-Gender,762
2017/04/01 00:00:00+00,88,2039,Youth Shelter,763
2017/04/01 00:00:00+00,961,16654,Single Adult Males,764
2017/04/01 00:00:00+00,294,5448,Single Adult Females,765
2017/04/01 00:00:00+00,69,1358,Single Youth 18 Under,766
2017/04/01 00:00:00+00,354,30328,Family Units,767
2017/04/01 00:00:00+00,397,31116,Family Households,768
2017/08/01 00:00:00+00,2764,62502,All Clients,769
2017/08/01 00:00:00+00,1403,24328,All Singles,770
2017/08/01 00:00:00+00,1384,38635,Family Household Members,771
2017/08/01 00:00:00+00,1365,38174,Family Member,772
2017/08/01 00:00:00+00,20,461,Offsite/Overflow Singles,773
2017/08/01 00:00:00+00,879,14194,Mens Shelter,774
2017/08/01 00:00:00+00,213,4181,Womens Shelter,775
2017/08/01 00:00:00+00,352,3305,Mixed-Gender,776
2017/08/01 00:00:00+00,83,2187,Youth Shelter,777
2017/08/01 00:00:00+00,1007,16624,Single Adult Males,778
2017/08/01 00:00:00+00,320,5905,Single Adult Females,779
2017/08/01 00:00:00+00,76,1799,Single Youth 18 Under,780
2017/08/01 00:00:00+00,390,38174,Family Units,781
2017/08/01 00:00:00+00,409,38635,Family Households,782
2017/12/01 00:00:00+00,2646,58113,All Clients,783
2017/12/01 00:00:00+00,1368,24260,All Singles,784
2017/12/01 00:00:00+00,1304,34349,Family Household Members,785
2017/12/01 00:00:00+00,1280,33853,Family Member,786
2017/12/01 00:00:00+00,24,496,Offsite/Overflow Singles,787
2017/12/01 00:00:00+00,884,14554,Mens Shelter,788
2017/12/01 00:00:00+00,225,4238,Womens Shelter,789
2017/12/01 00:00:00+00,323,3062,Mixed-Gender,790
2017/12/01 00:00:00+00,80,1910,Youth Shelter,791
2017/12/01 00:00:00+00,973,16872,Single Adult Males,792
2017/12/01 00:00:00+00,303,5543,Single Adult Females,793
2017/12/01 00:00:00+00,92,1845,Single Youth 18 Under,794
2017/12/01 00:00:00+00,374,33853,Family Units,795
2017/12/01 00:00:00+00,397,34349,Family Households,796
2017/02/01 00:00:00+00,2425,49385,All Clients,797
2017/02/01 00:00:00+00,1290,21773,All Singles,798
2017/02/01 00:00:00+00,1193,28569,Family Household Members,799
2017/02/01 00:00:00+00,1137,27612,Family Member,800
2019/09/01 00:00:00+00,218,4327,Womens Shelter,801
2019/09/01 00:00:00+00,382,2852,Mixed-Gender,802
2019/09/01 00:00:00+00,74,1817,Youth Shelter,803
2019/09/01 00:00:00+00,1042,17407,Single Adult Males,804
2019/09/01 00:00:00+00,342,5962,Single Adult Females,805
2019/09/01 00:00:00+00,73,1491,Single Youth 18 Under,806
2019/09/01 00:00:00+00,531,46978,Family Units,807
2019/09/01 00:00:00+00,556,47533,Family Households,808
2020/04/01 00:00:00+00,3123,75111,All Clients,809
2020/04/01 00:00:00+00,1345,24723,All Singles,810
2020/04/01 00:00:00+00,1817,51205,Family Household Members,811
2020/04/01 00:00:00+00,1779,50388,Family Member,812
2020/04/01 00:00:00+00,38,817,Offsite/Overflow Singles,813
2020/04/01 00:00:00+00,813,15024,Mens Shelter,814
2020/04/01 00:00:00+00,165,3791,Womens Shelter,815
2020/04/01 00:00:00+00,446,3278,Mixed-Gender,816
2020/04/01 00:00:00+00,64,1813,Youth Shelter,817
2020/04/01 00:00:00+00,996,17710,Single Adult Males,818
2020/04/01 00:00:00+00,299,5776,Single Adult Females,819
2020/04/01 00:00:00+00,50,1237,Single Youth 18 Under,820
2020/04/01 00:00:00+00,535,50388,Family Units,821
2020/04/01 00:00:00+00,572,51205,Family Households,822
2020/08/01 00:00:00+00,2986,71230,All Clients,823
2020/08/01 00:00:00+00,1232,22804,All Singles,824
2020/08/01 00:00:00+00,1803,49629,Family Household Members,825
2020/08/01 00:00:00+00,1754,48426,Family Member,826
2020/08/01 00:00:00+00,49,1203,Offsite/Overflow Singles,827
2020/08/01 00:00:00+00,767,14036,Mens Shelter,828
2020/08/01 00:00:00+00,127,3230,Womens Shelter,829
2020/08/01 00:00:00+00,332,2541,Mixed-Gender,830
2020/08/01 00:00:00+00,68,1794,Youth Shelter,831
2020/08/01 00:00:00+00,923,16398,Single Adult Males,832
2020/08/01 00:00:00+00,253,4987,Single Adult Females,833
2020/08/01 00:00:00+00,56,1419,Single Youth 18 Under,834
2020/08/01 00:00:00+00,512,48426,Family Units,835
2020/08/01 00:00:00+00,560,49629,Family Households,836
2020/12/01 00:00:00+00,2662,63583,All Clients,837
2020/12/01 00:00:00+00,1219,23368,All Singles,838
2020/12/01 00:00:00+00,1491,41344,Family Household Members,839
2020/12/01 00:00:00+00,1446,40215,Family Member,840
2020/12/01 00:00:00+00,46,1129,Offsite/Overflow Singles,841
2020/12/01 00:00:00+00,695,12867,Mens Shelter,842
2020/12/01 00:00:00+00,180,3544,Womens Shelter,843
2020/12/01 00:00:00+00,412,4124,Mixed-Gender,844
2020/12/01 00:00:00+00,67,1704,Youth Shelter,845
2020/12/01 00:00:00+00,880,16589,Single Adult Males,846
2020/12/01 00:00:00+00,275,5197,Single Adult Females,847
2020/12/01 00:00:00+00,64,1582,Single Youth 18 Under,848
2020/12/01 00:00:00+00,415,40215,Family Units,849
2020/12/01 00:00:00+00,460,41344,Family Households,850
2019/01/01 00:00:00+00,29,710,Offsite/Overflow Singles,851
2019/01/01 00:00:00+00,875,16023,Mens Shelter,852
2019/01/01 00:00:00+00,190,4263,Womens Shelter,853
2019/01/01 00:00:00+00,417,3453,Mixed-Gender,854
2019/01/01 00:00:00+00,83,2035,Youth Shelter,855
2019/01/01 00:00:00+00,1046,19079,Single Adult Males,856
2019/01/01 00:00:00+00,332,6279,Single Adult Females,857
2019/01/01 00:00:00+00,48,1126,Single Youth 18 Under,858
2019/01/01 00:00:00+00,465,45424,Family Units,859
2019/01/01 00:00:00+00,493,46134,Family Households,860
2019/07/01 00:00:00+00,3137,69607,All Clients,861
2019/07/01 00:00:00+00,1438,25347,All Singles,862
2019/07/01 00:00:00+00,1734,44937,Family Household Members,863
2019/07/01 00:00:00+00,1703,44260,Family Member,864
2019/07/01 00:00:00+00,31,677,Offsite/Overflow Singles,865
2019/07/01 00:00:00+00,889,15649,Mens Shelter,866
2019/07/01 00:00:00+00,217,4587,Womens Shelter,867
2019/07/01 00:00:00+00,350,2615,Mixed-Gender,868
2019/07/01 00:00:00+00,75,1819,Youth Shelter,869
2019/07/01 00:00:00+00,1040,17866,Single Adult Males,870
2019/07/01 00:00:00+00,342,6127,Single Adult Females,871
2019/07/01 00:00:00+00,56,1354,Single Youth 18 Under,872
2019/07/01 00:00:00+00,505,44260,Family Units,873
2019/07/01 00:00:00+00,535,44937,Family Households,874
2019/06/01 00:00:00+00,3071,67372,All Clients,875
2019/06/01 00:00:00+00,1467,24881,All Singles,876
2019/06/01 00:00:00+00,1642,43083,Family Household Members,877
2019/06/01 00:00:00+00,1609,42491,Family Member,878
2019/06/01 00:00:00+00,33,592,Offsite/Overflow Singles,879
2019/06/01 00:00:00+00,923,15117,Mens Shelter,880
2019/06/01 00:00:00+00,197,4171,Womens Shelter,881
2019/06/01 00:00:00+00,378,3184,Mixed-Gender,882
2019/06/01 00:00:00+00,78,1817,Youth Shelter,883
2019/06/01 00:00:00+00,1078,17769,Single Adult Males,884
2019/06/01 00:00:00+00,328,5844,Single Adult Females,885
2019/06/01 00:00:00+00,61,1268,Single Youth 18 Under,886
2019/06/01 00:00:00+00,477,42491,Family Units,887
2019/06/01 00:00:00+00,509,43083,Family Households,888
2019/03/01 00:00:00+00,2982,67443,All Clients,889
2019/03/01 00:00:00+00,1424,25766,All Singles,890
2019/03/01 00:00:00+00,1593,42392,Family Household Members,891
2019/03/01 00:00:00+00,1561,41677,Family Member,892
2019/03/01 00:00:00+00,32,715,Offsite/Overflow Singles,893
2019/03/01 00:00:00+00,899,15566,Mens Shelter,894
2019/03/01 00:00:00+00,203,4206,Womens Shelter,895
2019/03/01 00:00:00+00,384,3438,Mixed-Gender,896
2019/03/01 00:00:00+00,65,1841,Youth Shelter,897
2019/03/01 00:00:00+00,1056,18628,Single Adult Males,898
2019/03/01 00:00:00+00,322,5988,Single Adult Females,899
2019/03/01 00:00:00+00,46,1150,Single Youth 18 Under,900
2018/11/01 00:00:00+00,1568,40001,Family Household Members,901
2018/11/01 00:00:00+00,1546,39484,Family Member,902
2018/11/01 00:00:00+00,22,517,Offsite/Overflow Singles,903
2018/11/01 00:00:00+00,890,15707,Mens Shelter,904
2018/11/01 00:00:00+00,207,4193,Womens Shelter,905
2018/11/01 00:00:00+00,391,3299,Mixed-Gender,906
2018/11/01 00:00:00+00,81,2042,Youth Shelter,907
2018/11/01 00:00:00+00,1030,18135,Single Adult Males,908
2018/11/01 00:00:00+00,308,5697,Single Adult Females,909
2018/11/01 00:00:00+00,86,1926,Single Youth 18 Under,910
2018/11/01 00:00:00+00,445,39484,Family Units,911
2018/11/01 00:00:00+00,466,40001,Family Households,912
2018/10/01 00:00:00+00,2885,65622,All Clients,913
2018/10/01 00:00:00+00,1431,25602,All Singles,914
2018/10/01 00:00:00+00,1480,40464,Family Household Members,915
2018/10/01 00:00:00+00,1459,40020,Family Member,916
2018/10/01 00:00:00+00,21,444,Offsite/Overflow Singles,917
2018/10/01 00:00:00+00,887,15655,Mens Shelter,918
2018/10/01 00:00:00+00,218,4277,Womens Shelter,919
2018/10/01 00:00:00+00,385,3288,Mixed-Gender,920
2018/10/01 00:00:00+00,83,1938,Youth Shelter,921
2018/10/01 00:00:00+00,1031,18024,Single Adult Males,922
2018/10/01 00:00:00+00,315,5692,Single Adult Females,923
2018/10/01 00:00:00+00,85,1886,Single Youth 18 Under,924
2018/10/01 00:00:00+00,414,40020,Family Units,925
2018/10/01 00:00:00+00,434,40464,Family Households,926
2018/09/01 00:00:00+00,2950,62852,All Clients,927
2018/09/01 00:00:00+00,1468,24225,All Singles,928
2018/09/01 00:00:00+00,1507,39055,Family Household Members,929
2018/09/01 00:00:00+00,1486,38627,Family Member,930
2018/09/01 00:00:00+00,21,428,Offsite/Overflow Singles,931
2018/09/01 00:00:00+00,907,14633,Mens Shelter,932
2018/09/01 00:00:00+00,229,4166,Womens Shelter,933
2018/09/01 00:00:00+00,381,3201,Mixed-Gender,934
2018/09/01 00:00:00+00,83,1797,Youth Shelter,935
2018/09/01 00:00:00+00,1050,16903,Single Adult Males,936
2018/09/01 00:00:00+00,333,5581,Single Adult Females,937
2018/09/01 00:00:00+00,85,1741,Single Youth 18 Under,938
2018/09/01 00:00:00+00,421,38627,Family Units,939
2018/09/01 00:00:00+00,441,39055,Family Households,940
2019/04/01 00:00:00+00,3007,67170,All Clients,941
2019/04/01 00:00:00+00,1450,25491,All Singles,942
2019/04/01 00:00:00+00,1593,42341,Family Household Members,943
2019/04/01 00:00:00+00,1564,41679,Family Member,944
2019/04/01 00:00:00+00,29,662,Offsite/Overflow Singles,945
2019/04/01 00:00:00+00,905,15357,Mens Shelter,946
2019/04/01 00:00:00+00,198,4126,Womens Shelter,947
2019/04/01 00:00:00+00,413,3569,Mixed-Gender,948
2019/04/01 00:00:00+00,75,1777,Youth Shelter,949
2019/04/01 00:00:00+00,1085,18427,Single Adult Males,950
2020/06/01 00:00:00+00,71,1792,Youth Shelter,951
2020/06/01 00:00:00+00,863,15583,Single Adult Males,952
2020/06/01 00:00:00+00,274,5300,Single Adult Females,953
2020/06/01 00:00:00+00,56,1269,Single Youth 18 Under,954
2020/06/01 00:00:00+00,525,49143,Family Units,955
2020/06/01 00:00:00+00,570,50257,Family Households,956
2020/03/01 00:00:00+00,3343,78906,All Clients,957
2020/03/01 00:00:00+00,1527,26926,All Singles,958
2020/03/01 00:00:00+00,1850,52691,Family Household Members,959
2020/03/01 00:00:00+00,1819,51980,Family Member,960
2020/03/01 00:00:00+00,31,711,Offsite/Overflow Singles,961
2020/03/01 00:00:00+00,943,16440,Mens Shelter,962
2020/03/01 00:00:00+00,229,4482,Womens Shelter,963
2020/03/01 00:00:00+00,502,3336,Mixed-Gender,964
2020/03/01 00:00:00+00,70,1957,Youth Shelter,965
2020/03/01 00:00:00+00,1129,19231,Single Adult Males,966
2020/03/01 00:00:00+00,348,6403,Single Adult Females,967
2020/03/01 00:00:00+00,50,1292,Single Youth 18 Under,968
2020/03/01 00:00:00+00,544,51980,Family Units,969
2020/03/01 00:00:00+00,574,52691,Family Households,970
2020/05/01 00:00:00+00,2955,74256,All Clients,971
2020/05/01 00:00:00+00,1237,23509,All Singles,972
2020/05/01 00:00:00+00,1771,51778,Family Household Members,973
2020/05/01 00:00:00+00,1724,50747,Family Member,974
2020/05/01 00:00:00+00,47,1031,Offsite/Overflow Singles,975
2020/05/01 00:00:00+00,736,14177,Mens Shelter,976
2020/05/01 00:00:00+00,160,3697,Womens Shelter,977
2020/05/01 00:00:00+00,352,2699,Mixed-Gender,978
2020/05/01 00:00:00+00,72,1905,Youth Shelter,979
2020/05/01 00:00:00+00,885,16654,Single Adult Males,980
2020/05/01 00:00:00+00,298,5565,Single Adult Females,981
2020/05/01 00:00:00+00,54,1290,Single Youth 18 Under,982
2020/05/01 00:00:00+00,516,50747,Family Units,983
2020/05/01 00:00:00+00,562,51778,Family Households,984
2020/11/01 00:00:00+00,2763,64067,All Clients,985
2020/11/01 00:00:00+00,1207,22038,All Singles,986
2020/11/01 00:00:00+00,1602,43011,Family Household Members,987
2020/11/01 00:00:00+00,1558,42029,Family Member,988
2020/11/01 00:00:00+00,44,982,Offsite/Overflow Singles,989
2020/11/01 00:00:00+00,703,12852,Mens Shelter,990
2020/11/01 00:00:00+00,147,2756,Womens Shelter,991
2020/11/01 00:00:00+00,405,3699,Mixed-Gender,992
2020/11/01 00:00:00+00,67,1749,Youth Shelter,993
2020/11/01 00:00:00+00,878,15972,Single Adult Males,994
2020/11/01 00:00:00+00,268,4585,Single Adult Females,995
2020/11/01 00:00:00+00,61,1481,Single Youth 18 Under,996
2020/11/01 00:00:00+00,450,42029,Family Units,997
2020/11/01 00:00:00+00,493,43011,Family Households,998
2020/10/01 00:00:00+00,2878,69296,All Clients,999
2020/10/01 00:00:00+00,1266,23307,All Singles,1000
2019/03/01 00:00:00+00,456,41677,Family Units,1001
2019/03/01 00:00:00+00,487,42392,Family Households,1002
2019/05/01 00:00:00+00,3067,69393,All Clients,1003
2019/05/01 00:00:00+00,1467,26497,All Singles,1004
2019/05/01 00:00:00+00,1641,43534,Family Household Members,1005
2019/05/01 00:00:00+00,1610,42896,Family Member,1006
2019/05/01 00:00:00+00,31,638,Offsite/Overflow Singles,1007
2019/05/01 00:00:00+00,898,16085,Mens Shelter,1008
2019/05/01 00:00:00+00,196,4229,Womens Shelter,1009
2019/05/01 00:00:00+00,423,3560,Mixed-Gender,1010
2019/05/01 00:00:00+00,76,1985,Youth Shelter,1011
2019/05/01 00:00:00+00,1083,19115,Single Adult Males,1012
2019/05/01 00:00:00+00,330,6117,Single Adult Females,1013
2019/05/01 00:00:00+00,54,1265,Single Youth 18 Under,1014
2019/05/01 00:00:00+00,476,42896,Family Units,1015
2019/05/01 00:00:00+00,506,43534,Family Households,1016
2019/11/01 00:00:00+00,3369,76002,All Clients,1017
2019/11/01 00:00:00+00,1520,25916,All Singles,1018
2019/11/01 00:00:00+00,1881,50586,Family Household Members,1019
2019/11/01 00:00:00+00,1853,50086,Family Member,1020
2019/11/01 00:00:00+00,28,500,Offsite/Overflow Singles,1021
2019/11/01 00:00:00+00,970,16149,Mens Shelter,1022
2019/11/01 00:00:00+00,232,4516,Womens Shelter,1023
2019/11/01 00:00:00+00,392,3039,Mixed-Gender,1024
2019/11/01 00:00:00+00,80,1712,Youth Shelter,1025
2019/11/01 00:00:00+00,1108,18413,Single Adult Males,1026
2019/11/01 00:00:00+00,338,5997,Single Adult Females,1027
2019/11/01 00:00:00+00,74,1506,Single Youth 18 Under,1028
2019/11/01 00:00:00+00,537,50086,Family Units,1029
2019/11/01 00:00:00+00,564,50586,Family Households,1030
2019/10/01 00:00:00+00,3277,77550,All Clients,1031
2019/10/01 00:00:00+00,1453,26524,All Singles,1032
2019/10/01 00:00:00+00,1857,51575,Family Household Members,1033
2019/10/01 00:00:00+00,1830,51026,Family Member,1034
2019/10/01 00:00:00+00,27,549,Offsite/Overflow Singles,1035
2019/10/01 00:00:00+00,913,16385,Mens Shelter,1036
2019/10/01 00:00:00+00,212,4504,Womens Shelter,1037
2019/10/01 00:00:00+00,372,3182,Mixed-Gender,1038
2019/10/01 00:00:00+00,74,1904,Youth Shelter,1039
2019/10/01 00:00:00+00,1053,18823,Single Adult Males,1040
2019/10/01 00:00:00+00,330,6177,Single Adult Females,1041
2019/10/01 00:00:00+00,70,1524,Single Youth 18 Under,1042
2019/10/01 00:00:00+00,533,51026,Family Units,1043
2019/10/01 00:00:00+00,559,51575,Family Households,1044
2019/09/01 00:00:00+00,3275,71838,All Clients,1045
2019/09/01 00:00:00+00,1457,24860,All Singles,1046
2019/09/01 00:00:00+00,1848,47533,Family Household Members,1047
2019/09/01 00:00:00+00,1822,46978,Family Member,1048
2019/09/01 00:00:00+00,26,555,Offsite/Overflow Singles,1049
2019/09/01 00:00:00+00,898,15309,Mens Shelter,1050
2020/02/01 00:00:00+00,3304,74765,All Clients,1051
2020/02/01 00:00:00+00,1452,25443,All Singles,1052
2020/02/01 00:00:00+00,1887,50042,Family Household Members,1053
2020/02/01 00:00:00+00,1858,49322,Family Member,1054
2020/02/01 00:00:00+00,29,720,Offsite/Overflow Singles,1055
2020/02/01 00:00:00+00,912,15503,Mens Shelter,1056
2020/02/01 00:00:00+00,188,4248,Womens Shelter,1057
2020/02/01 00:00:00+00,426,3077,Mixed-Gender,1058
2020/02/01 00:00:00+00,80,1895,Youth Shelter,1059
2020/02/01 00:00:00+00,1069,18223,Single Adult Males,1060
2020/02/01 00:00:00+00,332,5999,Single Adult Females,1061
2020/02/01 00:00:00+00,51,1221,Single Youth 18 Under,1062
2020/02/01 00:00:00+00,550,49322,Family Units,1063
2020/02/01 00:00:00+00,578,50042,Family Households,1064
2020/01/01 00:00:00+00,3392,80032,All Clients,1065
2020/01/01 00:00:00+00,1485,27122,All Singles,1066
2020/01/01 00:00:00+00,1948,53694,Family Household Members,1067
2020/01/01 00:00:00+00,1911,52919,Family Member,1068
2020/01/01 00:00:00+00,38,784,Offsite/Overflow Singles,1069
2020/01/01 00:00:00+00,931,16591,Mens Shelter,1070
2020/01/01 00:00:00+00,188,4542,Womens Shelter,1071
2020/01/01 00:00:00+00,432,3157,Mixed-Gender,1072
2020/01/01 00:00:00+00,77,2048,Youth Shelter,1073
2020/01/01 00:00:00+00,1101,19512,Single Adult Males,1074
2020/01/01 00:00:00+00,330,6376,Single Adult Females,1075
2020/01/01 00:00:00+00,54,1234,Single Youth 18 Under,1076
2020/01/01 00:00:00+00,563,52919,Family Units,1077
2020/01/01 00:00:00+00,600,53694,Family Households,1078
2020/07/01 00:00:00+00,2965,73070,All Clients,1079
2020/07/01 00:00:00+00,1198,22716,All Singles,1080
2020/07/01 00:00:00+00,1823,51598,Family Household Members,1081
2020/07/01 00:00:00+00,1768,50354,Family Member,1082
2020/07/01 00:00:00+00,55,1244,Offsite/Overflow Singles,1083
2020/07/01 00:00:00+00,744,13690,Mens Shelter,1084
2020/07/01 00:00:00+00,129,3383,Womens Shelter,1085
2020/07/01 00:00:00+00,292,2586,Mixed-Gender,1086
2020/07/01 00:00:00+00,68,1813,Youth Shelter,1087
2020/07/01 00:00:00+00,885,16081,Single Adult Males,1088
2020/07/01 00:00:00+00,263,5315,Single Adult Females,1089
2020/07/01 00:00:00+00,50,1320,Single Youth 18 Under,1090
2020/07/01 00:00:00+00,519,50354,Family Units,1091
2020/07/01 00:00:00+00,573,51598,Family Households,1092
2020/06/01 00:00:00+00,2963,71295,All Clients,1093
2020/06/01 00:00:00+00,1193,22152,All Singles,1094
2020/06/01 00:00:00+00,1816,50257,Family Household Members,1095
2020/06/01 00:00:00+00,1770,49143,Family Member,1096
2020/06/01 00:00:00+00,46,1114,Offsite/Overflow Singles,1097
2020/06/01 00:00:00+00,726,13325,Mens Shelter,1098
2020/06/01 00:00:00+00,137,3424,Womens Shelter,1099
2020/06/01 00:00:00+00,314,2497,Mixed-Gender,1100
2020/10/01 00:00:00+00,1663,47188,Family Household Members,1101
2020/10/01 00:00:00+00,1614,45989,Family Member,1102
2020/10/01 00:00:00+00,49,1199,Offsite/Overflow Singles,1103
2020/10/01 00:00:00+00,714,13218,Mens Shelter,1104
2020/10/01 00:00:00+00,133,2713,Womens Shelter,1105
2020/10/01 00:00:00+00,465,4330,Mixed-Gender,1106
2020/10/01 00:00:00+00,68,1847,Youth Shelter,1107
2020/10/01 00:00:00+00,923,16758,Single Adult Males,1108
2020/10/01 00:00:00+00,283,5034,Single Adult Females,1109
2020/10/01 00:00:00+00,60,1515,Single Youth 18 Under,1110
2020/10/01 00:00:00+00,466,45989,Family Units,1111
2020/10/01 00:00:00+00,514,47188,Family Households,1112
2020/09/01 00:00:00+00,2945,69114,All Clients,1113
2020/09/01 00:00:00+00,1229,22208,All Singles,1114
2020/09/01 00:00:00+00,1765,48095,Family Household Members,1115
2020/09/01 00:00:00+00,1718,46906,Family Member,1116
2020/09/01 00:00:00+00,47,1189,Offsite/Overflow Singles,1117
2020/09/01 00:00:00+00,740,12902,Mens Shelter,1118
2020/09/01 00:00:00+00,120,2828,Womens Shelter,1119
2020/09/01 00:00:00+00,433,3566,Mixed-Gender,1120
2020/09/01 00:00:00+00,67,1723,Youth Shelter,1121
2020/09/01 00:00:00+00,903,16136,Single Adult Males,1122
2020/09/01 00:00:00+00,273,4740,Single Adult Females,1123
2020/09/01 00:00:00+00,53,1332,Single Youth 18 Under,1124
2020/09/01 00:00:00+00,498,46906,Family Units,1125
2020/09/01 00:00:00+00,544,48095,Family Households,1126
2021/04/01 00:00:00+00,2525,58698,All Clients,1127
2021/04/01 00:00:00+00,1227,23142,All Singles,1128
2021/04/01 00:00:00+00,1380,37393,Family Household Members,1129
2021/04/01 00:00:00+00,445,37393,Family Households,1130
2021/04/01 00:00:00+00,1299,35556,Family Member,1131
2021/04/01 00:00:00+00,365,35556,Family Units,1132
2021/04/01 00:00:00+00,597,10404,Mens Shelter,1133
2021/04/01 00:00:00+00,366,4727,Mixed-Gender,1134
2021/04/01 00:00:00+00,81,1837,Offsite/Overflow Singles,1135
2021/04/01 00:00:00+00,343,6361,Single Adult Females,1136
2021/04/01 00:00:00+00,832,15531,Single Adult Males,1137
2021/04/01 00:00:00+00,52,1250,Single Youth 18 Under,1138
2021/04/01 00:00:00+00,259,4609,Womens Shelter,1139
2021/04/01 00:00:00+00,64,1565,Youth Shelter,1140
2021/08/01 00:00:00+00,2540,57100,All Clients,1141
2021/08/01 00:00:00+00,1310,22866,All Singles,1142
2021/08/01 00:00:00+00,1298,36040,Family Household Members,1143
2021/08/01 00:00:00+00,415,36040,Family Households,1144
2021/08/01 00:00:00+00,1230,34234,Family Member,1145
2021/08/01 00:00:00+00,348,34234,Family Units,1146
2021/08/01 00:00:00+00,687,11887,Mens Shelter,1147
2021/08/01 00:00:00+00,334,3517,Mixed-Gender,1148
2021/08/01 00:00:00+00,68,1806,Offsite/Overflow Singles,1149
2021/08/01 00:00:00+00,342,5438,Single Adult Females,1150
2019/04/01 00:00:00+00,311,5899,Single Adult Females,1151
2019/04/01 00:00:00+00,54,1165,Single Youth 18 Under,1152
2019/04/01 00:00:00+00,461,41679,Family Units,1153
2019/04/01 00:00:00+00,489,42341,Family Households,1154
2019/08/01 00:00:00+00,3119,72270,All Clients,1155
2019/08/01 00:00:00+00,1443,25111,All Singles,1156
2019/08/01 00:00:00+00,1705,47683,Family Household Members,1157
2019/08/01 00:00:00+00,1679,47159,Family Member,1158
2019/08/01 00:00:00+00,26,524,Offsite/Overflow Singles,1159
2019/08/01 00:00:00+00,878,15356,Mens Shelter,1160
2019/08/01 00:00:00+00,226,4520,Womens Shelter,1161
2019/08/01 00:00:00+00,371,2857,Mixed-Gender,1162
2019/08/01 00:00:00+00,78,1854,Youth Shelter,1163
2019/08/01 00:00:00+00,1022,17571,Single Adult Males,1164
2019/08/01 00:00:00+00,356,6125,Single Adult Females,1165
2019/08/01 00:00:00+00,65,1415,Single Youth 18 Under,1166
2019/08/01 00:00:00+00,496,47159,Family Units,1167
2019/08/01 00:00:00+00,521,47683,Family Households,1168
2019/12/01 00:00:00+00,3337,79110,All Clients,1169
2019/12/01 00:00:00+00,1478,26922,All Singles,1170
2019/12/01 00:00:00+00,1896,52853,Family Household Members,1171
2019/12/01 00:00:00+00,1863,52193,Family Member,1172
2019/12/01 00:00:00+00,34,665,Offsite/Overflow Singles,1173
2019/12/01 00:00:00+00,956,16720,Mens Shelter,1174
2019/12/01 00:00:00+00,223,4747,Womens Shelter,1175
2019/12/01 00:00:00+00,338,2907,Mixed-Gender,1176
2019/12/01 00:00:00+00,80,1883,Youth Shelter,1177
2019/12/01 00:00:00+00,1093,19032,Single Adult Males,1178
2019/12/01 00:00:00+00,310,6230,Single Adult Females,1179
2019/12/01 00:00:00+00,75,1660,Single Youth 18 Under,1180
2019/12/01 00:00:00+00,542,52193,Family Units,1181
2019/12/01 00:00:00+00,575,52853,Family Households,1182
2019/02/01 00:00:00+00,2943,62541,All Clients,1183
2019/02/01 00:00:00+00,1365,23527,All Singles,1184
2019/02/01 00:00:00+00,1617,39693,Family Household Members,1185
2019/02/01 00:00:00+00,1583,39014,Family Member,1186
2019/02/01 00:00:00+00,34,679,Offsite/Overflow Singles,1187
2019/02/01 00:00:00+00,857,14205,Mens Shelter,1188
2019/02/01 00:00:00+00,206,3826,Womens Shelter,1189
2019/02/01 00:00:00+00,358,3034,Mixed-Gender,1190
2019/02/01 00:00:00+00,71,1783,Youth Shelter,1191
2019/02/01 00:00:00+00,998,16893,Single Adult Males,1192
2019/02/01 00:00:00+00,319,5621,Single Adult Females,1193
2019/02/01 00:00:00+00,48,1013,Single Youth 18 Under,1194
2019/02/01 00:00:00+00,459,39014,Family Units,1195
2019/02/01 00:00:00+00,492,39693,Family Households,1196
2019/01/01 00:00:00+00,3029,71908,All Clients,1197
2019/01/01 00:00:00+00,1426,26484,All Singles,1198
2019/01/01 00:00:00+00,1636,46134,Family Household Members,1199
2019/01/01 00:00:00+00,1607,45424,Family Member,1200
2021/07/01 00:00:00+00,1211,33837,Family Member,1201
2021/07/01 00:00:00+00,348,33837,Family Units,1202
2021/07/01 00:00:00+00,634,11433,Mens Shelter,1203
2021/07/01 00:00:00+00,326,3592,Mixed-Gender,1204
2021/07/01 00:00:00+00,78,1734,Offsite/Overflow Singles,1205
2021/07/01 00:00:00+00,304,4887,Single Adult Females,1206
2021/07/01 00:00:00+00,866,15432,Single Adult Males,1207
2021/07/01 00:00:00+00,60,1362,Single Youth 18 Under,1208
2021/07/01 00:00:00+00,224,3321,Womens Shelter,1209
2021/07/01 00:00:00+00,65,1601,Youth Shelter,1210
2021/06/01 00:00:00+00,2434,53859,All Clients,1211
2021/06/01 00:00:00+00,1216,21705,All Singles,1212
2021/06/01 00:00:00+00,1299,33941,Family Household Members,1213
2021/06/01 00:00:00+00,427,33941,Family Households,1214
2021/06/01 00:00:00+00,1220,32154,Family Member,1215
2021/06/01 00:00:00+00,349,32154,Family Units,1216
2021/06/01 00:00:00+00,594,10776,Mens Shelter,1217
2021/06/01 00:00:00+00,345,4051,Mixed-Gender,1218
2021/06/01 00:00:00+00,79,1787,Offsite/Overflow Singles,1219
2021/06/01 00:00:00+00,329,5395,Single Adult Females,1220
2021/06/01 00:00:00+00,834,15044,Single Adult Males,1221
2021/06/01 00:00:00+00,53,1266,Single Youth 18 Under,1222
2021/06/01 00:00:00+00,245,3618,Womens Shelter,1223
2021/06/01 00:00:00+00,67,1473,Youth Shelter,1224
2021/03/01 00:00:00+00,2572,62873,All Clients,1225
2021/03/01 00:00:00+00,1251,25473,All Singles,1226
2021/03/01 00:00:00+00,1406,39425,Family Household Members,1227
2021/03/01 00:00:00+00,451,39425,Family Households,1228
2021/03/01 00:00:00+00,1321,37400,Family Member,1229
2021/03/01 00:00:00+00,367,37400,Family Units,1230
2021/03/01 00:00:00+00,590,11186,Mens Shelter,1231
2021/03/01 00:00:00+00,394,5518,Mixed-Gender,1232
2021/03/01 00:00:00+00,85,2025,Offsite/Overflow Singles,1233
2021/03/01 00:00:00+00,345,7099,Single Adult Females,1234
2021/03/01 00:00:00+00,860,17117,Single Adult Males,1235
2021/03/01 00:00:00+00,46,1257,Single Youth 18 Under,1236
2021/03/01 00:00:00+00,258,5078,Womens Shelter,1237
2021/03/01 00:00:00+00,61,1666,Youth Shelter,1238
2021/05/01 00:00:00+00,2482,57046,All Clients,1239
2021/05/01 00:00:00+00,1212,22764,All Singles,1240
2021/05/01 00:00:00+00,1347,36035,Family Household Members,1241
2021/05/01 00:00:00+00,434,36035,Family Households,1242
2021/05/01 00:00:00+00,1270,34282,Family Member,1243
2021/05/01 00:00:00+00,358,34282,Family Units,1244
2021/05/01 00:00:00+00,581,10392,Mens Shelter,1245
2021/05/01 00:00:00+00,378,4643,Mixed-Gender,1246
2021/05/01 00:00:00+00,77,1753,Offsite/Overflow Singles,1247
2021/05/01 00:00:00+00,329,6304,Single Adult Females,1248
2021/05/01 00:00:00+00,831,15261,Single Adult Males,1249
2021/05/01 00:00:00+00,52,1199,Single Youth 18 Under,1250
2022/01/01 00:00:00+00,2647,63682,All Clients,1251
2022/01/01 00:00:00+00,1375,28802,All Singles,1252
2022/01/01 00:00:00+00,1359,36650,Family Household Members,1253
2022/01/01 00:00:00+00,437,36650,Family Households,1254
2022/01/01 00:00:00+00,1287,34907,Family Member,1255
2022/01/01 00:00:00+00,355,34907,Family Units,1256
2022/01/01 00:00:00+00,564,12800,Mens Shelter,1257
2022/01/01 00:00:00+00,605,8738,Mixed-Gender,1258
2022/01/01 00:00:00+00,84,1785,Offsite/Overflow Singles,1259
2022/01/01 00:00:00+00,349,6642,Single Adult Females,1260
2022/01/01 00:00:00+00,957,20400,Single Adult Males,1261
2022/01/01 00:00:00+00,69,1760,Single Youth 18 Under,1262
2022/01/01 00:00:00+00,212,3742,Womens Shelter,1263
2022/01/01 00:00:00+00,64,1752,Youth Shelter,1264
2022/07/01 00:00:00+00,2655,60798,All Clients,1265
2022/07/01 00:00:00+00,1362,25209,All Singles,1266
2022/07/01 00:00:00+00,1329,36421,Family Household Members,1267
2022/07/01 00:00:00+00,402,36421,Family Households,1268
2022/07/01 00:00:00+00,1289,35375,Family Member,1269
2022/07/01 00:00:00+00,363,35375,Family Units,1270
2022/07/01 00:00:00+00,774,13809,Mens Shelter,1271
2022/07/01 00:00:00+00,373,5235,Mixed-Gender,1272
2022/07/01 00:00:00+00,40,1046,Offsite/Overflow Singles,1273
2022/07/01 00:00:00+00,340,6095,Single Adult Females,1274
2022/07/01 00:00:00+00,972,17950,Single Adult Males,1275
2022/07/01 00:00:00+00,50,1164,Single Youth 18 Under,1276
2022/07/01 00:00:00+00,208,3383,Womens Shelter,1277
2022/07/01 00:00:00+00,72,1736,Youth Shelter,1278
2022/06/01 00:00:00+00,2650,57793,All Clients,1279
2022/06/01 00:00:00+00,1366,24674,All Singles,1280
2022/06/01 00:00:00+00,1335,34182,Family Household Members,1281
2022/06/01 00:00:00+00,413,34182,Family Households,1282
2022/06/01 00:00:00+00,1277,32879,Family Member,1283
2022/06/01 00:00:00+00,356,32879,Family Units,1284
2022/06/01 00:00:00+00,770,13256,Mens Shelter,1285
2022/06/01 00:00:00+00,408,5183,Mixed-Gender,1286
2022/06/01 00:00:00+00,58,1303,Offsite/Overflow Singles,1287
2022/06/01 00:00:00+00,344,6041,Single Adult Females,1288
2022/06/01 00:00:00+00,967,17363,Single Adult Males,1289
2022/06/01 00:00:00+00,56,1270,Single Youth 18 Under,1290
2022/06/01 00:00:00+00,186,3278,Womens Shelter,1291
2022/06/01 00:00:00+00,71,1654,Youth Shelter,1292
2022/03/01 00:00:00+00,2784,65097,All Clients,1293
2022/03/01 00:00:00+00,1473,29574,All Singles,1294
2022/03/01 00:00:00+00,1397,37533,Family Household Members,1295
2022/03/01 00:00:00+00,442,37533,Family Households,1296
2022/03/01 00:00:00+00,1316,35474,Family Member,1297
2022/03/01 00:00:00+00,356,35474,Family Units,1298
2022/03/01 00:00:00+00,655,12088,Mens Shelter,1299
2022/03/01 00:00:00+00,689,10185,Mixed-Gender,1300
2021/05/01 00:00:00+00,231,4417,Womens Shelter,1301
2021/05/01 00:00:00+00,67,1559,Youth Shelter,1302
2021/11/01 00:00:00+00,2633,58334,All Clients,1303
2021/11/01 00:00:00+00,1358,25874,All Singles,1304
2021/11/01 00:00:00+00,1364,34370,Family Household Members,1305
2021/11/01 00:00:00+00,447,34370,Family Households,1306
2021/11/01 00:00:00+00,1277,32460,Family Member,1307
2021/11/01 00:00:00+00,360,32460,Family Units,1308
2021/11/01 00:00:00+00,664,12552,Mens Shelter,1309
2021/11/01 00:00:00+00,465,5201,Mixed-Gender,1310
2021/11/01 00:00:00+00,88,1910,Offsite/Overflow Singles,1311
2021/11/01 00:00:00+00,351,6367,Single Adult Females,1312
2021/11/01 00:00:00+00,938,17959,Single Adult Males,1313
2021/11/01 00:00:00+00,69,1548,Single Youth 18 Under,1314
2021/11/01 00:00:00+00,275,4465,Womens Shelter,1315
2021/11/01 00:00:00+00,69,1746,Youth Shelter,1316
2021/10/01 00:00:00+00,2608,58761,All Clients,1317
2021/10/01 00:00:00+00,1376,25540,All Singles,1318
2021/10/01 00:00:00+00,1309,34979,Family Household Members,1319
2021/10/01 00:00:00+00,428,34979,Family Households,1320
2021/10/01 00:00:00+00,1236,33220,Family Member,1321
2021/10/01 00:00:00+00,352,33220,Family Units,1322
2021/10/01 00:00:00+00,697,12700,Mens Shelter,1323
2021/10/01 00:00:00+00,388,4292,Mixed-Gender,1324
2021/10/01 00:00:00+00,77,1759,Offsite/Overflow Singles,1325
2021/10/01 00:00:00+00,366,6457,Single Adult Females,1326
2021/10/01 00:00:00+00,947,17394,Single Adult Males,1327
2021/10/01 00:00:00+00,63,1689,Single Youth 18 Under,1328
2021/10/01 00:00:00+00,295,4925,Womens Shelter,1329
2021/10/01 00:00:00+00,68,1865,Youth Shelter,1330
2021/09/01 00:00:00+00,2568,56642,All Clients,1331
2021/09/01 00:00:00+00,1330,23564,All Singles,1332
2021/09/01 00:00:00+00,1315,34686,Family Household Members,1333
2021/09/01 00:00:00+00,423,34686,Family Households,1334
2021/09/01 00:00:00+00,1244,33078,Family Member,1335
2021/09/01 00:00:00+00,350,33078,Family Units,1336
2021/09/01 00:00:00+00,672,11859,Mens Shelter,1337
2021/09/01 00:00:00+00,347,3823,Mixed-Gender,1338
2021/09/01 00:00:00+00,74,1608,Offsite/Overflow Singles,1339
2021/09/01 00:00:00+00,358,5915,Single Adult Females,1340
2021/09/01 00:00:00+00,910,16155,Single Adult Males,1341
2021/09/01 00:00:00+00,62,1494,Single Youth 18 Under,1342
2021/09/01 00:00:00+00,292,4501,Womens Shelter,1343
2021/09/01 00:00:00+00,72,1773,Youth Shelter,1344
2022/04/01 00:00:00+00,2644,61071,All Clients,1345
2022/04/01 00:00:00+00,1412,27541,All Singles,1346
2022/04/01 00:00:00+00,1302,35011,Family Household Members,1347
2022/04/01 00:00:00+00,413,35011,Family Households,1348
2022/04/01 00:00:00+00,1232,33242,Family Member,1349
2022/04/01 00:00:00+00,343,33242,Family Units,1350
2021/08/01 00:00:00+00,906,15864,Single Adult Males,1351
2021/08/01 00:00:00+00,62,1564,Single Youth 18 Under,1352
2021/08/01 00:00:00+00,276,3947,Womens Shelter,1353
2021/08/01 00:00:00+00,70,1709,Youth Shelter,1354
2021/12/01 00:00:00+00,2660,60421,All Clients,1355
2021/12/01 00:00:00+00,1380,26181,All Singles,1356
2021/12/01 00:00:00+00,1361,35815,Family Household Members,1357
2021/12/01 00:00:00+00,429,35815,Family Households,1358
2021/12/01 00:00:00+00,1286,34298,Family Member,1359
2021/12/01 00:00:00+00,352,34298,Family Units,1360
2021/12/01 00:00:00+00,701,12950,Mens Shelter,1361
2021/12/01 00:00:00+00,519,6279,Mixed-Gender,1362
2021/12/01 00:00:00+00,77,1575,Offsite/Overflow Singles,1363
2021/12/01 00:00:00+00,345,6162,Single Adult Females,1364
2021/12/01 00:00:00+00,967,18349,Single Adult Males,1365
2021/12/01 00:00:00+00,68,1670,Single Youth 18 Under,1366
2021/12/01 00:00:00+00,226,3589,Womens Shelter,1367
2021/12/01 00:00:00+00,71,1788,Youth Shelter,1368
2021/02/01 00:00:00+00,2495,56322,All Clients,1369
2021/02/01 00:00:00+00,1153,22344,All Singles,1370
2021/02/01 00:00:00+00,1417,35421,Family Household Members,1371
2021/02/01 00:00:00+00,450,35421,Family Households,1372
2021/02/01 00:00:00+00,1346,33978,Family Member,1373
2021/02/01 00:00:00+00,379,33978,Family Units,1374
2021/02/01 00:00:00+00,504,9809,Mens Shelter,1375
2021/02/01 00:00:00+00,372,5130,Mixed-Gender,1376
2021/02/01 00:00:00+00,72,1443,Offsite/Overflow Singles,1377
2021/02/01 00:00:00+00,302,5982,Single Adult Females,1378
2021/02/01 00:00:00+00,804,15228,Single Adult Males,1379
2021/02/01 00:00:00+00,48,1134,Single Youth 18 Under,1380
2021/02/01 00:00:00+00,223,4472,Womens Shelter,1381
2021/02/01 00:00:00+00,66,1490,Youth Shelter,1382
2021/01/01 00:00:00+00,2618,63470,All Clients,1383
2021/01/01 00:00:00+00,1249,24407,All Singles,1384
2021/01/01 00:00:00+00,1438,40763,Family Household Members,1385
2021/01/01 00:00:00+00,458,40763,Family Households,1386
2021/01/01 00:00:00+00,1369,39063,Family Member,1387
2021/01/01 00:00:00+00,390,39063,Family Units,1388
2021/01/01 00:00:00+00,640,12481,Mens Shelter,1389
2021/01/01 00:00:00+00,409,4384,Mixed-Gender,1390
2021/01/01 00:00:00+00,69,1700,Offsite/Overflow Singles,1391
2021/01/01 00:00:00+00,334,6067,Single Adult Females,1392
2021/01/01 00:00:00+00,860,16917,Single Adult Males,1393
2021/01/01 00:00:00+00,56,1423,Single Youth 18 Under,1394
2021/01/01 00:00:00+00,237,4110,Womens Shelter,1395
2021/01/01 00:00:00+00,66,1732,Youth Shelter,1396
2021/07/01 00:00:00+00,2438,55518,All Clients,1397
2021/07/01 00:00:00+00,1230,21681,All Singles,1398
2021/07/01 00:00:00+00,1289,35571,Family Household Members,1399
2021/07/01 00:00:00+00,425,35571,Family Households,1400
2022/09/01 00:00:00+00,1432,37326,Family Household Members,1401
2022/09/01 00:00:00+00,445,37326,Family Households,1402
2022/09/01 00:00:00+00,1375,35795,Family Member,1403
2022/09/01 00:00:00+00,386,35795,Family Units,1404
2022/09/01 00:00:00+00,776,13896,Mens Shelter,1405
2022/09/01 00:00:00+00,379,5008,Mixed-Gender,1406
2022/09/01 00:00:00+00,60,1531,Offsite/Overflow Singles,1407
2022/09/01 00:00:00+00,355,6415,Single Adult Females,1408
2022/09/01 00:00:00+00,965,17703,Single Adult Males,1409
2022/09/01 00:00:00+00,63,1587,Single Youth 18 Under,1410
2022/09/01 00:00:00+00,211,3555,Womens Shelter,1411
2022/09/01 00:00:00+00,69,1715,Youth Shelter,1412
2023/04/01 00:00:00+00,2951,66408,All Clients,1413
2023/04/01 00:00:00+00,1481,26615,All Singles,1414
2023/04/01 00:00:00+00,1534,41390,Family Household Members,1415
2023/04/01 00:00:00+00,472,41390,Family Households,1416
2023/04/01 00:00:00+00,1473,39792,Family Member,1417
2023/04/01 00:00:00+00,411,39792,Family Units,1418
2023/04/01 00:00:00+00,830,14523,Men's Shelter,1419
2023/04/01 00:00:00+00,432,3393,Mixed-Gender,1420
2023/04/01 00:00:00+00,62,1598,Offsite/Overflow Singles,1421
2023/04/01 00:00:00+00,376,6718,Single Adult Females,1422
2023/04/01 00:00:00+00,1049,18457,Single Adult Males,1423
2023/04/01 00:00:00+00,56,1440,Single Youth 18 Under,1424
2023/04/01 00:00:00+00,308,5018,Women's Shelter,1425
2023/04/01 00:00:00+00,67,1712,Youth Shelter,1426
2023/08/01 00:00:00+00,2992,69293,All Clients,1427
2023/08/01 00:00:00+00,1518,28082,All Singles,1428
2023/08/01 00:00:00+00,1532,42607,Family Household Members,1429
2023/08/01 00:00:00+00,464,42607,Family Households,1430
2023/08/01 00:00:00+00,1475,41118,Family Member,1431
2023/08/01 00:00:00+00,407,41118,Family Units,1432
2023/08/01 00:00:00+00,810,14705,Men's Shelter,1433
2023/08/01 00:00:00+00,452,3322,Mixed-Gender,1434
2023/08/01 00:00:00+00,58,1489,Offsite/Overflow Singles,1435
2023/08/01 00:00:00+00,416,7786,Single Adult Females,1436
2023/08/01 00:00:00+00,1039,18658,Single Adult Males,1437
2023/08/01 00:00:00+00,63,1638,Single Youth 18 Under,1438
2023/08/01 00:00:00+00,215,4022,Women's Shelter,1439
2023/08/01 00:00:00+00,74,1891,Youth Shelter,1440
2023/12/01 00:00:00+00,3428,78626,All Clients,1441
2023/12/01 00:00:00+00,1857,36537,All Singles,1442
2023/12/01 00:00:00+00,1628,43327,Family Household Members,1443
2023/12/01 00:00:00+00,492,43327,Family Households,1444
2023/12/01 00:00:00+00,1574,42058,Family Member,1445
2023/12/01 00:00:00+00,436,42058,Family Units,1446
2023/12/01 00:00:00+00,817,15575,Men's Shelter,1447
2023/12/01 00:00:00+00,622,4560,Mixed-Gender,1448
2023/12/01 00:00:00+00,57,1269,Offsite/Overflow Singles,1449
2023/12/01 00:00:00+00,528,10627,Single Adult Females,1450
2022/03/01 00:00:00+00,86,2089,Offsite/Overflow Singles,1451
2023/12/01 00:00:00+00,1271,24462,Single Adult Males,1452
2022/03/01 00:00:00+00,358,6802,Single Adult Females,1453
2022/03/01 00:00:00+00,1040,21041,Single Adult Males,1454
2023/12/01 00:00:00+00,58,1448,Single Youth 18 Under,1455
2022/03/01 00:00:00+00,77,1731,Single Youth 18 Under,1456
2023/12/01 00:00:00+00,465,9356,Women's Shelter,1457
2022/03/01 00:00:00+00,199,3473,Womens Shelter,1458
2023/12/01 00:00:00+00,66,1801,Youth Shelter,1459
2022/03/01 00:00:00+00,72,1728,Youth Shelter,1460
2023/02/01 00:00:00+00,3021,64190,All Clients,1461
2022/05/01 00:00:00+00,2693,60053,All Clients,1462
2023/02/01 00:00:00+00,1517,26078,All Singles,1463
2022/05/01 00:00:00+00,1435,26059,All Singles,1464
2023/02/01 00:00:00+00,1557,39252,Family Household Members,1465
2022/05/01 00:00:00+00,1318,35261,Family Household Members,1466
2023/02/01 00:00:00+00,465,39252,Family Households,1467
2022/05/01 00:00:00+00,414,35261,Family Households,1468
2023/02/01 00:00:00+00,1507,38112,Family Member,1469
2022/05/01 00:00:00+00,1251,33695,Family Member,1470
2023/02/01 00:00:00+00,415,38112,Family Units,1471
2022/05/01 00:00:00+00,348,33695,Family Units,1472
2023/02/01 00:00:00+00,870,14578,Men's Shelter,1473
2022/05/01 00:00:00+00,730,12612,Mens Shelter,1474
2023/02/01 00:00:00+00,537,5498,Mixed-Gender,1475
2022/05/01 00:00:00+00,538,6916,Mixed-Gender,1476
2023/02/01 00:00:00+00,51,1140,Offsite/Overflow Singles,1477
2022/05/01 00:00:00+00,67,1566,Offsite/Overflow Singles,1478
2023/02/01 00:00:00+00,372,6011,Single Adult Females,1479
2022/05/01 00:00:00+00,367,6223,Single Adult Females,1480
2023/02/01 00:00:00+00,1089,18703,Single Adult Males,1481
2022/05/01 00:00:00+00,1007,18320,Single Adult Males,1482
2023/02/01 00:00:00+00,56,1364,Single Youth 18 Under,1483
2022/05/01 00:00:00+00,62,1516,Single Youth 18 Under,1484
2023/02/01 00:00:00+00,230,3309,Women's Shelter,1485
2022/05/01 00:00:00+00,212,3270,Womens Shelter,1486
2023/02/01 00:00:00+00,62,1477,Youth Shelter,1487
2022/05/01 00:00:00+00,64,1695,Youth Shelter,1488
2023/01/01 00:00:00+00,3051,70974,All Clients,1489
2022/11/01 00:00:00+00,2969,65728,All Clients,1490
2023/01/01 00:00:00+00,1514,28433,All Singles,1491
2022/11/01 00:00:00+00,1454,26345,All Singles,1492
2023/01/01 00:00:00+00,1590,43721,Family Household Members,1493
2022/11/01 00:00:00+00,1579,40771,Family Household Members,1494
2023/01/01 00:00:00+00,470,43721,Family Households,1495
2022/11/01 00:00:00+00,482,40771,Family Households,1496
2023/01/01 00:00:00+00,1545,42541,Family Member,1497
2022/11/01 00:00:00+00,1523,39385,Family Member,1498
2023/01/01 00:00:00+00,425,42541,Family Units,1499
2022/11/01 00:00:00+00,424,39385,Family Units,1500
2023/01/01 00:00:00+00,888,16017,Men's Shelter,1501
2022/11/01 00:00:00+00,814,14452,Mens Shelter,1502
2023/01/01 00:00:00+00,533,6033,Mixed-Gender,1503
2022/11/01 00:00:00+00,525,5413,Mixed-Gender,1504
2023/01/01 00:00:00+00,46,1180,Offsite/Overflow Singles,1505
2022/11/01 00:00:00+00,59,1388,Offsite/Overflow Singles,1506
2023/01/01 00:00:00+00,357,6365,Single Adult Females,1507
2022/11/01 00:00:00+00,332,5930,Single Adult Females,1508
2023/01/01 00:00:00+00,1097,20542,Single Adult Males,1509
2022/11/01 00:00:00+00,1053,18776,Single Adult Males,1510
2023/01/01 00:00:00+00,63,1526,Single Youth 18 Under,1511
2022/11/01 00:00:00+00,69,1639,Single Youth 18 Under,1512
2023/01/01 00:00:00+00,219,3627,Women's Shelter,1513
2022/11/01 00:00:00+00,214,3509,Womens Shelter,1514
2023/01/01 00:00:00+00,69,1537,Youth Shelter,1515
2022/11/01 00:00:00+00,65,1583,Youth Shelter,1516
2023/07/01 00:00:00+00,2997,68085,All Clients,1517
2022/10/01 00:00:00+00,2774,66481,All Clients,1518
2023/07/01 00:00:00+00,1528,27324,All Singles,1519
2022/10/01 00:00:00+00,1406,27087,All Singles,1520
2023/07/01 00:00:00+00,1533,42216,Family Household Members,1521
2022/10/01 00:00:00+00,1420,40769,Family Household Members,1522
2023/07/01 00:00:00+00,469,42216,Family Households,1523
2022/10/01 00:00:00+00,433,40769,Family Households,1524
2023/07/01 00:00:00+00,1474,40649,Family Member,1525
2022/10/01 00:00:00+00,1367,39375,Family Member,1526
2023/07/01 00:00:00+00,409,40649,Family Units,1527
2022/10/01 00:00:00+00,381,39375,Family Units,1528
2023/07/01 00:00:00+00,850,14694,Men's Shelter,1529
2022/10/01 00:00:00+00,782,14766,Mens Shelter,1530
2023/07/01 00:00:00+00,374,3041,Mixed-Gender,1531
2022/10/01 00:00:00+00,476,5412,Mixed-Gender,1532
2023/07/01 00:00:00+00,61,1567,Offsite/Overflow Singles,1533
2022/10/01 00:00:00+00,53,1394,Offsite/Overflow Singles,1534
2023/07/01 00:00:00+00,403,7400,Single Adult Females,1535
2022/10/01 00:00:00+00,331,6510,Single Adult Females,1536
2023/07/01 00:00:00+00,1067,18398,Single Adult Males,1537
2023/07/01 00:00:00+00,58,1526,Single Youth 18 Under,1538
2023/07/01 00:00:00+00,230,3692,Women's Shelter,1539
2023/07/01 00:00:00+00,68,1794,Youth Shelter,1540
2023/06/01 00:00:00+00,2997,65561,All Clients,1541
2023/06/01 00:00:00+00,1535,26008,All Singles,1542
2023/06/01 00:00:00+00,1525,41034,Family Household Members,1543
2023/06/01 00:00:00+00,466,41034,Family Households,1544
2022/10/01 00:00:00+00,1012,18952,Single Adult Males,1545
2022/10/01 00:00:00+00,63,1625,Single Youth 18 Under,1546
2022/10/01 00:00:00+00,210,3748,Womens Shelter,1547
2022/10/01 00:00:00+00,66,1767,Youth Shelter,1548
2022/09/01 00:00:00+00,2758,61624,All Clients,1549
2022/09/01 00:00:00+00,1383,25705,All Singles,1550
2022/04/01 00:00:00+00,596,11503,Mens Shelter,1551
2022/04/01 00:00:00+00,667,9421,Mixed-Gender,1552
2022/04/01 00:00:00+00,71,1769,Offsite/Overflow Singles,1553
2022/04/01 00:00:00+00,350,6343,Single Adult Females,1554
2022/04/01 00:00:00+00,997,19605,Single Adult Males,1555
2022/04/01 00:00:00+00,65,1593,Single Youth 18 Under,1556
2022/04/01 00:00:00+00,188,3195,Womens Shelter,1557
2022/04/01 00:00:00+00,62,1627,Youth Shelter,1558
2022/08/01 00:00:00+00,2760,62765,All Clients,1559
2022/08/01 00:00:00+00,1406,25651,All Singles,1560
2022/08/01 00:00:00+00,1408,38300,Family Household Members,1561
2022/08/01 00:00:00+00,440,38300,Family Households,1562
2022/08/01 00:00:00+00,1350,36962,Family Member,1563
2022/08/01 00:00:00+00,383,36962,Family Units,1564
2022/08/01 00:00:00+00,792,13770,Mens Shelter,1565
2022/08/01 00:00:00+00,403,5170,Mixed-Gender,1566
2022/08/01 00:00:00+00,58,1338,Offsite/Overflow Singles,1567
2022/08/01 00:00:00+00,359,6401,Single Adult Females,1568
2022/08/01 00:00:00+00,984,17825,Single Adult Males,1569
2022/08/01 00:00:00+00,63,1425,Single Youth 18 Under,1570
2022/08/01 00:00:00+00,218,3597,Womens Shelter,1571
2022/08/01 00:00:00+00,67,1776,Youth Shelter,1572
2022/12/01 00:00:00+00,2994,68378,All Clients,1573
2022/12/01 00:00:00+00,1493,27137,All Singles,1574
2022/12/01 00:00:00+00,1558,42395,Family Household Members,1575
2022/12/01 00:00:00+00,474,42395,Family Households,1576
2022/12/01 00:00:00+00,1504,41241,Family Member,1577
2022/12/01 00:00:00+00,420,41241,Family Units,1578
2022/12/01 00:00:00+00,878,15260,Mens Shelter,1579
2022/12/01 00:00:00+00,541,5593,Mixed-Gender,1580
2022/12/01 00:00:00+00,55,1154,Offsite/Overflow Singles,1581
2022/12/01 00:00:00+00,335,5953,Single Adult Females,1582
2022/12/01 00:00:00+00,1085,19584,Single Adult Males,1583
2022/12/01 00:00:00+00,73,1600,Single Youth 18 Under,1584
2022/12/01 00:00:00+00,212,3603,Womens Shelter,1585
2022/12/01 00:00:00+00,63,1527,Youth Shelter,1586
2022/02/01 00:00:00+00,2722,57537,All Clients,1587
2022/02/01 00:00:00+00,1468,26735,All Singles,1588
2022/02/01 00:00:00+00,1336,32569,Family Household Members,1589
2022/02/01 00:00:00+00,423,32569,Family Households,1590
2022/02/01 00:00:00+00,1259,30858,Family Member,1591
2022/02/01 00:00:00+00,346,30858,Family Units,1592
2022/02/01 00:00:00+00,651,10884,Mens Shelter,1593
2022/02/01 00:00:00+00,683,9381,Mixed-Gender,1594
2022/02/01 00:00:00+00,79,1767,Offsite/Overflow Singles,1595
2022/02/01 00:00:00+00,353,6086,Single Adult Females,1596
2022/02/01 00:00:00+00,1049,19115,Single Adult Males,1597
2022/02/01 00:00:00+00,67,1534,Single Youth 18 Under,1598
2022/02/01 00:00:00+00,199,3096,Womens Shelter,1599
2022/02/01 00:00:00+00,65,1607,Youth Shelter,1600
2023/10/01 00:00:00+00,3077,70928,All Clients,1601
2023/10/01 00:00:00+00,1578,30078,All Singles,1602
2023/10/01 00:00:00+00,1562,42227,Family Household Members,1603
2023/10/01 00:00:00+00,473,42227,Family Households,1604
2023/10/01 00:00:00+00,1504,40830,Family Member,1605
2023/10/01 00:00:00+00,413,40830,Family Units,1606
2023/10/01 00:00:00+00,762,15185,Men's Shelter,1607
2023/10/01 00:00:00+00,599,4406,Mixed-Gender,1608
2023/10/01 00:00:00+00,61,1397,Offsite/Overflow Singles,1609
2023/10/01 00:00:00+00,423,8450,Single Adult Females,1610
2023/10/01 00:00:00+00,1090,19988,Single Adult Males,1611
2023/10/01 00:00:00+00,65,1640,Single Youth 18 Under,1612
2023/10/01 00:00:00+00,170,4241,Women's Shelter,1613
2023/10/01 00:00:00+00,69,1790,Youth Shelter,1614
2023/09/01 00:00:00+00,3026,67286,All Clients,1615
2023/09/01 00:00:00+00,1539,28082,All Singles,1616
2023/09/01 00:00:00+00,1543,40529,Family Household Members,1617
2023/09/01 00:00:00+00,462,40529,Family Households,1618
2023/09/01 00:00:00+00,1491,39158,Family Member,1619
2023/09/01 00:00:00+00,407,39158,Family Units,1620
2023/09/01 00:00:00+00,815,14480,Men's Shelter,1621
2023/09/01 00:00:00+00,506,3665,Mixed-Gender,1622
2023/09/01 00:00:00+00,56,1371,Offsite/Overflow Singles,1623
2023/09/01 00:00:00+00,405,7805,Single Adult Females,1624
2023/09/01 00:00:00+00,1073,18655,Single Adult Males,1625
2023/09/01 00:00:00+00,61,1622,Single Youth 18 Under,1626
2023/09/01 00:00:00+00,201,4014,Women's Shelter,1627
2023/09/01 00:00:00+00,64,1797,Youth Shelter,1628
2024/04/01 00:00:00+00,3584,82178,All Clients,1629
2024/04/01 00:00:00+00,1856,37960,All Singles,1630
2024/04/01 00:00:00+00,1762,45061,Family Household Members,1631
2024/04/01 00:00:00+00,530,45061,Family Households,1632
2024/04/01 00:00:00+00,1726,44118,Family Member,1633
2024/04/01 00:00:00+00,493,44118,Family Units,1634
2024/04/01 00:00:00+00,722,14679,Men's Shelter,1635
2024/04/01 00:00:00+00,496,4755,Mixed-Gender,1636
2024/04/01 00:00:00+00,38,943,Offsite/Overflow Singles,1637
2024/04/01 00:00:00+00,529,11228,Single Adult Females,1638
2024/04/01 00:00:00+00,1285,25751,Single Adult Males,1639
2024/04/01 00:00:00+00,42,981,Single Youth 18 Under,1640
2024/04/01 00:00:00+00,464,10490,Women's Shelter,1641
2024/04/01 00:00:00+00,66,1691,Youth Shelter,1642
2024/08/01 00:00:00+00,3711,89552,All Clients,1643
2024/08/01 00:00:00+00,1873,40157,All Singles,1644
2024/08/01 00:00:00+00,1874,50306,Family Household Members,1645
2024/08/01 00:00:00+00,565,50306,Family Households,1646
2024/08/01 00:00:00+00,1832,49172,Family Member,1647
2024/08/01 00:00:00+00,524,49172,Family Units,1648
2024/08/01 00:00:00+00,704,15047,Men's Shelter,1649
2024/08/01 00:00:00+00,397,2270,Mixed-Gender,1650
2024/08/01 00:00:00+00,42,1134,Offsite/Overflow Singles,1651
2024/08/01 00:00:00+00,591,13186,Single Adult Females,1652
2025/04/01 00:00:00+00,384,8984,Women's Shelter,1653
2025/04/01 00:00:00+00,65,1560,Youth Shelter,1654
2025/08/01 00:00:00+00,4135,109398,All Clients,1655
2025/08/01 00:00:00+00,2113,48777,All Singles,1656
2025/08/01 00:00:00+00,2243,65778,Family Household Members,1657
2025/08/01 00:00:00+00,856,65778,Family Households,1658
2025/08/01 00:00:00+00,2003,59051,Family Member,1659
2025/08/01 00:00:00+00,600,59051,Family Units,1660
2025/08/01 00:00:00+00,783,15014,Men's Shelter,1661
2025/08/01 00:00:00+00,466,6153,Mixed-Gender,1662
2025/08/01 00:00:00+00,257,6727,Offsite/Overflow Singles,1663
2025/08/01 00:00:00+00,699,17229,Single Adult Females,1664
2025/08/01 00:00:00+00,1233,26997,Single Adult Males,1665
2025/08/01 00:00:00+00,181,4551,Single Youth 18 Under,1666
2025/08/01 00:00:00+00,353,7238,Women's Shelter,1667
2025/08/01 00:00:00+00,61,1588,Youth Shelter,1668
2025/02/01 00:00:00+00,3930,92756,All Clients,1669
2025/02/01 00:00:00+00,1998,41383,All Singles,1670
2025/02/01 00:00:00+00,2010,53040,Family Household Members,1671
2025/02/01 00:00:00+00,671,53040,Family Households,1672
2025/02/01 00:00:00+00,1915,50814,Family Member,1673
2025/02/01 00:00:00+00,576,50814,Family Units,1674
2025/02/01 00:00:00+00,713,13721,Men's Shelter,1675
2025/02/01 00:00:00+00,482,5889,Mixed-Gender,1676
2025/02/01 00:00:00+00,96,2226,Offsite/Overflow Singles,1677
2025/02/01 00:00:00+00,620,13833,Single Adult Females,1678
2025/02/01 00:00:00+00,1312,25853,Single Adult Males,1679
2025/02/01 00:00:00+00,66,1697,Single Youth 18 Under,1680
2025/02/01 00:00:00+00,425,9437,Women's Shelter,1681
2025/02/01 00:00:00+00,58,1577,Youth Shelter,1682
2025/01/01 00:00:00+00,3909,99276,All Clients,1683
2025/01/01 00:00:00+00,2019,44792,All Singles,1684
2025/01/01 00:00:00+00,1951,55882,Family Household Members,1685
2025/01/01 00:00:00+00,639,55882,Family Households,1686
2025/01/01 00:00:00+00,1869,53925,Family Member,1687
2025/01/01 00:00:00+00,558,53925,Family Units,1688
2025/01/01 00:00:00+00,713,15107,Men's Shelter,1689
2025/01/01 00:00:00+00,479,5082,Mixed-Gender,1690
2025/01/01 00:00:00+00,82,1957,Offsite/Overflow Singles,1691
2025/01/01 00:00:00+00,654,15075,Single Adult Females,1692
2025/01/01 00:00:00+00,1304,28043,Single Adult Males,1693
2025/01/01 00:00:00+00,62,1674,Single Youth 18 Under,1694
2025/01/01 00:00:00+00,536,11966,Women's Shelter,1695
2025/01/01 00:00:00+00,60,1785,Youth Shelter,1696
2025/07/01 00:00:00+00,4158,108706,All Clients,1697
2025/07/01 00:00:00+00,2115,48563,All Singles,1698
2025/07/01 00:00:00+00,2275,66136,Family Household Members,1699
2025/07/01 00:00:00+00,859,66136,Family Households,1700
2025/07/01 00:00:00+00,2032,59260,Family Member,1701
2025/07/01 00:00:00+00,602,59260,Family Units,1702
2025/07/01 00:00:00+00,784,14819,Men's Shelter,1703
2025/07/01 00:00:00+00,429,6025,Mixed-Gender,1704
2023/06/01 00:00:00+00,1466,39534,Family Member,1705
2023/06/01 00:00:00+00,407,39534,Family Units,1706
2023/06/01 00:00:00+00,852,14196,Men's Shelter,1707
2023/06/01 00:00:00+00,388,2935,Mixed-Gender,1708
2023/06/01 00:00:00+00,60,1502,Offsite/Overflow Singles,1709
2023/06/01 00:00:00+00,405,6737,Single Adult Females,1710
2023/06/01 00:00:00+00,1073,17837,Single Adult Males,1711
2023/06/01 00:00:00+00,57,1434,Single Youth 18 Under,1712
2023/06/01 00:00:00+00,217,3347,Women's Shelter,1713
2023/06/01 00:00:00+00,71,1807,Youth Shelter,1714
2023/03/01 00:00:00+00,2959,70039,All Clients,1715
2023/03/01 00:00:00+00,1489,28567,All Singles,1716
2023/03/01 00:00:00+00,1533,42864,Family Household Members,1717
2023/03/01 00:00:00+00,468,42864,Family Households,1718
2023/03/01 00:00:00+00,1474,41464,Family Member,1719
2023/03/01 00:00:00+00,408,41464,Family Units,1720
2023/03/01 00:00:00+00,889,15172,Men's Shelter,1721
2023/03/01 00:00:00+00,561,5170,Mixed-Gender,1722
2023/03/01 00:00:00+00,61,1400,Offsite/Overflow Singles,1723
2023/03/01 00:00:00+00,357,7079,Single Adult Females,1724
2023/03/01 00:00:00+00,1074,20003,Single Adult Males,1725
2023/03/01 00:00:00+00,58,1485,Single Youth 18 Under,1726
2023/03/01 00:00:00+00,277,4983,Women's Shelter,1727
2023/03/01 00:00:00+00,64,1729,Youth Shelter,1728
2023/05/01 00:00:00+00,2967,66819,All Clients,1729
2023/05/01 00:00:00+00,1495,26878,All Singles,1730
2023/05/01 00:00:00+00,1538,41544,Family Household Members,1731
2024/11/01 00:00:00+00,2022,54318,Family Household Members,1732
2023/05/01 00:00:00+00,476,41544,Family Households,1733
2023/05/01 00:00:00+00,1477,39915,Family Member,1734
2023/05/01 00:00:00+00,413,39915,Family Units,1735
2023/05/01 00:00:00+00,842,14678,Men's Shelter,1736
2023/05/01 00:00:00+00,411,3112,Mixed-Gender,1737
2023/05/01 00:00:00+00,64,1629,Offsite/Overflow Singles,1738
2024/11/01 00:00:00+00,646,54318,Family Households,1739
2023/05/01 00:00:00+00,369,6770,Single Adult Females,1740
2024/11/01 00:00:00+00,1957,52623,Family Member,1741
2024/11/01 00:00:00+00,581,52623,Family Units,1742
2024/11/01 00:00:00+00,727,14525,Men's Shelter,1743
2024/11/01 00:00:00+00,435,3503,Mixed-Gender,1744
2024/11/01 00:00:00+00,66,1695,Offsite/Overflow Singles,1745
2024/11/01 00:00:00+00,603,13183,Single Adult Females,1746
2024/11/01 00:00:00+00,1273,25910,Single Adult Males,1747
2024/11/01 00:00:00+00,58,1418,Single Youth 18 Under,1748
2024/11/01 00:00:00+00,513,12351,Women's Shelter,1749
2024/11/01 00:00:00+00,67,1752,Youth Shelter,1750
2024/10/01 00:00:00+00,3831,95730,All Clients,1751
2024/10/01 00:00:00+00,1899,41712,All Singles,1752
2024/10/01 00:00:00+00,1982,55295,Family Household Members,1753
2024/10/01 00:00:00+00,626,55295,Family Households,1754
2024/10/01 00:00:00+00,1929,53847,Family Member,1755
2024/10/01 00:00:00+00,574,53847,Family Units,1756
2024/10/01 00:00:00+00,707,15187,Men's Shelter,1757
2024/10/01 00:00:00+00,387,2922,Mixed-Gender,1758
2024/10/01 00:00:00+00,53,1448,Offsite/Overflow Singles,1759
2024/10/01 00:00:00+00,603,13584,Single Adult Females,1760
2024/10/01 00:00:00+00,1247,26894,Single Adult Males,1761
2024/10/01 00:00:00+00,49,1234,Single Youth 18 Under,1762
2024/10/01 00:00:00+00,537,13458,Women's Shelter,1763
2024/10/01 00:00:00+00,65,1777,Youth Shelter,1764
2024/09/01 00:00:00+00,3743,88213,All Clients,1765
2024/09/01 00:00:00+00,1903,39695,All Singles,1766
2024/09/01 00:00:00+00,1881,49504,Family Household Members,1767
2024/09/01 00:00:00+00,580,49504,Family Households,1768
2024/09/01 00:00:00+00,1833,48285,Family Member,1769
2024/09/01 00:00:00+00,532,48285,Family Units,1770
2024/09/01 00:00:00+00,728,14695,Men's Shelter,1771
2024/09/01 00:00:00+00,350,2158,Mixed-Gender,1772
2024/09/01 00:00:00+00,49,1219,Offsite/Overflow Singles,1773
2024/09/01 00:00:00+00,601,13107,Single Adult Females,1774
2024/09/01 00:00:00+00,1259,25482,Single Adult Males,1775
2024/09/01 00:00:00+00,43,1106,Single Youth 18 Under,1776
2024/09/01 00:00:00+00,577,13153,Women's Shelter,1777
2024/09/01 00:00:00+00,66,1698,Youth Shelter,1778
2025/04/01 00:00:00+00,4092,102095,All Clients,1779
2025/04/01 00:00:00+00,2110,45846,All Singles,1780
2025/04/01 00:00:00+00,2080,58835,Family Household Members,1781
2025/04/01 00:00:00+00,714,58835,Family Households,1782
2025/04/01 00:00:00+00,1955,55568,Family Member,1783
2025/04/01 00:00:00+00,585,55568,Family Units,1784
2025/04/01 00:00:00+00,727,14588,Men's Shelter,1785
2025/04/01 00:00:00+00,520,6779,Mixed-Gender,1786
2025/04/01 00:00:00+00,130,3267,Offsite/Overflow Singles,1787
2025/04/01 00:00:00+00,673,15758,Single Adult Females,1788
2025/04/01 00:00:00+00,1344,27805,Single Adult Males,1789
2025/04/01 00:00:00+00,95,2283,Single Youth 18 Under,1790
2023/05/01 00:00:00+00,1065,18604,Single Adult Males,1791
2023/05/01 00:00:00+00,61,1504,Single Youth 18 Under,1792
2023/05/01 00:00:00+00,198,3503,Women's Shelter,1793
2023/05/01 00:00:00+00,71,1837,Youth Shelter,1794
2023/11/01 00:00:00+00,3256,71014,All Clients,1795
2023/11/01 00:00:00+00,1706,31391,All Singles,1796
2023/11/01 00:00:00+00,1602,40805,Family Household Members,1797
2023/11/01 00:00:00+00,477,40805,Family Households,1798
2023/11/01 00:00:00+00,1550,39594,Family Member,1799
2023/11/01 00:00:00+00,425,39594,Family Units,1800
2023/11/01 00:00:00+00,765,15045,Men's Shelter,1801
2023/11/01 00:00:00+00,653,4885,Mixed-Gender,1802
2023/11/01 00:00:00+00,53,1211,Offsite/Overflow Singles,1803
2023/11/01 00:00:00+00,493,9115,Single Adult Females,1804
2023/11/01 00:00:00+00,1155,20780,Single Adult Males,1805
2023/11/01 00:00:00+00,58,1496,Single Youth 18 Under,1806
2023/11/01 00:00:00+00,335,4853,Women's Shelter,1807
2023/11/01 00:00:00+00,70,1797,Youth Shelter,1808
2024/08/01 00:00:00+00,1241,25928,Single Adult Males,1809
2024/08/01 00:00:00+00,42,1043,Single Youth 18 Under,1810
2024/08/01 00:00:00+00,572,13742,Women's Shelter,1811
2024/08/01 00:00:00+00,64,1771,Youth Shelter,1812
2024/12/01 00:00:00+00,3841,96292,All Clients,1813
2024/12/01 00:00:00+00,1929,42774,All Singles,1814
2024/12/01 00:00:00+00,1958,54825,Family Household Members,1815
2024/12/01 00:00:00+00,618,54825,Family Households,1816
2024/12/01 00:00:00+00,1898,53080,Family Member,1817
2024/12/01 00:00:00+00,558,53080,Family Units,1818
2024/12/01 00:00:00+00,713,14953,Men's Shelter,1819
2024/12/01 00:00:00+00,426,4331,Mixed-Gender,1820
2024/12/01 00:00:00+00,61,1745,Offsite/Overflow Singles,1821
2024/12/01 00:00:00+00,618,14106,Single Adult Females,1822
2024/12/01 00:00:00+00,1251,27077,Single Adult Males,1823
2024/12/01 00:00:00+00,60,1591,Single Youth 18 Under,1824
2024/12/01 00:00:00+00,519,12436,Women's Shelter,1825
2024/12/01 00:00:00+00,64,1768,Youth Shelter,1826
2024/02/01 00:00:00+00,3534,78054,All Clients,1827
2024/02/01 00:00:00+00,1876,37028,All Singles,1828
2024/02/01 00:00:00+00,1709,42190,Family Household Members,1829
2024/02/01 00:00:00+00,513,42190,Family Households,1830
2024/02/01 00:00:00+00,1659,40988,Family Member,1831
2024/02/01 00:00:00+00,463,40988,Family Units,1832
2024/02/01 00:00:00+00,743,14565,Men's Shelter,1833
2024/02/01 00:00:00+00,505,4703,Mixed-Gender,1834
2024/02/01 00:00:00+00,51,1202,Offsite/Overflow Singles,1835
2024/02/01 00:00:00+00,525,11015,Single Adult Females,1836
2024/02/01 00:00:00+00,1309,24905,Single Adult Males,1837
2024/02/01 00:00:00+00,42,1108,Single Youth 18 Under,1838
2024/02/01 00:00:00+00,509,10234,Women's Shelter,1839
2024/02/01 00:00:00+00,65,1750,Youth Shelter,1840
2024/01/01 00:00:00+00,3492,83333,All Clients,1841
2024/01/01 00:00:00+00,1884,39098,All Singles,1842
2024/01/01 00:00:00+00,1667,45763,Family Household Members,1843
2024/01/01 00:00:00+00,514,45763,Family Households,1844
2024/01/01 00:00:00+00,1603,44196,Family Member,1845
2024/01/01 00:00:00+00,451,44196,Family Units,1846
2024/01/01 00:00:00+00,736,15452,Men's Shelter,1847
2024/01/01 00:00:00+00,573,5079,Mixed-Gender,1848
2024/01/01 00:00:00+00,64,1567,Offsite/Overflow Singles,1849
2024/01/01 00:00:00+00,567,11562,Single Adult Females,1850
2024/01/01 00:00:00+00,1269,26278,Single Adult Males,1851
2024/01/01 00:00:00+00,52,1258,Single Youth 18 Under,1852
2024/01/01 00:00:00+00,529,10591,Women's Shelter,1853
2024/01/01 00:00:00+00,72,1850,Youth Shelter,1854
2024/07/01 00:00:00+00,3772,90219,All Clients,1855
2024/07/01 00:00:00+00,1890,40036,All Singles,1856
2024/07/01 00:00:00+00,1916,51157,Family Household Members,1857
2024/07/01 00:00:00+00,578,51157,Family Households,1858
2024/07/01 00:00:00+00,1873,50001,Family Member,1859
2024/07/01 00:00:00+00,534,50001,Family Units,1860
2024/07/01 00:00:00+00,741,14958,Men's Shelter,1861
2024/07/01 00:00:00+00,366,2286,Mixed-Gender,1862
2024/07/01 00:00:00+00,45,1156,Offsite/Overflow Singles,1863
2024/07/01 00:00:00+00,573,12943,Single Adult Females,1864
2024/07/01 00:00:00+00,1276,25968,Single Adult Males,1865
2024/07/01 00:00:00+00,41,1125,Single Youth 18 Under,1866
2024/07/01 00:00:00+00,582,13760,Women's Shelter,1867
2024/07/01 00:00:00+00,62,1806,Youth Shelter,1868
2024/06/01 00:00:00+00,3610,86018,All Clients,1869
2024/06/01 00:00:00+00,1862,38700,All Singles,1870
2024/06/01 00:00:00+00,1790,48251,Family Household Members,1871
2024/06/01 00:00:00+00,545,48251,Family Households,1872
2024/06/01 00:00:00+00,1745,47189,Family Member,1873
2024/06/01 00:00:00+00,499,47189,Family Units,1874
2024/06/01 00:00:00+00,721,14731,Men's Shelter,1875
2024/06/01 00:00:00+00,355,2167,Mixed-Gender,1876
2024/06/01 00:00:00+00,47,1062,Offsite/Overflow Singles,1877
2024/06/01 00:00:00+00,560,12194,Single Adult Females,1878
2024/06/01 00:00:00+00,1259,25376,Single Adult Males,1879
2024/06/01 00:00:00+00,43,1130,Single Youth 18 Under,1880
2024/06/01 00:00:00+00,600,13419,Women's Shelter,1881
2024/06/01 00:00:00+00,64,1753,Youth Shelter,1882
2024/03/01 00:00:00+00,3552,84542,All Clients,1883
2024/03/01 00:00:00+00,1882,39187,All Singles,1884
2024/03/01 00:00:00+00,1712,46397,Family Household Members,1885
2024/03/01 00:00:00+00,513,46397,Family Households,1886
2024/03/01 00:00:00+00,1669,45327,Family Member,1887
2024/03/01 00:00:00+00,470,45327,Family Units,1888
2024/03/01 00:00:00+00,765,15478,Men's Shelter,1889
2024/03/01 00:00:00+00,507,4940,Mixed-Gender,1890
2024/03/01 00:00:00+00,44,1070,Offsite/Overflow Singles,1891
2024/03/01 00:00:00+00,532,11382,Single Adult Females,1892
2024/03/01 00:00:00+00,1304,26657,Single Adult Males,1893
2024/03/01 00:00:00+00,47,1148,Single Youth 18 Under,1894
2024/03/01 00:00:00+00,483,10720,Women's Shelter,1895
2024/03/01 00:00:00+00,71,1778,Youth Shelter,1896
2024/05/01 00:00:00+00,3636,85787,All Clients,1897
2024/05/01 00:00:00+00,1903,39113,All Singles,1898
2024/05/01 00:00:00+00,1771,47542,Family Household Members,1899
2024/05/01 00:00:00+00,540,47542,Family Households,1900
2024/05/01 00:00:00+00,1729,46537,Family Member,1901
2024/05/01 00:00:00+00,498,46537,Family Units,1902
2024/05/01 00:00:00+00,734,15238,Men's Shelter,1903
2024/05/01 00:00:00+00,472,2918,Mixed-Gender,1904
2024/05/01 00:00:00+00,43,1005,Offsite/Overflow Singles,1905
2024/05/01 00:00:00+00,551,11872,Single Adult Females,1906
2024/05/01 00:00:00+00,1311,26203,Single Adult Males,1907
2024/05/01 00:00:00+00,41,1038,Single Youth 18 Under,1908
2024/05/01 00:00:00+00,579,12356,Women's Shelter,1909
2024/05/01 00:00:00+00,65,1767,Youth Shelter,1910
2024/11/01 00:00:00+00,3901,93420,All Clients,1911
2024/11/01 00:00:00+00,1934,40511,All Singles,1912
2025/07/01 00:00:00+00,258,6876,Offsite/Overflow Singles,1913
2025/07/01 00:00:00+00,713,17142,Single Adult Females,1914
2025/07/01 00:00:00+00,1230,27091,Single Adult Males,1915
2025/07/01 00:00:00+00,172,4330,Single Youth 18 Under,1916
2025/07/01 00:00:00+00,402,8943,Women's Shelter,1917
2025/07/01 00:00:00+00,62,1549,Youth Shelter,1918
2025/06/01 00:00:00+00,4211,104314,All Clients,1919
2025/06/01 00:00:00+00,2186,47058,All Singles,1920
2025/06/01 00:00:00+00,2241,62171,Family Household Members,1921
2025/06/01 00:00:00+00,838,62171,Family Households,1922
2025/06/01 00:00:00+00,2002,56551,Family Member,1923
2025/06/01 00:00:00+00,597,56551,Family Units,1924
2025/06/01 00:00:00+00,751,14434,Men's Shelter,1925
2025/06/01 00:00:00+00,456,6143,Mixed-Gender,1926
2025/06/01 00:00:00+00,242,5620,Offsite/Overflow Singles,1927
2025/06/01 00:00:00+00,743,16463,Single Adult Females,1928
2025/06/01 00:00:00+00,1287,26992,Single Adult Males,1929
2025/06/01 00:00:00+00,156,3603,Single Youth 18 Under,1930
2025/06/01 00:00:00+00,433,8824,Women's Shelter,1931
2025/06/01 00:00:00+00,64,1694,Youth Shelter,1932
2025/03/01 00:00:00+00,4090,104164,All Clients,1933
2025/03/01 00:00:00+00,2058,46251,All Singles,1934
2025/03/01 00:00:00+00,2117,60038,Family Household Members,1935
2025/03/01 00:00:00+00,711,60038,Family Households,1936
2025/03/01 00:00:00+00,2007,57251,Family Member,1937
2025/03/01 00:00:00+00,601,57251,Family Units,1938
2025/03/01 00:00:00+00,727,14928,Men's Shelter,1939
2025/03/01 00:00:00+00,512,6936,Mixed-Gender,1940
2025/03/01 00:00:00+00,111,2787,Offsite/Overflow Singles,1941
2025/03/01 00:00:00+00,655,15886,Single Adult Females,1942
2025/03/01 00:00:00+00,1323,28192,Single Adult Males,1943
2025/03/01 00:00:00+00,83,2173,Single Youth 18 Under,1944
2025/03/01 00:00:00+00,400,9790,Women's Shelter,1945
2025/03/01 00:00:00+00,60,1655,Youth Shelter,1946
2025/05/01 00:00:00+00,4192,107696,All Clients,1947
2025/05/01 00:00:00+00,2181,48932,All Singles,1948
2025/05/01 00:00:00+00,2177,63288,Family Household Members,1949
2025/05/01 00:00:00+00,780,63288,Family Households,1950
2025/05/01 00:00:00+00,1989,58028,Family Member,1951
2025/05/01 00:00:00+00,591,58028,Family Units,1952
2025/05/01 00:00:00+00,760,14955,Men's Shelter,1953
2025/05/01 00:00:00+00,490,6564,Mixed-Gender,1954
2025/05/01 00:00:00+00,190,5260,Offsite/Overflow Singles,1955
2025/05/01 00:00:00+00,710,17070,Single Adult Females,1956
2025/05/01 00:00:00+00,1345,28566,Single Adult Males,1957
2025/05/01 00:00:00+00,126,3296,Single Youth 18 Under,1958
2025/05/01 00:00:00+00,397,9231,Women's Shelter,1959
2025/05/01 00:00:00+00,65,1651,Youth Shelter,1960
