Topic,Sector,Period,Question,Response,Denominator,Numerator,Percent
Challenges and supports,All,October 2021,1. Do you want to get into permanent housing?,No,1340,46,3.4
Challenges and supports,All,October 2021,1. Do you want to get into permanent housing?,Yes,1340,1245,92.9
Challenges and supports,All,October 2021,2. What challenges or problems have you experienced when trying to find housing?,Addiction,1340,310,23.1
Challenges and supports,All,October 2024,2. What challenges or problems have you experienced when trying to find housing?,Addiction,2595,454,17.5
Challenges and supports,All,October 2021,2. What challenges or problems have you experienced when trying to find housing?,Children,1340,48,3.6
Challenges and supports,All,October 2024,2. What challenges or problems have you experienced when trying to find housing?,Children,2595,70,2.7
Challenges and supports,All,October 2021,2. What challenges or problems have you experienced when trying to find housing?,Credit checks,1340,39,2.9
Challenges and supports,All,October 2024,2. What challenges or problems have you experienced when trying to find housing?,Credit checks,2595,0,0.0
Challenges and supports,All,October 2021,2. What challenges or problems have you experienced when trying to find housing?,Criminal history,1340,192,14.3
Challenges and supports,All,October 2024,2. What challenges or problems have you experienced when trying to find housing?,Criminal history,2595,224,8.6
Challenges and supports,All,October 2021,2. What challenges or problems have you experienced when trying to find housing?,Discrimination,1340,260,19.4
Challenges and supports,All,October 2024,2. What challenges or problems have you experienced when trying to find housing?,Discrimination,2595,269,10.4
Challenges and supports,All,October 2021,2. What challenges or problems have you experienced when trying to find housing?,Domestic violence,1340,99,7.4
Challenges and supports,All,October 2024,2. What challenges or problems have you experienced when trying to find housing?,Domestic violence,2595,154,5.9
Challenges and supports,All,October 2021,2. What challenges or problems have you experienced when trying to find housing?,Don't want housing,1340,12,0.9
Challenges and supports,All,October 2024,2. What challenges or problems have you experienced when trying to find housing?,Don't want housing,2595,48,1.8
Challenges and supports,All,October 2021,2. What challenges or problems have you experienced when trying to find housing?,Family conflict,1340,150,11.2
Challenges and supports,All,October 2024,2. What challenges or problems have you experienced when trying to find housing?,Family conflict,2595,264,10.2
Challenges and supports,All,October 2021,2. What challenges or problems have you experienced when trying to find housing?,Health/disability,1340,147,11.0
Challenges and supports,All,October 2024,2. What challenges or problems have you experienced when trying to find housing?,Health/disability,2595,231,8.9
Challenges and supports,All,October 2021,2. What challenges or problems have you experienced when trying to find housing?,Lack of housing stock,1340,26,1.9
Challenges and supports,All,October 2024,2. What challenges or problems have you experienced when trying to find housing?,Lack of housing stock,2595,0,0.0
Challenges and supports,All,October 2021,2. What challenges or problems have you experienced when trying to find housing?,Lack of support,1340,63,4.7
Challenges and supports,All,October 2024,2. What challenges or problems have you experienced when trying to find housing?,Lack of support,2595,507,19.5
Challenges and supports,All,October 2021,2. What challenges or problems have you experienced when trying to find housing?,Low income,1340,816,60.9
Challenges and supports,All,October 2024,2. What challenges or problems have you experienced when trying to find housing?,Low income,2595,1514,58.3
Challenges and supports,All,October 2021,2. What challenges or problems have you experienced when trying to find housing?,Mental health,1340,288,21.5
Challenges and supports,All,October 2024,2. What challenges or problems have you experienced when trying to find housing?,Mental health,2595,409,15.8
Challenges and supports,All,October 2021,2. What challenges or problems have you experienced when trying to find housing?,No income assistance,1340,235,17.5
Challenges and supports,All,October 2024,2. What challenges or problems have you experienced when trying to find housing?,No income assistance,2595,637,24.5
Challenges and supports,All,October 2021,2. What challenges or problems have you experienced when trying to find housing?,Pets,1340,53,4.0
Challenges and supports,All,October 2024,2. What challenges or problems have you experienced when trying to find housing?,Pets,2595,64,2.5
Challenges and supports,All,October 2021,2. What challenges or problems have you experienced when trying to find housing?,Poor housing conditions,1340,268,20.0
Challenges and supports,All,October 2024,2. What challenges or problems have you experienced when trying to find housing?,Poor housing conditions,2595,432,16.6
Challenges and supports,All,October 2021,2. What challenges or problems have you experienced when trying to find housing?,Rents too high,1340,811,60.5
Challenges and supports,All,October 2024,2. What challenges or problems have you experienced when trying to find housing?,Rents too high,2595,1462,56.3
Challenges and supports,All,October 2021,2. What challenges or problems have you experienced when trying to find housing?,Wait list for subsidized housing,1340,32,2.4
Challenges and supports,All,October 2024,2. What challenges or problems have you experienced when trying to find housing?,Wait list for subsidized housing,2595,0,0.0
Challenges and supports,All,October 2024,3. What would you need support with to help you through your housing journey?,Access to Facilities,2595,761,29.3
Challenges and supports,All,October 2021,3. What would you need support with to help you through your housing journey?,Addiction or substance use,1340,405,30.2
Challenges and supports,All,October 2024,3. What would you need support with to help you through your housing journey?,Addiction or substance use,2595,647,24.9
Challenges and supports,All,October 2021,3. What would you need support with to help you through your housing journey?,Brain injury,1340,78,5.8
Challenges and supports,All,October 2024,3. What would you need support with to help you through your housing journey?,Cultural Supports,2595,540,20.8
Challenges and supports,All,October 2024,3. What would you need support with to help you through your housing journey?,Disability Support,2595,527,20.3
Challenges and supports,All,October 2024,3. What would you need support with to help you through your housing journey?,Family Supports,2595,690,26.6
Challenges and supports,All,October 2024,3. What would you need support with to help you through your housing journey?,Financial Supports,2595,1332,51.3
Challenges and supports,All,October 2024,3. What would you need support with to help you through your housing journey?,Food Security,2595,1185,45.7
Challenges and supports,All,October 2021,3. What would you need support with to help you through your housing journey?,Learning disability,1340,116,8.7
Challenges and supports,All,October 2024,3. What would you need support with to help you through your housing journey?,Legal Aid,2595,660,25.4
Challenges and supports,All,October 2021,3. What would you need support with to help you through your housing journey?,Medical condition,1340,248,18.5
Challenges and supports,All,October 2021,3. What would you need support with to help you through your housing journey?,Mental health,1340,530,39.6
Challenges and supports,All,October 2024,3. What would you need support with to help you through your housing journey?,Mental health,2595,863,33.3
Challenges and supports,All,October 2024,3. What would you need support with to help you through your housing journey?,Newcomer/Refugee Supports,2595,127,4.9
Challenges and supports,All,October 2021,3. What would you need support with to help you through your housing journey?,None of the above,1340,464,34.6
Challenges and supports,All,October 2024,3. What would you need support with to help you through your housing journey?,None of the above,2595,65,2.5
Challenges and supports,All,October 2021,3. What would you need support with to help you through your housing journey?,Physical disability,1340,126,9.4
Challenges and supports,All,October 2021,3. What would you need support with to help you through your housing journey?,Pregnancy,1340,21,1.6
Challenges and supports,All,October 2021,3. What would you need support with to help you through your housing journey?,Pregnancy,1340,21,1.6
Challenges and supports,All,October 2024,3. What would you need support with to help you through your housing journey?,Supportive Housing,2595,1277,49.2
Challenges and supports,Family,October 2021,1. Do you want to get into permanent housing?,Yes,137,136,99
Challenges and supports,Family,October 2021,2. What challenges or problems have you experienced when trying to find housing?,Addiction,137,8,6
Challenges and supports,Family,October 2024,2. What challenges or problems have you experienced when trying to find housing?,Addiction,248,3,1.2
Challenges and supports,Family,October 2021,2. What challenges or problems have you experienced when trying to find housing?,Children,137,30,22
Challenges and supports,Family,October 2024,2. What challenges or problems have you experienced when trying to find housing?,Children,248,29,11.7
Challenges and supports,Family,October 2021,2. What challenges or problems have you experienced when trying to find housing?,Credit checks,137,8,6
Challenges and supports,Family,October 2024,2. What challenges or problems have you experienced when trying to find housing?,Credit checks,248,0,0.0
Challenges and supports,Family,October 2021,2. What challenges or problems have you experienced when trying to find housing?,Discrimination,137,16,12
Challenges and supports,Family,October 2024,2. What challenges or problems have you experienced when trying to find housing?,Discrimination,248,19,7.7
Challenges and supports,Family,October 2021,2. What challenges or problems have you experienced when trying to find housing?,Domestic violence,137,16,12
Challenges and supports,Family,October 2024,2. What challenges or problems have you experienced when trying to find housing?,Domestic violence,248,20,8.1
Challenges and supports,Family,October 2021,2. What challenges or problems have you experienced when trying to find housing?,Family conflict,137,17,12
Challenges and supports,Family,October 2024,2. What challenges or problems have you experienced when trying to find housing?,Family conflict,248,22,8.9
Challenges and supports,Family,October 2021,2. What challenges or problems have you experienced when trying to find housing?,Health/disability,137,10,7
Challenges and supports,Family,October 2024,2. What challenges or problems have you experienced when trying to find housing?,Health/disability,248,12,4.8
Challenges and supports,Family,October 2021,2. What challenges or problems have you experienced when trying to find housing?,Lack of support,137,6,4
Challenges and supports,Family,October 2024,2. What challenges or problems have you experienced when trying to find housing?,Lack of support,248,34,13.7
Challenges and supports,Family,October 2021,2. What challenges or problems have you experienced when trying to find housing?,Low income,137,102,75
Challenges and supports,Family,October 2024,2. What challenges or problems have you experienced when trying to find housing?,Low income,248,182,73.4
Challenges and supports,Family,October 2021,2. What challenges or problems have you experienced when trying to find housing?,Mental health,137,16,12
Challenges and supports,Family,October 2024,2. What challenges or problems have you experienced when trying to find housing?,Mental health,248,16,6.5
Challenges and supports,Family,October 2021,2. What challenges or problems have you experienced when trying to find housing?,No income assistance,137,20,15
Challenges and supports,Family,October 2024,2. What challenges or problems have you experienced when trying to find housing?,No income assistance,248,58,23.4
Challenges and supports,Family,October 2021,2. What challenges or problems have you experienced when trying to find housing?,Other,137,8,6
Challenges and supports,Family,October 2024,2. What challenges or problems have you experienced when trying to find housing?,Other,248,34,13.7
Challenges and supports,Family,October 2021,2. What challenges or problems have you experienced when trying to find housing?,Pets,137,6,4
Challenges and supports,Family,October 2024,2. What challenges or problems have you experienced when trying to find housing?,Pets,248,2,0.8
Challenges and supports,Family,October 2021,2. What challenges or problems have you experienced when trying to find housing?,Poor housing conditions,137,10,7
Challenges and supports,Family,October 2024,2. What challenges or problems have you experienced when trying to find housing?,Poor housing conditions,248,26,10.5
Challenges and supports,Family,October 2021,2. What challenges or problems have you experienced when trying to find housing?,Rents too high,137,85,62
Challenges and supports,Family,October 2024,2. What challenges or problems have you experienced when trying to find housing?,Rents too high,248,190,76.6
Challenges and supports,Family,October 2024,3. What would you need support with to help you through your housing journey?,Access to Facilities,248,44,17.7
Challenges and supports,Family,October 2021,3. What would you need support with to help you through your housing journey?,Addiction or substance use,137,6,4.4
Challenges and supports,Family,October 2024,3. What would you need support with to help you through your housing journey?,Addiction or substance use,248,5,2.0
Challenges and supports,Family,October 2024,3. What would you need support with to help you through your housing journey?,Cultural Supports,248,71,28.6
Challenges and supports,Family,October 2024,3. What would you need support with to help you through your housing journey?,Disability Support,248,0,9.3
Challenges and supports,Family,October 2024,3. What would you need support with to help you through your housing journey?,Family Supports,248,136,54.8
Challenges and supports,Family,October 2024,3. What would you need support with to help you through your housing journey?,Financial Supports,248,175,70.6
Challenges and supports,Family,October 2024,3. What would you need support with to help you through your housing journey?,Food Security,248,165,66.5
Challenges and supports,Family,October 2021,3. What would you need support with to help you through your housing journey?,Learning disability,137,9,6.6
Challenges and supports,Family,October 2024,3. What would you need support with to help you through your housing journey?,Legal Aid,248,79,31.9
Challenges and supports,Family,October 2021,3. What would you need support with to help you through your housing journey?,Medical condition,137,20,14.6
Challenges and supports,Family,October 2021,3. What would you need support with to help you through your housing journey?,Mental health,137,35,25.5
Challenges and supports,Family,October 2024,3. What would you need support with to help you through your housing journey?,Mental health,248,39,15.7
Challenges and supports,Family,October 2024,3. What would you need support with to help you through your housing journey?,Newcomer/Refugee Supports,248,127,51.2
Challenges and supports,Family,October 2021,3. What would you need support with to help you through your housing journey?,None of the above,137,69,50.4
Challenges and supports,Family,October 2024,3. What would you need support with to help you through your housing journey?,None of the above,248,4,1.6
Challenges and supports,Family,October 2021,3. What would you need support with to help you through your housing journey?,Other,137,6,4.4
Challenges and supports,Family,October 2024,3. What would you need support with to help you through your housing journey?,Other,248,0,0.0
Challenges and supports,Family,October 2021,3. What would you need support with to help you through your housing journey?,Pregnancy,137,9,6.6
Challenges and supports,Family,October 2024,3. What would you need support with to help you through your housing journey?,Supportive Housing,248,143,57.7
Challenges and supports,Single,October 2021,1. Do you want to get into permanent housing?,No,937,35,4
Challenges and supports,Single,October 2021,1. Do you want to get into permanent housing?,Yes,937,859,92
Challenges and supports,Single,October 2021,2. What challenges or problems have you experienced when trying to find housing?,Addiction,937,242,26
Challenges and supports,Single,October 2024,2. What challenges or problems have you experienced when trying to find housing?,Addiction,1649,355,21.5
Challenges and supports,Single,October 2021,2. What challenges or problems have you experienced when trying to find housing?,Children,937,16,2
Challenges and supports,Single,October 2024,2. What challenges or problems have you experienced when trying to find housing?,Children,1649,28,1.7
Challenges and supports,Single,October 2021,2. What challenges or problems have you experienced when trying to find housing?,Credit checks,937,24,3
Challenges and supports,Single,October 2024,2. What challenges or problems have you experienced when trying to find housing?,Credit checks,1649,0,0.0
Challenges and supports,Single,October 2021,2. What challenges or problems have you experienced when trying to find housing?,Criminal history,937,155,17
Challenges and supports,Single,October 2024,2. What challenges or problems have you experienced when trying to find housing?,Criminal history,1649,170,10.3
Challenges and supports,Single,October 2021,2. What challenges or problems have you experienced when trying to find housing?,Discrimination,937,188,20
Challenges and supports,Single,October 2024,2. What challenges or problems have you experienced when trying to find housing?,Discrimination,1649,186,11.3
Challenges and supports,Single,October 2021,2. What challenges or problems have you experienced when trying to find housing?,Domestic violence,937,69,7
Challenges and supports,Single,October 2024,2. What challenges or problems have you experienced when trying to find housing?,Domestic violence,1649,88,5.3
Challenges and supports,Single,October 2021,2. What challenges or problems have you experienced when trying to find housing?,Don't want housing,937,10,1
Challenges and supports,Single,October 2024,2. What challenges or problems have you experienced when trying to find housing?,Don't want housing,1649,31,1.9
Challenges and supports,Single,October 2021,2. What challenges or problems have you experienced when trying to find housing?,Family conflict,937,96,10
Challenges and supports,Single,October 2024,2. What challenges or problems have you experienced when trying to find housing?,Family conflict,1649,182,11.0
Challenges and supports,Single,October 2021,2. What challenges or problems have you experienced when trying to find housing?,Health/disability,937,111,12
Challenges and supports,Single,October 2024,2. What challenges or problems have you experienced when trying to find housing?,Health/disability,1649,181,11.0
Challenges and supports,Single,October 2021,2. What challenges or problems have you experienced when trying to find housing?,Lack of housing stock,937,17,2
Challenges and supports,Single,October 2024,2. What challenges or problems have you experienced when trying to find housing?,Lack of housing stock,1649,0,0.0
Challenges and supports,Single,October 2021,2. What challenges or problems have you experienced when trying to find housing?,Lack of support,937,44,5
Challenges and supports,Single,October 2024,2. What challenges or problems have you experienced when trying to find housing?,Lack of support,1649,354,21.5
Challenges and supports,Single,October 2021,2. What challenges or problems have you experienced when trying to find housing?,Low income,937,551,59
Challenges and supports,Single,October 2024,2. What challenges or problems have you experienced when trying to find housing?,Low income,1649,981,59.5
Challenges and supports,Single,October 2021,2. What challenges or problems have you experienced when trying to find housing?,Mental health,937,209,22
Challenges and supports,Single,October 2024,2. What challenges or problems have you experienced when trying to find housing?,Mental health,1649,299,18.1
Challenges and supports,Single,October 2021,2. What challenges or problems have you experienced when trying to find housing?,No income assistance,937,168,18
Challenges and supports,Single,October 2024,2. What challenges or problems have you experienced when trying to find housing?,No income assistance,1649,418,25.3
Challenges and supports,Single,October 2021,2. What challenges or problems have you experienced when trying to find housing?,Pets,937,36,4
Challenges and supports,Single,October 2024,2. What challenges or problems have you experienced when trying to find housing?,Pets,1649,41,2.5
Challenges and supports,Single,October 2021,2. What challenges or problems have you experienced when trying to find housing?,Poor housing conditions,937,199,21
Challenges and supports,Single,October 2024,2. What challenges or problems have you experienced when trying to find housing?,Poor housing conditions,1649,306,18.6
Challenges and supports,Single,October 2021,2. What challenges or problems have you experienced when trying to find housing?,Rents too high,937,570,61
Challenges and supports,Single,October 2024,2. What challenges or problems have you experienced when trying to find housing?,Rents too high,1649,943,57.2
Challenges and supports,Single,October 2021,2. What challenges or problems have you experienced when trying to find housing?,Wait list for subsidized housing,937,26,3
Challenges and supports,Single,October 2024,2. What challenges or problems have you experienced when trying to find housing?,Wait list for subsidized housing,1649,0,0.0
Challenges and supports,Single,October 2024,3. What would you need support with to help you through your housing journey?,Access to Facilities,1649,536,32.5
Challenges and supports,Single,October 2021,3. What would you need support with to help you through your housing journey?,Addiction or substance use,937,327,34.9
Challenges and supports,Single,October 2024,3. What would you need support with to help you through your housing journey?,Addiction or substance use,1649,527,32.0
Challenges and supports,Single,October 2021,3. What would you need support with to help you through your housing journey?,Brain injury,937,60,6.4
Challenges and supports,Single,October 2024,3. What would you need support with to help you through your housing journey?,Cultural Supports,1649,329,20.0
Challenges and supports,Single,October 2024,3. What would you need support with to help you through your housing journey?,Disability Support,1649,411,24.9
Challenges and supports,Single,October 2024,3. What would you need support with to help you through your housing journey?,Family Supports,1649,400,24.3
Challenges and supports,Single,October 2024,3. What would you need support with to help you through your housing journey?,Financial Supports,1649,858,52.0
Challenges and supports,Single,October 2024,3. What would you need support with to help you through your housing journey?,Food Security,1649,758,46.0
Challenges and supports,Single,October 2021,3. What would you need support with to help you through your housing journey?,Learning disability,937,74,7.9
Challenges and supports,Single,October 2024,3. What would you need support with to help you through your housing journey?,Legal Aid,1649,440,26.7
Challenges and supports,Single,October 2021,3. What would you need support with to help you through your housing journey?,Medical condition,937,183,19.5
Challenges and supports,Single,October 2021,3. What would you need support with to help you through your housing journey?,Mental health,937,383,40.9
Challenges and supports,Single,October 2024,3. What would you need support with to help you through your housing journey?,Mental health,1649,635,38.5
Challenges and supports,Single,October 2024,3. What would you need support with to help you through your housing journey?,Newcomer/Refugee Supports,1649,351,21.3
Challenges and supports,Single,October 2021,3. What would you need support with to help you through your housing journey?,None of the above,937,300,32
Challenges and supports,Single,October 2024,3. What would you need support with to help you through your housing journey?,None of the above,1649,49,3.0
Challenges and supports,Single,October 2021,3. What would you need support with to help you through your housing journey?,Physical disability,937,111,11.8
Challenges and supports,Single,October 2021,3. What would you need support with to help you through your housing journey?,Pregnancy,937,8,0.9
Challenges and supports,Single,October 2024,3. What would you need support with to help you through your housing journey?,Supportive Housing,1649,843,51.1
Challenges and supports,Youth,October 2021,1. Do you want to get into permanent housing?,No,134,2,2
Challenges and supports,Youth,October 2021,1. Do you want to get into permanent housing?,Yes,134,130,97
Challenges and supports,Youth,October 2021,2. What challenges or problems have you experienced when trying to find housing?,Addiction,134,24,17.9
Challenges and supports,Youth,October 2024,2. What challenges or problems have you experienced when trying to find housing?,Addiction,265,33,12.5
Challenges and supports,Youth,October 2021,2. What challenges or problems have you experienced when trying to find housing?,Criminal history,134,14,10.4
Challenges and supports,Youth,October 2024,2. What challenges or problems have you experienced when trying to find housing?,Criminal history,265,8,3.0
Challenges and supports,Youth,October 2021,2. What challenges or problems have you experienced when trying to find housing?,Discrimination,134,24,17.9
Challenges and supports,Youth,October 2024,2. What challenges or problems have you experienced when trying to find housing?,Discrimination,265,27,10.2
Challenges and supports,Youth,October 2021,2. What challenges or problems have you experienced when trying to find housing?,Domestic violence,134,8,6
Challenges and supports,Youth,October 2024,2. What challenges or problems have you experienced when trying to find housing?,Domestic violence,265,20,7.5
Challenges and supports,Youth,October 2021,2. What challenges or problems have you experienced when trying to find housing?,Family conflict,134,29,21.6
Challenges and supports,Youth,October 2024,2. What challenges or problems have you experienced when trying to find housing?,Family conflict,265,38,14.3
Challenges and supports,Youth,October 2021,2. What challenges or problems have you experienced when trying to find housing?,Health/disability,134,15,11.2
Challenges and supports,Youth,October 2024,2. What challenges or problems have you experienced when trying to find housing?,Health/disability,265,13,4.9
Challenges and supports,Youth,October 2021,2. What challenges or problems have you experienced when trying to find housing?,Lack of support,134,6,4.5
Challenges and supports,Youth,October 2024,2. What challenges or problems have you experienced when trying to find housing?,Lack of support,265,49,18.5
Challenges and supports,Youth,October 2021,2. What challenges or problems have you experienced when trying to find housing?,Low income,134,87,64.9
Challenges and supports,Youth,October 2024,2. What challenges or problems have you experienced when trying to find housing?,Low income,265,151,57.0
Challenges and supports,Youth,October 2021,2. What challenges or problems have you experienced when trying to find housing?,Mental health,134,36,26.9
Challenges and supports,Youth,October 2024,2. What challenges or problems have you experienced when trying to find housing?,Mental health,265,46,17.4
Challenges and supports,Youth,October 2021,2. What challenges or problems have you experienced when trying to find housing?,No income assistance,134,19,14.2
Challenges and supports,Youth,October 2024,2. What challenges or problems have you experienced when trying to find housing?,No income assistance,265,64,24.2
Challenges and supports,Youth,October 2021,2. What challenges or problems have you experienced when trying to find housing?,Other,134,14,10.4
Challenges and supports,Youth,October 2024,2. What challenges or problems have you experienced when trying to find housing?,Other,265,19,7.2
Challenges and supports,Youth,October 2021,2. What challenges or problems have you experienced when trying to find housing?,Poor housing conditions,134,25,18.7
Challenges and supports,Youth,October 2024,2. What challenges or problems have you experienced when trying to find housing?,Poor housing conditions,265,43,16.2
Challenges and supports,Youth,October 2021,2. What challenges or problems have you experienced when trying to find housing?,Rents too high,134,77,57.5
Challenges and supports,Youth,October 2024,2. What challenges or problems have you experienced when trying to find housing?,Rents too high,265,127,47.9
Challenges and supports,Youth,October 2024,3. What would you need support with to help you through your housing journey?,Access to Facilities,265,64,24.2
Challenges and supports,Youth,October 2021,3. What would you need support with to help you through your housing journey?,Addiction or substance use,134,26,19.4
Challenges and supports,Youth,October 2024,3. What would you need support with to help you through your housing journey?,Addiction or substance use,265,35,13.2
Challenges and supports,Youth,October 2021,3. What would you need support with to help you through your housing journey?,Brain injury,134,8,6
Challenges and supports,Youth,October 2024,3. What would you need support with to help you through your housing journey?,Cultural Supports,265,44,16.6
Challenges and supports,Youth,October 2024,3. What would you need support with to help you through your housing journey?,Disability Support,265,20,7.5
Challenges and supports,Youth,October 2024,3. What would you need support with to help you through your housing journey?,Family Supports,265,35,13.2
Challenges and supports,Youth,October 2024,3. What would you need support with to help you through your housing journey?,Financial Supports,265,135,50.9
Challenges and supports,Youth,October 2024,3. What would you need support with to help you through your housing journey?,Food Security,265,107,40.4
Challenges and supports,Youth,October 2021,3. What would you need support with to help you through your housing journey?,Learning disability,134,22,16.4
Challenges and supports,Youth,October 2024,3. What would you need support with to help you through your housing journey?,Legal Aid,265,56,21.1
Challenges and supports,Youth,October 2021,3. What would you need support with to help you through your housing journey?,Medical condition,134,15,11.2
Challenges and supports,Youth,October 2021,3. What would you need support with to help you through your housing journey?,Mental health,134,57,42.5
Challenges and supports,Youth,October 2024,3. What would you need support with to help you through your housing journey?,Mental health,265,85,32.1
Challenges and supports,Youth,October 2024,3. What would you need support with to help you through your housing journey?,Newcomer/Refugee Supports,265,64,24.2
Challenges and supports,Youth,October 2021,3. What would you need support with to help you through your housing journey?,None of the above,134,52,38.8
Challenges and supports,Youth,October 2024,3. What would you need support with to help you through your housing journey?,None of the above,265,8,3.0
Challenges and supports,Youth,October 2021,3. What would you need support with to help you through your housing journey?,Physical disability,134,6,4.5
Challenges and supports,Youth,October 2024,3. What would you need support with to help you through your housing journey?,Supportive Housing,265,123,46.4
Demographics,All,October 2021,1. What gender do you identify with?,Men,1340,833,62.2
Demographics,All,April 2018,1. What gender do you identify with?,Men,1400,841,60.1
Demographics,All,October 2024,1. What gender do you identify with?,Men,2595,1444,55.6
Demographics,All,October 2021,1. What gender do you identify with?,Non-binary and other identities,1340,39,2.9
Demographics,All,April 2018,1. What gender do you identify with?,Non-binary and other identities,1400,31,2.2
Demographics,All,October 2024,1. What gender do you identify with?,Non-binary and other identities,2595,55,2.1
Demographics,All,October 2021,1. What gender do you identify with?,Women,1340,448,33.4
Demographics,All,April 2018,1. What gender do you identify with?,Women,1400,509,36.4
Demographics,All,October 2024,1. What gender do you identify with?,Women,2595,921,35.5
Demographics,All,October 2021,2. How old are you?,13 to 18 years old,1340,34,2.5
Demographics,All,April 2018,2. How old are you?,13 to 18 years old,1400,64,4.6
Demographics,All,October 2024,2. How old are you?,13 to 18 years old,2595,24,0.9
Demographics,All,October 2021,2. How old are you?,18 to 24 years old,1340,133,9.9
Demographics,All,April 2018,2. How old are you?,18 to 24 years old,1400,123,8.8
Demographics,All,October 2024,2. How old are you?,18 to 24 years old,2595,306,11.8
Demographics,All,October 2021,2. How old are you?,25 to 49 years old,1340,802,59.9
Demographics,All,April 2018,2. How old are you?,25 to 49 years old,1400,822,58.7
Demographics,All,October 2024,2. How old are you?,25 to 49 years old,2595,1462,56.3
Demographics,All,October 2021,2. How old are you?,50 to 64 years old,1340,305,22.8
Demographics,All,April 2018,2. How old are you?,50 to 64 years old,1400,323,23.1
Demographics,All,October 2024,2. How old are you?,50 to 64 years old,2595,489,18.8
Demographics,All,October 2021,2. How old are you?,Over 65 years old,1340,55,4.1
Demographics,All,April 2018,2. How old are you?,Over 65 years old,1400,42,3.0
Demographics,All,October 2024,2. How old are you?,Over 65 years old,2595,101,3.9
Demographics,All,October 2021,3. Do you identify with any racial identities?,Non-racialized,1340,472,35.2
Demographics,All,April 2018,3. Do you identify with any racial identities?,Non-racialized,1400,667,47.6
Demographics,All,October 2024,3. Do you identify with any racial identities?,Non-racialized,2595,765,29.5
Demographics,All,October 2021,3. Do you identify with any racial identities?,Racialized,1340,732,54.6
Demographics,All,April 2018,3. Do you identify with any racial identities?,Racialized,1400,673,48.1
Demographics,All,October 2024,3. Do you identify with any racial identities?,Racialized,2595,1458,56.2
Demographics,All,October 2021,4. How do you describe your sexual orientation?,Don't know,1340,56,4.2
Demographics,All,October 2024,4. How do you describe your sexual orientation?,Don't know,2595,23,0.9
Demographics,All,October 2021,4. How do you describe your sexual orientation?,"Gay, lesbian and other",1340,153,11.4
Demographics,All,April 2018,4. How do you describe your sexual orientation?,"Gay, lesbian and other",1400,124,8.9
Demographics,All,October 2024,4. How do you describe your sexual orientation?,"Gay, lesbian and other",2595,285,11.0
Demographics,All,October 2021,4. How do you describe your sexual orientation?,Heterosexual,1340,1131,84.4
Demographics,All,April 2018,4. How do you describe your sexual orientation?,Heterosexual,1400,1216,86.9
Demographics,All,October 2024,4. How do you describe your sexual orientation?,Heterosexual,2595,1971,76.0
Demographics,All,April 2018,5. How long have you been in Ottawa?,1 to 5 years,1400,226,16.1
Demographics,All,April 2018,5. How long have you been in Ottawa?,Always been in Ottawa,1400,281,20.1
Demographics,All,April 2018,5. How long have you been in Ottawa?,Over 5 years,1400,390,27.9
Demographics,All,April 2018,5. How long have you been in Ottawa?,Under 1 year,1400,448,32.0
Demographics,All,October 2021,5. What is the highest level of education you completed?,High school graduate,1340,357,26.6
Demographics,All,October 2024,5. What is the highest level of education you completed?,High school graduate,2595,736,28.4
Demographics,All,October 2021,5. What is the highest level of education you completed?,Less than high school,1340,513,38.3
Demographics,All,October 2024,5. What is the highest level of education you completed?,Less than high school,2595,689,26.6
Demographics,All,October 2021,5. What is the highest level of education you completed?,Post-secondary or higher,1340,253,18.9
Demographics,All,October 2024,5. What is the highest level of education you completed?,Post-secondary or higher,2595,652,25.1
Demographics,All,October 2021,5. What is the highest level of education you completed?,Some post-secondary,1340,183,13.7
Demographics,All,October 2024,5. What is the highest level of education you completed?,Some post-secondary,2595,237,9.1
Demographics,All,April 2018,6. Have you ever served in the Canadian Military and/or RCMP?,Did not serve in Canadian military and/or RCMP,1400,1311,93.6
Demographics,All,April 2018,6. Have you ever served in the Canadian Military and/or RCMP?,Served in Canadian military and/or RCMP,1400,65,4.6
Demographics,All,October 2021,6. How long have you been in Ottawa?,1 to 5 years,1340,202,15.1
Demographics,All,October 2024,6. How long have you been in Ottawa?,1 to 5 years,2595,441,17.0
Demographics,All,October 2021,6. How long have you been in Ottawa?,Always been in Ottawa,1340,316,23.6
Demographics,All,October 2024,6. How long have you been in Ottawa?,Always been in Ottawa,2595,712,27.4
Demographics,All,October 2021,6. How long have you been in Ottawa?,Over 5 years,1340,451,33.7
Demographics,All,October 2024,6. How long have you been in Ottawa?,Over 5 years,2595,246,9.5
Demographics,All,October 2021,6. How long have you been in Ottawa?,Under 1 year,1340,333,24.9
Demographics,All,October 2024,6. How long have you been in Ottawa?,Under 1 year,2595,842,32.4
Demographics,All,October 2024,6a. In what language do you feel best able to express yourself?,English,2595,1686,65.0
Demographics,All,October 2024,6a. In what language do you feel best able to express yourself?,French,2595,387,14.9
Demographics,All,October 2024,6a. In what language do you feel best able to express yourself?,Neither English or French,2595,200,7.7
Demographics,All,October 2024,6a. In what language do you feel best able to express yourself?,No preference,2595,59,2.3
Demographics,All,April 2018,7. In what language do you feel best able to express yourself?,English,1400,1004,71.7
Demographics,All,April 2018,7. In what language do you feel best able to express yourself?,French,1400,191,13.6
Demographics,All,April 2018,7. In what language do you feel best able to express yourself?,Neither English or French,1400,100,7.1
Demographics,All,April 2018,7. In what language do you feel best able to express yourself?,No preference,1400,76,5.4
Demographics,All,October 2021,7. What is the main reason you came to Ottawa?,Employment (secured),986,26,2.6
Demographics,All,October 2024,7. What is the main reason you came to Ottawa?,Employment (secured),1657,30,1.8
Demographics,All,October 2021,7. What is the main reason you came to Ottawa?,Employment (seeking),986,64,6.5
Demographics,All,October 2024,7. What is the main reason you came to Ottawa?,Employment (seeking),1657,149,9.0
Demographics,All,October 2021,7. What is the main reason you came to Ottawa?,Family moved here,986,185,18.8
Demographics,All,October 2024,7. What is the main reason you came to Ottawa?,Family moved here,1657,175,10.6
Demographics,All,October 2021,7. What is the main reason you came to Ottawa?,Fear for safety,986,63,6.4
Demographics,All,October 2024,7. What is the main reason you came to Ottawa?,Fear for safety,1657,256,15.4
Demographics,All,October 2021,7. What is the main reason you came to Ottawa?,Other,986,142,14.4
Demographics,All,October 2024,7. What is the main reason you came to Ottawa?,Other,1657,320,19.3
Demographics,All,October 2021,7. What is the main reason you came to Ottawa?,Recreation/shopping,986,9,0.9
Demographics,All,October 2024,7. What is the main reason you came to Ottawa?,Recreation/shopping,1657,4,0.2
Demographics,All,October 2021,7. What is the main reason you came to Ottawa?,To access emergency shelters,986,55,5.6
Demographics,All,October 2024,7. What is the main reason you came to Ottawa?,To access emergency shelters,1657,156,9.4
Demographics,All,October 2021,7. What is the main reason you came to Ottawa?,To access services and supports,986,193,19.6
Demographics,All,October 2024,7. What is the main reason you came to Ottawa?,To access services and supports,1657,186,11.2
Demographics,All,October 2021,7. What is the main reason you came to Ottawa?,To attend school,986,55,5.6
Demographics,All,October 2024,7. What is the main reason you came to Ottawa?,To attend school,1657,52,3.1
Demographics,All,October 2021,7. What is the main reason you came to Ottawa?,To find housing,986,57,5.8
Demographics,All,October 2024,7. What is the main reason you came to Ottawa?,To find housing,1657,96,5.8
Demographics,All,October 2021,7. What is the main reason you came to Ottawa?,To visit friends/family,986,91,9.2
Demographics,All,October 2024,7. What is the main reason you came to Ottawa?,To visit friends/family,1657,108,6.5
Demographics,All,April 2018,8. Do you have family members or anyone else staying with you tonight?,Accompanied by family member(s) or other(s),1400,270,19.3
Demographics,All,October 2021,8. Have you ever served in the Canadian Military and/or RCMP?,Did not service in Canadian military and/or RCMP,1340,1256,93.7
Demographics,All,October 2024,8. Have you ever served in the Canadian Military and/or RCMP?,Did not service in Canadian military and/or RCMP,2595,2345,90.4
Demographics,All,October 2021,8. Have you ever served in the Canadian Military and/or RCMP?,Served in Canadian military and/or RCMP,1340,59,4.4
Demographics,All,October 2024,8. Have you ever served in the Canadian Military and/or RCMP?,Served in Canadian military and/or RCMP,2595,92,3.5
Demographics,All,October 2021,9a. Do you have family members or anyone else staying with you tonight?,Accompanied by family member(s) or other(s),1340,137,10.2
Demographics,All,October 2024,9a. Do you have family members or anyone else staying with you tonight?,Accompanied by family member(s) or other(s),2595,534,20.6
Demographics,All,October 2021,9b. Do you have dependents staying with you tonight?,Accompanied by dependent(s),1340,145,11
Demographics,All,October 2024,9b. Do you have dependents staying with you tonight?,Accompanied by dependent(s),2595,270,10.4
Demographics,Family,October 2021,1. What gender do you identify with?,Men,137,36,26.3
Demographics,Family,April 2018,1. What gender do you identify with?,Men,213,47,22.1
Demographics,Family,October 2024,1. What gender do you identify with?,Men,248,62,25.0
Demographics,Family,October 2021,1. What gender do you identify with?,Women,137,98,71.5
Demographics,Family,April 2018,1. What gender do you identify with?,Women,213,165,77.5
Demographics,Family,October 2024,1. What gender do you identify with?,Women,248,181,73.0
Demographics,Family,April 2018,2. How old are you?,13 to 18 years old,213,0,0.0
Demographics,Family,April 2018,2. How old are you?,18 to 24 years old,213,14,6.6
Demographics,Family,October 2021,2. How old are you?,25 to 49,137,110,80.3
Demographics,Family,October 2024,2. How old are you?,25 to 49,248,207,83.5
Demographics,Family,April 2018,2. How old are you?,25 to 49 years old,213,173,81.2
Demographics,Family,October 2021,2. How old are you?,50 and over,137,15,10.9
Demographics,Family,October 2024,2. How old are you?,50 and over,248,19,7.7
Demographics,Family,April 2018,2. How old are you?,50 to 64 years old,213,20,9.4
Demographics,Family,April 2018,2. How old are you?,Over 65 years old,213,0,0.0
Demographics,Family,October 2021,2. How old are you?,Under 25,137,12,8.8
Demographics,Family,October 2024,2. How old are you?,Under 25,248,15,6.0
Demographics,Family,October 2021,3. Do you identify with any racial identities?,Non-racialized,137,20,14.6
Demographics,Family,April 2018,3. Do you identify with any racial identities?,Non-racialized,213,32,15.0
Demographics,Family,October 2024,3. Do you identify with any racial identities?,Non-racialized,248,20,8.1
Demographics,Family,October 2021,3. Do you identify with any racial identities?,Racialized,137,109,79.6
Demographics,Family,April 2018,3. Do you identify with any racial identities?,Racialized,213,176,82.6
Demographics,Family,October 2024,3. Do you identify with any racial identities?,Racialized,248,214,86.3
Demographics,Family,October 2021,4. How do you describe your sexual orientation?,Don't know,137,7,5.1
Demographics,Family,October 2024,4. How do you describe your sexual orientation?,Don't know,248,1,0.4
Demographics,Family,October 2021,4. How do you describe your sexual orientation?,"Gay, lesbian and other",137,10,7.3
Demographics,Family,April 2018,4. How do you describe your sexual orientation?,"Gay, lesbian and other",213,18,8.5
Demographics,Family,October 2024,4. How do you describe your sexual orientation?,"Gay, lesbian and other",248,19,7.7
Demographics,Family,October 2021,4. How do you describe your sexual orientation?,Heterosexual,137,120,87.6
Demographics,Family,April 2018,4. How do you describe your sexual orientation?,Heterosexual,213,186,87.3
Demographics,Family,October 2024,4. How do you describe your sexual orientation?,Heterosexual,248,216,87.1
Demographics,Family,April 2018,5. How long have you been in Ottawa?,1 to 5 years,213,43,20.2
Demographics,Family,April 2018,5. How long have you been in Ottawa?,Always been in Ottawa,213,21,9.9
Demographics,Family,April 2018,5. How long have you been in Ottawa?,Over 5 years,213,35,16.4
Demographics,Family,April 2018,5. How long have you been in Ottawa?,Under 1 year,213,111,52.1
Demographics,Family,October 2021,5. What is the highest level of education you completed?,High school graduate,137,33,24.1
Demographics,Family,October 2024,5. What is the highest level of education you completed?,High school graduate,248,58,23.4
Demographics,Family,October 2021,5. What is the highest level of education you completed?,Less than high school,137,39,28.5
Demographics,Family,October 2024,5. What is the highest level of education you completed?,Less than high school,248,53,21.4
Demographics,Family,October 2021,5. What is the highest level of education you completed?,Post-secondary or higher,137,49,35.8
Demographics,Family,October 2024,5. What is the highest level of education you completed?,Post-secondary or higher,248,113,45.6
Demographics,Family,October 2021,5. What is the highest level of education you completed?,Some post-secondary,137,14,10.2
Demographics,Family,October 2024,5. What is the highest level of education you completed?,Some post-secondary,248,16,6.5
Demographics,Family,October 2021,6. How long have you been in Ottawa?,1 to 5 years,137,36,26.3
Demographics,Family,October 2024,6. How long have you been in Ottawa?,1 to 5 years,248,44,17.7
Demographics,Family,October 2021,6. How long have you been in Ottawa?,Always been in Ottawa,137,18,13.1
Demographics,Family,October 2024,6. How long have you been in Ottawa?,Always been in Ottawa,248,43,17.3
Demographics,Family,October 2021,6. How long have you been in Ottawa?,Over 5 years,137,30,21.9
Demographics,Family,October 2024,6. How long have you been in Ottawa?,Over 5 years,248,5,2.0
Demographics,Family,October 2021,6. How long have you been in Ottawa?,Under 1 year,137,51,37.2
Demographics,Family,October 2024,6. How long have you been in Ottawa?,Under 1 year,248,138,55.6
Demographics,Family,April 2018,6. In what language do you feel best able to express yourself?,English,213,96,45.1
Demographics,Family,April 2018,6. In what language do you feel best able to express yourself?,French,213,65,30.5
Demographics,Family,April 2018,6. In what language do you feel best able to express yourself?,Neither English or French,213,39,18.3
Demographics,Family,April 2018,6. In what language do you feel best able to express yourself?,No preference,213,10,4.7
Demographics,Family,October 2024,6a. In what language do you feel best able to express yourself?,English,248,124,50.0
Demographics,Family,October 2024,6a. In what language do you feel best able to express yourself?,French,248,67,27.0
Demographics,Family,October 2024,6a. In what language do you feel best able to express yourself?,Neither English or French,248,51,20.6
Demographics,Family,October 2024,6a. In what language do you feel best able to express yourself?,No preference,248,4,1.6
Demographics,Family,October 2021,7. What is the main reason you came to Ottawa?,Family moved here,117,18,15.4
Demographics,Family,October 2024,7. What is the main reason you came to Ottawa?,Family moved here,201,36,17.9
Demographics,Family,October 2021,7. What is the main reason you came to Ottawa?,Fear for safety,117,16,13.7
Demographics,Family,October 2024,7. What is the main reason you came to Ottawa?,Fear for safety,201,46,22.9
Demographics,Family,October 2021,7. What is the main reason you came to Ottawa?,Other,117,17,14.5
Demographics,Family,October 2024,7. What is the main reason you came to Ottawa?,Other,201,39,19.4
Demographics,Family,October 2021,7. What is the main reason you came to Ottawa?,To access emergency shelters,117,13,11.1
Demographics,Family,October 2024,7. What is the main reason you came to Ottawa?,To access emergency shelters,201,16,8.0
Demographics,Family,October 2021,7. What is the main reason you came to Ottawa?,To access services and supports,117,18,15.4
Demographics,Family,October 2024,7. What is the main reason you came to Ottawa?,To access services and supports,201,10,5.0
Demographics,Family,October 2021,7. What is the main reason you came to Ottawa?,To attend school,117,16,13.7
Demographics,Family,October 2024,7. What is the main reason you came to Ottawa?,To attend school,201,8,4.0
Demographics,Family,October 2021,7. What is the main reason you came to Ottawa?,To find housing,117,8,6.8
Demographics,Family,October 2024,7. What is the main reason you came to Ottawa?,To find housing,201,6,3.0
Demographics,Family,October 2021,7. What is the main reason you came to Ottawa?,To visit friends/family,117,9,7.7
Demographics,Family,October 2024,7. What is the main reason you came to Ottawa?,To visit friends/family,201,13,6.5
Demographics,Single,October 2021,1. What gender do you identify with?,Men,937,637,68.0
Demographics,Single,April 2018,1. What gender do you identify with?,Men,994,695,69.9
Demographics,Single,October 2024,1. What gender do you identify with?,Men,1649,1085,65.8
Demographics,Single,October 2021,1. What gender do you identify with?,Non-binary and other identities,937,23,2.5
Demographics,Single,April 2018,1. What gender do you identify with?,Non-binary and other identities,994,19,1.9
Demographics,Single,October 2024,1. What gender do you identify with?,Non-binary and other identities,1649,26,1.6
Demographics,Single,October 2021,1. What gender do you identify with?,Women,937,262,28.0
Demographics,Single,April 2018,1. What gender do you identify with?,Women,994,272,27.4
Demographics,Single,October 2024,1. What gender do you identify with?,Women,1649,483,29.3
Demographics,Single,October 2021,2. How old are you?,13 to 18 years old,937,0,0.0
Demographics,Single,April 2018,2. How old are you?,13 to 18 years old,994,0,0.0
Demographics,Single,October 2024,2. How old are you?,13 to 18 years old,1649,0,0.0
Demographics,Single,October 2021,2. How old are you?,18 to 24 years old,937,0,0.0
Demographics,Single,April 2018,2. How old are you?,18 to 24 years old,994,0,0.0
Demographics,Single,October 2024,2. How old are you?,18 to 24 years old,1649,0,0.0
Demographics,Single,October 2021,2. How old are you?,25 to 49 years old,937,618,66.0
Demographics,Single,April 2018,2. How old are you?,25 to 49 years old,994,649,65.3
Demographics,Single,October 2024,2. How old are you?,25 to 49 years old,1649,1112,67.4
Demographics,Single,October 2021,2. How old are you?,50 to 64 years old,937,269,28.7
Demographics,Single,April 2018,2. How old are you?,50 to 64 years old,994,303,30.5
Demographics,Single,October 2024,2. How old are you?,50 to 64 years old,1649,405,24.6
Demographics,Single,October 2021,2. How old are you?,Over 65 years old,937,50,5.3
Demographics,Single,April 2018,2. How old are you?,Over 65 years old,994,42,4.2
Demographics,Single,October 2024,2. How old are you?,Over 65 years old,1649,83,5.0
Demographics,Single,October 2021,3. Do you identify with any racial identities?,Non-racialized,937,381,40.7
Demographics,Single,April 2018,3. Do you identify with any racial identities?,Non-racialized,994,554,55.7
Demographics,Single,October 2024,3. Do you identify with any racial identities?,Non-racialized,1649,609,36.9
Demographics,Single,October 2021,3. Do you identify with any racial identities?,Racialized,937,453,48.3
Demographics,Single,April 2018,3. Do you identify with any racial identities?,Racialized,994,396,39.8
Demographics,Single,October 2024,3. Do you identify with any racial identities?,Racialized,1649,848,51.4
Demographics,Single,October 2021,4. How do you describe your sexual orientation?,Don't know,937,37,3.9
Demographics,Single,October 2024,4. How do you describe your sexual orientation?,Don't know,1649,15,0.9
Demographics,Single,October 2021,4. How do you describe your sexual orientation?,"Gay, lesbian and other",937,92,9.8
Demographics,Single,April 2018,4. How do you describe your sexual orientation?,"Gay, lesbian and other",994,72,7.2
Demographics,Single,October 2024,4. How do you describe your sexual orientation?,"Gay, lesbian and other",1649,181,11.0
Demographics,Single,October 2021,4. How do you describe your sexual orientation?,Heterosexual,937,808,86.2
Demographics,Single,April 2018,4. How do you describe your sexual orientation?,Heterosexual,994,891,89.6
Demographics,Single,October 2024,4. How do you describe your sexual orientation?,Heterosexual,1649,1318,79.9
Demographics,Single,April 2018,5. How long have you been in Ottawa?,1 to 5 years,994,146,14.7
Demographics,Single,April 2018,5. How long have you been in Ottawa?,Always been in Ottawa,994,191,19.2
Demographics,Single,April 2018,5. How long have you been in Ottawa?,Over 5 years,994,324,32.6
Demographics,Single,April 2018,5. How long have you been in Ottawa?,Under 1 year,994,295,29.7
Demographics,Single,October 2021,5. What is the highest level of education you completed?,High school graduate,937,269,28.7
Demographics,Single,October 2024,5. What is the highest level of education you completed?,High school graduate,1649,493,29.9
Demographics,Single,October 2021,5. What is the highest level of education you completed?,Less than high school,937,328,35.0
Demographics,Single,October 2024,5. What is the highest level of education you completed?,Less than high school,1649,445,27.0
Demographics,Single,October 2021,5. What is the highest level of education you completed?,Post-secondary or higher,937,180,19.2
Demographics,Single,October 2024,5. What is the highest level of education you completed?,Post-secondary or higher,1649,441,26.7
Demographics,Single,October 2021,5. What is the highest level of education you completed?,Some post-secondary,937,135,14.4
Demographics,Single,October 2024,5. What is the highest level of education you completed?,Some post-secondary,1649,165,10.0
Demographics,Single,October 2021,6. How long have you been in Ottawa?,1 to 5 years,937,126,13.4
Demographics,Single,October 2024,6. How long have you been in Ottawa?,1 to 5 years,1649,329,20.0
Demographics,Single,October 2021,6. How long have you been in Ottawa?,Always been in Ottawa,937,220,23.5
Demographics,Single,October 2024,6. How long have you been in Ottawa?,Always been in Ottawa,1649,497,30.1
Demographics,Single,October 2021,6. How long have you been in Ottawa?,Over 5 years,937,356,38.0
Demographics,Single,October 2024,6. How long have you been in Ottawa?,Over 5 years,1649,232,14.1
Demographics,Single,October 2021,6. How long have you been in Ottawa?,Under 1 year,937,212,22.6
Demographics,Single,October 2024,6. How long have you been in Ottawa?,Under 1 year,1649,506,30.7
Demographics,Single,April 2018,6. In what language do you feel best able to express yourself?,English,994,762,76.7
Demographics,Single,April 2018,6. In what language do you feel best able to express yourself?,French,994,100,10.1
Demographics,Single,April 2018,6. In what language do you feel best able to express yourself?,Neither English or French,994,58,5.8
Demographics,Single,April 2018,6. In what language do you feel best able to express yourself?,No preference,994,58,5.8
Demographics,Single,October 2024,6a. In what language do you feel best able to express yourself?,English,1649,1200,72.8
Demographics,Single,October 2024,6a. In what language do you feel best able to express yourself?,French,1649,196,11.9
Demographics,Single,October 2024,6a. In what language do you feel best able to express yourself?,Neither English or French,1649,105,6.4
Demographics,Single,October 2024,6a. In what language do you feel best able to express yourself?,No preference,1649,41,2.5
Demographics,Single,October 2021,7. What is the main reason you came to Ottawa?,Employment (secured),694,23,3.3
Demographics,Single,October 2024,7. What is the main reason you came to Ottawa?,Employment (secured),1075,17,1.6
Demographics,Single,October 2021,7. What is the main reason you came to Ottawa?,Employment (seeking),694,52,7.5
Demographics,Single,October 2024,7. What is the main reason you came to Ottawa?,Employment (seeking),1075,95,8.8
Demographics,Single,October 2021,7. What is the main reason you came to Ottawa?,Family moved here,694,124,17.9
Demographics,Single,October 2024,7. What is the main reason you came to Ottawa?,Family moved here,1075,92,8.6
Demographics,Single,October 2021,7. What is the main reason you came to Ottawa?,Fear for safety,694,41,5.9
Demographics,Single,October 2024,7. What is the main reason you came to Ottawa?,Fear for safety,1075,136,12.7
Demographics,Single,October 2021,7. What is the main reason you came to Ottawa?,Other,694,80,11.5
Demographics,Single,October 2024,7. What is the main reason you came to Ottawa?,Other,1075,226,21.0
Demographics,Single,October 2021,7. What is the main reason you came to Ottawa?,Recreation/shopping,694,9,1.3
Demographics,Single,October 2024,7. What is the main reason you came to Ottawa?,Recreation/shopping,1075,4,0.4
Demographics,Single,October 2021,7. What is the main reason you came to Ottawa?,To access emergency shelters,694,36,5.2
Demographics,Single,October 2024,7. What is the main reason you came to Ottawa?,To access emergency shelters,1075,112,10.4
Demographics,Single,October 2021,7. What is the main reason you came to Ottawa?,To access services and supports,694,149,21.5
Demographics,Single,October 2024,7. What is the main reason you came to Ottawa?,To access services and supports,1075,141,13.1
Demographics,Single,October 2021,7. What is the main reason you came to Ottawa?,To attend school,694,30,4.3
Demographics,Single,October 2024,7. What is the main reason you came to Ottawa?,To attend school,1075,24,2.2
Demographics,Single,October 2021,7. What is the main reason you came to Ottawa?,To find housing,694,42,6.1
Demographics,Single,October 2024,7. What is the main reason you came to Ottawa?,To find housing,1075,72,6.7
Demographics,Single,October 2021,7. What is the main reason you came to Ottawa?,To visit friends/family,694,70,10.1
Demographics,Single,October 2024,7. What is the main reason you came to Ottawa?,To visit friends/family,1075,74,6.9
Demographics,Youth,October 2021,1. What gender do you identify with?,Men,134,78,58.2
Demographics,Youth,April 2018,1. What gender do you identify with?,Men,187,93,49.7
Demographics,Youth,October 2024,1. What gender do you identify with?,Men,265,132,49.8
Demographics,Youth,October 2021,1. What gender do you identify with?,Non-binary and other identities,134,11,8.2
Demographics,Youth,April 2018,1. What gender do you identify with?,Non-binary and other identities,187,11,5.9
Demographics,Youth,October 2024,1. What gender do you identify with?,Non-binary and other identities,265,17,6.4
Demographics,Youth,October 2021,1. What gender do you identify with?,Women,134,44,32.8
Demographics,Youth,April 2018,1. What gender do you identify with?,Women,187,82,43.9
Demographics,Youth,October 2024,1. What gender do you identify with?,Women,265,107,40.4
Demographics,Youth,October 2021,2. How old are you?,13 to 18 years old,134,32,23.9
Demographics,Youth,April 2018,2. How old are you?,13 to 18 years old,187,64,34.2
Demographics,Youth,October 2024,2. How old are you?,13 to 18 years old,265,20,7.5
Demographics,Youth,October 2021,2. How old are you?,18 to 24 years old,134,102,76.1
Demographics,Youth,April 2018,2. How old are you?,18 to 24 years old,187,123,65.8
Demographics,Youth,October 2024,2. How old are you?,18 to 24 years old,265,243,91.7
Demographics,Youth,October 2021,2. How old are you?,25 to 49 years old,134,0,0.0
Demographics,Youth,April 2018,2. How old are you?,25 to 49 years old,187,0,0.0
Demographics,Youth,October 2024,2. How old are you?,25 to 49 years old,265,0,0.0
Demographics,Youth,October 2021,2. How old are you?,50 to 64 years old,134,0,0.0
Demographics,Youth,April 2018,2. How old are you?,50 to 64 years old,187,0,0.0
Demographics,Youth,October 2024,2. How old are you?,50 to 64 years old,265,0,0.0
Demographics,Youth,October 2021,2. How old are you?,Over 65 years old,134,0,0.0
Demographics,Youth,April 2018,2. How old are you?,Over 65 years old,187,0,0.0
Demographics,Youth,October 2024,2. How old are you?,Over 65 years old,265,0,0.0
Demographics,Youth,October 2021,3. Do you identify with any racial identities?,Non-racialized,134,36,26.9
Demographics,Youth,April 2018,3. Do you identify with any racial identities?,Non-racialized,187,83,44.4
Demographics,Youth,October 2024,3. Do you identify with any racial identities?,Non-racialized,265,55,20.8
Demographics,Youth,October 2021,3. Do you identify with any racial identities?,Racialized,134,88,65.7
Demographics,Youth,April 2018,3. Do you identify with any racial identities?,Racialized,187,105,56.1
Demographics,Youth,October 2024,3. Do you identify with any racial identities?,Racialized,265,182,68.7
Demographics,Youth,October 2021,4. How do you describe your sexual orientation?,"Gay, lesbian and other",134,37,27.6
Demographics,Youth,April 2018,4. How do you describe your sexual orientation?,"Gay, lesbian and other",187,37,19.8
Demographics,Youth,October 2024,4. How do you describe your sexual orientation?,"Gay, lesbian and other",265,51,19.2
Demographics,Youth,October 2021,4. How do you describe your sexual orientation?,Heterosexual,134,94,70.1
Demographics,Youth,April 2018,4. How do you describe your sexual orientation?,Heterosexual,187,140,74.9
Demographics,Youth,October 2024,4. How do you describe your sexual orientation?,Heterosexual,265,175,66.0
Demographics,Youth,April 2018,5. How long have you been in Ottawa?,1 to 5 years,187,40,21.4
Demographics,Youth,April 2018,5. How long have you been in Ottawa?,Always been in Ottawa,187,73,39.0
Demographics,Youth,April 2018,5. How long have you been in Ottawa?,Over 5 years,187,28,15.0
Demographics,Youth,April 2018,5. How long have you been in Ottawa?,Under 1 year,187,44,23.5
Demographics,Youth,October 2021,5. What is the highest level of education you completed?,High school graduate,134,31,23.1
Demographics,Youth,October 2024,5. What is the highest level of education you completed?,High school graduate,265,104,39.2
Demographics,Youth,October 2021,5. What is the highest level of education you completed?,Less than high school,134,79,59.0
Demographics,Youth,October 2024,5. What is the highest level of education you completed?,Less than high school,265,89,33.6
Demographics,Youth,October 2021,5. What is the highest level of education you completed?,Some post-secondary or higher,134,20,14.9
Demographics,Youth,October 2024,5. What is the highest level of education you completed?,Some post-secondary or higher,265,48,18.1
Demographics,Youth,October 2021,6. How long have you been in Ottawa?,1 to 5 years,134,16,11.9
Demographics,Youth,October 2024,6. How long have you been in Ottawa?,1 to 5 years,265,44,16.6
Demographics,Youth,October 2021,6. How long have you been in Ottawa?,Always been in Ottawa,134,54,40.3
Demographics,Youth,October 2024,6. How long have you been in Ottawa?,Always been in Ottawa,265,86,32.5
Demographics,Youth,October 2021,6. How long have you been in Ottawa?,Over 5 years,134,29,21.6
Demographics,Youth,October 2024,6. How long have you been in Ottawa?,Over 5 years,265,3,1.1
Demographics,Youth,October 2021,6. How long have you been in Ottawa?,Under 1 year,134,31,23.1
Demographics,Youth,October 2024,6. How long have you been in Ottawa?,Under 1 year,265,81,30.6
Demographics,Youth,April 2018,6. In what language do you feel best able to express yourself?,English,187,150,80.2
Demographics,Youth,April 2018,6. In what language do you feel best able to express yourself?,French,187,25,13.4
Demographics,Youth,April 2018,6. In what language do you feel best able to express yourself?,No preference,187,8,4.3
Demographics,Youth,October 2024,6a. In what language do you feel best able to express yourself?,English,265,159,60.0
Demographics,Youth,October 2024,6a. In what language do you feel best able to express yourself?,French,265,66,24.9
Demographics,Youth,October 2024,6a. In what language do you feel best able to express yourself?,No preference,265,6,2.3
Demographics,Youth,October 2021,7. What is the main reason you came to Ottawa?,Family moved here,76,28,36.8
Demographics,Youth,October 2024,7. What is the main reason you came to Ottawa?,Family moved here,163,20,12.3
Demographics,Youth,October 2021,7. What is the main reason you came to Ottawa?,Other,76,23,30.3
Demographics,Youth,October 2024,7. What is the main reason you came to Ottawa?,Other,163,13,8.0
Demographics,Youth,October 2021,7. What is the main reason you came to Ottawa?,To access services and supports,76,15,19.7
Demographics,Youth,October 2024,7. What is the main reason you came to Ottawa?,To access services and supports,163,20,12.3
Demographics,Youth,October 2021,7. What is the main reason you came to Ottawa?,To attend school,76,8,10.5
Demographics,Youth,October 2024,7. What is the main reason you came to Ottawa?,To attend school,163,12,7.4
Experiences of homelessness,All,October 2021,1. How old were you the first time you experienced homelessness?,13 to 17 years old,1340,300,22.4
Experiences of homelessness,All,April 2018,1. How old were you the first time you experienced homelessness?,13 to 17 years old,1400,396,28.3
Experiences of homelessness,All,October 2024,1. How old were you the first time you experienced homelessness?,13 to 17 years old,2595,318,12.3
Experiences of homelessness,All,October 2021,1. How old were you the first time you experienced homelessness?,18 to 24 years old,1340,246,18.4
Experiences of homelessness,All,April 2018,1. How old were you the first time you experienced homelessness?,18 to 24 years old,1400,148,10.6
Experiences of homelessness,All,October 2024,1. How old were you the first time you experienced homelessness?,18 to 24 years old,2595,424,16.3
Experiences of homelessness,All,October 2021,1. How old were you the first time you experienced homelessness?,25 to 49 years old,1340,538,40.1
Experiences of homelessness,All,April 2018,1. How old were you the first time you experienced homelessness?,25 to 49 years old,1400,558,39.9
Experiences of homelessness,All,October 2024,1. How old were you the first time you experienced homelessness?,25 to 49 years old,2595,1015,39.1
Experiences of homelessness,All,October 2021,1. How old were you the first time you experienced homelessness?,50 to 64 years old,1340,111,8.3
Experiences of homelessness,All,April 2018,1. How old were you the first time you experienced homelessness?,50 to 64 years old,1400,135,9.6
Experiences of homelessness,All,October 2024,1. How old were you the first time you experienced homelessness?,50 to 64 years old,2595,248,9.6
Experiences of homelessness,All,October 2021,1. How old were you the first time you experienced homelessness?,Over 65 years old,1340,17,1.3
Experiences of homelessness,All,April 2018,1. How old were you the first time you experienced homelessness?,Over 65 years old,1400,15,1.1
Experiences of homelessness,All,October 2024,1. How old were you the first time you experienced homelessness?,Over 65 years old,2595,49,1.9
Experiences of homelessness,All,October 2021,1. How old were you the first time you experienced homelessness?,Under 12 years old,1340,34,2.5
Experiences of homelessness,All,April 2018,1. How old were you the first time you experienced homelessness?,Under 12 years old,1400,56,4.0
Experiences of homelessness,All,October 2024,1. How old were you the first time you experienced homelessness?,Under 12 years old,2595,67,2.6
Experiences of homelessness,All,October 2021,"2. In total, for how much time have you experienced homelessness over the past year?",Less than 180 days,1340,478,35.7
Experiences of homelessness,All,April 2018,"2. In total, for how much time have you experienced homelessness over the past year?",Less than 180 days,1400,462,33.0
Experiences of homelessness,All,October 2024,"2. In total, for how much time have you experienced homelessness over the past year?",Less than 180 days,2595,844,32.5
Experiences of homelessness,All,October 2021,"2. In total, for how much time have you experienced homelessness over the past year?",More than 180 days,1340,761,56.8
Experiences of homelessness,All,April 2018,"2. In total, for how much time have you experienced homelessness over the past year?",More than 180 days,1400,813,58.1
Experiences of homelessness,All,October 2024,"2. In total, for how much time have you experienced homelessness over the past year?",More than 180 days,2595,1279,49.3
Experiences of homelessness,All,April 2018,"3. In total, how many different times have you experienced homelessness in the past year?",3 or more episodes of homelessness,1400,227,16.2
Experiences of homelessness,All,April 2018,"3. In total, how many different times have you experienced homelessness in the past year?",Less than 3 episodes of homelessness,1400,1057,75.5
Experiences of homelessness,All,October 2021,3. What happened that caused you to lose your housing most recently?,Building sold/renovated,1340,29,2.2
Experiences of homelessness,All,October 2024,3. What happened that caused you to lose your housing most recently?,Building sold/renovated,2595,42,1.6
Experiences of homelessness,All,October 2021,3. What happened that caused you to lose your housing most recently?,"Complaint (eg. pets, noise, damage)",1340,40,3.0
Experiences of homelessness,All,October 2024,3. What happened that caused you to lose your housing most recently?,"Complaint (eg. pets, noise, damage)",2595,84,3.2
Experiences of homelessness,All,October 2021,3. What happened that caused you to lose your housing most recently?,Conflict with family member,1340,21,1.6
Experiences of homelessness,All,October 2024,3. What happened that caused you to lose your housing most recently?,Conflict with family member,2595,0,0.0
Experiences of homelessness,All,October 2021,3. What happened that caused you to lose your housing most recently?,Conflict with other (unspecified),1340,31,2.3
Experiences of homelessness,All,October 2024,3. What happened that caused you to lose your housing most recently?,Conflict with other (unspecified),2595,240,9.2
Experiences of homelessness,All,October 2021,3. What happened that caused you to lose your housing most recently?,Conflict with parent/guardian,1340,104,7.8
Experiences of homelessness,All,October 2024,3. What happened that caused you to lose your housing most recently?,Conflict with parent/guardian,2595,146,5.6
Experiences of homelessness,All,October 2021,3. What happened that caused you to lose your housing most recently?,Conflict with roomate,1340,46,3.4
Experiences of homelessness,All,October 2024,3. What happened that caused you to lose your housing most recently?,Conflict with roomate,2595,0,0.0
Experiences of homelessness,All,October 2021,3. What happened that caused you to lose your housing most recently?,Conflict with spouse/partner,1340,162,12.1
Experiences of homelessness,All,October 2024,3. What happened that caused you to lose your housing most recently?,Conflict with spouse/partner,2595,294,11.3
Experiences of homelessness,All,October 2021,3. What happened that caused you to lose your housing most recently?,Death of family member,1340,14,1.0
Experiences of homelessness,All,October 2024,3. What happened that caused you to lose your housing most recently?,Death of family member,2595,96,3.7
Experiences of homelessness,All,October 2021,3. What happened that caused you to lose your housing most recently?,Departure of family member,1340,31,2.3
Experiences of homelessness,All,October 2024,3. What happened that caused you to lose your housing most recently?,Departure of family member,2595,96,3.7
Experiences of homelessness,All,October 2021,3. What happened that caused you to lose your housing most recently?,Experienced abuse by other (unspecified),1340,29,2.2
Experiences of homelessness,All,October 2024,3. What happened that caused you to lose your housing most recently?,Experienced abuse by other (unspecified),2595,105,4.0
Experiences of homelessness,All,October 2021,3. What happened that caused you to lose your housing most recently?,Experienced abuse by parent/guardian,1340,36,2.7
Experiences of homelessness,All,October 2024,3. What happened that caused you to lose your housing most recently?,Experienced abuse by parent/guardian,2595,106,4.1
Experiences of homelessness,All,October 2021,3. What happened that caused you to lose your housing most recently?,Experienced abuse by spouse/partner,1340,98,7.3
Experiences of homelessness,All,October 2024,3. What happened that caused you to lose your housing most recently?,Experienced abuse by spouse/partner,2595,200,7.7
Experiences of homelessness,All,October 2021,3. What happened that caused you to lose your housing most recently?,Experienced discrimination,1340,21,1.6
Experiences of homelessness,All,October 2024,3. What happened that caused you to lose your housing most recently?,Experienced discrimination,2595,411,15.8
Experiences of homelessness,All,October 2021,3. What happened that caused you to lose your housing most recently?,Home takeover,1340,8,0.6
Experiences of homelessness,All,October 2024,3. What happened that caused you to lose your housing most recently?,Home takeover,2595,0,0.0
Experiences of homelessness,All,October 2021,3. What happened that caused you to lose your housing most recently?,Hospitalization or treatment program,1340,52,3.9
Experiences of homelessness,All,October 2024,3. What happened that caused you to lose your housing most recently?,Hospitalization or treatment program,2595,65,2.5
Experiences of homelessness,All,October 2021,3. What happened that caused you to lose your housing most recently?,House fire,1340,9,0.7
Experiences of homelessness,All,October 2024,3. What happened that caused you to lose your housing most recently?,House fire,2595,0,0.0
Experiences of homelessness,All,October 2021,3. What happened that caused you to lose your housing most recently?,Incarceration (prison or jail),1340,116,8.7
Experiences of homelessness,All,October 2024,3. What happened that caused you to lose your housing most recently?,Incarceration (prison or jail),2595,140,5.4
Experiences of homelessness,All,October 2021,3. What happened that caused you to lose your housing most recently?,Landlord/tenant conflict,1340,176,13.1
Experiences of homelessness,All,October 2024,3. What happened that caused you to lose your housing most recently?,Landlord/tenant conflict,2595,198,7.6
Experiences of homelessness,All,October 2021,3. What happened that caused you to lose your housing most recently?,Mental health issue,1340,100,7.5
Experiences of homelessness,All,October 2024,3. What happened that caused you to lose your housing most recently?,Mental health issue,2595,289,11.1
Experiences of homelessness,All,October 2021,3. What happened that caused you to lose your housing most recently?,Not enough income for housing,1340,349,26.0
Experiences of homelessness,All,October 2024,3. What happened that caused you to lose your housing most recently?,Not enough income for housing,2595,773,29.8
Experiences of homelessness,All,October 2021,3. What happened that caused you to lose your housing most recently?,Owner moved in,1340,8,0.6
Experiences of homelessness,All,October 2024,3. What happened that caused you to lose your housing most recently?,Owner moved in,2595,22,0.8
Experiences of homelessness,All,October 2021,3. What happened that caused you to lose your housing most recently?,Physical health issue,1340,49,3.7
Experiences of homelessness,All,October 2024,3. What happened that caused you to lose your housing most recently?,Physical health issue,2595,149,5.7
Experiences of homelessness,All,October 2021,3. What happened that caused you to lose your housing most recently?,Relocation,1340,97,7.2
Experiences of homelessness,All,October 2024,3. What happened that caused you to lose your housing most recently?,Relocation,2595,392,15.1
Experiences of homelessness,All,October 2021,3. What happened that caused you to lose your housing most recently?,Substance use issue,1340,210,15.7
Experiences of homelessness,All,October 2024,3. What happened that caused you to lose your housing most recently?,Substance use issue,2595,315,12.1
Experiences of homelessness,All,October 2021,3. What happened that caused you to lose your housing most recently?,Unfit/unsafe housing conditions,1340,139,10.4
Experiences of homelessness,All,October 2024,3. What happened that caused you to lose your housing most recently?,Unfit/unsafe housing conditions,2595,317,12.2
Experiences of homelessness,All,October 2021,4. Was your most recent housing loss related to the COVID-19 pandemic?,No,1340,1094,81.6
Experiences of homelessness,All,October 2021,4. Was your most recent housing loss related to the COVID-19 pandemic?,Yes,1340,182,13.6
Experiences of homelessness,All,April 2018,4. What happened that caused you to lose your housing most recently?,Conflict with parent/guardian,1400,94,6.7
Experiences of homelessness,All,April 2018,4. What happened that caused you to lose your housing most recently?,Conflict with spouse/partner,1400,128,9.1
Experiences of homelessness,All,April 2018,4. What happened that caused you to lose your housing most recently?,Evicted,1400,37,2.6
Experiences of homelessness,All,April 2018,4. What happened that caused you to lose your housing most recently?,Experienced abuse by parent/guardian,1400,38,2.7
Experiences of homelessness,All,April 2018,4. What happened that caused you to lose your housing most recently?,Experienced abuse by spouse/partner,1400,67,4.8
Experiences of homelessness,All,April 2018,4. What happened that caused you to lose your housing most recently?,Health issue,1400,134,9.6
Experiences of homelessness,All,April 2018,4. What happened that caused you to lose your housing most recently?,Hospitalization or treatment program,1400,39,2.8
Experiences of homelessness,All,April 2018,4. What happened that caused you to lose your housing most recently?,Incarceration (prison or jail),1400,154,11.0
Experiences of homelessness,All,April 2018,4. What happened that caused you to lose your housing most recently?,Job loss,1400,109,7.8
Experiences of homelessness,All,April 2018,4. What happened that caused you to lose your housing most recently?,Left country/fleeing war,1400,103,7.4
Experiences of homelessness,All,April 2018,4. What happened that caused you to lose your housing most recently?,Other,1400,273,19.5
Experiences of homelessness,All,April 2018,4. What happened that caused you to lose your housing most recently?,Relocation,1400,25,1.8
Experiences of homelessness,All,April 2018,4. What happened that caused you to lose your housing most recently?,Substance use,1400,290,20.7
Experiences of homelessness,All,April 2018,4. What happened that caused you to lose your housing most recently?,Unable to pay rent or mortgage,1400,164,11.7
Experiences of homelessness,All,April 2018,4. What happened that caused you to lose your housing most recently?,Unsafe housing,1400,145,10.4
Experiences of homelessness,All,October 2021,5. How long ago did that happen (that you lost your housing most recently)?,Less than 180 days ago,1340,408,30.4
Experiences of homelessness,All,October 2024,5. How long ago did that happen (that you lost your housing most recently)?,Less than 180 days ago,2595,548,21.1
Experiences of homelessness,All,October 2021,5. How long ago did that happen (that you lost your housing most recently)?,More than 180 days ago,1340,687,51.3
Experiences of homelessness,All,October 2024,5. How long ago did that happen (that you lost your housing most recently)?,More than 180 days ago,2595,1160,44.7
Experiences of homelessness,All,April 2018,5. What are your sources of income?,Child and family tax benefits,1400,33,2.4
Experiences of homelessness,All,April 2018,5. What are your sources of income?,Disability benefit,1400,364,26.0
Experiences of homelessness,All,April 2018,5. What are your sources of income?,Employment,1400,123,8.8
Experiences of homelessness,All,April 2018,5. What are your sources of income?,Employment insurance,1400,17,1.2
Experiences of homelessness,All,April 2018,5. What are your sources of income?,GST/HST refund,1400,29,2.1
Experiences of homelessness,All,April 2018,5. What are your sources of income?,Informal income (eg. bottle returns),1400,34,2.4
Experiences of homelessness,All,April 2018,5. What are your sources of income?,Money from family/friends,1400,17,1.2
Experiences of homelessness,All,April 2018,5. What are your sources of income?,Ontario Works,1400,698,49.9
Experiences of homelessness,All,April 2018,5. What are your sources of income?,Other,1400,59,4.2
Experiences of homelessness,All,April 2018,5. What are your sources of income?,Seniors' benefits,1400,54,3.9
Experiences of homelessness,All,April 2018,5. What are your sources of income?,Student loans,1400,8,0.6
Experiences of homelessness,All,October 2021,6. What are your sources of income?,Casual employment,1340,31,2.3
Experiences of homelessness,All,October 2024,6. What are your sources of income?,Casual employment,2595,97,3.7
Experiences of homelessness,All,October 2021,6. What are your sources of income?,Child and family tax benefits,1340,67,5.0
Experiences of homelessness,All,October 2024,6. What are your sources of income?,Child and family tax benefits,2595,109,4.2
Experiences of homelessness,All,October 2021,6. What are your sources of income?,Disability benefit,1340,437,32.6
Experiences of homelessness,All,October 2024,6. What are your sources of income?,Disability benefit,2595,519,20.0
Experiences of homelessness,All,October 2021,6. What are your sources of income?,Employment insurance,1340,53,4.0
Experiences of homelessness,All,October 2024,6. What are your sources of income?,Employment insurance,2595,61,2.4
Experiences of homelessness,All,October 2021,6. What are your sources of income?,Full-time employment,1340,49,3.7
Experiences of homelessness,All,October 2024,6. What are your sources of income?,Full-time employment,2595,137,5.3
Experiences of homelessness,All,October 2021,6. What are your sources of income?,GST/HST refund,1340,58,4.3
Experiences of homelessness,All,October 2024,6. What are your sources of income?,GST/HST refund,2595,85,3.3
Experiences of homelessness,All,October 2021,6. What are your sources of income?,Informal income (eg. bottle returns),1340,65,4.9
Experiences of homelessness,All,October 2024,6. What are your sources of income?,Informal income (eg. bottle returns),2595,244,9.4
Experiences of homelessness,All,October 2021,6. What are your sources of income?,Money from family/friends,1340,33,2.5
Experiences of homelessness,All,October 2024,6. What are your sources of income?,Money from family/friends,2595,86,3.3
Experiences of homelessness,All,October 2021,6. What are your sources of income?,No income,1340,79,5.9
Experiences of homelessness,All,October 2024,6. What are your sources of income?,No income,2595,377,14.5
Experiences of homelessness,All,October 2021,6. What are your sources of income?,Ontario Works,1340,531,39.6
Experiences of homelessness,All,October 2024,6. What are your sources of income?,Ontario Works,2595,1181,45.5
Experiences of homelessness,All,October 2021,6. What are your sources of income?,Other,1340,43,3.2
Experiences of homelessness,All,October 2024,6. What are your sources of income?,Other,2595,122,4.7
Experiences of homelessness,All,October 2021,6. What are your sources of income?,Part-time employment,1340,56,4.2
Experiences of homelessness,All,October 2024,6. What are your sources of income?,Part-time employment,2595,162,6.2
Experiences of homelessness,All,October 2021,6. What are your sources of income?,Seniors' benefits,1340,69,5.1
Experiences of homelessness,All,October 2024,6. What are your sources of income?,Seniors' benefits,2595,92,3.5
Experiences of homelessness,Family,October 2021,1. How old were you the first time you experienced homelessness?,18 to 24 years old,137,16,11.7
Experiences of homelessness,Family,April 2018,1. How old were you the first time you experienced homelessness?,18 to 24 years old,213,16,7.5
Experiences of homelessness,Family,October 2024,1. How old were you the first time you experienced homelessness?,18 to 24 years old,248,16,6.5
Experiences of homelessness,Family,October 2021,1. How old were you the first time you experienced homelessness?,25 to 49 years old,137,83,60.6
Experiences of homelessness,Family,April 2018,1. How old were you the first time you experienced homelessness?,25 to 49 years old,213,134,62.9
Experiences of homelessness,Family,October 2024,1. How old were you the first time you experienced homelessness?,25 to 49 years old,248,178,71.8
Experiences of homelessness,Family,April 2018,1. How old were you the first time you experienced homelessness?,50 to 64 years old,213,16,7.5
Experiences of homelessness,Family,October 2021,1. How old were you the first time you experienced homelessness?,Over 50 years old,137,9,6.6
Experiences of homelessness,Family,October 2024,1. How old were you the first time you experienced homelessness?,Over 50 years old,248,18,7.3
Experiences of homelessness,Family,April 2018,1. How old were you the first time you experienced homelessness?,Over 65 years old,213,0,0.0
Experiences of homelessness,Family,October 2021,1. How old were you the first time you experienced homelessness?,Under 12 years old,137,20,14.6
Experiences of homelessness,Family,October 2024,1. How old were you the first time you experienced homelessness?,Under 12 years old,248,0,0.0
Experiences of homelessness,Family,October 2021,1. How old were you the first time you experienced homelessness?,Under 17 years old,137,16,11.7
Experiences of homelessness,Family,April 2018,1. How old were you the first time you experienced homelessness?,Under 17 years old,213,31,14.6
Experiences of homelessness,Family,October 2024,1. How old were you the first time you experienced homelessness?,Under 17 years old,248,11,4.4
Experiences of homelessness,Family,October 2021,"2. In total, for how much time have you experienced homelessness over the past year?",Less than 180 days,137,56,40.9
Experiences of homelessness,Family,April 2018,"2. In total, for how much time have you experienced homelessness over the past year?",Less than 180 days,213,99,46.5
Experiences of homelessness,Family,October 2024,"2. In total, for how much time have you experienced homelessness over the past year?",Less than 180 days,248,111,44.8
Experiences of homelessness,Family,October 2021,"2. In total, for how much time have you experienced homelessness over the past year?",More than 180 days,137,78,56.9
Experiences of homelessness,Family,April 2018,"2. In total, for how much time have you experienced homelessness over the past year?",More than 180 days,213,105,49.3
Experiences of homelessness,Family,October 2024,"2. In total, for how much time have you experienced homelessness over the past year?",More than 180 days,248,98,39.5
Experiences of homelessness,Family,April 2018,"3. In total, how many different times have you experienced homelessness in the past year?",3 or more episodes of homelessness,213,8,3.8
Experiences of homelessness,Family,April 2018,"3. In total, how many different times have you experienced homelessness in the past year?",Less than 3 episodes of homelessness,213,195,91.5
Experiences of homelessness,Family,October 2021,3. What happened that caused you to lose your housing most recently?,"Complaint (eg. pets, noise, damage)",137,5,4
Experiences of homelessness,Family,October 2024,3. What happened that caused you to lose your housing most recently?,"Complaint (eg. pets, noise, damage)",248,2,0.8
Experiences of homelessness,Family,October 2021,3. What happened that caused you to lose your housing most recently?,Conflict with family member,137,6,4
Experiences of homelessness,Family,October 2024,3. What happened that caused you to lose your housing most recently?,Conflict with family member,248,0,0.0
Experiences of homelessness,Family,October 2021,3. What happened that caused you to lose your housing most recently?,Conflict with parent/guardian,137,8,6
Experiences of homelessness,Family,October 2024,3. What happened that caused you to lose your housing most recently?,Conflict with parent/guardian,248,3,1.2
Experiences of homelessness,Family,October 2021,3. What happened that caused you to lose your housing most recently?,Conflict with spouse/partner,137,17,12
Experiences of homelessness,Family,October 2024,3. What happened that caused you to lose your housing most recently?,Conflict with spouse/partner,248,38,15.3
Experiences of homelessness,Family,October 2021,3. What happened that caused you to lose your housing most recently?,Experienced abuse by other (unspecified),137,7,5
Experiences of homelessness,Family,October 2024,3. What happened that caused you to lose your housing most recently?,Experienced abuse by other (unspecified),248,2,0.8
Experiences of homelessness,Family,October 2021,3. What happened that caused you to lose your housing most recently?,Experienced abuse by spouse/partner,137,28,20
Experiences of homelessness,Family,October 2024,3. What happened that caused you to lose your housing most recently?,Experienced abuse by spouse/partner,248,34,13.7
Experiences of homelessness,Family,October 2021,3. What happened that caused you to lose your housing most recently?,Landlord/tenant conflict,137,11,8
Experiences of homelessness,Family,October 2024,3. What happened that caused you to lose your housing most recently?,Landlord/tenant conflict,248,12,4.8
Experiences of homelessness,Family,October 2021,3. What happened that caused you to lose your housing most recently?,Mental health issue,137,6,4
Experiences of homelessness,Family,October 2024,3. What happened that caused you to lose your housing most recently?,Mental health issue,248,12,4.8
Experiences of homelessness,Family,October 2021,3. What happened that caused you to lose your housing most recently?,Not enough income for housing,137,48,35
Experiences of homelessness,Family,October 2024,3. What happened that caused you to lose your housing most recently?,Not enough income for housing,248,63,25.4
Experiences of homelessness,Family,October 2021,3. What happened that caused you to lose your housing most recently?,Other,137,26,19
Experiences of homelessness,Family,October 2024,3. What happened that caused you to lose your housing most recently?,Other,248,48,19.4
Experiences of homelessness,Family,October 2021,3. What happened that caused you to lose your housing most recently?,Physical health issue,137,6,4
Experiences of homelessness,Family,October 2024,3. What happened that caused you to lose your housing most recently?,Physical health issue,248,8,3.2
Experiences of homelessness,Family,October 2021,3. What happened that caused you to lose your housing most recently?,Relocation,137,25,18
Experiences of homelessness,Family,October 2024,3. What happened that caused you to lose your housing most recently?,Relocation,248,85,34.3
Experiences of homelessness,Family,October 2021,3. What happened that caused you to lose your housing most recently?,Substance use issue,137,6,4
Experiences of homelessness,Family,October 2024,3. What happened that caused you to lose your housing most recently?,Substance use issue,248,4,1.6
Experiences of homelessness,Family,October 2021,3. What happened that caused you to lose your housing most recently?,Unfit/unsafe housing conditions,137,21,15
Experiences of homelessness,Family,October 2024,3. What happened that caused you to lose your housing most recently?,Unfit/unsafe housing conditions,248,23,9.3
Experiences of homelessness,Family,October 2021,4. Was your most recent housing loss related to the COVID-19 pandemic?,No,137,117,85.4
Experiences of homelessness,Family,October 2021,4. Was your most recent housing loss related to the COVID-19 pandemic?,Yes,137,19,13.9
Experiences of homelessness,Family,April 2018,4. What happened that caused you to lose your housing most recently?,Conflict with parent/guardian,213,6,2.8
Experiences of homelessness,Family,April 2018,4. What happened that caused you to lose your housing most recently?,Conflict with spouse/partner,213,12,5.6
Experiences of homelessness,Family,April 2018,4. What happened that caused you to lose your housing most recently?,Experienced abuse by spouse/partner,213,19,8.9
Experiences of homelessness,Family,April 2018,4. What happened that caused you to lose your housing most recently?,Health issue,213,9,4.2
Experiences of homelessness,Family,April 2018,4. What happened that caused you to lose your housing most recently?,Hospitalization or treatment program,213,0,0
Experiences of homelessness,Family,April 2018,4. What happened that caused you to lose your housing most recently?,Incarceration (prison or jail),213,0,0
Experiences of homelessness,Family,April 2018,4. What happened that caused you to lose your housing most recently?,Job loss,213,11,5.2
Experiences of homelessness,Family,April 2018,4. What happened that caused you to lose your housing most recently?,Left country/fleeing war,213,64,30
Experiences of homelessness,Family,April 2018,4. What happened that caused you to lose your housing most recently?,Other,213,74,34.7
Experiences of homelessness,Family,April 2018,4. What happened that caused you to lose your housing most recently?,Unable to pay rent or mortgage,213,25,11.7
Experiences of homelessness,Family,April 2018,4. What happened that caused you to lose your housing most recently?,Unsafe housing,213,20,9.4
Experiences of homelessness,Family,October 2021,5. How long ago did that happen (that you lost your housing most recently)?,Less than 180 days ago,137,46,33.6
Experiences of homelessness,Family,October 2024,5. How long ago did that happen (that you lost your housing most recently)?,Less than 180 days ago,248,71,28.6
Experiences of homelessness,Family,October 2021,5. How long ago did that happen (that you lost your housing most recently)?,More than 180 days ago,137,68,49.6
Experiences of homelessness,Family,October 2024,5. How long ago did that happen (that you lost your housing most recently)?,More than 180 days ago,248,75,30.2
Experiences of homelessness,Family,April 2018,5. What are your sources of income?,Child and family tax benefits,213,32,15
Experiences of homelessness,Family,April 2018,5. What are your sources of income?,Disability benefit,213,16,7.5
Experiences of homelessness,Family,April 2018,5. What are your sources of income?,Employment,213,25,11.7
Experiences of homelessness,Family,April 2018,5. What are your sources of income?,GST/HST refund,213,6,2.8
Experiences of homelessness,Family,April 2018,5. What are your sources of income?,Money from family/friends,213,0,0
Experiences of homelessness,Family,April 2018,5. What are your sources of income?,Ontario Works,213,155,72.8
Experiences of homelessness,Family,April 2018,5. What are your sources of income?,Other,213,9,4.2
Experiences of homelessness,Family,April 2018,5. What are your sources of income?,Student loans,213,6,2.8
Experiences of homelessness,Family,October 2021,6. What are your sources of income?,Child and family tax benefits,137,60,44
Experiences of homelessness,Family,October 2024,6. What are your sources of income?,Child and family tax benefits,248,87,35.1
Experiences of homelessness,Family,October 2021,6. What are your sources of income?,Disability benefit,137,14,10
Experiences of homelessness,Family,October 2024,6. What are your sources of income?,Disability benefit,248,9,3.6
Experiences of homelessness,Family,October 2021,6. What are your sources of income?,Employment insurance,137,7,5
Experiences of homelessness,Family,October 2024,6. What are your sources of income?,Employment insurance,248,5,2.0
Experiences of homelessness,Family,October 2021,6. What are your sources of income?,Full-time employment,137,7,5
Experiences of homelessness,Family,October 2024,6. What are your sources of income?,Full-time employment,248,8,3.2
Experiences of homelessness,Family,October 2021,6. What are your sources of income?,GST/HST refund,137,22,16
Experiences of homelessness,Family,October 2024,6. What are your sources of income?,GST/HST refund,248,15,6.0
Experiences of homelessness,Family,October 2021,6. What are your sources of income?,Money from family/friends,137,6,4
Experiences of homelessness,Family,October 2024,6. What are your sources of income?,Money from family/friends,248,10,4.0
Experiences of homelessness,Family,October 2021,6. What are your sources of income?,Ontario Works,137,85,62
Experiences of homelessness,Family,October 2024,6. What are your sources of income?,Ontario Works,248,183,73.8
Experiences of homelessness,Family,October 2021,6. What are your sources of income?,Other,137,11,8
Experiences of homelessness,Family,October 2024,6. What are your sources of income?,Other,248,17,6.9
Experiences of homelessness,Family,October 2021,6. What are your sources of income?,Part-time employment,137,13,10
Experiences of homelessness,Family,October 2024,6. What are your sources of income?,Part-time employment,248,28,11.3
Experiences of homelessness,Single,October 2021,1. How old were you the first time you experienced homelessness?,13 to 17 years old,937,180,19.2
Experiences of homelessness,Single,April 2018,1. How old were you the first time you experienced homelessness?,13 to 17 years old,994,252,25.4
Experiences of homelessness,Single,October 2024,1. How old were you the first time you experienced homelessness?,13 to 17 years old,1649,199,12.1
Experiences of homelessness,Single,October 2021,1. How old were you the first time you experienced homelessness?,18 to 24 years old,937,161,17.2
Experiences of homelessness,Single,April 2018,1. How old were you the first time you experienced homelessness?,18 to 24 years old,994,95,9.6
Experiences of homelessness,Single,October 2024,1. How old were you the first time you experienced homelessness?,18 to 24 years old,1649,211,12.8
Experiences of homelessness,Single,October 2021,1. How old were you the first time you experienced homelessness?,25 to 49 years old,937,414,44.2
Experiences of homelessness,Single,April 2018,1. How old were you the first time you experienced homelessness?,25 to 49 years old,994,424,42.7
Experiences of homelessness,Single,October 2024,1. How old were you the first time you experienced homelessness?,25 to 49 years old,1649,761,46.1
Experiences of homelessness,Single,October 2021,1. How old were you the first time you experienced homelessness?,50 to 64 years old,937,96,10.2
Experiences of homelessness,Single,April 2018,1. How old were you the first time you experienced homelessness?,50 to 64 years old,994,119,12.0
Experiences of homelessness,Single,October 2024,1. How old were you the first time you experienced homelessness?,50 to 64 years old,1649,194,11.8
Experiences of homelessness,Single,October 2021,1. How old were you the first time you experienced homelessness?,Over 65 years old,937,16,1.7
Experiences of homelessness,Single,April 2018,1. How old were you the first time you experienced homelessness?,Over 65 years old,994,15,1.5
Experiences of homelessness,Single,October 2024,1. How old were you the first time you experienced homelessness?,Over 65 years old,1649,38,2.3
Experiences of homelessness,Single,October 2021,1. How old were you the first time you experienced homelessness?,Under 12 years old,937,15,1.6
Experiences of homelessness,Single,April 2018,1. How old were you the first time you experienced homelessness?,Under 12 years old,994,42,4.2
Experiences of homelessness,Single,October 2024,1. How old were you the first time you experienced homelessness?,Under 12 years old,1649,48,2.9
Experiences of homelessness,Single,October 2021,"2. In total, for how much time have you experienced homelessness over the past year?",Less than 180 days,937,324,34.6
Experiences of homelessness,Single,April 2018,"2. In total, for how much time have you experienced homelessness over the past year?",Less than 180 days,994,295,29.7
Experiences of homelessness,Single,October 2024,"2. In total, for how much time have you experienced homelessness over the past year?",Less than 180 days,1649,495,30.0
Experiences of homelessness,Single,October 2021,"2. In total, for how much time have you experienced homelessness over the past year?",More than 180 days,937,546,58.3
Experiences of homelessness,Single,April 2018,"2. In total, for how much time have you experienced homelessness over the past year?",More than 180 days,994,620,62.4
Experiences of homelessness,Single,October 2024,"2. In total, for how much time have you experienced homelessness over the past year?",More than 180 days,1649,925,56.1
Experiences of homelessness,Single,April 2018,"3. In total, how many different times have you experienced homelessness in the past year?",3 or more episodes of homelessness,994,169,17.0
Experiences of homelessness,Single,April 2018,"3. In total, how many different times have you experienced homelessness in the past year?",Less than 3 episodes of homelessness,994,750,75.5
Experiences of homelessness,Single,October 2021,3. What happened that caused you to lose your housing most recently?,Building sold/renovated,937,21,2
Experiences of homelessness,Single,October 2024,3. What happened that caused you to lose your housing most recently?,Building sold/renovated,1649,38,2.3
Experiences of homelessness,Single,October 2021,3. What happened that caused you to lose your housing most recently?,"Complaint (eg. pets, noise, damage)",937,26,3
Experiences of homelessness,Single,October 2024,3. What happened that caused you to lose your housing most recently?,"Complaint (eg. pets, noise, damage)",1649,57,3.5
Experiences of homelessness,Single,October 2021,3. What happened that caused you to lose your housing most recently?,Conflict with family member,937,12,1
Experiences of homelessness,Single,October 2024,3. What happened that caused you to lose your housing most recently?,Conflict with family member,1649,0,0.0
Experiences of homelessness,Single,October 2021,3. What happened that caused you to lose your housing most recently?,Conflict with other (unspecified),937,18,2
Experiences of homelessness,Single,October 2024,3. What happened that caused you to lose your housing most recently?,Conflict with other (unspecified),1649,175,10.6
Experiences of homelessness,Single,October 2021,3. What happened that caused you to lose your housing most recently?,Conflict with parent/guardian,937,40,4
Experiences of homelessness,Single,October 2024,3. What happened that caused you to lose your housing most recently?,Conflict with parent/guardian,1649,60,3.6
Experiences of homelessness,Single,October 2021,3. What happened that caused you to lose your housing most recently?,Conflict with roomate,937,40,4
Experiences of homelessness,Single,October 2024,3. What happened that caused you to lose your housing most recently?,Conflict with roomate,1649,0,0.0
Experiences of homelessness,Single,October 2021,3. What happened that caused you to lose your housing most recently?,Conflict with spouse/partner,937,120,13
Experiences of homelessness,Single,October 2024,3. What happened that caused you to lose your housing most recently?,Conflict with spouse/partner,1649,199,12.1
Experiences of homelessness,Single,October 2021,3. What happened that caused you to lose your housing most recently?,Death of family member,937,12,1
Experiences of homelessness,Single,October 2024,3. What happened that caused you to lose your housing most recently?,Death of family member,1649,75,4.5
Experiences of homelessness,Single,October 2021,3. What happened that caused you to lose your housing most recently?,Departure of family member,937,21,2
Experiences of homelessness,Single,October 2024,3. What happened that caused you to lose your housing most recently?,Departure of family member,1649,75,4.5
Experiences of homelessness,Single,October 2021,3. What happened that caused you to lose your housing most recently?,Experienced abuse by other (unspecified),937,17,2
Experiences of homelessness,Single,October 2024,3. What happened that caused you to lose your housing most recently?,Experienced abuse by other (unspecified),1649,80,4.9
Experiences of homelessness,Single,October 2021,3. What happened that caused you to lose your housing most recently?,Experienced abuse by parent/guardian,937,14,2
Experiences of homelessness,Single,October 2024,3. What happened that caused you to lose your housing most recently?,Experienced abuse by parent/guardian,1649,50,3.0
Experiences of homelessness,Single,October 2021,3. What happened that caused you to lose your housing most recently?,Experienced abuse by spouse/partner,937,54,6
Experiences of homelessness,Single,October 2024,3. What happened that caused you to lose your housing most recently?,Experienced abuse by spouse/partner,1649,126,7.6
Experiences of homelessness,Single,October 2021,3. What happened that caused you to lose your housing most recently?,Experienced discrimination,937,15,2
Experiences of homelessness,Single,October 2024,3. What happened that caused you to lose your housing most recently?,Experienced discrimination,1649,274,16.6
Experiences of homelessness,Single,October 2021,3. What happened that caused you to lose your housing most recently?,Home takeover,937,5,1
Experiences of homelessness,Single,October 2024,3. What happened that caused you to lose your housing most recently?,Home takeover,1649,0,0.0
Experiences of homelessness,Single,October 2021,3. What happened that caused you to lose your housing most recently?,Hospitalization or treatment program,937,35,4
Experiences of homelessness,Single,October 2024,3. What happened that caused you to lose your housing most recently?,Hospitalization or treatment program,1649,51,3.1
Experiences of homelessness,Single,October 2021,3. What happened that caused you to lose your housing most recently?,House fire,937,8,1
Experiences of homelessness,Single,October 2024,3. What happened that caused you to lose your housing most recently?,House fire,1649,0,0.0
Experiences of homelessness,Single,October 2021,3. What happened that caused you to lose your housing most recently?,Incarceration (prison or jail),937,81,9
Experiences of homelessness,Single,October 2024,3. What happened that caused you to lose your housing most recently?,Incarceration (prison or jail),1649,111,6.7
Experiences of homelessness,Single,October 2021,3. What happened that caused you to lose your housing most recently?,Landlord/tenant conflict,937,128,14
Experiences of homelessness,Single,October 2024,3. What happened that caused you to lose your housing most recently?,Landlord/tenant conflict,1649,141,8.6
Experiences of homelessness,Single,October 2021,3. What happened that caused you to lose your housing most recently?,Mental health issue,937,72,8
Experiences of homelessness,Single,October 2024,3. What happened that caused you to lose your housing most recently?,Mental health issue,1649,204,12.4
Experiences of homelessness,Single,October 2021,3. What happened that caused you to lose your housing most recently?,Not enough income for housing,937,241,26
Experiences of homelessness,Single,October 2024,3. What happened that caused you to lose your housing most recently?,Not enough income for housing,1649,534,32.4
Experiences of homelessness,Single,October 2021,3. What happened that caused you to lose your housing most recently?,Other,937,4,0
Experiences of homelessness,Single,October 2024,3. What happened that caused you to lose your housing most recently?,Other,1649,232,14.1
Experiences of homelessness,Single,October 2021,3. What happened that caused you to lose your housing most recently?,Physical health issue,937,35,4
Experiences of homelessness,Single,October 2024,3. What happened that caused you to lose your housing most recently?,Physical health issue,1649,109,6.6
Experiences of homelessness,Single,October 2021,3. What happened that caused you to lose your housing most recently?,Relocation,937,51,5
Experiences of homelessness,Single,October 2024,3. What happened that caused you to lose your housing most recently?,Relocation,1649,217,13.2
Experiences of homelessness,Single,October 2021,3. What happened that caused you to lose your housing most recently?,Substance use issue,937,183,20
Experiences of homelessness,Single,October 2024,3. What happened that caused you to lose your housing most recently?,Substance use issue,1649,246,14.9
Experiences of homelessness,Single,October 2021,3. What happened that caused you to lose your housing most recently?,Unfit/unsafe housing conditions,937,89,10
Experiences of homelessness,Single,October 2024,3. What happened that caused you to lose your housing most recently?,Unfit/unsafe housing conditions,1649,212,12.9
Experiences of homelessness,Single,October 2021,4. Was your most recent housing loss related to the COVID-19 pandemic?,No,937,761,81.2
Experiences of homelessness,Single,October 2021,4. Was your most recent housing loss related to the COVID-19 pandemic?,Yes,937,128,13.7
Experiences of homelessness,Single,April 2018,4. What happened that caused you to lose your housing most recently?,Conflict with parent/guardian,994,30,3
Experiences of homelessness,Single,April 2018,4. What happened that caused you to lose your housing most recently?,Conflict with spouse/partner,994,99,10
Experiences of homelessness,Single,April 2018,4. What happened that caused you to lose your housing most recently?,Evicted,994,33,3.3
Experiences of homelessness,Single,April 2018,4. What happened that caused you to lose your housing most recently?,Experienced abuse by parent/guardian,994,12,1.2
Experiences of homelessness,Single,April 2018,4. What happened that caused you to lose your housing most recently?,Experienced abuse by spouse/partner,994,40,4
Experiences of homelessness,Single,April 2018,4. What happened that caused you to lose your housing most recently?,Health issue,994,113,11.4
Experiences of homelessness,Single,April 2018,4. What happened that caused you to lose your housing most recently?,Hospitalization or treatment program,994,32,3.2
Experiences of homelessness,Single,April 2018,4. What happened that caused you to lose your housing most recently?,Incarceration (prison or jail),994,140,14.1
Experiences of homelessness,Single,April 2018,4. What happened that caused you to lose your housing most recently?,Job loss,994,84,8.5
Experiences of homelessness,Single,April 2018,4. What happened that caused you to lose your housing most recently?,Left country/fleeing war,994,32,3.2
Experiences of homelessness,Single,April 2018,4. What happened that caused you to lose your housing most recently?,Other,994,181,18.2
Experiences of homelessness,Single,April 2018,4. What happened that caused you to lose your housing most recently?,Relocation,994,20,2
Experiences of homelessness,Single,April 2018,4. What happened that caused you to lose your housing most recently?,Substance use,994,240,24.1
Experiences of homelessness,Single,April 2018,4. What happened that caused you to lose your housing most recently?,Unable to pay rent or mortgage,994,125,12.6
Experiences of homelessness,Single,April 2018,4. What happened that caused you to lose your housing most recently?,Unsafe housing,994,106,10.7
Experiences of homelessness,Single,October 2021,5. How long ago did that happen (that you lost your housing most recently)?,Less than 180 days ago,937,276,29.5
Experiences of homelessness,Single,October 2024,5. How long ago did that happen (that you lost your housing most recently)?,Less than 180 days ago,1649,327,19.8
Experiences of homelessness,Single,October 2021,5. How long ago did that happen (that you lost your housing most recently)?,More than 180 days ago,937,494,52.7
Experiences of homelessness,Single,October 2024,5. How long ago did that happen (that you lost your housing most recently)?,More than 180 days ago,1649,851,51.6
Experiences of homelessness,Single,April 2018,5. What are your sources of income?,Disability benefit,994,332,33.4
Experiences of homelessness,Single,April 2018,5. What are your sources of income?,Employment,994,82,8.2
Experiences of homelessness,Single,April 2018,5. What are your sources of income?,Employment insurance,994,10,1
Experiences of homelessness,Single,April 2018,5. What are your sources of income?,GST/HST refund,994,22,2.2
Experiences of homelessness,Single,April 2018,5. What are your sources of income?,Informal income (eg. bottle returns),994,29,2.9
Experiences of homelessness,Single,April 2018,5. What are your sources of income?,Money from family/friends,994,13,1.3
Experiences of homelessness,Single,April 2018,5. What are your sources of income?,Ontario Works,994,432,43.5
Experiences of homelessness,Single,April 2018,5. What are your sources of income?,Other,994,37,3.7
Experiences of homelessness,Single,April 2018,5. What are your sources of income?,Seniors' benefits,994,53,5.3
Experiences of homelessness,Single,October 2021,6. What are your sources of income?,Casual employment,937,23,3
Experiences of homelessness,Single,October 2024,6. What are your sources of income?,Casual employment,1649,60,3.6
Experiences of homelessness,Single,October 2021,6. What are your sources of income?,Child and family tax benefits,937,5,1
Experiences of homelessness,Single,October 2024,6. What are your sources of income?,Child and family tax benefits,1649,4,0.2
Experiences of homelessness,Single,October 2021,6. What are your sources of income?,Disability benefit,937,370,40
Experiences of homelessness,Single,October 2024,6. What are your sources of income?,Disability benefit,1649,427,25.9
Experiences of homelessness,Single,October 2021,6. What are your sources of income?,Employment insurance,937,34,4
Experiences of homelessness,Single,October 2024,6. What are your sources of income?,Employment insurance,1649,41,2.5
Experiences of homelessness,Single,October 2021,6. What are your sources of income?,Full-time employment,937,27,3
Experiences of homelessness,Single,October 2024,6. What are your sources of income?,Full-time employment,1649,92,5.6
Experiences of homelessness,Single,October 2021,6. What are your sources of income?,GST/HST refund,937,30,3
Experiences of homelessness,Single,October 2024,6. What are your sources of income?,GST/HST refund,1649,52,3.2
Experiences of homelessness,Single,October 2021,6. What are your sources of income?,Informal income (eg. bottle returns),937,41,4
Experiences of homelessness,Single,October 2024,6. What are your sources of income?,Informal income (eg. bottle returns),1649,181,11.0
Experiences of homelessness,Single,October 2021,6. What are your sources of income?,Money from family/friends,937,14,2
Experiences of homelessness,Single,October 2024,6. What are your sources of income?,Money from family/friends,1649,42,2.5
Experiences of homelessness,Single,October 2021,6. What are your sources of income?,No income,937,57,6
Experiences of homelessness,Single,October 2024,6. What are your sources of income?,No income,1649,265,16.1
Experiences of homelessness,Single,October 2021,6. What are your sources of income?,Ontario Works,937,329,35
Experiences of homelessness,Single,October 2024,6. What are your sources of income?,Ontario Works,1649,709,43.0
Experiences of homelessness,Single,October 2021,6. What are your sources of income?,Other,937,16,2
Experiences of homelessness,Single,October 2024,6. What are your sources of income?,Other,1649,64,3.9
Experiences of homelessness,Single,October 2021,6. What are your sources of income?,Part-time employment,937,22,2
Experiences of homelessness,Single,October 2024,6. What are your sources of income?,Part-time employment,1649,80,4.9
Experiences of homelessness,Single,October 2021,6. What are your sources of income?,Seniors' benefits,937,63,7
Experiences of homelessness,Single,October 2024,6. What are your sources of income?,Seniors' benefits,1649,87,5.3
Experiences of homelessness,Youth,October 2021,1. How old were you the first time you experienced homelessness?,13 to 17 years old,134,67,50.0
Experiences of homelessness,Youth,April 2018,1. How old were you the first time you experienced homelessness?,13 to 17 years old,187,127,67.9
Experiences of homelessness,Youth,October 2024,1. How old were you the first time you experienced homelessness?,13 to 17 years old,265,62,23.4
Experiences of homelessness,Youth,October 2021,1. How old were you the first time you experienced homelessness?,18 to 24 years old,134,45,33.6
Experiences of homelessness,Youth,April 2018,1. How old were you the first time you experienced homelessness?,18 to 24 years old,187,41,21.9
Experiences of homelessness,Youth,October 2024,1. How old were you the first time you experienced homelessness?,18 to 24 years old,265,159,60.0
Experiences of homelessness,Youth,October 2021,1. How old were you the first time you experienced homelessness?,25 to 49 years old,134,0,0.0
Experiences of homelessness,Youth,April 2018,1. How old were you the first time you experienced homelessness?,25 to 49 years old,187,0,0.0
Experiences of homelessness,Youth,October 2024,1. How old were you the first time you experienced homelessness?,25 to 49 years old,265,3,1.1
Experiences of homelessness,Youth,October 2021,1. How old were you the first time you experienced homelessness?,50 to 64 years old,134,0,0.0
Experiences of homelessness,Youth,April 2018,1. How old were you the first time you experienced homelessness?,50 to 64 years old,187,0,0.0
Experiences of homelessness,Youth,October 2024,1. How old were you the first time you experienced homelessness?,50 to 64 years old,265,0,0.0
Experiences of homelessness,Youth,October 2021,1. How old were you the first time you experienced homelessness?,Over 65 years old,134,0,0.0
Experiences of homelessness,Youth,April 2018,1. How old were you the first time you experienced homelessness?,Over 65 years old,187,0,0.0
Experiences of homelessness,Youth,October 2024,1. How old were you the first time you experienced homelessness?,Over 65 years old,265,0,0.0
Experiences of homelessness,Youth,October 2021,1. How old were you the first time you experienced homelessness?,Under 12 years old,134,8,5.9
Experiences of homelessness,Youth,April 2018,1. How old were you the first time you experienced homelessness?,Under 12 years old,187,10,5.3
Experiences of homelessness,Youth,October 2024,1. How old were you the first time you experienced homelessness?,Under 12 years old,265,6,2.3
Experiences of homelessness,Youth,October 2021,"2. In total, for how much time have you experienced homelessness over the past year?",Less than 180 days,134,54,40.3
Experiences of homelessness,Youth,April 2018,"2. In total, for how much time have you experienced homelessness over the past year?",Less than 180 days,187,69,36.9
Experiences of homelessness,Youth,October 2024,"2. In total, for how much time have you experienced homelessness over the past year?",Less than 180 days,265,92,34.7
Experiences of homelessness,Youth,October 2021,"2. In total, for how much time have you experienced homelessness over the past year?",More than 180 days,134,63,47.0
Experiences of homelessness,Youth,April 2018,"2. In total, for how much time have you experienced homelessness over the past year?",More than 180 days,187,91,48.7
Experiences of homelessness,Youth,October 2024,"2. In total, for how much time have you experienced homelessness over the past year?",More than 180 days,265,120,45.3
Experiences of homelessness,Youth,April 2018,"3. In total, how many different times have you experienced homelessness in the past year?",3 or more episodes of homelessness,187,52,27.8
Experiences of homelessness,Youth,April 2018,"3. In total, how many different times have you experienced homelessness in the past year?",Less than 3 episodes of homelessness,187,116,62.0
Experiences of homelessness,Youth,October 2021,3. What happened that caused you to lose your housing most recently?,"Complaint (eg. pets, noise, damage)",134,5,4
Experiences of homelessness,Youth,October 2024,3. What happened that caused you to lose your housing most recently?,"Complaint (eg. pets, noise, damage)",265,8,3.0
Experiences of homelessness,Youth,October 2021,3. What happened that caused you to lose your housing most recently?,Conflict with other (unspecified),134,7,5
Experiences of homelessness,Youth,October 2024,3. What happened that caused you to lose your housing most recently?,Conflict with other (unspecified),265,24,9.1
Experiences of homelessness,Youth,October 2021,3. What happened that caused you to lose your housing most recently?,Conflict with parent/guardian,134,51,38
Experiences of homelessness,Youth,October 2024,3. What happened that caused you to lose your housing most recently?,Conflict with parent/guardian,265,66,24.9
Experiences of homelessness,Youth,October 2021,3. What happened that caused you to lose your housing most recently?,Conflict with spouse/partner,134,7,5
Experiences of homelessness,Youth,October 2024,3. What happened that caused you to lose your housing most recently?,Conflict with spouse/partner,265,15,5.7
Experiences of homelessness,Youth,October 2021,3. What happened that caused you to lose your housing most recently?,Experienced abuse by parent/guardian,134,14,10
Experiences of homelessness,Youth,October 2024,3. What happened that caused you to lose your housing most recently?,Experienced abuse by parent/guardian,265,27,10.2
Experiences of homelessness,Youth,October 2021,3. What happened that caused you to lose your housing most recently?,Experienced abuse by spouse/partner,134,7,5
Experiences of homelessness,Youth,October 2024,3. What happened that caused you to lose your housing most recently?,Experienced abuse by spouse/partner,265,5,1.9
Experiences of homelessness,Youth,October 2021,3. What happened that caused you to lose your housing most recently?,Hospitalization or treatment program,134,6,5
Experiences of homelessness,Youth,October 2024,3. What happened that caused you to lose your housing most recently?,Hospitalization or treatment program,265,5,1.9
Experiences of homelessness,Youth,October 2021,3. What happened that caused you to lose your housing most recently?,Incarceration (prison or jail),134,10,8
Experiences of homelessness,Youth,October 2024,3. What happened that caused you to lose your housing most recently?,Incarceration (prison or jail),265,9,3.4
Experiences of homelessness,Youth,October 2021,3. What happened that caused you to lose your housing most recently?,Landlord/tenant conflict,134,12,9
Experiences of homelessness,Youth,October 2024,3. What happened that caused you to lose your housing most recently?,Landlord/tenant conflict,265,15,5.7
Experiences of homelessness,Youth,October 2021,3. What happened that caused you to lose your housing most recently?,Mental health issue,134,15,11
Experiences of homelessness,Youth,October 2024,3. What happened that caused you to lose your housing most recently?,Mental health issue,265,33,12.5
Experiences of homelessness,Youth,October 2021,3. What happened that caused you to lose your housing most recently?,Not enough income for housing,134,24,18
Experiences of homelessness,Youth,October 2024,3. What happened that caused you to lose your housing most recently?,Not enough income for housing,265,69,26.0
Experiences of homelessness,Youth,October 2021,3. What happened that caused you to lose your housing most recently?,Other,134,20,15
Experiences of homelessness,Youth,October 2024,3. What happened that caused you to lose your housing most recently?,Other,265,30,11.3
Experiences of homelessness,Youth,October 2021,3. What happened that caused you to lose your housing most recently?,Relocation,134,7,5
Experiences of homelessness,Youth,October 2024,3. What happened that caused you to lose your housing most recently?,Relocation,265,37,14.0
Experiences of homelessness,Youth,October 2021,3. What happened that caused you to lose your housing most recently?,Substance use issue,134,11,8
Experiences of homelessness,Youth,October 2024,3. What happened that caused you to lose your housing most recently?,Substance use issue,265,19,7.2
Experiences of homelessness,Youth,October 2021,3. What happened that caused you to lose your housing most recently?,Unfit/unsafe housing conditions,134,14,10
Experiences of homelessness,Youth,October 2024,3. What happened that caused you to lose your housing most recently?,Unfit/unsafe housing conditions,265,45,17.0
Experiences of homelessness,Youth,October 2021,4. Was your most recent housing loss related to the COVID-19 pandemic?,No,134,112,83.6
Experiences of homelessness,Youth,October 2021,4. Was your most recent housing loss related to the COVID-19 pandemic?,Yes,134,11,8.2
Experiences of homelessness,Youth,April 2018,4. What happened that caused you to lose your housing most recently?,Conflict with parent/guardian,187,60,32.1
Experiences of homelessness,Youth,April 2018,4. What happened that caused you to lose your housing most recently?,Conflict with spouse/partner,187,18,9.6
Experiences of homelessness,Youth,April 2018,4. What happened that caused you to lose your housing most recently?,Experienced abuse by parent/guardian,187,24,12.8
Experiences of homelessness,Youth,April 2018,4. What happened that caused you to lose your housing most recently?,Experienced abuse by spouse/partner,187,10,5.3
Experiences of homelessness,Youth,April 2018,4. What happened that caused you to lose your housing most recently?,Health issue,187,11,5.9
Experiences of homelessness,Youth,April 2018,4. What happened that caused you to lose your housing most recently?,Hospitalization or treatment program,187,6,3.2
Experiences of homelessness,Youth,April 2018,4. What happened that caused you to lose your housing most recently?,Incarceration (prison or jail),187,13,7
Experiences of homelessness,Youth,April 2018,4. What happened that caused you to lose your housing most recently?,Job loss,187,11,5.9
Experiences of homelessness,Youth,April 2018,4. What happened that caused you to lose your housing most recently?,Left country/fleeing war,187,7,3.7
Experiences of homelessness,Youth,April 2018,4. What happened that caused you to lose your housing most recently?,Other,187,34,18.2
Experiences of homelessness,Youth,April 2018,4. What happened that caused you to lose your housing most recently?,Substance use,187,46,24.6
Experiences of homelessness,Youth,April 2018,4. What happened that caused you to lose your housing most recently?,Unable to pay rent or mortgage,187,15,8
Experiences of homelessness,Youth,April 2018,4. What happened that caused you to lose your housing most recently?,Unsafe housing,187,21,11.2
Experiences of homelessness,Youth,October 2021,5. How long ago did that happen (that you lost your housing most recently)?,Less than 180 days ago,134,41,30.6
Experiences of homelessness,Youth,October 2024,5. How long ago did that happen (that you lost your housing most recently)?,Less than 180 days ago,265,57,21.5
Experiences of homelessness,Youth,October 2021,5. How long ago did that happen (that you lost your housing most recently)?,More than 180 days ago,134,58,43.3
Experiences of homelessness,Youth,October 2024,5. How long ago did that happen (that you lost your housing most recently)?,More than 180 days ago,265,113,42.6
Experiences of homelessness,Youth,April 2018,5. What are your sources of income?,Disability benefit,187,15,8
Experiences of homelessness,Youth,April 2018,5. What are your sources of income?,Employment,187,16,8.6
Experiences of homelessness,Youth,April 2018,5. What are your sources of income?,Ontario Works,187,120,64.2
Experiences of homelessness,Youth,April 2018,5. What are your sources of income?,Other,187,35,18.7
Experiences of homelessness,Youth,April 2018,5. What are your sources of income?,Seniors' benefits,187,0,0
Experiences of homelessness,Youth,October 2021,6. What are your sources of income?,Disability benefit,134,15,11
Experiences of homelessness,Youth,October 2024,6. What are your sources of income?,Disability benefit,265,17,6.4
Experiences of homelessness,Youth,October 2021,6. What are your sources of income?,Full-time employment,134,9,7
Experiences of homelessness,Youth,October 2024,6. What are your sources of income?,Full-time employment,265,22,8.3
Experiences of homelessness,Youth,October 2021,6. What are your sources of income?,Informal income (eg. bottle returns),134,7,5
Experiences of homelessness,Youth,October 2024,6. What are your sources of income?,Informal income (eg. bottle returns),265,31,11.7
Experiences of homelessness,Youth,October 2021,6. What are your sources of income?,Money from family/friends,134,6,5
Experiences of homelessness,Youth,October 2024,6. What are your sources of income?,Money from family/friends,265,19,7.2
Experiences of homelessness,Youth,October 2021,6. What are your sources of income?,No income,134,12,9
Experiences of homelessness,Youth,October 2024,6. What are your sources of income?,No income,265,47,17.7
Experiences of homelessness,Youth,October 2021,6. What are your sources of income?,Ontario Works,134,68,51
Experiences of homelessness,Youth,October 2024,6. What are your sources of income?,Ontario Works,265,132,49.8
Experiences of homelessness,Youth,October 2021,6. What are your sources of income?,Other,134,21,16
Experiences of homelessness,Youth,October 2024,6. What are your sources of income?,Other,265,13,4.9
Experiences of homelessness,Youth,October 2021,6. What are your sources of income?,Part-time employment,134,15,11
Experiences of homelessness,Youth,October 2024,6. What are your sources of income?,Part-time employment,265,34,12.8
Foster care,All,April 2018,"1. As a child or youth, were you ever in foster care or in a youth group home?",No,1400,997,71.2
Foster care,All,October 2021,"1. As a child or youth, were you ever in foster care or in a youth group home?",No past experience in foster care or group home,1340,951,71.0
Foster care,All,October 2024,"1. As a child or youth, were you ever in foster care or in a youth group home?",No past experience in foster care or group home,2595,1882,72.5
Foster care,All,October 2021,"1. As a child or youth, were you ever in foster care or in a youth group home?",Past experience in foster care or group home,1340,355,26.5
Foster care,All,October 2024,"1. As a child or youth, were you ever in foster care or in a youth group home?",Past experience in foster care or group home,2595,489,18.8
Foster care,All,April 2018,"1. As a child or youth, were you ever in foster care or in a youth group home?",Yes,1400,375,26.8
Foster care,All,October 2021,2. Approximately how long after leaving foster care/group home did you become homeless?,1 year or less,355,121,34.1
Foster care,All,October 2024,2. Approximately how long after leaving foster care/group home did you become homeless?,1 year or less,489,164,33.5
Foster care,All,October 2021,2. Approximately how long after leaving foster care/group home did you become homeless?,More than 1 year,355,139,39.2
Foster care,All,October 2024,2. Approximately how long after leaving foster care/group home did you become homeless?,More than 1 year,489,218,44.6
Foster care,All,April 2018,"2. If you were in foster care and/or group home, how long ago was that?",1 year or less,1400,33,2.4
Foster care,All,April 2018,"2. If you were in foster care and/or group home, how long ago was that?",2 to 5 years,1400,50,3.6
Foster care,All,April 2018,"2. If you were in foster care and/or group home, how long ago was that?",5 or more years,1400,266,19.0
Foster care,Family,April 2018,"1. As a child or youth, were you ever in foster care or in a youth group home?",No,213,183,85.9
Foster care,Family,October 2021,"1. As a child or youth, were you ever in foster care or in a youth group home?",No past experience in foster care or group home,137,116,84.7
Foster care,Family,October 2024,"1. As a child or youth, were you ever in foster care or in a youth group home?",No past experience in foster care or group home,248,211,85.1
Foster care,Family,October 2021,"1. As a child or youth, were you ever in foster care or in a youth group home?",Past experience in foster care or group home,137,18,13.1
Foster care,Family,October 2024,"1. As a child or youth, were you ever in foster care or in a youth group home?",Past experience in foster care or group home,248,18,7.3
Foster care,Family,April 2018,"1. As a child or youth, were you ever in foster care or in a youth group home?",Yes,213,28,13.1
Foster care,Family,October 2024,2. Approximately how long after leaving foster care/group home did you become homeless?,1 year or less,18,3,16.7
Foster care,Family,October 2021,2. Approximately how long after leaving foster care/group home did you become homeless?,1 year or less,18,10,55.6
Foster care,Family,October 2024,2. Approximately how long after leaving foster care/group home did you become homeless?,More than 1 year,18,12,66.7
Foster care,Family,October 2021,2. Approximately how long after leaving foster care/group home did you become homeless?,More than 1 year,18,6,33.3
Foster care,Family,April 2018,"2. If you were in foster care and/or group home, how long ago was that?",1 year or less,28,5,17.9
Foster care,Family,April 2018,"2. If you were in foster care and/or group home, how long ago was that?",5 or more years,28,17,60.7
Foster care,Single,April 2018,"1. As a child or youth, were you ever in foster care or in a youth group home?",No,994,697,70.1
Foster care,Single,October 2021,"1. As a child or youth, were you ever in foster care or in a youth group home?",No past experience in foster care or group home,937,670,71.5
Foster care,Single,October 2024,"1. As a child or youth, were you ever in foster care or in a youth group home?",No past experience in foster care or group home,1649,1247,75.6
Foster care,Single,October 2021,"1. As a child or youth, were you ever in foster care or in a youth group home?",Past experience in foster care or group home,937,245,26.1
Foster care,Single,October 2024,"1. As a child or youth, were you ever in foster care or in a youth group home?",Past experience in foster care or group home,1649,341,20.7
Foster care,Single,April 2018,"1. As a child or youth, were you ever in foster care or in a youth group home?",Yes,994,281,28.3
Foster care,Single,October 2021,2. Approximately how long after leaving foster care/group home did you become homeless?,1 year or less,245,72,29.4
Foster care,Single,October 2024,2. Approximately how long after leaving foster care/group home did you become homeless?,1 year or less,341,115,33.7
Foster care,Single,October 2021,2. Approximately how long after leaving foster care/group home did you become homeless?,More than 1 year,245,103,42.0
Foster care,Single,October 2024,2. Approximately how long after leaving foster care/group home did you become homeless?,More than 1 year,341,161,47.2
Foster care,Single,April 2018,"2. If you were in foster care and/or group home, how long ago was that?",1 year or less,281,18,6.4
Foster care,Single,April 2018,"2. If you were in foster care and/or group home, how long ago was that?",2 to 5 years,281,27,9.6
Foster care,Single,April 2018,"2. If you were in foster care and/or group home, how long ago was that?",5 or more years,281,215,76.5
Foster care,Youth,April 2018,"1. As a child or youth, were you ever in foster care or in a youth group home?",No,187,117,62.6
Foster care,Youth,October 2021,"1. As a child or youth, were you ever in foster care or in a youth group home?",No past experience in foster care or group home,134,82,61.2
Foster care,Youth,October 2024,"1. As a child or youth, were you ever in foster care or in a youth group home?",No past experience in foster care or group home,265,188,70.9
Foster care,Youth,October 2021,"1. As a child or youth, were you ever in foster care or in a youth group home?",Past experience in foster care or group home,134,48,35.8
Foster care,Youth,October 2024,"1. As a child or youth, were you ever in foster care or in a youth group home?",Past experience in foster care or group home,265,57,21.5
Foster care,Youth,April 2018,"1. As a child or youth, were you ever in foster care or in a youth group home?",Yes,187,70,37.4
Foster care,Youth,October 2021,2. Approximately how long after leaving foster care/group home did you become homeless?,1 year or less,48,22,45.8
Foster care,Youth,October 2024,2. Approximately how long after leaving foster care/group home did you become homeless?,1 year or less,57,20,35.1
Foster care,Youth,October 2021,2. Approximately how long after leaving foster care/group home did you become homeless?,More than 1 year,48,14,29.2
Foster care,Youth,October 2024,2. Approximately how long after leaving foster care/group home did you become homeless?,More than 1 year,57,21,36.8
Foster care,Youth,April 2018,"2. If you were in foster care and/or group home, how long ago was that?",1 year or less,187,11,5.9
Foster care,Youth,April 2018,"2. If you were in foster care and/or group home, how long ago was that?",2 to 5 years,187,23,12.3
Foster care,Youth,April 2018,"2. If you were in foster care and/or group home, how long ago was that?",5 or more years,187,28,15.0
Health,All,April 2018,1. Do you identify as having any of the following health challenges at this time?,Addiction,1400,696,49.7
Health,All,October 2021,1. Do you identify as having any of the following health challenges at this time?,Learning/cognitive limitation,1340,421,31.4
Health,All,October 2024,1. Do you identify as having any of the following health challenges at this time?,Learning/cognitive limitation,2595,515,19.8
Health,All,October 2021,1. Do you identify as having any of the following health challenges at this time?,Medical condition,1340,501,37.4
Health,All,April 2018,1. Do you identify as having any of the following health challenges at this time?,Medical condition,1400,500,35.7
Health,All,October 2024,1. Do you identify as having any of the following health challenges at this time?,Medical condition,2595,678,26.1
Health,All,October 2021,1. Do you identify as having any of the following health challenges at this time?,Mental health issue,1340,773,57.7
Health,All,April 2018,1. Do you identify as having any of the following health challenges at this time?,Mental health issue,1400,621,44.4
Health,All,October 2024,1. Do you identify as having any of the following health challenges at this time?,Mental health issue,2595,1092,42.1
Health,All,April 2018,1. Do you identify as having any of the following health challenges at this time?,Physical disability,1400,362,25.9
Health,All,October 2021,1. Do you identify as having any of the following health challenges at this time?,Physical limitation,1340,399,29.8
Health,All,October 2024,1. Do you identify as having any of the following health challenges at this time?,Physical limitation,2595,619,23.9
Health,All,October 2021,1. Do you identify as having any of the following health challenges at this time?,Substance use issue,1340,787,58.7
Health,All,October 2024,1. Do you identify as having any of the following health challenges at this time?,Substance use issue,2595,962,37.1
Health,All,October 2021,2. How many of these conditions do you have?,0 health conditions,1340,191,14.3
Health,All,October 2024,2. How many of these conditions do you have?,0 health conditions,2595,810,31.2
Health,All,October 2021,2. How many of these conditions do you have?,1 health condition,1340,251,18.7
Health,All,April 2018,2. How many of these conditions do you have?,1 health condition,1400,323,23.1
Health,All,October 2024,2. How many of these conditions do you have?,1 health condition,2595,450,17.3
Health,All,October 2021,2. How many of these conditions do you have?,2 health conditions,1340,235,17.5
Health,All,April 2018,2. How many of these conditions do you have?,2 health conditions,1400,345,24.6
Health,All,October 2024,2. How many of these conditions do you have?,2 health conditions,2595,331,12.8
Health,All,October 2021,2. How many of these conditions do you have?,3 health conditions,1340,211,15.7
Health,All,April 2018,2. How many of these conditions do you have?,3 health conditions,1400,214,15.3
Health,All,October 2024,2. How many of these conditions do you have?,3 health conditions,2595,298,11.5
Health,All,October 2021,2. How many of these conditions do you have?,4 health conditions,1340,149,11.1
Health,All,April 2018,2. How many of these conditions do you have?,4 health conditions,1400,131,9.4
Health,All,October 2024,2. How many of these conditions do you have?,4 health conditions,2595,243,9.4
Health,All,October 2021,2. How many of these conditions do you have?,5 health conditions,1340,111,8.3
Health,All,October 2024,2. How many of these conditions do you have?,5 health conditions,2595,172,6.6
Health,All,October 2021,3. Do you identify as having an acquired brain injury that happened after birth?,No,1340,941,70.2
Health,All,October 2024,3. Do you identify as having an acquired brain injury that happened after birth?,No,2595,1962,75.6
Health,All,October 2021,3. Do you identify as having an acquired brain injury that happened after birth?,Yes,1340,309,23.1
Health,All,October 2024,3. Do you identify as having an acquired brain injury that happened after birth?,Yes,2595,340,13.1
Health,Family,April 2018,1. Do you identify as having any of the following health challenges at this time?,Addiction,213,15,7.0
Health,Family,October 2021,1. Do you identify as having any of the following health challenges at this time?,Learning/cognitive limitation,137,25,18.2
Health,Family,October 2024,1. Do you identify as having any of the following health challenges at this time?,Learning/cognitive limitation,248,18,7.3
Health,Family,October 2021,1. Do you identify as having any of the following health challenges at this time?,Medical condition,137,31,22.6
Health,Family,April 2018,1. Do you identify as having any of the following health challenges at this time?,Medical condition,213,42,19.7
Health,Family,October 2024,1. Do you identify as having any of the following health challenges at this time?,Medical condition,248,25,10.1
Health,Family,October 2021,1. Do you identify as having any of the following health challenges at this time?,Mental health issue,137,52,38.0
Health,Family,April 2018,1. Do you identify as having any of the following health challenges at this time?,Mental health issue,213,33,15.5
Health,Family,October 2024,1. Do you identify as having any of the following health challenges at this time?,Mental health issue,248,69,27.8
Health,Family,April 2018,1. Do you identify as having any of the following health challenges at this time?,Physical disability,213,23,10.8
Health,Family,October 2021,1. Do you identify as having any of the following health challenges at this time?,Physical limitation,137,18,13.1
Health,Family,October 2024,1. Do you identify as having any of the following health challenges at this time?,Physical limitation,248,27,10.9
Health,Family,October 2021,1. Do you identify as having any of the following health challenges at this time?,Substance use issue,137,25,18.2
Health,Family,October 2024,1. Do you identify as having any of the following health challenges at this time?,Substance use issue,248,7,2.8
Health,Family,October 2021,2. How many of these conditions do you have?,0 health conditions,137,64,46.7
Health,Family,October 2024,2. How many of these conditions do you have?,0 health conditions,248,146,58.9
Health,Family,October 2021,2. How many of these conditions do you have?,1 health condition,137,25,18.2
Health,Family,April 2018,2. How many of these conditions do you have?,1 health condition,213,37,17.4
Health,Family,October 2024,2. How many of these conditions do you have?,1 health condition,248,57,23.0
Health,Family,October 2021,2. How many of these conditions do you have?,2 health conditions,137,17,12.4
Health,Family,April 2018,2. How many of these conditions do you have?,2 health conditions,213,16,7.5
Health,Family,October 2024,2. How many of these conditions do you have?,2 health conditions,248,27,10.9
Health,Family,October 2021,2. How many of these conditions do you have?,3 health conditions,137,14,10.2
Health,Family,April 2018,2. How many of these conditions do you have?,3 health conditions,213,8,3.8
Health,Family,October 2024,2. How many of these conditions do you have?,3 health conditions,248,8,3.2
Health,Family,April 2018,2. How many of these conditions do you have?,4 health conditions,213,5,2.3
Health,Family,October 2021,2. How many of these conditions do you have?,4 or more health conditions,137,7,5.1
Health,Family,October 2024,2. How many of these conditions do you have?,4 or more health conditions,248,8,3.2
Health,Single,April 2018,1. Do you identify as having any of the following health challenges at this time?,Addiction,994,603,60.7
Health,Single,October 2021,1. Do you identify as having any of the following health challenges at this time?,Learning/cognitive limitation,937,289,30.8
Health,Single,October 2024,1. Do you identify as having any of the following health challenges at this time?,Learning/cognitive limitation,1649,358,21.7
Health,Single,October 2021,1. Do you identify as having any of the following health challenges at this time?,Medical condition,937,379,40.4
Health,Single,April 2018,1. Do you identify as having any of the following health challenges at this time?,Medical condition,994,417,42.0
Health,Single,October 2024,1. Do you identify as having any of the following health challenges at this time?,Medical condition,1649,513,31.1
Health,Single,October 2021,1. Do you identify as having any of the following health challenges at this time?,Mental health issue,937,554,59.1
Health,Single,April 2018,1. Do you identify as having any of the following health challenges at this time?,Mental health issue,994,490,49.3
Health,Single,October 2024,1. Do you identify as having any of the following health challenges at this time?,Mental health issue,1649,783,47.5
Health,Single,April 2018,1. Do you identify as having any of the following health challenges at this time?,Physical disability,994,309,31.1
Health,Single,October 2021,1. Do you identify as having any of the following health challenges at this time?,Physical limitation,937,322,34.4
Health,Single,October 2024,1. Do you identify as having any of the following health challenges at this time?,Physical limitation,1649,479,29.0
Health,Single,October 2021,1. Do you identify as having any of the following health challenges at this time?,Substance use issue,937,606,64.7
Health,Single,October 2024,1. Do you identify as having any of the following health challenges at this time?,Substance use issue,1649,758,46.0
Health,Single,October 2021,2. How many of these conditions do you have?,0 health conditions,937,96,10.2
Health,Single,October 2024,2. How many of these conditions do you have?,0 health conditions,1649,436,26.4
Health,Single,October 2021,2. How many of these conditions do you have?,1 health condition,937,183,19.5
Health,Single,April 2018,2. How many of these conditions do you have?,1 health condition,994,247,24.8
Health,Single,October 2024,2. How many of these conditions do you have?,1 health condition,1649,295,17.9
Health,Single,October 2021,2. How many of these conditions do you have?,2 health conditions,937,168,17.9
Health,Single,April 2018,2. How many of these conditions do you have?,2 health conditions,994,283,28.5
Health,Single,October 2024,2. How many of these conditions do you have?,2 health conditions,1649,232,14.1
Health,Single,October 2021,2. How many of these conditions do you have?,3 health conditions,937,144,15.4
Health,Single,April 2018,2. How many of these conditions do you have?,3 health conditions,994,190,19.1
Health,Single,October 2024,2. How many of these conditions do you have?,3 health conditions,1649,225,13.6
Health,Single,October 2021,2. How many of these conditions do you have?,4 health conditions,937,111,11.8
Health,Single,April 2018,2. How many of these conditions do you have?,4 health conditions,994,109,11.0
Health,Single,October 2024,2. How many of these conditions do you have?,4 health conditions,1649,187,11.3
Health,Single,October 2021,2. How many of these conditions do you have?,5 health conditions,937,95,10.1
Health,Single,October 2024,2. How many of these conditions do you have?,5 health conditions,1649,135,8.2
Health,Single,October 2021,3. Do you identify as having an acquired brain injury that happened after birth?,No,937,633,67.6
Health,Single,October 2024,3. Do you identify as having an acquired brain injury that happened after birth?,No,1649,1254,76.0
Health,Single,October 2021,3. Do you identify as having an acquired brain injury that happened after birth?,Yes,937,241,25.7
Health,Single,October 2024,3. Do you identify as having an acquired brain injury that happened after birth?,Yes,1649,267,16.2
Health,Youth,April 2018,1. Do you identify as having any of the following health challenges at this time?,Addiction,187,80,42.8
Health,Youth,October 2021,1. Do you identify as having any of the following health challenges at this time?,Learning/cognitive limitation,134,59,44.0
Health,Youth,October 2024,1. Do you identify as having any of the following health challenges at this time?,Learning/cognitive limitation,265,66,24.9
Health,Youth,October 2021,1. Do you identify as having any of the following health challenges at this time?,Medical condition,134,26,19.4
Health,Youth,April 2018,1. Do you identify as having any of the following health challenges at this time?,Medical condition,187,37,19.8
Health,Youth,October 2024,1. Do you identify as having any of the following health challenges at this time?,Medical condition,265,42,15.8
Health,Youth,October 2021,1. Do you identify as having any of the following health challenges at this time?,Mental health issue,134,87,64.9
Health,Youth,April 2018,1. Do you identify as having any of the following health challenges at this time?,Mental health issue,187,98,52.4
Health,Youth,October 2024,1. Do you identify as having any of the following health challenges at this time?,Mental health issue,265,116,43.8
Health,Youth,April 2018,1. Do you identify as having any of the following health challenges at this time?,Physical disability,187,27,14.4
Health,Youth,October 2021,1. Do you identify as having any of the following health challenges at this time?,Physical limitation,134,18,13.4
Health,Youth,October 2024,1. Do you identify as having any of the following health challenges at this time?,Physical limitation,265,29,10.9
Health,Youth,October 2021,1. Do you identify as having any of the following health challenges at this time?,Substance use issue,134,59,44.0
Health,Youth,October 2024,1. Do you identify as having any of the following health challenges at this time?,Substance use issue,265,73,27.5
Health,Youth,October 2021,2. How many of these conditions do you have?,0 health conditions,134,23,17.2
Health,Youth,October 2024,2. How many of these conditions do you have?,0 health conditions,265,115,43.4
Health,Youth,October 2021,2. How many of these conditions do you have?,1 health condition,134,18,13.4
Health,Youth,April 2018,2. How many of these conditions do you have?,1 health condition,187,40,21.4
Health,Youth,October 2024,2. How many of these conditions do you have?,1 health condition,265,44,16.6
Health,Youth,October 2021,2. How many of these conditions do you have?,2 health conditions,134,33,24.6
Health,Youth,April 2018,2. How many of these conditions do you have?,2 health conditions,187,48,25.7
Health,Youth,October 2024,2. How many of these conditions do you have?,2 health conditions,265,29,10.9
Health,Youth,October 2021,2. How many of these conditions do you have?,3 health conditions,134,24,17.9
Health,Youth,April 2018,2. How many of these conditions do you have?,3 health conditions,187,14,7.5
Health,Youth,October 2024,2. How many of these conditions do you have?,3 health conditions,265,32,12.1
Health,Youth,October 2021,2. How many of these conditions do you have?,4 health conditions,134,8,6.0
Health,Youth,April 2018,2. How many of these conditions do you have?,4 health conditions,187,16,8.6
Health,Youth,October 2024,2. How many of these conditions do you have?,4 health conditions,265,16,6.0
Health,Youth,October 2021,2. How many of these conditions do you have?,5 health conditions,134,5,3.7
Health,Youth,October 2024,2. How many of these conditions do you have?,5 health conditions,265,13,4.9
Health,Youth,October 2021,3. Do you identify as having an acquired brain injury that happened after birth?,No,134,96,71.6
Health,Youth,October 2024,3. Do you identify as having an acquired brain injury that happened after birth?,No,265,220,83.0
Health,Youth,October 2021,3. Do you identify as having an acquired brain injury that happened after birth?,Yes,134,24,17.9
Health,Youth,October 2024,3. Do you identify as having an acquired brain injury that happened after birth?,Yes,265,22,8.3
Immigration,All,October 2021,"1. Did you come to Canada as an immigrant, refugee or refugee claimant?",No,1340,1017,75.9
Immigration,All,April 2018,"1. Did you come to Canada as an immigrant, refugee or refugee claimant?",No,1400,1021,72.9
Immigration,All,October 2024,"1. Did you come to Canada as an immigrant, refugee or refugee claimant?",No,2595,1275,49.1
Immigration,All,October 2021,"1. Did you come to Canada as an immigrant, refugee or refugee claimant?","Yes, immigrant",1340,153,11.4
Immigration,All,April 2018,"1. Did you come to Canada as an immigrant, refugee or refugee claimant?","Yes, immigrant",1400,169,12.1
Immigration,All,October 2024,"1. Did you come to Canada as an immigrant, refugee or refugee claimant?","Yes, immigrant",2595,185,7.1
Immigration,All,October 2021,"1. Did you come to Canada as an immigrant, refugee or refugee claimant?","Yes, refugee",1340,52,3.9
Immigration,All,April 2018,"1. Did you come to Canada as an immigrant, refugee or refugee claimant?","Yes, refugee",1400,52,3.7
Immigration,All,October 2024,"1. Did you come to Canada as an immigrant, refugee or refugee claimant?","Yes, refugee",2595,347,13.4
Immigration,All,October 2021,"1. Did you come to Canada as an immigrant, refugee or refugee claimant?","Yes, refugee claimant",1340,60,4.5
Immigration,All,April 2018,"1. Did you come to Canada as an immigrant, refugee or refugee claimant?","Yes, refugee claimant",1400,113,8.1
Immigration,All,October 2024,"1. Did you come to Canada as an immigrant, refugee or refugee claimant?","Yes, refugee claimant",2595,466,18.0
Immigration,All,October 2021,2. How long have you been in Canada?,1 to 5 years,265,65,24.5
Immigration,All,April 2018,2. How long have you been in Canada?,1 to 5 years,334,41,12.3
Immigration,All,October 2024,2. How long have you been in Canada?,1 to 5 years,1101,274,24.9
Immigration,All,October 2021,2. How long have you been in Canada?,Over 5 years,265,147,55.5
Immigration,All,April 2018,2. How long have you been in Canada?,Over 5 years,334,136,40.7
Immigration,All,October 2024,2. How long have you been in Canada?,Over 5 years,1101,221,20.1
Immigration,All,October 2021,2. How long have you been in Canada?,Under 1 year,265,18,6.8
Immigration,All,April 2018,2. How long have you been in Canada?,Under 1 year,334,117,35.0
Immigration,All,October 2024,2. How long have you been in Canada?,Under 1 year,1101,621,56.4
Immigration,All,October 2021,3. Are you a Canadian citizen?,Canadian citizen,1340,1167,87
Immigration,All,October 2024,3. Are you a Canadian citizen?,Canadian citizen,2595,1462,56.3
Immigration,All,October 2021,3. Are you a Canadian citizen?,Other,1340,7,1
Immigration,All,October 2024,3. Are you a Canadian citizen?,Other,2595,776,29.9
Immigration,All,October 2021,3. Are you a Canadian citizen?,Permanent resident,1340,103,8
Immigration,All,October 2024,3. Are you a Canadian citizen?,Permanent resident,2595,203,7.8
Immigration,All,October 2021,3. Are you a Canadian citizen?,Refugee claimant,1340,43,3
Immigration,All,October 2024,3. Are you a Canadian citizen?,Refugee claimant,2595,466,18.0
Immigration,All,October 2021,3. Are you a Canadian citizen?,Temporary foreign worker,1340,5,0
Immigration,All,October 2024,3. Are you a Canadian citizen?,Temporary foreign worker,2595,4,0.2
Immigration,Family,October 2021,"1. Did you come to Canada as an immigrant, refugee or refugee claimant?",No,137,42,30.7
Immigration,Family,April 2018,"1. Did you come to Canada as an immigrant, refugee or refugee claimant?",No,213,64,30.0
Immigration,Family,October 2024,"1. Did you come to Canada as an immigrant, refugee or refugee claimant?",No,248,35,14.1
Immigration,Family,October 2021,"1. Did you come to Canada as an immigrant, refugee or refugee claimant?","Yes, immigrant",137,42,30.7
Immigration,Family,April 2018,"1. Did you come to Canada as an immigrant, refugee or refugee claimant?","Yes, immigrant",213,46,21.6
Immigration,Family,October 2024,"1. Did you come to Canada as an immigrant, refugee or refugee claimant?","Yes, immigrant",248,34,13.7
Immigration,Family,October 2021,"1. Did you come to Canada as an immigrant, refugee or refugee claimant?","Yes, refugee",137,16,11.7
Immigration,Family,April 2018,"1. Did you come to Canada as an immigrant, refugee or refugee claimant?","Yes, refugee",213,29,13.6
Immigration,Family,October 2024,"1. Did you come to Canada as an immigrant, refugee or refugee claimant?","Yes, refugee",248,74,29.8
Immigration,Family,October 2021,"1. Did you come to Canada as an immigrant, refugee or refugee claimant?","Yes, refugee claimant",137,34,24.8
Immigration,Family,April 2018,"1. Did you come to Canada as an immigrant, refugee or refugee claimant?","Yes, refugee claimant",213,66,31.0
Immigration,Family,October 2024,"1. Did you come to Canada as an immigrant, refugee or refugee claimant?","Yes, refugee claimant",248,85,34.3
Immigration,Family,October 2021,2. How long have you been in Canada?,1 to 5 years,92,45,48.9
Immigration,Family,April 2018,2. How long have you been in Canada?,1 to 5 years,141,26,18.4
Immigration,Family,October 2024,2. How long have you been in Canada?,1 to 5 years,207,47,22.7
Immigration,Family,October 2021,2. How long have you been in Canada?,Over 5 years,92,33,35.9
Immigration,Family,April 2018,2. How long have you been in Canada?,Over 5 years,141,29,20.6
Immigration,Family,October 2024,2. How long have you been in Canada?,Over 5 years,207,31,15.0
Immigration,Family,October 2021,2. How long have you been in Canada?,Under 1 year,92,9,9.8
Immigration,Family,April 2018,2. How long have you been in Canada?,Under 1 year,141,68,48.2
Immigration,Family,October 2024,2. How long have you been in Canada?,Under 1 year,207,126,60.9
Immigration,Family,October 2021,3. Are you a Canadian citizen?,Canadian citizen,137,59,43
Immigration,Family,October 2024,3. Are you a Canadian citizen?,Canadian citizen,248,58,23.4
Immigration,Family,October 2021,3. Are you a Canadian citizen?,Permanent resident,137,48,35
Immigration,Family,October 2024,3. Are you a Canadian citizen?,Permanent resident,248,53,21.4
Immigration,Family,October 2021,3. Are you a Canadian citizen?,Refugee claimant,137,27,20
Immigration,Family,October 2024,3. Are you a Canadian citizen?,Refugee claimant,248,85,34.3
Immigration,Single,October 2021,"1. Did you come to Canada as an immigrant, refugee or refugee claimant?",No,937,767,81.9
Immigration,Single,April 2018,"1. Did you come to Canada as an immigrant, refugee or refugee claimant?",No,994,823,82.8
Immigration,Single,October 2024,"1. Did you come to Canada as an immigrant, refugee or refugee claimant?",No,1649,987,59.9
Immigration,Single,October 2021,"1. Did you come to Canada as an immigrant, refugee or refugee claimant?","Yes, immigrant",937,84,9.0
Immigration,Single,April 2018,"1. Did you come to Canada as an immigrant, refugee or refugee claimant?","Yes, immigrant",994,93,9.4
Immigration,Single,October 2024,"1. Did you come to Canada as an immigrant, refugee or refugee claimant?","Yes, immigrant",1649,96,5.8
Immigration,Single,October 2021,"1. Did you come to Canada as an immigrant, refugee or refugee claimant?","Yes, refugee",937,29,3.1
Immigration,Single,April 2018,"1. Did you come to Canada as an immigrant, refugee or refugee claimant?","Yes, refugee",994,16,1.6
Immigration,Single,October 2024,"1. Did you come to Canada as an immigrant, refugee or refugee claimant?","Yes, refugee",1649,185,11.2
Immigration,Single,October 2021,"1. Did you come to Canada as an immigrant, refugee or refugee claimant?","Yes, refugee claimant",937,24,2.6
Immigration,Single,April 2018,"1. Did you come to Canada as an immigrant, refugee or refugee claimant?","Yes, refugee claimant",994,39,3.9
Immigration,Single,October 2024,"1. Did you come to Canada as an immigrant, refugee or refugee claimant?","Yes, refugee claimant",1649,262,15.9
Immigration,Single,April 2018,2. How long have you been in Canada?,1 to 5 years,148,7,4.7
Immigration,Single,October 2021,2. How long have you been in Canada?,Over 5 years,137,87,63.5
Immigration,Single,April 2018,2. How long have you been in Canada?,Over 5 years,148,89,60.1
Immigration,Single,October 2024,2. How long have you been in Canada?,Over 5 years,594,139,23.4
Immigration,Single,April 2018,2. How long have you been in Canada?,Under 1 year,148,35,23.6
Immigration,Single,October 2021,2. How long have you been in Canada?,Under 5 years,137,21,15.3
Immigration,Single,October 2024,2. How long have you been in Canada?,Under 5 years,594,474,79.8
Immigration,Single,October 2021,3. Are you a Canadian citizen?,Canadian citizen,937,867,93
Immigration,Single,October 2024,3. Are you a Canadian citizen?,Canadian citizen,1649,1103,66.9
Immigration,Single,October 2021,3. Are you a Canadian citizen?,Other,937,7,1
Immigration,Single,October 2024,3. Are you a Canadian citizen?,Other,1649,433,26.3
Immigration,Single,October 2021,3. Are you a Canadian citizen?,Permanent resident,937,42,5
Immigration,Single,October 2024,3. Are you a Canadian citizen?,Permanent resident,1649,80,4.9
Immigration,Single,October 2021,3. Are you a Canadian citizen?,Refugee claimant,937,15,2
Immigration,Single,October 2024,3. Are you a Canadian citizen?,Refugee claimant,1649,262,15.9
Immigration,Youth,October 2021,"1. Did you come to Canada as an immigrant, refugee or refugee claimant?",No,134,99,73.9
Immigration,Youth,April 2018,"1. Did you come to Canada as an immigrant, refugee or refugee claimant?",No,187,140,74.9
Immigration,Youth,October 2024,"1. Did you come to Canada as an immigrant, refugee or refugee claimant?",No,265,110,41.5
Immigration,Youth,October 2021,"1. Did you come to Canada as an immigrant, refugee or refugee claimant?","Yes, immigrant",134,21,15.7
Immigration,Youth,April 2018,"1. Did you come to Canada as an immigrant, refugee or refugee claimant?","Yes, immigrant",187,26,13.9
Immigration,Youth,October 2024,"1. Did you come to Canada as an immigrant, refugee or refugee claimant?","Yes, immigrant",265,17,6.4
Immigration,Youth,April 2018,"1. Did you come to Canada as an immigrant, refugee or refugee claimant?","Yes, refugee",187,9,4.8
Immigration,Youth,April 2018,"1. Did you come to Canada as an immigrant, refugee or refugee claimant?","Yes, refugee claimant",187,8,4.3
Immigration,Youth,October 2021,"1. Did you come to Canada as an immigrant, refugee or refugee claimant?","Yes, refugee/refugee claimant",134,7,5.2
Immigration,Youth,October 2024,"1. Did you come to Canada as an immigrant, refugee or refugee claimant?","Yes, refugee/refugee claimant",265,55,20.8
Immigration,Youth,April 2018,2. How long have you been in Canada?,1 to 5 years,43,9,20.9
Immigration,Youth,October 2021,2. How long have you been in Canada?,More than 1 year,28,22,78.6
Immigration,Youth,October 2024,2. How long have you been in Canada?,More than 1 year,139,93,66.9
Immigration,Youth,April 2018,2. How long have you been in Canada?,Over 5 years,43,14,32.6
Immigration,Youth,October 2021,2. How long have you been in Canada?,Under 1 year,28,5,17.9
Immigration,Youth,April 2018,2. How long have you been in Canada?,Under 1 year,43,14,32.6
Immigration,Youth,October 2024,2. How long have you been in Canada?,Under 1 year,139,47,33.8
Immigration,Youth,October 2021,3. Are you a Canadian citizen?,Canadian citizen,134,115,86
Immigration,Youth,October 2024,3. Are you a Canadian citizen?,Canadian citizen,265,123,46.4
Immigration,Youth,October 2021,3. Are you a Canadian citizen?,Other,134,9,7
Immigration,Youth,October 2024,3. Are you a Canadian citizen?,Other,265,105,39.6
Immigration,Youth,October 2021,3. Are you a Canadian citizen?,Permanent resident,134,10,8
Immigration,Youth,October 2024,3. Are you a Canadian citizen?,Permanent resident,265,24,9.1
Location of homelessness,All,October 2021,1. Where are you staying tonight?,Emergency shelter,1340,740,55.2
Location of homelessness,All,April 2018,1. Where are you staying tonight?,Emergency shelter,1400,819,58.5
Location of homelessness,All,October 2024,1. Where are you staying tonight?,Emergency shelter,2595,1114,42.9
Location of homelessness,All,October 2021,1. Where are you staying tonight?,Encampment,1340,28,2.1
Location of homelessness,All,October 2024,1. Where are you staying tonight?,Encampment,2595,60,2.3
Location of homelessness,All,October 2021,1. Where are you staying tonight?,Institution,1340,74,5.5
Location of homelessness,All,April 2018,1. Where are you staying tonight?,Institution,1400,66,4.7
Location of homelessness,All,October 2024,1. Where are you staying tonight?,Institution,2595,35,1.3
Location of homelessness,All,April 2018,1. Where are you staying tonight?,"Makeshift Shelter, Tent or Shack",1400,6,0.4
Location of homelessness,All,April 2018,1. Where are you staying tonight?,Motel / Hotel,1400,107,7.6
Location of homelessness,All,October 2021,1. Where are you staying tonight?,Motel/hotel (self-funded),1340,9,0.7
Location of homelessness,All,October 2024,1. Where are you staying tonight?,Motel/hotel (self-funded),2595,42,1.6
Location of homelessness,All,April 2018,1. Where are you staying tonight?,Other,1400,8,0.6
Location of homelessness,All,October 2021,1. Where are you staying tonight?,Someone else's place,1340,149,11.1
Location of homelessness,All,April 2018,1. Where are you staying tonight?,Someone else's Place,1400,101,7.2
Location of homelessness,All,October 2024,1. Where are you staying tonight?,Someone else's place,2595,176,6.8
Location of homelessness,All,October 2021,1. Where are you staying tonight?,Transitional housing,1340,178,13.3
Location of homelessness,All,April 2018,1. Where are you staying tonight?,Transitional housing,1400,226,16.1
Location of homelessness,All,October 2024,1. Where are you staying tonight?,Transitional housing,2595,620,23.9
Location of homelessness,All,October 2021,1. Where are you staying tonight?,Unsheltered,1340,116,8.7
Location of homelessness,All,April 2018,1. Where are you staying tonight?,Unsheltered,1400,41,2.9
Location of homelessness,All,October 2024,1. Where are you staying tonight?,Unsheltered,2595,335,12.9
Location of homelessness,All,October 2021,1. Where are you staying tonight?,Unsure,1340,39,2.9
Location of homelessness,All,April 2018,1. Where are you staying tonight?,Unsure,1400,13,0.9
Location of homelessness,All,October 2024,1. Where are you staying tonight?,Unsure,2595,76,2.9
Location of homelessness,All,October 2021,1. Where are you staying tonight?,Vehicle,1340,7,0.5
Location of homelessness,All,April 2018,1. Where are you staying tonight?,Vehicle,1400,4,0.3
Location of homelessness,All,October 2024,1. Where are you staying tonight?,Vehicle,2595,10,0.4
Location of homelessness,All,October 2021,2. Have you stayed in a homeless shelter in the past year?,No,1340,345,25.7
Location of homelessness,All,April 2018,2. Have you stayed in a homeless shelter in the past year?,No,1400,243,17.4
Location of homelessness,All,October 2024,2. Have you stayed in a homeless shelter in the past year?,No,2595,1017,39.2
Location of homelessness,All,October 2021,2. Have you stayed in a homeless shelter in the past year?,Yes,1340,983,73.4
Location of homelessness,All,April 2018,2. Have you stayed in a homeless shelter in the past year?,Yes,1400,1142,81.6
Location of homelessness,All,October 2024,2. Have you stayed in a homeless shelter in the past year?,Yes,2595,1578,60.8
Location of homelessness,All,October 2021,"3. If you did not stay in shelter in the past year, what were the main reasons?",Bed bugs & other pests,345,37,10.7
Location of homelessness,All,October 2021,"3. If you did not stay in shelter in the past year, what were the main reasons?",Crowded,345,42,12.2
Location of homelessness,All,October 2021,"3. If you did not stay in shelter in the past year, what were the main reasons?",Fear for safety,345,106,30.7
Location of homelessness,All,October 2021,"3. If you did not stay in shelter in the past year, what were the main reasons?",Had other temporary housing,345,72,20.9
Location of homelessness,All,October 2021,"3. If you did not stay in shelter in the past year, what were the main reasons?",Personal choice not to stay,345,21,6.1
Location of homelessness,All,October 2021,"3. If you did not stay in shelter in the past year, what were the main reasons?",Turned away (banned),345,10,2.9
Location of homelessness,All,October 2021,"3. If you did not stay in shelter in the past year, what were the main reasons?",Turned away (shelters are full),345,16,4.6
Location of homelessness,Family,October 2021,1. Where are you staying tonight?,Emergency shelter,137,123,89.8
Location of homelessness,Family,April 2018,1. Where are you staying tonight?,Emergency shelter,213,105,49.3
Location of homelessness,Family,October 2024,1. Where are you staying tonight?,Emergency shelter,248,68,27.4
Location of homelessness,Family,October 2021,1. Where are you staying tonight?,Encampment,137,0,0.0
Location of homelessness,Family,October 2024,1. Where are you staying tonight?,Encampment,248,0,0.0
Location of homelessness,Family,April 2018,1. Where are you staying tonight?,Institution,213,0,0.0
Location of homelessness,Family,April 2018,1. Where are you staying tonight?,"Makeshift Shelter, Tent or Shack",213,0,0.0
Location of homelessness,Family,April 2018,1. Where are you staying tonight?,Motel / Hotel,213,95,44.6
Location of homelessness,Family,October 2021,1. Where are you staying tonight?,Other,137,7,5.1
Location of homelessness,Family,April 2018,1. Where are you staying tonight?,Other,213,0,0.0
Location of homelessness,Family,October 2024,1. Where are you staying tonight?,Other,248,0,0.0
Location of homelessness,Family,October 2021,1. Where are you staying tonight?,Someone else's place,137,7,5.1
Location of homelessness,Family,April 2018,1. Where are you staying tonight?,Someone else's Place,213,6,2.8
Location of homelessness,Family,October 2024,1. Where are you staying tonight?,Someone else's place,248,5,2.0
Location of homelessness,Family,April 2018,1. Where are you staying tonight?,Transitional housing,213,7,3.3
Location of homelessness,Family,October 2021,1. Where are you staying tonight?,Unsheltered,137,0,0.0
Location of homelessness,Family,April 2018,1. Where are you staying tonight?,Unsheltered,213,0,0.0
Location of homelessness,Family,October 2024,1. Where are you staying tonight?,Unsheltered,248,1,0.4
Location of homelessness,Family,October 2021,1. Where are you staying tonight?,Unsure,137,0,0.0
Location of homelessness,Family,April 2018,1. Where are you staying tonight?,Unsure,213,0,0.0
Location of homelessness,Family,October 2024,1. Where are you staying tonight?,Unsure,248,5,2.0
Location of homelessness,Family,October 2021,1. Where are you staying tonight?,Vehicle,137,0,0.0
Location of homelessness,Family,April 2018,1. Where are you staying tonight?,Vehicle,213,0,0.0
Location of homelessness,Family,October 2024,1. Where are you staying tonight?,Vehicle,248,0,0.0
Location of homelessness,Family,October 2021,2. Have you stayed in a homeless shelter in the past year?,No,137,16,11.7
Location of homelessness,Family,April 2018,2. Have you stayed in a homeless shelter in the past year?,No,213,17,8.0
Location of homelessness,Family,October 2024,2. Have you stayed in a homeless shelter in the past year?,No,248,164,66.1
Location of homelessness,Family,October 2021,2. Have you stayed in a homeless shelter in the past year?,Yes,137,121,88.3
Location of homelessness,Family,April 2018,2. Have you stayed in a homeless shelter in the past year?,Yes,213,196,92.0
Location of homelessness,Family,October 2024,2. Have you stayed in a homeless shelter in the past year?,Yes,248,84,33.9
Location of homelessness,Single,October 2021,1. Where are you staying tonight?,Emergency shelter,937,522,55.7
Location of homelessness,Single,April 2018,1. Where are you staying tonight?,Emergency shelter,994,626,63.0
Location of homelessness,Single,October 2024,1. Where are you staying tonight?,Emergency shelter,1649,825,50.0
Location of homelessness,Single,October 2021,1. Where are you staying tonight?,Encampment,937,18,1.9
Location of homelessness,Single,October 2024,1. Where are you staying tonight?,Encampment,1649,32,1.9
Location of homelessness,Single,October 2021,1. Where are you staying tonight?,Institution,937,71,7.6
Location of homelessness,Single,April 2018,1. Where are you staying tonight?,Institution,994,61,6.1
Location of homelessness,Single,October 2024,1. Where are you staying tonight?,Institution,1649,30,1.8
Location of homelessness,Single,April 2018,1. Where are you staying tonight?,"Makeshift Shelter, Tent or Shack",994,6,0.6
Location of homelessness,Single,April 2018,1. Where are you staying tonight?,Motel / Hotel,994,10,1.0
Location of homelessness,Single,October 2021,1. Where are you staying tonight?,Other,937,3,0.3
Location of homelessness,Single,April 2018,1. Where are you staying tonight?,Other,994,6,0.6
Location of homelessness,Single,October 2024,1. Where are you staying tonight?,Other,1649,0,0.0
Location of homelessness,Single,October 2021,1. Where are you staying tonight?,Someone else's place,937,85,9.1
Location of homelessness,Single,April 2018,1. Where are you staying tonight?,Someone else's Place,994,77,7.7
Location of homelessness,Single,October 2024,1. Where are you staying tonight?,Someone else's place,1649,106,6.4
Location of homelessness,Single,October 2021,1. Where are you staying tonight?,Transitional housing,937,107,11.4
Location of homelessness,Single,April 2018,1. Where are you staying tonight?,Transitional housing,994,155,15.6
Location of homelessness,Single,October 2024,1. Where are you staying tonight?,Transitional housing,1649,342,20.7
Location of homelessness,Single,October 2021,1. Where are you staying tonight?,Unsheltered,937,91,9.7
Location of homelessness,Single,April 2018,1. Where are you staying tonight?,Unsheltered,994,37,3.7
Location of homelessness,Single,October 2024,1. Where are you staying tonight?,Unsheltered,1649,232,14.1
Location of homelessness,Single,October 2021,1. Where are you staying tonight?,Unsure,937,33,3.5
Location of homelessness,Single,April 2018,1. Where are you staying tonight?,Unsure,994,11,1.1
Location of homelessness,Single,October 2024,1. Where are you staying tonight?,Unsure,1649,42,2.5
Location of homelessness,Single,October 2021,1. Where are you staying tonight?,Vehicle,937,7,0.7
Location of homelessness,Single,April 2018,1. Where are you staying tonight?,Vehicle,994,4,0.4
Location of homelessness,Single,October 2024,1. Where are you staying tonight?,Vehicle,1649,7,0.4
Location of homelessness,Single,October 2021,2. Have you stayed in a homeless shelter in the past year?,No,937,235,25.1
Location of homelessness,Single,April 2018,2. Have you stayed in a homeless shelter in the past year?,No,994,185,18.6
Location of homelessness,Single,October 2024,2. Have you stayed in a homeless shelter in the past year?,No,1649,495,30.0
Location of homelessness,Single,October 2021,2. Have you stayed in a homeless shelter in the past year?,Yes,937,694,74.1
Location of homelessness,Single,April 2018,2. Have you stayed in a homeless shelter in the past year?,Yes,994,805,81.0
Location of homelessness,Single,October 2024,2. Have you stayed in a homeless shelter in the past year?,Yes,1649,1154,70.0
Location of homelessness,Single,October 2021,"3. If you did not stay in shelter in the past year, what were the main reasons?",Bed bugs & other pests,235,24,10
Location of homelessness,Single,October 2021,"3. If you did not stay in shelter in the past year, what were the main reasons?",Crowded,235,30,13
Location of homelessness,Single,October 2021,"3. If you did not stay in shelter in the past year, what were the main reasons?",Fear for safety,235,68,29
Location of homelessness,Single,October 2021,"3. If you did not stay in shelter in the past year, what were the main reasons?",Had other temporary housing,235,57,24
Location of homelessness,Single,October 2021,"3. If you did not stay in shelter in the past year, what were the main reasons?",Personal choice not to stay,235,9,4
Location of homelessness,Single,October 2021,"3. If you did not stay in shelter in the past year, what were the main reasons?",Turned away (banned),235,5,2
Location of homelessness,Single,October 2021,"3. If you did not stay in shelter in the past year, what were the main reasons?",Turned away (shelters are full),235,12,5
Location of homelessness,Youth,October 2021,1. Where are you staying tonight?,Emergency shelter,134,67,50.0
Location of homelessness,Youth,April 2018,1. Where are you staying tonight?,Emergency shelter,187,88,47.1
Location of homelessness,Youth,October 2024,1. Where are you staying tonight?,Emergency shelter,265,105,39.6
Location of homelessness,Youth,October 2021,1. Where are you staying tonight?,Encampment,134,0,0.0
Location of homelessness,Youth,October 2024,1. Where are you staying tonight?,Encampment,265,0,0.0
Location of homelessness,Youth,April 2018,1. Where are you staying tonight?,Institution,187,5,2.7
Location of homelessness,Youth,April 2018,1. Where are you staying tonight?,Motel / Hotel,187,5,2.7
Location of homelessness,Youth,October 2021,1. Where are you staying tonight?,Other,134,9,6.7
Location of homelessness,Youth,April 2018,1. Where are you staying tonight?,Other,187,5,2.7
Location of homelessness,Youth,October 2024,1. Where are you staying tonight?,Other,265,0,0.0
Location of homelessness,Youth,October 2021,1. Where are you staying tonight?,Someone else's place,134,7,5.2
Location of homelessness,Youth,April 2018,1. Where are you staying tonight?,Someone else's Place,187,18,9.6
Location of homelessness,Youth,October 2024,1. Where are you staying tonight?,Someone else's place,265,17,6.4
Location of homelessness,Youth,October 2021,1. Where are you staying tonight?,Transitional housing,134,51,38.1
Location of homelessness,Youth,April 2018,1. Where are you staying tonight?,Transitional housing,187,66,35.3
Location of homelessness,Youth,October 2024,1. Where are you staying tonight?,Transitional housing,265,99,37.4
Location of homelessness,Youth,October 2021,1. Where are you staying tonight?,Vehicle,134,0,0.0
Location of homelessness,Youth,October 2024,1. Where are you staying tonight?,Vehicle,265,0,0.0
Location of homelessness,Youth,October 2021,2. Have you stayed in a homeless shelter in the past year?,No,134,32,23.9
Location of homelessness,Youth,April 2018,2. Have you stayed in a homeless shelter in the past year?,No,187,43,23.0
Location of homelessness,Youth,October 2024,2. Have you stayed in a homeless shelter in the past year?,No,265,105,39.6
Location of homelessness,Youth,October 2021,2. Have you stayed in a homeless shelter in the past year?,Yes,134,101,75.4
Location of homelessness,Youth,April 2018,2. Have you stayed in a homeless shelter in the past year?,Yes,187,143,76.5
Location of homelessness,Youth,October 2024,2. Have you stayed in a homeless shelter in the past year?,Yes,265,160,60.4
Location of homelessness,Youth,October 2021,"3. If you did not stay in shelter in the past year, what were the main reasons?",Fear for safety,32,7,22
Location of homelessness,Youth,October 2021,"3. If you did not stay in shelter in the past year, what were the main reasons?",Had other temporary housing,32,6,19
Location of homelessness,Youth,October 2021,"3. If you did not stay in shelter in the past year, what were the main reasons?",Other,32,9,28
Location of homelessness,Youth,October 2021,"3. If you did not stay in shelter in the past year, what were the main reasons?",Turned away (banned),32,3,9
