Community By-Name List | Client information,List management,Unique identifier/ HIFIS client ID,Last contact date,Triage and assessment | Assessment type,Location,Assessment completed,months_homeless_year,months_homeless_3years,Date Housing history updated,sleeping_arrangement,Housed,Veteran information | Veteran status,Veteran status confirmed,VAC eligible,gender,Date of birth,age,Head of household,Number of children (age 0-18) to be housed with client,indigenous_identity,Resource matching | Referral agency,Added to By-Name List,Consent obtained,Documents collected,Matched to case management resources,Accepted case management resources,assigned_agency,Matched to housing allowance/rent subsidy resources,Accepted housing allowance/rent subsidy resources,Matched to housing,Accepted housing,Asylum Seeker,chronically_homeless,youth,3.1 Indigenous,institution_transition,3.1.1 Household members active on BNL in the year,3.2 New on BNL (Inflow),3.3 Returned to active status on BNL from any inactive status (excludes from housing),"3.4 Return to homelessness on BNL from housing, 1 or more times (Inflow)",3.5 Become inactive on BNL (Outflow),3.6 & 3.6.1 Moved into housing (any type) (Outflow),4.1 Asssisted through HPP to be housed in Supportive Housing or Long-term Housing (rent supplements or housing allowances),Administrator | Administrator notes | Last Administrator update,Last name,First name,Track changes,By-Name List monthly data | Inactive policy timeframe,May 2025: housed,Reporting period,Reporting period change: All populations,Reporting period change: Chronic criteria only,Reporting period change: Veteran criteria only,Reporting period change: Youth criteria only,Reporting period change: Single adult criteria only,Reporting period change: Family criteria only,Added to By-Name List date,column_59,Housed date,column_61,Data point date,column_63,Reporting month (DNE) | 2026-02-01 00:00:00,Chronic data,Veteran data | CW Brittany,Youth data,Single adult data,Family data,All population data,HPP performance indicators | Households,income_source,referrals,Willowdale,consents,RGI,rent support status
Housed,Housed,,2025-06-01 00:00:00,,Perth,2024-08-16 00:00:00,11,11,2025-06-01 00:00:00,permanent housing ,2025-06-01 00:00:00,Not a veteran,,,male,1996-05-04 00:00:00,29,Family,1,Non-Indigenous,Other,2024-08-16 00:00:00,Yes,,,,Lanark County Social Services/Housing,,,,,,ü,,,,1,ü,,,ü,ü,ü,2025-06-01 00:00:00,Hogan ,Valerie ,"Aug 2024:  added to BNL, chronic family  Dec 2024:  housed April 2025:  returned from Housed June 2025 : housed ",2025-09-29 00:00:00,Inactive,2025-04-01 00:00:00,Returned from housing,,,,,,,August,2024,June,2025,April,2025,,Chronic,---,---,---,Family,---,All populations,1,OW,hbcm,,,,
Inactive,Documents needed,,2024-06-01 00:00:00,,Perth,2024-01-15 00:00:00,7,7,2024-01-01 00:00:00,Unsheltered,,Not a veteran,,,Male ,1990-07-26 00:00:00,35,Adult,,,Lanark County Social Services/Housing,2024-01-15 00:00:00,Yes,,,,Lanark County Social Services/Housing,,,,,,ü,,,,,ü,,,,,,2024-06-01 00:00:00,Hogan ,Valerie ,"Jan 2024: added to BNL: single , not chronic May 2024: aged in chronic June 2024: inactive: left municipality",2024-09-29 00:00:00,Inactive,2024-06-01 00:00:00,Moved to inactive: left community,,,,,,,January,2024,---,---,June,2024,,Chronic,---,---,Adult,---,---,All populations,---,EI,,,2025-04-08 00:00:00,not in system ,
Inactive,Documents needed,,2024-09-01 00:00:00,,Perth,2024-07-17 00:00:00,7,7,2024-07-17 00:00:00,Hotel and/or motel,,Not a veteran,,,male,1984-08-01 00:00:00,41,Family,,Non-Indigenous,Lanark County Social Services/Housing,2024-07-17 00:00:00,Yes,,,,Lanark County Social Services/Housing,,,,,,ü,,,,2,ü,,,,,,2024-10-01 00:00:00,Hogan ,Valerie ,"July 2024: addd to BNL, not chronic family  Oct 2024: became homeless",2024-12-30 00:00:00,Inactive,2024-10-01 00:00:00,Moved to inactive: lost contact,Aged-in: chronic,,,,,,July,2024,---,---,October,2024,,Chronic,---,---,---,Family,---,All populations,0.5,,,,,,
Inactive,Documents needed,,2024-04-01 00:00:00,,Carleton Place,2023-11-24 00:00:00,11,29,2024-04-01 00:00:00,Shelter,,Not a veteran,,,Female,1995-11-09 00:00:00,30,Adult,,,Lanark County Interval House,2023-11-30 00:00:00,Yes,,,,Lanark County Interval House,,,,,,ü,,,,,ü,,,ü,,,2024-04-01 00:00:00,Hogan ,Valerie ,"Nov 2023: added to BNL, single chronic April 2024: Became inactive, moved to another community",2024-07-30 00:00:00,Inactive,2024-04-01 00:00:00,Moved to inactive: left community,,,,,,,November,2023,---,---,April,2024,,Chronic,---,---,Adult,---,---,All populations,---,no income,,,,,
Housed,Housed,,2025-10-01 00:00:00,,Smiths Falls,2025-08-13 00:00:00,12,14,2025-08-13 00:00:00,Permanent and/or long-term housing,2025-10-01 00:00:00,Not a veteran,,,male,1992-07-28 00:00:00,33,Adult,,Non-Indigenous,Lanark County Mental Health ,2025-08-13 00:00:00,Yes,,,,Lanark County Mental Health ,,,,,,,,,,1,ü,,,,ü,ü,2025-10-01 00:00:00,Hogan ,Valerie ,"Aug 2025: added to BNL, single chronic Oct 2025: housed ",2026-01-29 00:00:00,Inactive,,,,,,,,,August,2025,October,2025,---,---,,Chronic,---,---,Adult,---,---,All populations,All populations,OW ,,,,,
Inactive,Documents needed,,2024-03-01 00:00:00,,Smiths Falls,2024-02-10 00:00:00,3,3,2024-02-10 00:00:00,Unsheltered,,Not a veteran,,,Male,1980-04-21 00:00:00,46,Adult,,Non-Indigenous,Lanark Leeds Grenville Mental Health and Addictions,2024-02-10 00:00:00,Yes,,,,Lanark County Mental Health ,,,,,,,,,,,ü,,,,,,2024-03-01 00:00:00,Hogan ,Valerie ,"Feb 2024:  added to BNL, single not chronic  March 2024:  inactive, left municipality",2024-06-29 00:00:00,Inactive,2024-03-01 00:00:00,Moved to inactive: left community,,,,,,,February,2024,---,---,March,2024,,---,---,---,Adult,---,---,All populations,---,,,,,,
Housed,Housed,,2025-10-01 00:00:00,,Almonte,2025-08-15 00:00:00,5,6,2025-10-01 00:00:00,Permanent and/or long-term housing,2025-10-01 00:00:00,Not a veteran,,,female,1978-06-08 00:00:00,47,Adult,,Non-Indigenous,Other,2025-08-15 00:00:00,Yes,,,,Lanark County Social Services/Housing,,,,,,,,,,1,ü,,,,ü,,2025-10-01 00:00:00,Hogan ,valerie ,"Aug 2025: added to BNL, single not chronic Oct 2025: housed ",2026-01-29 00:00:00,Inactive,,,,,,,,,August,2025,October,2025,---,---,,---,---,---,Adult,---,---,All populations,All populations,ODSP ,,,,,
Housed,Housed,,2024-01-01 00:00:00,,Mississippi Mills,2023-09-14 00:00:00,12,36,2024-01-01 00:00:00,Couch surfing,2024-01-01 00:00:00,Not a veteran,,,Female,1985-02-20 00:00:00,41,Adult,,,Lanark County Mental Health ,2023-09-14 00:00:00,Yes,,,,Lanark County Mental Health ,,,,,,ü,,,,,ü,,,,,,2024-01-01 00:00:00,Hogan ,Valerie ,Jan 2024: housed,2024-04-30 00:00:00,Inactive,,,,,,,,,September,2023,January,2024,---,---,,Chronic,---,---,Adult,---,---,All populations,---,,,,,,
Inactive,Awaiting match,,2025-04-01 00:00:00,,Carleton Place,2025-02-05 00:00:00,12,36,2021-09-21 00:00:00,couch surfing ,,Not a veteran,,,Male,1982-06-03 00:00:00,43,Adult,,Non-Indigenous,Cornerstone Landing Youth Services,2021-09-30 00:00:00,Yes,2021-09-30 00:00:00,,,Lanark County Social Services ,,,,,,ü,,,,1,,ü,,,,,2025-02-01 00:00:00,Hogan ,Valerie ,"Terrilee completed survey, moved to inactive Feb 2025:  returned from inactive  April 2025:  became inactive: unable to contact ",2025-07-30 00:00:00,Inactive,2025-04-01 00:00:00,Moved to inactive: lost contact,,,,,,,September,2021,---,---,April,2025,,Chronic,---,---,Adult,---,---,All populations,1,noincome ,,,,,
Housed,Housed,,2025-09-01 00:00:00,,Smiths Falls,2025-05-20 00:00:00,12,16,2025-05-20 00:00:00,Permanent and/or long-term housing,2025-09-01 00:00:00,Not a veteran,,,male,2006-01-02 00:00:00,20,Youth,,Non-Indigenous,Lanark County Social Services/Housing,2025-05-20 00:00:00,Yes,,,,Cornerstone Landing,,,,,,ü,ü,,,1,ü,,,,ü,,2025-09-01 00:00:00,Hogan ,Valerie ,"May 2025: added to BNL, chronic youth Sept 2025: housed ",2025-12-30 00:00:00,Inactive,,,,,,,,,May,2025,September,2025,---,---,,Chronic,---,Youth,---,---,---,All populations,All populations,OW,"cornerstone May 21, 2025",,,,
Housed,Housed,,2023-01-26 00:00:00,,Carleton Place,2023-01-26 00:00:00,6,6,2023-03-01 00:00:00,Couch surfing,2023-03-01 00:00:00,,,,Male,1995-06-23 00:00:00,30,Adult,,,Lanark County Social Services/Housing,2023-01-26 00:00:00,Yes,2023-01-26 00:00:00,,,Lanark County Social Services/Housing,,,,,,ü,,,,,ü,,,,,,2023-03-01 00:00:00,Hogan ,Valerie ,"OW, Anna is CW. Mar 1:  Moved to housing in Carleton Place",2023-05-26 00:00:00,Inactive,2023-03-01 00:00:00,,Aged-in: chronic,,,,,,January,2023,March,2023,March,2023,,Chronic,---,---,Adult,---,---,All populations,---,,,,,,
Housed,Housed,,2023-05-01 00:00:00,,Smiths Falls,2023-02-09 00:00:00,5,5,2023-02-09 00:00:00,Hotel and/or motel,2023-05-01 00:00:00,,,,Female ,1990-01-26 00:00:00,36,Family,3,,Victim Services,2023-02-23 00:00:00,Yes,2023-02-09 00:00:00,,,Lanark County Social Services/Housing,,,,,,,,,,,ü,,,,ü,ü,2023-05-01 00:00:00,Hogan ,Valerie ,"ODSP. Living in Roger's Motel with 3  kids. Will only look in SF for housing because wants to be close to family.  No COHB or RGI applications. Feb 24:Paying for motel herself effective Feb 20  when she receives CTB. May 2023: renting market rent, received extra HPP funding, offered BNL rent support but didn't follow up.",2023-08-29 00:00:00,Inactive,,,,,,,,,February,2023,May,2023,---,---,,---,---,---,---,Family,---,All populations,---,,,,,,
Inactive,Documents needed,,2024-06-01 00:00:00,,Smiths Falls,2023-09-18 00:00:00,12,13,2023-10-01 00:00:00,Hotel and/or motel,,Not a veteran,,,Male,1991-10-05 00:00:00,34,Adult,,,Lanark County Social Services/Housing,2023-09-18 00:00:00,Yes,,,,Lanark County Social Services/Housing,,,,,,ü,,,,,ü,,,,,,2024-06-01 00:00:00,Hogan ,Valerie ,Nov 2023: became chronic June 2024: inactive: lost contact ,2024-09-29 00:00:00,Inactive,2024-06-01 00:00:00,Moved to inactive: lost contact,,,,,,,September,2023,---,---,June,2024,,Chronic,---,---,Adult,---,---,All populations,---,ODSP,HBCM,willowdale,,,
Housed,Housed,,2025-01-01 00:00:00,,Smiths Falls,2024-11-28 00:00:00,4,4,2024-11-01 00:00:00,Hotel and/or motel,2025-02-01 00:00:00,Not a veteran,,,female,1983-01-27 00:00:00,43,Family,2,Non-Indigenous,Lanark Leeds Grenville Mental Health and Addictions,2024-11-01 00:00:00,Yes,,,,Lanark Leeds Grenville Mental Health and Addictions,,,,,,,,,,,ü,,,,ü,ü,2025-02-01 00:00:00,Hogan ,Valerie ,"Nov 2024:  added to bnl, family, not chronic Feb 2025: housed ",2025-05-01 00:00:00,Inactive,,,,,,,,,November,2024,February,2025,---,---,,---,---,---,---,Family,---,All populations,---,ODSP,HBCM,,,,
Housed,Housed,,2024-07-01 00:00:00,,Carleton Place,2024-06-01 00:00:00,12,13,2024-06-01 00:00:00,Couch surfing,2024-07-01 00:00:00,Not a veteran,,,Female,2006-05-24 00:00:00,19,Youth,,Non-Indigenous,Lanark County Social Services/Housing,2024-06-01 00:00:00,Yes,,,,Cornerstone Landing,,,,,,ü,ü,,,,ü,,,,ü,,2024-07-01 00:00:00,Hogan ,Valerie ,"June 2024:  added to BNL, chronic youth  July 2024:Housed ",2024-10-29 00:00:00,Inactive,,,,,,,,,June,2024,July,2024,---,---,,Chronic,---,Youth,---,---,---,All populations,---,OW ,,,,,
Inactive,Documents needed,,2023-11-01 00:00:00,,Perth,2023-09-01 00:00:00,3,3,2023-10-01 00:00:00,Hotel and/or motel,,Not a veteran,,,Female,2002-09-22 00:00:00,23,Youth,,,Lanark County Social Services/Housing,2023-09-01 00:00:00,Yes,,,,Lanark County Mental Health ,,,,,,,ü,,,,ü,,,,,,2023-09-01 00:00:00,Hogan ,Valerie ,"Nov 2023: inactive, left area",2024-02-29 00:00:00,Inactive,2023-11-01 00:00:00,Moved to inactive: left community,,,,,,,September,2023,---,---,November,2023,,---,---,Youth,---,---,---,All populations,---,,,,,,
Housed,Housed,,2023-07-31 00:00:00,,Almonte,2023-04-19 00:00:00,12,22,2023-04-19 00:00:00,Shelter,2023-08-01 00:00:00,,,,Female ,1990-07-02 00:00:00,35,Family,4+,Non-Indigenous,Lanark County Interval House,2023-04-19 00:00:00,Yes,,,,Lanark County Interval House,,,,2023-08-01 00:00:00,,ü,,,,,ü,,,,ü,,2023-04-19 00:00:00,Hogan ,Valerie ,"Housed Aug 1, 2023",2023-11-28 00:00:00,Inactive,,,,,,,,,April,2023,August,2023,---,---,,Chronic,---,---,---,Family,---,All populations,---,,,,,,
Inactive,Awaiting match,,2022-03-29 00:00:00,,,2022-03-28 00:00:00,4,0,2022-03-28 00:00:00,Shelter,,,,,Female,2000-02-26 00:00:00,26,Adult,1,,Lanark County Social Services/ Housing,2022-03-31 00:00:00,Yes,2022-03-31 00:00:00,,,Lanark County Social Services/ Housing,,,,,,,,,,,,,,,,,2022-03-31 00:00:00,Coutts,Brooke,"New referal, paid motel, 1 dependant not in her care, has a partner, youth",2022-07-27 00:00:00,Inactive,,,,,,,,,March,2022,---,---,---,---,,---,---,---,Adult,---,---,All populations,---,,,,2024-11-05 00:00:00,"May 2, 2023 ( SF locations)",not on the list 
Housed,Housed,,2024-09-01 00:00:00,,Perth,2023-04-21 00:00:00,12,19,2023-10-01 00:00:00,Hotel and/or motel,2024-10-01 00:00:00,,,,Male ,1964-02-13 00:00:00,62,Adult,,Non-Indigenous,Lanark County Social Services/Housing,2023-04-21 00:00:00,Yes,,,,Lanark County Mental Health ,,,,2024-10-01 00:00:00,,ü,,,,,ü,,,,ü,ü,2023-04-21 00:00:00,Hogan ,Valerie ,"Sept 28, 2023: Aged into chronic",2024-12-30 00:00:00,Inactive,2023-09-01 00:00:00,,Aged-in: chronic,,,,,,April,2023,October,2024,September,2023,,Chronic,---,---,Adult,---,---,All populations,---,ODSP,HBCM,willowdale,,,
Inactive,Documents needed,,2024-09-11 00:00:00,,Smiths Falls,2024-09-11 00:00:00,3,6,2024-09-11 00:00:00,Couch surfing,,Not a veteran,,,female,1982-03-14 00:00:00,44,Adult,,Métis,Lanark County Mental Health ,2024-09-11 00:00:00,Yes,,,,Lanark County Mental Health ,,,,,,,,ü,,,ü,,,,,ü,2024-11-01 00:00:00,Hogan ,Valerie ,"Sept 2024:  added to BNL, single adult, not chronic Nov 2024: Became inactive: left community ",2025-01-09 00:00:00,Inactive,2024-11-01 00:00:00,Moved to inactive: left community,,,,,,,September,2024,---,---,November,2024,,---,---,---,Adult,---,Indigenous identity,All populations,---,LTD,HBCM,,,,
Housed,Housed,,2025-05-01 00:00:00,,Smiths Falls,2024-08-01 00:00:00,12,20,2024-08-29 00:00:00,Couch surfing,2025-05-01 00:00:00,Not a veteran,,,female,1972-11-11 00:00:00,53,Adult,,Non-Indigenous,Lanark County Social Services/Housing,2024-08-01 00:00:00,Yes,,,,Lanark County Social Services/Housing,,,2025-05-01 00:00:00,2025-05-01 00:00:00,,ü,,,,1,ü,,,,ü,ü,2025-05-01 00:00:00,Hogan ,Valerie ,"Aug 2024: added to BNL, chronic single  May 2025:Housed ",2025-08-29 00:00:00,Inactive,2025-03-01 00:00:00,Returned from inactive,,,,,,,August,2024,May,2025,March,2025,,Chronic,---,---,Adult,---,---,All populations,1,ODSP ,HBCM,not interested in Willowdale,,,
Housed,Housed,,2025-04-01 00:00:00,,Smiths Falls,2025-01-14 00:00:00,4,4,2025-01-01 00:00:00,Permanent and/or long-term housing,2025-04-01 00:00:00,Not a veteran,,,female,1994-11-08 00:00:00,31,Family,2,Non-Indigenous,Lanark County Social Services/Housing,2025-01-01 00:00:00,Yes,,,,Lanark County Social Services/Housing,,,,,,,,,,3,ü,,,,ü,,2025-04-01 00:00:00,Hogan ,Valerie ,"Jan 2025:  added to BNL , family, not chronic April 2025: Housed ",2025-07-30 00:00:00,Inactive,,,,,,,,,January,2025,April,2025,---,---,,---,---,---,---,Family,---,All populations,All populations,OW,,,,,
Housed,Housed,,2022-12-23 00:00:00,,Carleton Place,2022-12-23 00:00:00,9,9,2023-01-09 00:00:00,Unsheltered,2023-01-01 00:00:00,,,,Male,1956-12-01 00:00:00,69,Adult,,,Lanark County Social Services/Housing,2022-12-23 00:00:00,Yes,2022-12-23 00:00:00,2023-12-23 00:00:00,2022-12-23 00:00:00,Lanark County Social Services/Housing,,,,,,ü,,,,,ü,,,,,ü,2022-12-23 00:00:00,Hogan ,Valerie ,Presentad as homeless in CP office after living in truck for several months. Jan 9: Moved into a funded bed at Paradise Valley in early Jan 2023.,2023-04-22 00:00:00,Inactive,,,,,,,,,December,2022,January,2023,---,---,,Chronic,---,---,Adult,---,---,All populations,---,,,,,,
Housed,Housed,,2025-07-11 00:00:00,,Carleton Place,2025-07-11 00:00:00,1,1,2025-07-31 00:00:00,Permanent and/or long-term housing,2025-07-01 00:00:00,Not a veteran,,,female,1961-09-11 00:00:00,64,Adult,,Non-Indigenous,Lanark County Social Services/Housing,2025-07-11 00:00:00,Yes,,,,Lanark County Social Services/Housing,,,2025-07-01 00:00:00,,,,,,,1,ü,,,,ü,ü,2025-07-01 00:00:00,Hogan ,Valerie ,"July 2025:  added to BNL, single not chronic",2025-11-08 00:00:00,Inactive,,,,,,,,,July,2025,July,2025,---,---,,---,---,---,Adult,---,---,All populations,All populations,ODSP,,,,,
Housed,Housed,,2025-01-01 00:00:00,,Perth,2024-11-27 00:00:00,3,5,2024-11-01 00:00:00,Hotel and/or motel,2025-01-01 00:00:00,Not a veteran,,,male,1985-01-01 00:00:00,41,Adult,,First Nations: off-reserve,Lanark County Social Services/Housing,2024-11-01 00:00:00,Yes,,,,Lanark County Social Services/Housing,,,,,,,,,,,ü,,,,,,2025-01-01 00:00:00,Hogan ,Valerie ,"Nov 2024:  added to BNL, single, not chronic Jan 2025: housed ",2025-05-01 00:00:00,Inactive,,,,,,,,,November,2024,January,2025,---,---,,---,---,---,Adult,---,Indigenous identity,All populations,---,ODSP,,,2024-06-01 00:00:00,,
Housed,Housed,,2022-09-06 00:00:00,,Smiths Falls,2022-09-06 00:00:00,3,3,2022-09-06 00:00:00,Unsheltered,2022-11-01 00:00:00,,,,Female,1971-04-24 00:00:00,55,Adult,,,Victim Services,2022-09-06 00:00:00,Yes,2022-09-06 00:00:00,,,Lanark County Interval House,,,,,,,,,,,ü,,,,,,2022-09-06 00:00:00,Hogan ,Valerie ,"OW recipient, wants to move to London ON.  Working FT at Tweed. Moved to Leeds Grenville,living with friend, able to stya there until spring at least. ",2023-01-04 00:00:00,Inactive,,,,,,,,,September,2022,November,2022,---,---,,---,---,---,Adult,---,---,All populations,---,,,,2025-04-02 00:00:00,"submittd March , needs NOADeadline was July 2/2025. Haven’t canceled yet. ",
Housed,Housed,,2023-11-01 00:00:00,,Perth,2023-07-01 00:00:00,4,4,2023-10-01 00:00:00,Declined,2023-11-01 00:00:00,,,,Female,1961-12-16 00:00:00,64,Adult,,,Lanark County Interval House,2023-07-01 00:00:00,Yes,,,,Lanark County Interval House,,,,2023-11-01 00:00:00,,,,,,,ü,,,,,ü,2023-07-24 00:00:00,Hogan ,Valerie ,Nov 2023: housed ,2024-02-29 00:00:00,Inactive,,,,,,,,,July,2023,November,2023,---,---,,---,---,---,Adult,---,---,All populations,---,,,,,,
Housed,Housed,,2024-01-01 00:00:00,,Carleton Place,2023-11-06 00:00:00,9,14,2024-01-01 00:00:00,Permanent and/or long-term housing,2024-01-01 00:00:00,Not a veteran,,,Male,1986-12-10 00:00:00,39,Adult,,,Lanark County Social Services/Housing,2023-11-06 00:00:00,Yes,,,,Lanark County Social Services/Housing,,,,,,ü,,,,,ü,,,,,,2024-01-01 00:00:00,Hogan ,Valerie ,"Nov 2023: added to BNL, single chronic Jan 2024: housed",2024-04-30 00:00:00,Inactive,,,,,,,,,November,2023,January,2024,---,---,,Chronic,---,---,Adult,---,---,All populations,---,,,,,,
Housed,Housed,,2022-10-18 00:00:00,,Smiths Falls,2022-10-18 00:00:00,8,8,2022-10-18 00:00:00,Couch surfing,2023-02-21 00:00:00,,,,Male,1994-11-15 00:00:00,31,Adult,,,Lanark County Social Services/Housing,2022-10-18 00:00:00,Yes,2022-10-18 00:00:00,,,Lanark County Social Services/Housing,,,,,,,,,,,ü,,,,,,2022-10-18 00:00:00,Hogan ,Valerie ,"living in car and couchsurfing.  Employed FT, monthly salary $2600.00/month March 23: Todd is renting in SF, $1000.00/month. Active on OW CW Amy B.",2023-02-15 00:00:00,Inactive,2023-02-28 00:00:00,Returned from inactive,,,,,,,October,2022,February,2023,February,2023,,Chronic,---,---,Adult,---,---,All populations,---,,,,,,
Housed,Housed,,2022-01-21 00:00:00,,,,7,7,2022-02-21 00:00:00,,2022-10-01 00:00:00,,,,Male,1963-11-26 00:00:00,62,Adult,,,Lanark County Social Services/ Housing,2021-09-27 00:00:00,Yes,2021-09-27 00:00:00,,,,,,,,,,,,,,,,,,,,2021-01-27 00:00:00,Coutts,Brooke,referral from housing Wendy,2022-05-21 00:00:00,Inactive,,,,,,,,,September,2021,October,2022,---,---,,Chronic,---,---,Adult,---,---,All populations,---,,,,,,
Housed,Housed,,2025-10-01 00:00:00,,Carleton Place,2025-07-01 00:00:00,6,6,2025-05-08 00:00:00,Permanent and/or long-term housing,2025-10-01 00:00:00,Not a veteran,,,male,1955-11-29 00:00:00,70,Adult,,Non-Indigenous,Lanark County Mental Health ,2025-05-08 00:00:00,Yes,,,,Lanark County Mental Health ,,,,,,,,,,1,ü,,,,ü,,2025-10-01 00:00:00,Hogan ,Valerie ,"May 2025: added to BNL, not chronic adult Oct 2025: aged into chronic, housed ",2026-01-29 00:00:00,Inactive,2025-10-01 00:00:00,,Aged-in: chronic,,,,,,May,2025,October,2025,October,2025,,Chronic,---,---,Adult,---,---,All populations,All populations,OAS and union pension ,,,,,
Housed,Housed,,2025-05-01 00:00:00,,Lanark Highlands,2025-02-20 00:00:00,2,2,2025-02-01 00:00:00,Permanent and/or long-term housing,2025-05-01 00:00:00,Not a veteran,,,non-binary,1976-10-12 00:00:00,49,Adult,,Non-Indigenous,Other,2025-02-01 00:00:00,Yes,,,,Lanark County Social Services/Housing,,,,,,,,,,1,ü,,,,ü,,2025-05-01 00:00:00,Hogan ,Valerie ,"Feb 2025: added to BNL , single not chronic May 2025: housed ",2025-08-29 00:00:00,Inactive,,,,,,,,,February,2025,May,2025,---,---,,---,---,---,Adult,---,---,All populations,All populations,ODSP ,,,,,
Inactive,Documents needed,,2024-12-01 00:00:00,,Perth,2024-06-11 00:00:00,9,9,2024-06-01 00:00:00,Hotel and/or motel,,Not a veteran,,,Female,1976-06-21 00:00:00,49,Adult,,Non-Indigenous,Lanark County Social Services/Housing,2024-06-01 00:00:00,Yes,,,,Lanark County Social Services/Housing,,,,,,ü,,,,,ü,,,,,,2024-11-01 00:00:00,Hogan ,Valerie ,"June 2024: added to BNL, single not chronic Nov 2024: aged into chronic",2025-03-31 00:00:00,Inactive,2025-02-01 00:00:00,Moved to inactive: lost contact,,,,,,,June,2024,---,---,February,2025,,Chronic,---,---,Adult,---,---,All populations,---,CPP-D,,,,,
Actively homeless,Documents needed,,2026-02-01 00:00:00,,Smiths Falls,2024-09-09 00:00:00,12,23,2024-09-09 00:00:00,transitional housing ,,Not a veteran,,,male,1983-06-26 00:00:00,42,Adult,1,Non-Indigenous,Lanark County Mental Health ,2024-09-09 00:00:00,Yes,,,,Lanark County Mental Health ,,,,,,ü,,,,1,ü,,,,,ü,2024-09-09 00:00:00,Hogan ,Valerie ,"Sept 2024:  added to BNL, single chronic",2026-06-01 00:00:00,Actively homeless,,,,,,,,,September,2024,---,---,---,---,,Chronic,---,---,Adult,---,---,All populations,1,ODSP  and self-employment ,,no because of child visits.,2025-04-02 00:00:00,"submitted March , needs NOA",
Housed,Housed,,2025-11-01 00:00:00,,Carleton Place,2025-03-01 00:00:00,11,13,2025-11-01 00:00:00,Permanent and/or long-term housing,2025-11-01 00:00:00,Not a veteran,,,male,1974-12-20 00:00:00,51,Adult,,Non-Indigenous,Lanark County Social Services/Housing,2025-03-01 00:00:00,Yes,,,,Lanark County Social Services/Housing,,,,,,ü,,,,1,ü,,,,ü,ü,2025-11-01 00:00:00,Hogan ,valerie ,"2025-03-01, added to BNL , single not chronic June 2025: became chronic Nov 2025: housed",2026-03-01 00:00:00,Actively homeless,2025-06-01 00:00:00,,Aged-in: chronic,,,,,,March,2025,November,2025,June,2025,,Chronic,---,---,Adult,---,---,All populations,All populations,OW,,,,,
Housed,Housed,,2025-09-01 00:00:00,,Carleton Place,2025-02-10 00:00:00,12,15,2025-02-10 00:00:00,Permanent and/or long-term housing,2025-09-01 00:00:00,Not a veteran,,,female,2006-12-09 00:00:00,19,Youth,,Non-Indigenous,Victim Services,2025-02-10 00:00:00,Yes,,,,Victim Services,,,,,,ü,,,,1,ü,,,,,,2025-02-01 00:00:00,Hogan ,Valerie ,"Feb 2025:  added to BNL, youth chronic Sept 2025: housed ",2025-12-30 00:00:00,Inactive,,,,,,,,,February,2025,September,2025,---,---,,Chronic,---,Youth,---,---,---,All populations,All populations,no income,,,,,
Housed,Housed,,2024-07-01 00:00:00,,Carleton Place,2024-06-01 00:00:00,10,10,2024-06-01 00:00:00,Shelter,2024-07-01 00:00:00,Not a veteran,,,Female,1977-08-13 00:00:00,48,Adult,,Non-Indigenous,Lanark County Interval House,2024-06-01 00:00:00,Yes,,,,Lanark County Interval House,,,,,,ü,,,,,ü,,,,ü,,2024-07-01 00:00:00,Hogan ,Valerie ,"June 2024: added to BNL, chronic adult July 2024: Housed ",2024-10-29 00:00:00,Inactive,,,,,,,,,June,2024,July,2024,---,---,,Chronic,---,---,Adult,---,---,All populations,---,ODSP,,,,,
Housed,Housed,,2023-12-01 00:00:00,,Carleton Place,2023-11-23 00:00:00,2,2,2023-11-23 00:00:00,Unsheltered,2023-12-01 00:00:00,Not a veteran,,,Female,1966-09-17 00:00:00,59,Adult,,,Lanark County Social Services/Housing,2023-11-23 00:00:00,Yes,,,,Lanark County Social Services/Housing,,,,,,,,,,,ü,,,,,,2023-12-01 00:00:00,Hogan ,Valerie ,"Nov 2023: added to BNL, single not chronic  Dec 2023;  housed",2024-03-30 00:00:00,Inactive,,,,,,,,,November,2023,December,2023,---,---,,---,---,---,Adult,---,---,All populations,---,,,,,,
Inactive,Documents needed,,2025-10-01 00:00:00,,Almonte,2025-09-02 00:00:00,7,7,2025-09-02 00:00:00,Couch surfing,,Not a veteran,,,Male,1991-10-19 00:00:00,34,Adult,,Non-Indigenous,Lanark County Mental Health ,2025-09-02 00:00:00,Yes,,,,Lanark County Mental Health ,,,,,,,,,,1,ü,,,,,,2025-10-01 00:00:00,Hogan ,Valerie ,"Sept 2025: added to BNL, single not chronic Oct 2025: left community",2026-01-29 00:00:00,Inactive,2025-10-01 00:00:00,Moved to inactive: left community,,,,,,,September,2025,---,---,October,2025,,Chronic,---,---,Adult,---,---,All populations,All populations,EI ,,,,,
Housed,Housed,,2024-02-01 00:00:00,,Smiths Falls,2023-11-08 00:00:00,4,8,2024-02-01 00:00:00,Permanent and/or long-term housing,2024-02-01 00:00:00,Not a veteran,,,Female,1986-06-11 00:00:00,39,Family,1,,Lanark County Interval House,2023-11-08 00:00:00,Yes,,,,Lanark County Interval House,,,,,,,,,,,ü,,,,ü,ü,2024-02-01 00:00:00,Hogan ,Valerie ,"Nov 2023:  added, family not chronic Feb 2024: housed",2024-05-31 00:00:00,Inactive,,,,,,,,,November,2023,February,2024,---,---,,---,---,---,---,Family,---,All populations,---,,,,,,
Housed,Housed,,2022-08-12 00:00:00,,,2022-05-04 00:00:00,12,36,2022-10-01 00:00:00,Couch surfing,2022-10-01 00:00:00,,,,Female,,28,Adult,,,Lanark County Interval House,2022-05-04 00:00:00,Yes,2022-05-04 00:00:00,,,Lanark County Interval House,,,,,,,,,,,,,,,,,2022-05-04 00:00:00,Hogan,Valerie,interval house,2022-12-10 00:00:00,Inactive,,,,,,,,,May,2022,October,2022,---,---,,Chronic,---,---,Adult,---,---,All populations,---,,,,,,
Housed,Housed,,2024-08-01 00:00:00,,Smiths Falls,2024-02-06 00:00:00,12,18,2024-02-06 00:00:00,Couch surfing,2024-08-01 00:00:00,Not a veteran,,,Female,1968-01-28 00:00:00,58,Adult,,Non-Indigenous,Lanark County Social Services/Housing,2024-02-06 00:00:00,Yes,,,,Lanark County Social Services/Housing,,,,,,ü,,,,,,,,ü,ü,ü,2024-02-01 00:00:00,Hogan ,Valerie ,"2024-02-01: added to BNL, chronic single Aug 2024: housed",2024-11-29 00:00:00,Inactive,,,,,,,,,February,2024,August,2024,---,---,,Chronic,---,---,Adult,---,---,All populations,---,OW,,,,,
Housed,Housed,,2024-03-01 00:00:00,,Perth,2024-02-07 00:00:00,4,25,2024-03-01 00:00:00,Couch surfing,2024-03-01 00:00:00,Not a veteran,,,Female,1988-01-01 00:00:00,38,Family,2,Non-Indigenous,Lanark County Social Services/Housing,2024-02-07 00:00:00,Yes,,,,Lanark County Social Services/Housing,,,,,,ü,,,,,ü,,,,,ü,2024-03-01 00:00:00,Hogan ,Valerie ,"Feb 2024: added to BNL, chronic family  March 2024: housed ",2024-06-29 00:00:00,Inactive,,,,,,,,,February,2024,March,2024,---,---,,Chronic,---,---,---,Family,---,All populations,---,,,,,,
Housed,Housed,,2022-05-16 00:00:00,,,2022-05-16 00:00:00,0,0,2022-05-31 00:00:00,HOUSED,2022-05-31 00:00:00,,,,Male,1968-03-31 00:00:00,58,Adult,,Non-Indigenous,Lanark County Social Services/ Housing,2022-05-16 00:00:00,Yes,2022-05-16 00:00:00,,,Lanark County Social Services/ Housing,,,,,,,,,,,,,,,,,2022-05-31 00:00:00,Hogan,Valerie,"RGI app eligible Dec 19, 2019. Movd to RGI housing as guest. ",2022-09-13 00:00:00,Inactive,,,,,,,,,May,2022,May,2022,---,---,,---,---,---,Adult,---,---,All populations,---,,,,,,
Housed,Housed,,2021-09-22 00:00:00,,,,5,5,2021-10-29 00:00:00,,2022-10-01 00:00:00,,,,Female,1974-01-19 00:00:00,52,Adult,,,Lanark County Social Services/ Housing,2021-09-27 00:00:00,Yes,2021-09-27 00:00:00,,,,,,,,,,,,,,,,,,,,2021-09-27 00:00:00,Coutts,Brooke,UPDATE Sept 27/21 Invoice received. $ 800.00 in damages. Stolen and broken items on top of hotel room rental. OW,2022-01-20 00:00:00,Inactive,,,,,,,,,September,2021,October,2022,---,---,,---,---,---,Adult,---,---,All populations,---,,,,2025-01-03 00:00:00,cancelled,
Inactive,Documents needed,,2025-07-01 00:00:00,,Smiths Falls,2025-05-15 00:00:00,3,3,2025-05-15 00:00:00,Couch surfing,,Not a veteran,,,female,1998-07-29 00:00:00,27,Adult,,Non-Indigenous,Victim Services,2025-05-15 00:00:00,Yes,,,,Victim Services,,,,,,,,,,1,ü,,,,,,2025-07-01 00:00:00,Hogan ,Valerie ,"May 2025: added to BNL, single not chronic july 2025: inactive, leftthe community ",2025-10-29 00:00:00,Inactive,2025-07-01 00:00:00,Moved to inactive: left community,,,,,,,May,2025,---,---,July,2025,,---,---,---,Adult,---,---,All populations,All populations,"no income, was to apply for OW",,,,,
Housed,Housed,,2025-07-01 00:00:00,,Perth,2024-12-12 00:00:00,8,8,2024-12-01 00:00:00,Permanent and/or long-term housing,2025-07-01 00:00:00,Not a veteran,,,male,1983-04-29 00:00:00,43,Adult,,Non-Indigenous,Lanark County Mental Health ,2024-12-12 00:00:00,Yes,,,,Lanark County Mental Health ,,,,,,ü,,,,1,ü,,,,ü,,2025-05-01 00:00:00,Hogan ,Valerie ,"Dec 2024: added to BNL, single not chronic May 2025: became chronic",2025-10-29 00:00:00,Inactive,2025-05-01 00:00:00,,Aged-in: chronic,,,,,,December,2024,July,2025,May,2025,,Chronic,---,---,Adult,---,---,All populations,All populations,CPP,,,,,
Housed,Housed,,2021-10-04 00:00:00,,,,10,14,2021-10-04 00:00:00,Public institution: correctional facilities,2021-10-04 00:00:00,,,,Male,1981-04-16 00:00:00,45,Adult,,Non-status,Lanark County Social Services/ Housing,2021-09-24 00:00:00,Yes,2021-09-24 00:00:00,,,Developmental Services Lanark County,,,,,,,,,,,,,,,,,2021-10-04 00:00:00,Coutts,Brooke,"Hotel covered until Monday September 27/21-Shardon Manor Waitlist- DSS LC, Jail Nov 29/21",2022-02-01 00:00:00,Inactive,,,,,,,,,September,2021,October,2021,---,---,,Chronic,---,---,Adult,---,Indigenous identity,All populations,---,,,,2025-04-04 00:00:00,not in system ,
Housed,Housed,,2025-07-25 00:00:00,,Tay Valley,2023-02-13 00:00:00,6,6,2023-07-25 00:00:00,Hotel and/or motel,2023-07-01 00:00:00,,,,Male,1953-05-14 00:00:00,72,Adult,,,Lanark County Social Services/Housing,2023-02-13 00:00:00,Yes,2023-02-13 00:00:00,2023-02-13 00:00:00,,Lanark County Social Services/Housing,,,,,,,,,,,ü,,,,ü,,2023-07-27 00:00:00,Hogan ,Valerie ,"July 27, 2023: aged into chronic, Housed effective July 1",2025-11-22 00:00:00,Inactive,2023-07-01 00:00:00,,Aged-in: chronic,,,,,,February,2023,July,2023,July,2023,,Chronic,---,---,Adult,---,---,All populations,---,,,,,,
Inactive,Awaiting match,,2024-06-01 00:00:00,,Perth,2023-01-27 00:00:00,12,13,2023-10-01 00:00:00,couch surfing,,,,,Male ,1968-09-02 00:00:00,57,Adult,,,Lanark County Social Services/Housing,2023-01-27 00:00:00,Yes,2023-01-27 00:00:00,,,Lanark County Social Services/Housing,,,,,,ü,,,,,,ü,,,,,2024-06-01 00:00:00,Hogan ,Valerie ,Oct 2023: returned from inactive June 2024: inactive: lost contact ,2024-09-29 00:00:00,Inactive,2024-06-01 00:00:00,Moved to inactive: lost contact,,,,,,,January,2023,---,---,June,2024,,Chronic,---,---,Adult,---,---,All populations,---,odsp,,,,,
Inactive,Documents needed,,2025-07-01 00:00:00,,Smiths Falls,2025-02-04 00:00:00,8,8,2025-07-01 00:00:00,Unsheltered,,Not a veteran,,,female,1980-04-03 00:00:00,46,Adult,,Non-Indigenous,Lanark County Social Services/Housing,2025-02-04 00:00:00,Yes,,,,Lanark County Mental Health ,,,,,,ü,,,,1,ü,,,ü,,ü,2025-07-01 00:00:00,Hogan ,Valerie ,"Feb 2025: added to BNL, single not chronic May 2025: aged in chronic July 2025: inactive, left community",2025-10-29 00:00:00,Inactive,2025-07-01 00:00:00,Moved to inactive: left community,,,,,,,February,2025,---,---,July,2025,,Chronic,---,---,Adult,---,---,All populations,All populations,ODSP ,,,,,
Inactive,Awaiting match,,2022-03-21 00:00:00,,,,10,10,2022-01-21 00:00:00,,,,,,Male,2005-08-10 00:00:00,20,Adult,,,Cornerstone Landing Youth Services,2021-09-30 00:00:00,Yes,2021-09-30 00:00:00,,,Cornerstone Landing Youth Services,,,,,,,,,,,,,,,,,2021-09-21 00:00:00,Coutts,Brooke,*Police interaction*interaction with crisis ervices*been to emerge,2022-07-19 00:00:00,Inactive,,,,,,,,,September,2021,---,---,---,---,,Chronic,---,---,Adult,---,---,All populations,---,,,,,,
Housed,Housed,,2023-01-10 00:00:00,,Smiths Falls,2023-01-10 00:00:00,2,2,2023-01-26 00:00:00,Public institution: hospital and/or treatment program,2023-01-26 00:00:00,,,,Male,1984-10-10 00:00:00,41,Adult,,,Lanark County Social Services/Housing,2023-01-10 00:00:00,Yes,2023-01-10 00:00:00,,2023-01-10 00:00:00,Lanark County Social Services/Housing,,,,,,,,,ü,,ü,,,,ü,ü,2023-01-12 00:00:00,Hogan ,Valerie ,"Income: ODSP .  Evicted following a psychotic break, curenly in Brockville Hospital Jan 26: Moved to Paradise Valley funded bed ",2023-05-10 00:00:00,Inactive,,,,,,,,,January,2023,January,2023,---,---,,---,---,---,Adult,---,---,All populations,---,,,,,,
Inactive,Awaiting match,,2022-12-01 00:00:00,,Smiths Falls,2022-08-24 00:00:00,12,12,2023-03-01 00:00:00,Couch surfing,,,,,Male ,1992-07-12 00:00:00,33,Adult,,,Lanark County Social Services/Housing,2022-08-24 00:00:00,Yes,2022-08-24 00:00:00,,,Lanark County Social Services/Housing,,,,,,,,,,,ü,,,ü,,,2022-08-24 00:00:00,Hogan ,Valerie ,"has 2 huskies, looking for temp housing for them. Oct 13, 22: tried calling, no answer and unable to leave message.  Jan 6, 2023: Tried to call Dakota for update, can't leave mesg 'cellular # unassigned'.  OW case currently suspended, hasn' t received a payment since Oct 1, 2022.",2023-03-31 00:00:00,Inactive,2023-03-01 00:00:00,Moved to inactive: lost contact,,,,,,,August,2022,---,---,March,2023,,Chronic,---,---,Adult,---,---,All populations,---,,,,,,
Housed,Housed,,2023-01-11 00:00:00,,Smiths Falls,2023-01-11 00:00:00,1,6,2023-01-11 00:00:00,Hotel and/or motel,2023-01-19 00:00:00,,,,Female,1992-02-04 00:00:00,34,Adult,,,Lanark County Social Services/Housing,2023-01-13 00:00:00,Yes,2023-01-11 00:00:00,,,Lanark County Social Services/Housing,,,,,,,,,,,ü,,,,,,2023-01-13 00:00:00,Hogan ,Valerie ,"OW. CW. Amy B.Jan 25, 2023: Moved to Brockville.",2023-05-11 00:00:00,Inactive,,,,,,,,,January,2023,January,2023,---,---,,---,---,---,Adult,---,---,All populations,---,,,,,,
Housed,Housed,,2024-07-01 00:00:00,,Smiths Falls,2024-03-01 00:00:00,12,36,2024-03-27 00:00:00,Couch surfing,2024-07-01 00:00:00,Not a veteran,,,Female,1989-01-22 00:00:00,37,Adult,,Non-Indigenous,Lanark County Social Services/Housing,2024-03-01 00:00:00,Yes,,,,Lanark County Social Services/Housing,,,,,,ü,,,,,ü,,,,ü,ü,2024-03-01 00:00:00,Hogan ,Valerie ,"March 2024: added to BNL, single chronic July 2024:Hosed",2024-10-29 00:00:00,Inactive,,,,,,,,,March,2024,July,2024,---,---,,Chronic,---,---,Adult,---,---,All populations,---,OW,hbcm,willowdale,,,
Housed,Housed,,2025-08-01 00:00:00,,Smiths Falls,2025-06-18 00:00:00,4,4,2025-08-01 00:00:00,Permanent and/or long-term housing,2025-08-01 00:00:00,Not a veteran,,,male,1995-07-17 00:00:00,30,Family,2,Non-Indigenous,Lanark County Mental Health ,2025-06-18 00:00:00,Yes,,,,Lanark County Mental Health ,,,,,,,,,,4,ü,,,,,,2025-08-01 00:00:00,Hogan ,Valerie ,"June 2025: addd to BNL, family not chronic Aug 2025: housed ",2025-11-29 00:00:00,Inactive,,,,,,,,,June,2025,August,2025,---,---,,---,---,---,---,Family,---,All populations,All populations,no income ,,,,,
Housed,Housed,,2022-06-27 00:00:00,,,2022-05-11 00:00:00,4,4,2022-09-12 00:00:00,Unsheltered,2022-09-01 00:00:00,,,,Female,1964-04-29 00:00:00,62,Family,2,,Lanark County Social Services/ Housing,2022-05-11 00:00:00,Yes,2022-05-11 00:00:00,,,Lanark County Social Services/ Housing,,,,,,,,,,,,,,,,,2022-05-31 00:00:00,Hogan,Valerie,"living in car, staying in trailer at camp ground looking for housing. Aug 25, 2022: phone number not in service.  No email address.",2022-10-25 00:00:00,Inactive,,,,,,,,,May,2022,September,2022,---,---,,---,---,---,---,Family,---,All populations,---,,,,2024-11-01 00:00:00,cancelled,
Housed,Housed,,2022-06-27 00:00:00,,,2022-05-11 00:00:00,4,4,2022-09-12 00:00:00,Unsheltered,2022-09-01 00:00:00,,,,Male,1962-01-04 00:00:00,64,Family,2,,Lanark County Social Services/ Housing,2022-05-11 00:00:00,Yes,2022-05-11 00:00:00,,,Lanark County Social Services/ Housing,,,,,,,,,,,,,,,,,2022-05-31 00:00:00,Hogan,Valerie,"living in car, staying in trailer at camp ground looking for housing. Aug 25, 2022: phone # not in service, no email. ",2022-10-25 00:00:00,Inactive,,,,,,,,,May,2022,September,2022,---,---,,---,---,---,---,Family,---,All populations,---,,,,,,
Actively homeless,Matched,,2026-02-01 00:00:00,,Smiths Falls,2023-02-17 00:00:00,12,36,2023-10-01 00:00:00,Unsheltered,,,,,Male ,1984-02-20 00:00:00,42,Adult,,,Lanark County Mental Health ,2023-02-17 00:00:00,Yes,2023-02-17 00:00:00,2023-02-17 00:00:00,,Lanark County Mental Health ,,,,,,ü,,,,1,ü,,,,,,2023-10-01 00:00:00,Hogan ,Valerie ,Nov 2023: still homeless,2026-06-01 00:00:00,Actively homeless,2023-02-01 00:00:00,,Aged-in: chronic,,,,,,February,2023,---,---,February,2023,,Chronic,---,---,Adult,---,---,All populations,1,OW,,,2025-01-03 00:00:00,cancelled,
Actively homeless,Documents needed,,2026-01-01 00:00:00,,Smiths Falls,2025-01-28 00:00:00,12,24,2025-01-01 00:00:00,Hotel and/or motel,,Not a veteran,,,male,1994-09-02 00:00:00,31,Family,,Non-Indigenous,Lanark County Social Services/Housing,2025-01-01 00:00:00,Yes,,,,Lanark County Social Services/Housing,,,,,,,,,,2,,ü,,,,,2025-04-01 00:00:00,Hogan ,Valerie ,"Jan 2025:  added to BNL, family, chronic April 2025: inacive: lost contact Nov 2025:  returned from inactive, chronic",2026-05-01 00:00:00,Actively homeless,2025-11-01 00:00:00,Returned from inactive,,,,,,,January,2025,---,---,November,2025,,Chronic,---,---,---,Family,---,All populations,All populations,employed/ow,"HBCM, Feb 5, 2025",,2025-11-28 00:00:00,"applied Dec 17, 2025, missing ID and 2024 NOA.  Deadlie March 17, 2026",not in system
Inactive,Documents needed,,2025-12-01 00:00:00,,Carleton Place,2025-09-11 00:00:00,6,6,2025-09-11 00:00:00,Hotel and/or motel,,Not a veteran,,,Male,1991-01-04 00:00:00,35,Adult,,Non-Indigenous,Lanark County Social Services/Housing,2025-09-11 00:00:00,Yes,,,,Lanark County Social Services/Housing,,,,,,,,,,1,ü,,,,,,2026-02-01 00:00:00,Hogan ,Valerie ,"Sept 2025: added to BNL, single not chronic  Feb 2026:aged into chronic Feb 2026: became inactive ",2026-03-31 00:00:00,Actively homeless,2026-02-01 00:00:00,Moved to inactive: lost contact,Aged-in: chronic,,,,,,September,2025,---,---,February,2026,,Chronic,---,---,Adult,---,---,All populations,All populations,?,,,,,
Housed,Housed,,2025-10-01 00:00:00,,Smiths Falls,2025-08-25 00:00:00,10,10,2025-08-25 00:00:00,Permanent and/or long-term housing,2025-10-01 00:00:00,Not a veteran,,,male,1980-07-17 00:00:00,45,Adult,,Non-Indigenous,Lanark County Mental Health ,2025-08-25 00:00:00,Yes,,,,Lanark County Mental Health ,,,,,,ü,,,ü,1,ü,,,,ü,,2025-10-01 00:00:00,Hogan ,Valerie ,"Aug 2025:  added to BNL, single chronic adult Oct 2025: housed ",2026-01-29 00:00:00,Inactive,,,,,,,,,August,2025,October,2025,---,---,,Chronic,---,---,Adult,---,---,All populations,All populations,OW,,,,,
Housed,Housed,,2022-07-07 00:00:00,,,2022-06-09 00:00:00,5,5,2022-10-01 00:00:00,Left Community ,2022-10-01 00:00:00,,,,Female,1969-01-11 00:00:00,57,Adult,,,Lanark County Interval House,2022-06-09 00:00:00,Yes,2022-06-09 00:00:00,,,Lanark County Interval House,,,,,,,,,,,,,,,,,2022-06-09 00:00:00,Hogan,Valerie,Has a dog.  Living in Prince Edward County ,2022-11-04 00:00:00,Inactive,,,,,,,,,June,2022,October,2022,---,---,,---,---,---,Adult,---,---,All populations,---,,,,,,
Inactive,Documents needed,,2025-11-01 00:00:00,,Tay Valley,2025-06-10 00:00:00,12,36,2025-11-01 00:00:00,Transitional housing,,Not a veteran,,,male,1984-04-25 00:00:00,42,Adult,,Non-Indigenous,Other,2025-06-10 00:00:00,Yes,,,,Lanark County Social Services/Housing,,,,,,ü,,,,1,ü,,,,,,2025-11-01 00:00:00,Hogan ,Valerie ,"June 2025: added to BNL, single chronic adult  Nov 2025: inactive, left municipality ",2026-03-01 00:00:00,Actively homeless,2025-11-01 00:00:00,Moved to inactive: left community,,,,,,,June,2025,---,---,November,2025,,Chronic,---,---,Adult,---,---,All populations,All populations,OW,,,no consent,,
Housed,Housed,,2023-06-01 00:00:00,,Carleton Place,2022-08-12 00:00:00,12,30,2023-06-01 00:00:00,Transitional housing,2023-06-01 00:00:00,,,,Female,1981-04-03 00:00:00,45,Adult,1,,Lanark County Interval House,2021-09-28 00:00:00,Yes,2021-09-28 00:00:00,,,Lanark County Interval House,,,,,,,,,,,ü,,,,ü,,2022-01-26 00:00:00,Hogan ,Valerie ,"LCIH- met with KA, no update, still waiting for housing at second stage. Jan5: still waiting for RGI housing but has to leave IH transitional housing soon. March 1, 2023: offered housing June : moved to RGI",2023-09-29 00:00:00,Inactive,,,,,,,,,September,2021,June,2023,---,---,,Chronic,---,---,Adult,---,---,All populations,---,,,,,,
Housed,Housed,,2025-08-01 00:00:00,,Smiths Falls,2024-06-19 00:00:00,12,36,2025-08-01 00:00:00,permanent housing ,2025-08-01 00:00:00,Not a veteran,,,Male,1983-09-28 00:00:00,42,Adult,,Non-Indigenous,Other,2024-06-01 00:00:00,Yes,,,,Lanark County Social Services/Housing,,,,,,ü,,,,1,ü,,,,,,2024-06-01 00:00:00,Hogan ,Valerie ,"June 2024:  added to BNL, chronic adult ",2025-11-29 00:00:00,Inactive,,,,,,,,,June,2024,August,2025,---,---,,Chronic,---,---,Adult,---,---,All populations,1,OW,,,,,
Housed,Housed,,2024-03-01 00:00:00,,Smiths Falls,2024-02-01 00:00:00,7,7,2024-03-01 00:00:00,Couch surfing,2024-03-01 00:00:00,Not a veteran,,,Female,1991-07-13 00:00:00,34,Family,2,,Lanark County Mental Health ,2024-02-01 00:00:00,Yes,,,,Lanark County Mental Health ,,,,,,ü,,,,,ü,,,,,ü,2024-03-01 00:00:00,Hogan ,Valerie ,Feb 2024 - added to BNL March 2024: housed ,2024-06-29 00:00:00,Inactive,,,,,,,,,February,2024,March,2024,---,---,,Chronic,---,---,---,Family,---,All populations,---,,,,,,
Housed,Housed,,2024-10-01 00:00:00,,Perth,2024-07-09 00:00:00,6,6,2024-07-09 00:00:00,seasonal housing,2024-10-01 00:00:00,Not a veteran,,,female,1999-09-22 00:00:00,26,Family,1,Non-Indigenous,Lanark County Social Services/Housing,2024-07-09 00:00:00,Yes,,,,Cornerstone Landing,,,,,,ü,ü,,,,ü,,,,,,2024-10-01 00:00:00,Hogan ,Valerie ,"July 2024: added to bnl, family and youth not chronic Oct 2024: became chronic Oct 2024: housed ",2025-01-29 00:00:00,Inactive,2024-10-01 00:00:00,,Aged-in: chronic,,,,,,July,2024,October,2024,October,2024,,Chronic,---,---,---,Family,---,All populations,---,ODSP ,cornerstone July 2024,ineligible,,,
Inactive,Awaiting match,,2022-02-21 00:00:00,,,,12,17,2021-09-21 00:00:00,,,,,,Female,1949-03-25 00:00:00,77,Adult,,,The Table Community Food Bank,2021-09-29 00:00:00,Yes,2021-09-29 00:00:00,,,*UNASSIGNED*,,,,,,,,,,,,,,,,,2021-09-29 00:00:00,Coutts,Brooke,Referral from the table no service agency,2022-06-21 00:00:00,Inactive,,,,,,,,,September,2021,---,---,---,---,,Chronic,---,---,Adult,---,---,All populations,---,,,,,,
Housed,Housed,,2023-10-01 00:00:00,,Perth,2023-08-01 00:00:00,7,7,2023-10-01 00:00:00,Couch surfing,2023-10-01 00:00:00,,,,Female,2003-09-24 00:00:00,22,Youth,,,Cornerstone Landing,2023-08-01 00:00:00,Yes,,,,Lanark County Social Services/Housing,,,,,,,ü,,,,ü,,,,ü,ü,2023-10-01 00:00:00,Hogan ,Valerie ,"Sept 28, 2023: Aged into chronic Oct 2023: Housed",2024-01-29 00:00:00,Inactive,2023-09-01 00:00:00,,Aged-in: chronic,,,,,,August,2023,October,2023,September,2023,,Chronic,---,Youth,---,---,---,All populations,---,,,,2024-11-01 00:00:00,not in system ,
Inactive,Documents needed,,2024-01-01 00:00:00,,Smiths Falls,2023-10-31 00:00:00,7,10,2023-12-01 00:00:00,Couch surfing,,Not a veteran,,,Female,2003-03-02 00:00:00,23,Youth,,,Cornerstone Landing,2023-10-31 00:00:00,Yes,,,,Cornerstone Landing,,,,,,ü,ü,,,,,,,,,,2023-12-01 00:00:00,Hogan ,Valerie,"Oct 2023: added to BNL Dec 2023: became chronic, renting room Jan 2024: ianctive, left community",2024-04-30 00:00:00,Inactive,2024-01-01 00:00:00,Moved to inactive: left community,,,,,,,October,2023,---,---,January,2024,,Chronic,---,Youth,---,---,---,All populations,---,,,,,,
Housed,Housed,,2022-05-12 00:00:00,,,2022-05-12 00:00:00,0,,2022-05-31 00:00:00,Couch surfing,2022-07-01 00:00:00,,,,Female,,---,Adult,,,Lanark County Social Services/ Housing,2022-05-12 00:00:00,Yes,2022-05-12 00:00:00,,,Cornerstone Landing Youth Services,,,,,,,,,,,,,,,,,2022-05-31 00:00:00,Hogan,Valerie,,2022-09-09 00:00:00,Inactive,,,,,,,,,May,2022,July,2022,---,---,,---,---,---,Adult,---,---,All populations,---,,,,,,
Housed,Housed,,2024-04-01 00:00:00,,Perth,2023-10-13 00:00:00,8,8,2024-04-01 00:00:00,Couch surfing,2024-04-01 00:00:00,Not a veteran,,,Male,1951-10-16 00:00:00,74,Adult,,,Lanark County Social Services/Housing,2023-10-13 00:00:00,Yes,,,,Lanark County Social Services/Housing,,,,,,ü,,,,,ü,,,,ü,ü,2024-04-01 00:00:00,Hogan ,Valerie ,2023-10-01: added to BNL Feb 2024: Aged in chronic April 2024: housed ,2024-07-30 00:00:00,Inactive,2024-02-01 00:00:00,,Aged-in: chronic,,,,,,October,2023,April,2024,February,2024,,Chronic,---,---,Adult,---,---,All populations,---,OAS/CPP,,,,,
Housed,Housed,,2024-07-01 00:00:00,,Lanark Highlands,2024-06-08 00:00:00,12,36,2024-06-01 00:00:00,Couch surfing,2024-09-01 00:00:00,Not a veteran,,,male,1999-09-24 00:00:00,26,Youth,,Non-Indigenous,Lanark County Mental Health ,2024-06-01 00:00:00,Yes,,,,Cornerstone Landing,,,,,,ü,ü,,,,ü,,,,,,2024-09-01 00:00:00,Hogan ,Valerie ,"June 2024, added to BNL, single chronic  Sept 2024:  housed ",2024-10-29 00:00:00,Inactive,,,,,,,,,June,2024,September,2024,---,---,,Chronic,---,Youth,---,---,---,All populations,---,ODSP ,,,,,
Housed,Housed,,2024-11-01 00:00:00,,Smiths Falls,2024-02-06 00:00:00,12,21,2024-02-06 00:00:00,Couch surfing,2024-11-01 00:00:00,Not a veteran,,,Female,1994-06-02 00:00:00,31,Family,3,Non-Indigenous,Lanark County Social Services/Housing,2024-02-06 00:00:00,Yes,,,,Lanark County Social Services/Housing,,,,,,ü,,,,,ü,,,,,,2024-11-01 00:00:00,Hogan ,Valerie ,"Feb 24:  added to BNL, chronic family Nov 2024: housed ",2025-03-01 00:00:00,Inactive,,,,,,,,,February,2024,November,2024,---,---,,Chronic,---,---,---,Family,---,All populations,---,OW,,willowdale,,,
Inactive,Documents needed,,2025-02-01 00:00:00,,Carleton Place,2024-03-01 00:00:00,12,23,2024-03-25 00:00:00,seasonal housing,,Not a veteran,,,Male,1989-01-06 00:00:00,37,Family,3,Non-Indigenous,Lanark County Social Services/Housing,2024-03-01 00:00:00,Yes,,,,Lanark County Social Services/Housing,,,,,,ü,,,,1,ü,,,ü,,,2025-05-01 00:00:00,Hogan ,Valerie ,"March 2024: added to BNL, family chronc.  May 2025: became inactive, unable to  contact",2025-06-01 00:00:00,Inactive,2025-05-01 00:00:00,Moved to inactive: lost contact,,,,,,,March,2024,---,---,May,2025,,Chronic,---,---,---,Family,---,All populations,1,employed,,,,,
Actively homeless,Documents needed,,2025-12-01 00:00:00,,Lanark Highlands,2025-08-15 00:00:00,9,9,2025-10-01 00:00:00,Transitional housing,,Not a veteran,,,female,1976-02-24 00:00:00,50,Adult,,Non-Indigenous,Lanark County Interval House,2025-08-15 00:00:00,Yes,,,,Lanark County Interval House,,,,,,ü,,,,1,ü,,,,,,2025-11-01 00:00:00,Hogan ,Valerie ,"Aug 2025;  added to BNL, single, not chronic Nov 2025: became chronic",2026-03-31 00:00:00,Actively homeless,2025-11-01 00:00:00,,Aged-in: chronic,,,,,,August,2025,---,---,November,2025,,Chronic,---,---,Adult,---,---,All populations,All populations,self-employed ,,,,,
Inactive,Awaiting match,,2022-09-06 00:00:00,,Carleton Place,2022-08-31 00:00:00,7,7,2022-09-06 00:00:00,Public institution: hospital and/or treatment program,,,,,Male,1942-08-16 00:00:00,83,Adult,,,Other,2022-08-31 00:00:00,Yes,2022-08-31 00:00:00,,,,,,,,,,,,,,,,,,,,2022-10-31 00:00:00,Hogan ,Valerie ,"working closely with paramedic Clark Bingley.  Contacting 7 West, on ASH waitlist Oct 2022: has been hospitalized and will remain so until a LT bed is available. ",2023-01-04 00:00:00,Inactive,2022-10-01 00:00:00,Moved to inactive: public institution,,,,,,,August,2022,---,---,October,2022,,Chronic,---,---,Adult,---,---,All populations,---,,,,2024-09-12 00:00:00,"app submitted April 13, 2025 via All Housing applications. On Local priority  list Annual updat submitted in july. Update complete",not n waitlit 
Actively homeless,Documents needed,,2026-02-01 00:00:00,,Smiths Falls,2025-07-04 00:00:00,9,19,2025-07-15 00:00:00,Transitional housing,,Not a veteran,,,male,2001-06-27 00:00:00,24,Youth,,Non-Indigenous,Lanark County Social Services/Housing,2025-07-04 00:00:00,Yes,,,,Lanark County Social Services/Housing,,,,,,,,,,1,ü,,,,,,2025-11-01 00:00:00,Hogan ,Valerie ,"July 2025:  added to BNL, single not chronic Nov 2025: aged into chronic",2026-06-01 00:00:00,Actively homeless,2025-11-01 00:00:00,,Aged-in: chronic,,,,,,July,2025,---,---,November,2025,,Chronic,---,Youth,---,---,---,All populations,All populations,OW ,,,2025-07-04 00:00:00,not in system ,
Inactive,Documents needed,,2024-10-01 00:00:00,,Lanark Highlands,2024-08-06 00:00:00,4,24,2024-08-08 00:00:00,Couch surfing,,Not a veteran,,,female,1971-08-21 00:00:00,54,Adult,,Non-Indigenous,Lanark County Social Services/Housing,2024-08-08 00:00:00,Yes,,,,Lanark County Social Services/Housing,,,,,,ü,,,,,ü,,,ü,,,2024-11-01 00:00:00,Hogan ,Valerie ,"Ag 2024:  added to BNL, adult chronic Nov 2024: became inactive, left community",2025-01-29 00:00:00,Inactive,2024-11-01 00:00:00,Moved to inactive: left community,,,,,,,August,2024,---,---,November,2024,,Chronic,---,---,Adult,---,---,All populations,---,OW ,,declined,,,
Housed,Housed,,2025-04-01 00:00:00,,Carleton Place,2025-01-29 00:00:00,4,4,2025-01-01 00:00:00,Couch surfing,2025-04-01 00:00:00,Not a veteran,,,female,1994-11-14 00:00:00,31,Family,2,Non-Indigenous,Victim Services,2025-01-01 00:00:00,Yes,,,,Lanark County Mental Health ,,,,,,,,,,3,ü,,,,,,2025-04-01 00:00:00,Hogan ,Valerie ,"Jan 2025: added to BNL, family not chronic April 2025: housed ",2025-07-30 00:00:00,Inactive,,,,,,,,,January,2025,April,2025,---,---,,---,---,---,---,Family,---,All populations,All populations,EI ,,,,,
Housed,Housed,,2022-05-30 00:00:00,,,2022-05-10 00:00:00,1,1,2022-05-18 00:00:00,HOUSED,2022-06-01 00:00:00,,,,Female,2000-10-21 00:00:00,25,Youth,,,Lanark County Social Services/ Housing,2022-05-10 00:00:00,Yes,2022-05-10 00:00:00,,,Cornerstone Landing Youth Services,,,,,,,,,,,,,,,,,2022-05-31 00:00:00,Hogan,Valerie,secured rental housing May 2022,2022-09-27 00:00:00,Inactive,,,,,,,,,May,2022,June,2022,---,---,,---,---,Youth,---,---,---,All populations,---,,,,,,
Housed,Housed,,2023-10-01 00:00:00,,Smiths Falls,2022-04-11 00:00:00,3,3,2023-10-01 00:00:00,,2023-10-01 00:00:00,,,,Male,1962-07-29 00:00:00,63,Adult,,,Lanark County Social Services/ Housing,2022-04-25 00:00:00,Yes,2022-04-25 00:00:00,,,Lanark County Social Services/ Housing,,2023-10-01 00:00:00,,,,,,,,,ü,,ü,,ü,ü,2023-10-01 00:00:00,Hogan ,Valerie ,"no other services involved, has a cat. Temp room rental from family member  Oct 2023 Housed",2024-01-29 00:00:00,Inactive,2023-07-01 00:00:00,Returned from housing,,,,,,,April,2022,October,2023,July,2023,,---,---,---,Adult,---,---,All populations,---,,,,,,
Inactive,Documents needed,,2025-12-01 00:00:00,,Perth,2025-08-22 00:00:00,6,6,2025-08-22 00:00:00,Unsheltered,,Not a veteran,,,male,1993-01-31 00:00:00,33,Family,2,Non-Indigenous,Lanark County Social Services/Housing,2025-08-22 00:00:00,Yes,,,,Lanark County Social Services/Housing,,,,,,ü,,,,2,ü,,,,,,2025-12-01 00:00:00,Hogan ,Valerie ,"Aug 2025: added to BN, family not chronic Dec 2025:became chronic, became inactive, left municipality ",2026-03-31 00:00:00,Actively homeless,2025-12-01 00:00:00,Moved to inactive: left community,Aged-in: chronic,,,,,,August,2025,---,---,December,2025,,Chronic,---,---,---,Family,---,All populations,All populations,"OW, VYSA",,,,,
Housed,Housed,,2024-04-01 00:00:00,,Carleton Place,2023-12-06 00:00:00,7,30,2023-12-01 00:00:00,Hotel and/or motel,2024-06-01 00:00:00,Not a veteran,,,Female,1981-02-23 00:00:00,45,Family,3,,Lanark County Social Services/Housing,2023-12-06 00:00:00,Yes,,,,Lanark County Social Services/Housing,,,,,,ü,,,,,ü,,,,,,2023-12-01 00:00:00,Hogan ,Valerie ,"Dec 2023: added to BNL, chronic famil June 2024: housed",2024-07-30 00:00:00,Inactive,,,,,,,,,December,2023,June,2024,---,---,,Chronic,---,---,---,Family,---,All populations,---,OW,,,,,
Housed,Housed,,2022-04-06 00:00:00,,,2022-04-06 00:00:00,3,3,2022-07-04 00:00:00,HOUSED,2022-06-01 00:00:00,,,,Female,1987-12-06 00:00:00,38,Adult,,,Developmental Services Lanark County,2022-04-25 00:00:00,Yes,2022-04-25 00:00:00,,,Developmental Services Lanark County,,,,,,,,,,,,,,,,,2022-04-25 00:00:00,Coutts,Brooke,"eviction from RGI, DSS case manages",2022-08-04 00:00:00,Inactive,,,,,,,,,April,2022,June,2022,---,---,,---,---,---,Adult,---,---,All populations,---,,,,,,
Inactive,Awaiting match,,2025-04-01 00:00:00,,Smiths Falls,2023-02-27 00:00:00,12,33,2023-07-25 00:00:00,Couch surfing,,,,,Female,2005-01-07 00:00:00,21,Adult,,,Cornerstone Landing,2023-02-23 00:00:00,Yes,2023-02-23 00:00:00,,,Cornerstone Landing,,,,,,,,,,1,,,,ü,ü,,2025-06-01 00:00:00,Hogan ,Valerie ,"VYSA at Open Doors Feb 2025: returned from housed June 2025:  Inactive, unable to contact ",2025-07-30 00:00:00,Inactive,2025-06-01 00:00:00,Moved to inactive: lost contact,,,,,,,February,2023,---,---,June,2025,,Chronic,---,---,Adult,---,---,All populations,1,VYSA $1000.00 in RSG program ,,,,,
Inactive,Documents needed,,2023-11-01 00:00:00,,Smiths Falls,2023-08-10 00:00:00,5,5,2023-09-01 00:00:00,Hotel and/or motel,,,,,Male ,1977-02-14 00:00:00,49,Family,,,Lanark County Social Services/Housing,2023-08-10 00:00:00,Yes,,,,Lanark County Social Services/Housing,,,,,,,,,,,ü,,,,,,2023-08-01 00:00:00,Hogan ,Valerie ," Nov 2023: Inactive, no contact",2024-02-29 00:00:00,Inactive,2023-11-01 00:00:00,Moved to inactive: lost contact,,,,,,,August,2023,---,---,November,2023,,---,---,---,---,Family,---,All populations,---,,,,,,
Housed,Housed,,2026-02-01 00:00:00,,Smiths Falls,2025-09-19 00:00:00,11,12,2026-02-01 00:00:00,Permanent and/or long-term housing,2026-02-01 00:00:00,Not a veteran,,,male,1982-11-26 00:00:00,43,Adult,,Non-Indigenous,Lanark County Mental Health ,2025-09-19 00:00:00,Yes,,,,Lanark County Mental Health ,,,,,,ü,,,,1,ü,,,,,,2025-09-01 00:00:00,Hogan ,Valerie ,"Sept 2025: added to BNL, single chronic",2026-06-01 00:00:00,Actively homeless,,,,,,,,,September,2025,February,2026,---,---,,Chronic,---,---,Adult,---,---,All populations,All populations,ODSP and empl.,,,2025-09-19 00:00:00,not in system ,not on list 
Inactive,Documents needed,,2025-01-01 00:00:00,,Perth,2024-11-04 00:00:00,3,3,2024-11-04 00:00:00,Hotel and/or motel,,Not a veteran,,,male ,1963-03-07 00:00:00,63,Adult,,Non-Indigenous,Lanark County Social Services/Housing,2024-11-04 00:00:00,Yes,,,,Lanark County Social Services/Housing,,,,,,,,,,,ü,,,,,ü,2025-01-01 00:00:00,Hogan ,Valerie ,added to BNL: single not chronic Jan 2025: became inactive ,2025-05-01 00:00:00,Inactive,2025-01-01 00:00:00,Moved to inactive: lost contact,,,,,,,November,2024,---,---,January,2025,,---,---,---,Adult,---,---,All populations,---,"CPP-D, ",HBCM,,,,
Inactive,Documents needed,,2024-04-01 00:00:00,,Carleton Place,2024-02-01 00:00:00,5,5,2024-02-01 00:00:00,Hotel and/or motel,,Not a veteran,,,Male,2005-04-05 00:00:00,21,Youth,,Non-Indigenous,Lanark County Social Services/Housing,2024-02-01 00:00:00,Yes,,,,Lanark County Social Services/Housing,,,,,,,ü,,,,ü,,,ü,,,2024-04-01 00:00:00,Hogan ,Valerie ,"2024-02-01: added to BNL, youth, single, not chronic April 2024: loct contact ",2024-07-30 00:00:00,Inactive,2024-04-01 00:00:00,Moved to inactive: lost contact,,,,,,,February,2024,---,---,April,2024,,---,---,Youth,---,---,---,All populations,---,no income,,,Nov 1 2024,,
Actively homeless,Documents needed,,2025-12-01 00:00:00,,Perth,2025-09-08 00:00:00,7,7,2025-09-08 00:00:00,Couch surfing,,Not a veteran,,,male,1970-08-27 00:00:00,55,Adult,,Non-Indigenous,Lanark County Social Services/Housing,2025-09-08 00:00:00,Yes,,,,Lanark County Social Services/Housing,,,,,,,,,,1,ü,,,,,,2026-01-01 00:00:00,Hogan ,Valerie ,"Sept 2025:  added to BNL, single not chronic Jan 2026:  aged into chronic",2026-03-31 00:00:00,Actively homeless,2026-01-01 00:00:00,,Aged-in: chronic,,,,,,September,2025,---,---,January,2026,,Chronic,---,---,Adult,---,---,All populations,All populations,CPP,,,2025-09-08 00:00:00,"On with ***** as co-applicant, no file for him alone ",not on list 
Housed,Housed,,2026-02-01 00:00:00,,Smiths Falls,2025-07-07 00:00:00,9,33,2026-02-01 00:00:00,Permanent and/or long-term housing,2026-02-01 00:00:00,Not a veteran,,,male,1974-11-13 00:00:00,51,Adult,,Non-Indigenous,Lanark County Social Services/Housing,2025-07-07 00:00:00,Yes,,,,Lanark County Social Services/Housing,,,,,,ü,,,,1,ü,,,,ü,,2026-02-01 00:00:00,Hogan ,Valerie ,"July 2025: added to BNL, single chronicFeb 2026: housed ",2026-06-01 00:00:00,Actively homeless,,,,,,,,,July,2025,February,2026,---,---,,Chronic,---,---,Adult,---,---,All populations,All populations,OW,,,2025-05-02 00:00:00,"March 14,, 2025.  2025 update completed with Courtney - follow-up.  Was put on offer for 105 Bell on Aug 14, 2025","sent PHB application April 7, didn't return it.  "
Housed,Housed,,2025-08-25 00:00:00,,Smiths Falls,2024-02-01 00:00:00,12,12,2025-08-01 00:00:00,Housed ,2025-09-01 00:00:00,Not a veteran,,,Female,1991-03-08 00:00:00,35,Adult,,Non-Indigenous,Lanark County Mental Health ,2024-02-01 00:00:00,Yes,,,,Lanark County Mental Health ,,,,,,ü,,,,1,,,ü,,,ü,2025-08-01 00:00:00,Hogan ,Valerie ,"Feb 2024:  added to BNL, single not chronicAUg 2025: returned from  Housed, chronic single July2024: aged into chronic Dec 2024:  housed  Aug 2025: returned from Housed . Sept 2025: housed ",2025-12-23 00:00:00,Inactive,2025-08-01 00:00:00,Returned from housing,,,,,,,February,2024,September,2025,August,2025,,Chronic,---,---,Adult,---,---,All populations,1,OW,hbcm,,,,
Inactive,Documents needed,,2025-05-01 00:00:00,,Perth,2025-01-25 00:00:00,12,36,2025-02-01 00:00:00,Transitional housing,,Not a veteran,,,male,1986-08-29 00:00:00,39,Adult,,Non-Indigenous,Lanark County Social Services/Housing,2025-02-18 00:00:00,Yes,,,,Lanark County Social Services/Housing,,,,,,ü,,,,1,ü,,,,,,2025-07-01 00:00:00,Hogan ,Valerie ,"Feb 2025: added to BNL, single chronic july 2025: inactive , left the community ",2025-08-29 00:00:00,Inactive,2025-07-01 00:00:00,Moved to inactive: left community,,,,,,,February,2025,---,---,July,2025,,Chronic,---,---,Adult,---,---,All populations,All populations,OW,,,,,
Actively homeless,Documents needed,,2025-12-01 00:00:00,,Smiths Falls,2025-04-25 00:00:00,12,36,2025-04-25 00:00:00,Couch surfing,,Not a veteran,,,male ,1984-02-15 00:00:00,42,Adult,,Non-Indigenous,Lanark County Social Services/Housing,2025-04-25 00:00:00,Yes,,,,Lanark County Social Services/Housing,,,,,,ü,,,,1,ü,,,,,,2025-04-01 00:00:00,Hogan ,Valerie ,"April 2025: Added to BNL, adult chronic",2026-03-31 00:00:00,Actively homeless,,,,,,,,,April,2025,---,---,---,---,,Chronic,---,,Adult,---,---,All populations,All populations,OW,,,2025-04-25 00:00:00,"cancelled, update not completed ",
Inactive,Documents needed,,2025-07-31 00:00:00,,Smiths Falls,2025-07-01 00:00:00,1,1,2025-07-15 00:00:00,Unsheltered,,Not a veteran,,,female,1987-10-07 00:00:00,38,Adult,,Non-Indigenous,Other,2025-07-01 00:00:00,Yes,,,,Lanark County Social Services/Housing,,,,,,,,,,1,ü,,,,,,2025-07-01 00:00:00,Hogan ,Valerie ,"July 2025: added to BNL, single not chronic",2025-11-28 00:00:00,Inactive,2025-07-01 00:00:00,Moved to inactive: left community,,,,,,,July,2025,---,---,July,2025,,---,---,---,Adult,---,---,All populations,All populations,EI,,,,,
Housed,Housed,,2023-06-01 00:00:00,,Smiths Falls,2023-04-21 00:00:00,2,26,2023-04-21 00:00:00,Permanent and/or long-term housing,2023-06-01 00:00:00,,,,Male ,1995-04-09 00:00:00,31,Adult,,Non-Indigenous,Other,2023-04-21 00:00:00,Yes,,,,Lanark County Mental Health ,,2023-06-01 00:00:00,,,,ü,,,,,ü,,,,ü,ü,2023-06-01 00:00:00,Hogan ,Valerie ,"Apr 21: referred  by LCMH, losing housing at end of April June 2023: renting market rent, BNL rent subsidy",2023-09-29 00:00:00,Inactive,,,,,,,,,April,2023,June,2023,---,---,,Chronic,---,---,Adult,---,---,All populations,---,,,,,,
Housed,Housed,,2025-04-01 00:00:00,,Smiths Falls,2025-01-25 00:00:00,8,15,2025-01-01 00:00:00,Permanent and/or long-term housing,2025-04-01 00:00:00,Not a veteran,,,male,1996-05-22 00:00:00,29,Adult,,Non-Indigenous,Lanark County Social Services/Housing,2025-01-01 00:00:00,Yes,,,,Lanark County Social Services/Housing,,,,,,,,,,1,ü,,,,ü,,2025-04-01 00:00:00,Hogan ,Valerie ,"Jan 2025:  added to BNL, single not chronic April 2025: housed ",2025-07-30 00:00:00,Inactive,2025-02-01 00:00:00,,Aged-in: chronic,,,,,,January,2025,April,2025,February,2025,,Chronic,---,---,Adult,---,---,All populations,All populations,OW,,,,,
Inactive,Documents needed,,2025-06-01 00:00:00,,Perth,2024-11-22 00:00:00,12,19,2024-11-22 00:00:00,Couch surfing,,Not a veteran,,,female,2005-11-22 00:00:00,20,Youth,,Non-Indigenous,Lanark County Social Services/Housing,2024-11-22 00:00:00,Yes,,,,Cornerstone Landing,,,,,,ü,ü,,,1,ü,,,ü,,,2025-06-01 00:00:00,Hogan ,Valerie ,"added to BNL, chronic single June 2025: moved to another municipality ",2025-09-29 00:00:00,Inactive,2025-06-01 00:00:00,Moved to inactive: left community,,,,,,,November,2024,---,---,June,2025,,Chronic,---,Youth,---,---,---,All populations,1,applying for OW ,Cornerstone,,,,
Housed,Housed,,2024-08-01 00:00:00,,Perth,2024-07-18 00:00:00,3,3,2024-07-18 00:00:00,Hotel and/or motel,2024-09-01 00:00:00,Not a veteran,,,Male,1973-10-22 00:00:00,52,Adult,,Non-Indigenous,Lanark County Social Services/Housing,2024-07-01 00:00:00,Yes,,,,Lanark County Social Services/Housing,,,,,,,,,,,ü,,,,ü,ü,2024-07-01 00:00:00,Hogan ,Valerie ,"July 2024: added to BNL:, single adult ",2024-11-29 00:00:00,Inactive,,,,,,,,,July,2024,September,2024,---,---,,---,---,---,Adult,---,---,All populations,---,ODSP,,,,,
Housed,Housed,,2022-03-21 00:00:00,,,,9,9,2022-01-21 00:00:00,,2022-01-01 00:00:00,,,,Male,2001-02-07 00:00:00,25,Adult,,,Lanark County Social Services/ Housing,2021-09-27 00:00:00,Yes,2021-09-27 00:00:00,,,,,,,,,,,,,,,,,,,,2022-01-27 00:00:00,Coutts,Brooke,"Has had interaction with police, OW support ",2022-07-19 00:00:00,Inactive,,,,,,,,,September,2021,January,2022,---,---,,Chronic,---,---,Adult,---,---,All populations,---,,,,,,
Inactive,Awaiting match,,2022-01-21 00:00:00,,,,12,16,2022-01-21 00:00:00,,,,,,Female,1985-01-25 00:00:00,41,Adult,,First Nations: off-reserve,Lanark County Interval House,2021-09-28 00:00:00,Yes,2021-09-28 00:00:00,,,Lanark County Interval House,,,,,,,,,,,,,,,,,2022-01-26 00:00:00,Coutts,Brooke,"LCIH- KA no update, left shelter, no contact, was at shelter, asked to leave due to behaviour.  Came from ottawa, assuming she returned.",2022-05-21 00:00:00,Inactive,,,,,,,,,September,2021,---,---,---,---,,Chronic,---,---,Adult,---,Indigenous identity,All populations,---,,,,2025-03-25 00:00:00,"applied status, has until April 30 to submit NOA May: 2025: waiting for NOA. Aug: now eligible - refer to local priority",not on waitlist 
Housed,Housed,,2022-11-22 00:00:00,,Smiths Falls,2022-11-22 00:00:00,4,4,2022-11-22 00:00:00,Couch surfing,2023-01-03 00:00:00,,,,Male,1964-07-14 00:00:00,61,Adult,,,Lanark County Social Services/Housing,2022-11-22 00:00:00,Yes,2022-11-22 00:00:00,,,Lanark County Social Services/Housing,,,,,,,,,,,ü,,,,,ü,2022-11-22 00:00:00,Hogan ,Valerie ,"couchsurfing, lost job in Jan because edidn't have trans. Left apt in Sept because couldn't afford it.  Couchsurfing, can cont for a while.Jan 9: Moved to a funded bed at Victoria House on Jan 3, 2023",2023-03-22 00:00:00,Inactive,,,,,,,,,November,2022,January,2023,---,---,,---,---,---,Adult,---,---,All populations,---,,,,,,
Housed,Housed,,2025-08-01 00:00:00,,Carleton Place,2025-06-05 00:00:00,4,4,2025-06-05 00:00:00,Permanent and/or long-term housing,2025-08-01 00:00:00,Not a veteran,,,female ,1943-12-18 00:00:00,82,Adult,,Non-Indigenous,Lanark County Social Services/Housing,2025-06-05 00:00:00,Yes,,,,Lanark County Social Services/Housing,,,,,,,,,,1,ü,,,,ü,,2025-06-01 00:00:00,Hogan ,Valerie ,"June 2025: added to BNL, adult not chronic ",2025-11-29 00:00:00,Inactive,,,,,,,,,June,2025,August,2025,---,---,,---,---,---,Adult,---,---,All populations,All populations,OAS/CPP,,,,,
Actively homeless,Documents needed,,2026-01-01 00:00:00,,Smiths Falls,2025-04-15 00:00:00,10,10,2025-04-01 00:00:00,other,,Not a veteran,,,female,1970-11-16 00:00:00,55,Adult,,Non-Indigenous,Other,2025-04-01 00:00:00,Yes,,,,Lanark County Social Services/Housing,,,,,,,,,,1,ü,,,,,,2025-10-01 00:00:00,Hogan ,Valerie ,"April 2025: added to BNL, single not chronic Oct 2025: aged into chronic",2026-05-01 00:00:00,Actively homeless,2025-10-01 00:00:00,,Aged-in: chronic,,,,,,April,2025,---,---,October,2025,,Chronic,---,---,Adult,---,---,All populations,All populations,ODSP,,,2024-09-16 00:00:00,Applied May 11/2025. Waiting on ID & NOA. Deadline: August 11/2025. tole Armstrong Aug 29,not on waitlist 
Housed,Housed,,2021-11-25 00:00:00,,,,6,6,2021-11-25 00:00:00,,2021-11-25 00:00:00,,,,Female,1986-08-28 00:00:00,39,Adult,,,Lanark County Social Services/ Housing,2021-09-27 00:00:00,Yes,2021-09-27 00:00:00,,,,,,,,,,,,,,,,,,,,2021-11-25 00:00:00,Coutts,Brooke,referral from housing Wendy funded bed Rideau ferry,2022-03-25 00:00:00,Inactive,,,,,,,,,September,2021,November,2021,---,---,,Chronic,---,---,Adult,---,---,All populations,---,,,,,,
Housed,Housed,,2023-09-01 00:00:00,,Carleton Place,2023-01-31 00:00:00,12,12,2023-01-31 00:00:00,Transitional housing,2023-09-01 00:00:00,,,,Female,1986-08-08 00:00:00,39,Adult,,,Lanark County Social Services/Housing,2023-01-31 00:00:00,Yes,2023-01-31 00:00:00,,,Lanark County Social Services/Housing,,,,,,,,,,,ü,,,,ü,ü,2023-01-31 00:00:00,Hogan ,Valerie ,ODSP. Req BC. Motel banned list ,2023-12-30 00:00:00,Inactive,,,,,,,,,January,2023,September,2023,---,---,,Chronic,---,---,Adult,---,---,All populations,---,,,,,,
Actively homeless,Documents needed,,2026-02-01 00:00:00,,Carleton Place,2025-09-26 00:00:00,6,6,2025-10-01 00:00:00,Transitional housing,,Not a veteran,,,female,2005-08-06 00:00:00,20,Youth,,Non-Indigenous,Lanark County Social Services/Housing,2025-09-26 00:00:00,Yes,,,,Lanark County Interval House,,,,,,ü,ü,,,1,ü,,,,,,2026-02-01 00:00:00,Hogan ,Valerie ,"Sept 2025:  added to BNL, youth  not chronicFeb 2026:  became chronic",2026-06-01 00:00:00,Actively homeless,2026-02-01 00:00:00,,Aged-in: chronic,,,,,,September,2025,---,---,February,2026,,Chronic,---,Youth,---,---,---,All populations,All populations,ODSP,Cornerstone ,,2025-09-26 00:00:00,"Appied feb 4, 2026.  Letter mailed Feb 9, 2026 requesting date on the consentdeclaration page, ID & 2024 NOA by May 4, 2026.  Included SPP application.  Just received the letter back by returned mail.  Address on file is 6 Queen St in SF.",not on list 
Housed,Housed,,2024-10-01 00:00:00,,Perth,2024-08-30 00:00:00,3,9,2024-08-30 00:00:00,Hotel and/or motel,2024-10-01 00:00:00,Not a veteran,,,female ,1990-10-25 00:00:00,35,Family,4+,Non-Indigenous,Lanark County Social Services/Housing,2024-08-30 00:00:00,Yes,,,,Lanark County Social Services/Housing,,,,,,,,,,,ü,,,,ü,ü,2024-08-01 00:00:00,Hogan ,Valerie ,"Aug 2024:  added to BNL, family not chronic Oct 2024: housed ",2025-01-29 00:00:00,Inactive,,,,,,,,,August,2024,October,2024,---,---,,---,---,---,---,Family,---,All populations,---,emp and ODSP ,HBCM,,,,
Actively homeless,Documents needed,,2026-01-01 00:00:00,,Smiths Falls,2024-09-12 00:00:00,12,36,2024-09-12 00:00:00,Transitional housing,,Not a veteran,,,male,1956-10-24 00:00:00,69,Adult,,Non-Indigenous,Lanark County Social Services/Housing,2024-09-12 00:00:00,Yes,,,,Lanark County Social Services/Housing,,,,,,ü,,,,1,ü,,,ü,ü,ü,2025-03-01 00:00:00,Hogan ,Valerie ,Sept 2024: added to BNL: single chronic Oct 2024: housed march 2025:  returned from housing ,2026-05-01 00:00:00,Actively homeless,2025-03-01 00:00:00,Returned from housing,,,,,,,September,2024,---,---,March,2025,,Chronic,---,---,Adult,---,---,All populations,1,OAS/CPP,,,2024-09-12 00:00:00,"app submitted April 13, 2025.  On local priority list .  Annual update submitted in July",
Housed,Housed,,2022-03-22 00:00:00,,,,10,10,2022-05-16 00:00:00,Couch surfing,2022-05-16 00:00:00,,,,Female,1968-05-30 00:00:00,57,Adult,,,Lanark County Social Services/ Housing,2021-09-27 00:00:00,Yes,2021-09-27 00:00:00,,,,,,,,,,,,,,,,,,,,2021-05-16 00:00:00,Coutts,Brooke,connected to mental health/ widow- food cards may- housed in SF,2022-07-20 00:00:00,Inactive,,,,,,,,,September,2021,May,2022,---,---,,Chronic,---,---,Adult,---,---,All populations,---,,,,,,
Housed,Housed,,2005-05-01 00:00:00,,Smiths Falls,2025-04-01 00:00:00,5,5,2025-06-01 00:00:00,Permanent and/or long-term housing,2025-06-01 00:00:00,Not a veteran,,,male,1986-02-02 00:00:00,40,Family,1,Non-Indigenous,Lanark County Social Services/Housing,2025-04-01 00:00:00,Yes,,,,Lanark County Social Services/Housing,,,,,,,,,,2,ü,,,,ü,,2025-06-01 00:00:00,Hogan ,Valerie ,"April 2025:  aded to BNL, family not chronic June 2025:Housed ",2005-08-29 00:00:00,Inactive,,,,,,,,,April,2025,June,2025,---,---,,---,---,---,---,Family,---,All populations,All populations,ODSP,,,,,
Housed,Housed,,2023-11-01 00:00:00,,Smiths Falls,2023-08-22 00:00:00,11,11,2023-10-01 00:00:00,Couch surfing,2023-11-01 00:00:00,,,,Female,1986-12-09 00:00:00,39,Adult,,,Lanark County Social Services/Housing,2023-08-01 00:00:00,Yes,,,,Lanark County Social Services/Housing,,,,2023-11-01 00:00:00,,ü,,,,,ü,,,,,ü,2023-08-22 00:00:00,Hogan ,Valerie ,2023-11-01: housed,2024-02-29 00:00:00,Inactive,,,,,,,,,August,2023,November,2023,---,---,,Chronic,---,---,Adult,---,---,All populations,---,,,,,,
Inactive,Documents needed,,2025-11-01 00:00:00,,Smiths Falls,2025-07-08 00:00:00,11,12,2025-07-08 00:00:00,Couch surfing,,Not a veteran,,,male,1985-10-30 00:00:00,40,Adult,,Non-Indigenous,Lanark County Social Services/Housing,2025-07-08 00:00:00,Yes,,,,Lanark County Social Services/Housing,,,,,,ü,,,,1,ü,,,,,,2025-11-01 00:00:00,Hogan ,Valerie ,"July 2025: added to BNL, single, not chronic Nov 2025: inactive, unable to contact ",2026-03-01 00:00:00,Actively homeless,2025-11-01 00:00:00,Moved to inactive: lost contact,,,,,,,July,2025,---,---,November,2025,,Chronic,---,---,Adult,---,---,All populations,All populations,applying for OW,,,,,
Inactive,Documents needed,,2025-10-01 00:00:00,,Smiths Falls,2025-09-16 00:00:00,2,2,2025-09-16 00:00:00,Couch surfing,,Not a veteran,,,Male,1973-06-25 00:00:00,52,Adult,,Non-Indigenous,Lanark County Social Services/Housing,2025-09-16 00:00:00,Yes,,,,Lanark County Social Services/Housing,,,,,,,,,,1,ü,,,,,,2025-09-01 00:00:00,Hogan ,Valerie ,"Sept 2025:  added to BNL, single not chronic ",2026-01-29 00:00:00,Inactive,2025-10-01 00:00:00,Moved to inactive: left community,,,,,,,September,2025,---,---,October,2025,,---,---,---,Adult,---,---,All populations,All populations,ODSP,,,,,
Inactive,Awaiting match,,2022-12-01 00:00:00,,Perth,2022-04-22 00:00:00,12,14,2023-03-23 00:00:00,Declined,,,,,Female,1991-03-29 00:00:00,35,Adult,1,,Lanark County Interval House,2022-05-01 00:00:00,Yes,2022-05-01 00:00:00,,,Lanark County Interval House,,,,,,,,,,,ü,,,ü,,,2023-03-23 00:00:00,Hogan,Valerie,"interval house March 23:Living in Beyond Second Stage housing, underhoused.",2023-03-31 00:00:00,Inactive,2023-03-01 00:00:00,Moved to inactive: lost contact,,,,,,,May,2022,---,---,March,2023,,Chronic,---,---,Adult,---,---,All populations,---,,,,,,
Housed,Housed,,2025-09-01 00:00:00,,Carleton Place,2025-07-22 00:00:00,5,5,2025-07-22 00:00:00,Permanent and/or long-term housing,2025-09-01 00:00:00,Not a veteran,,,male,1989-03-23 00:00:00,37,Adult,,Non-Indigenous,Lanark County Social Services/Housing,2025-07-22 00:00:00,Yes,,,,Lanark County Social Services/Housing,,,,,,,,,,1,ü,,,,ü,,2025-09-01 00:00:00,Hogan ,Valerie ,"July 2025:  added to BNL, single not chronic Sept 2025: Housed ",2025-12-30 00:00:00,Inactive,,,,,,,,,July,2025,September,2025,---,---,,---,---,---,Adult,---,---,All populations,All populations,OW ,,,,,
Housed,Housed,,2025-01-01 00:00:00,,Smiths Falls,2024-12-05 00:00:00,4,4,2024-12-01 00:00:00,Unsheltered,2025-01-01 00:00:00,Not a veteran,,,male,1979-03-18 00:00:00,47,Adult,,Non-Indigenous,Lanark County Social Services/Housing,2024-12-05 00:00:00,Yes,,,,Lanark County Social Services/Housing,,,,,,,,,,,ü,,,,,ü,2025-01-01 00:00:00,Hogan ,Valerie ,"Dec 2024:  added to BNL, single, not chronic Jan 2025: housed ",2025-05-01 00:00:00,Inactive,,,,,,,,,December,2024,January,2025,---,---,,---,---,---,Adult,---,---,All populations,All populations,OW ,HBCM,,,,
Housed,Housed,,2024-11-01 00:00:00,,Smiths Falls,2023-08-19 00:00:00,12,16,2023-08-18 00:00:00,Couch surfing,2024-11-01 00:00:00,,,,Male,1991-09-19 00:00:00,34,Adult,,,Lanark Leeds Grenville Mental Health and Addictions,2023-08-18 00:00:00,Yes,,,,Lanark County Mental Health ,,,,,,,ü,,,,ü,,,,ü,ü,2024-11-01 00:00:00,Hogan ,Valerie ,Jan 2024: aged into chronic Nov 2024: housed ,2025-03-01 00:00:00,Inactive,2024-01-01 00:00:00,,Aged-in: chronic,,,,,,August,2023,November,2024,January,2024,,Chronic,---,---,Adult,---,---,All populations,---,ODSP,HBCM,ASH - refused,,,
Inactive,Documents needed,,2024-12-01 00:00:00,,Smiths Falls,2024-07-23 00:00:00,8,8,2024-07-29 00:00:00,Unsheltered,,Not a veteran,,,male,1952-07-23 00:00:00,73,Adult,,Non-Indigenous,Lanark County Social Services/Housing,2024-07-01 00:00:00,Yes,,,,Lanark County Social Services/Housing,,,,,,ü,,,,,ü,,,,,,2024-12-01 00:00:00,Hogan ,Valerie ,"July 2024:  added to BNL. Single, not chronic Dec 2024: aged into chronic",2025-03-31 00:00:00,Inactive,2025-02-01 00:00:00,Moved to inactive: left community,,,,,,,July,2024,---,---,February,2025,,Chronic,---,---,Adult,---,---,All populations,---,OAS/CPP,,not interested in Willowdale,2025-09-17 00:00:00,not in system ,"on waitlist - May 15, 2024."
Housed,Housed,,2023-11-01 00:00:00,,Smiths Falls,2023-10-06 00:00:00,2,2,2023-10-06 00:00:00,Hotel and/or motel,2023-11-01 00:00:00,Not a veteran,,,Female,1971-12-02 00:00:00,54,Adult,,,Lanark County Social Services/Housing,2023-10-06 00:00:00,Yes,,,,Lanark County Social Services/Housing,,,,,,,,,,,ü,,,,,ü,2023-10-01 00:00:00,Hogan ,Valerie ,Oct 2023: added to BNL,2024-02-29 00:00:00,Inactive,,,,,,,,,October,2023,November,2023,---,---,,---,---,---,Adult,---,---,All populations,---,,,,,,
Housed,Housed,,2023-11-01 00:00:00,,Mississippi Mills,2023-08-01 00:00:00,4,9,2023-10-01 00:00:00,Transitional housing,2023-11-01 00:00:00,,,,Female,1966-06-07 00:00:00,59,Adult,,First Nations: off-reserve,Lanark County Interval House,2023-08-01 00:00:00,Yes,,,,Lanark County Interval House,,,,,,,,ü,,,ü,,,,ü,ü,2023-10-01 00:00:00,Hogan ,Valerie ,Nov 2023: housed,2024-02-29 00:00:00,Inactive,,,,,,,,,August,2023,November,2023,---,---,,---,---,---,Adult,---,Indigenous identity,All populations,---,,,,,,
Housed,Housed,,2025-03-01 00:00:00,,Lanark Highlands,2024-12-13 00:00:00,4,4,2024-12-01 00:00:00,Couch surfing,2025-03-01 00:00:00,Not a veteran,,,female,1998-04-21 00:00:00,28,Adult,,Non-Indigenous,Lanark County Mental Health ,2024-12-13 00:00:00,Yes,,,,Lanark County Mental Health ,,,,,,,,,,,ü,,,,ü,,2025-03-01 00:00:00,Hogan ,Valerie ,"Dec 2024:  added to BNL, single, not chronic March 2025: housed ",2025-06-29 00:00:00,Inactive,,,,,,,,,December,2024,March,2025,---,---,,---,---,---,Adult,---,---,All populations,All populations,ODSP,,,,,
Housed,Housed,,2024-12-01 00:00:00,,Smiths Falls,2024-11-25 00:00:00,8,8,2024-11-01 00:00:00,Unsheltered,2025-02-01 00:00:00,Not a veteran,,,female,2009-03-03 00:00:00,17,Youth,,Non-Indigenous,Lanark County Mental Health ,2024-11-01 00:00:00,Yes,,,,Lanark County Mental Health ,,,,,,ü,ü,,,,ü,,,,,,2024-12-01 00:00:00,Hogan ,Valerie ,"Nov 2024: added to BNL, youth, not chronic Dec 2024: aged into chronic Feb 2025: housed ",2025-03-31 00:00:00,Inactive,2024-12-01 00:00:00,,Aged-in: chronic,,,,,,November,2024,February,2025,December,2024,,Chronic,---,Youth,---,---,---,All populations,All populations,no income ,,,,,
Housed,Housed,,2024-07-01 00:00:00,,Lanark Highlands,2024-05-09 00:00:00,4,4,2024-05-09 00:00:00,Couch surfing,2024-07-01 00:00:00,Not a veteran,,,Male,1954-12-14 00:00:00,71,Adult,,First Nations: off-reserve,Lanark County Social Services/Housing,2024-05-01 00:00:00,Yes,,,,Lanark County Social Services/Housing,,,,,,,,ü,,,ü,,,,,,2024-05-01 00:00:00,Hogan ,Valerie ,"May 2024:  added to BNL, adult not chronic",2024-10-29 00:00:00,Inactive,,,,,,,,,May,2024,July,2024,---,---,,---,---,---,Adult,---,Indigenous identity,All populations,---,OAS/ CPP,,,,,
Inactive,Awaiting match,,2022-01-21 00:00:00,,,,7,7,2022-02-21 00:00:00,,,,,,Male,2001-11-02 00:00:00,24,Adult,,,Cornerstone Landing Youth Services,2021-09-29 00:00:00,Yes,2021-09-29 00:00:00,,,Cornerstone Landing Youth Services,,,,,,,,,,,,,,,,,2022-02-22 00:00:00,Coutts,Brooke,Cornerstone-EH,2022-05-21 00:00:00,Inactive,,,,,,,,,September,2021,---,---,---,---,,Chronic,---,---,Adult,---,---,All populations,---,,,,,,
Inactive,Documents needed,,2025-04-30 00:00:00,,Smiths Falls,2025-04-03 00:00:00,3,3,2025-04-30 00:00:00,Hotel and/or motel,,Not a veteran,,,male,2000-11-12 00:00:00,25,Youth,,Non-Indigenous,Lanark Leeds Grenville Mental Health and Addictions,2025-04-03 00:00:00,Yes,,,,Lanark County Mental Health ,,,,,,,ü,,,1,ü,,,ü,,,2025-06-01 00:00:00,Hogan ,Valerie ,"April 2025:  added to BNL, youth not chronic June 2025: became inactive, left community",2025-08-28 00:00:00,Inactive,2025-06-01 00:00:00,Moved to inactive: left community,,,,,,,April,2025,---,---,June,2025,,---,---,Youth,---,---,---,All populations,All populations,EI,,,,,
Inactive,Documents needed,,2023-07-01 00:00:00,,Carleton Place,2023-03-01 00:00:00,8,15,2023-03-01 00:00:00,Hotel and/or motel,,,,,male,1978-11-06 00:00:00,47,Family,2,Non-Indigenous,Lanark County Social Services/Housing,2023-03-01 00:00:00,Yes,,,,Other,,,,,,ü,,,,,ü,,,,,,2023-03-01 00:00:00,Hogan ,Valerie ,"Jul 27/23: inactive, unable to contact",2023-10-29 00:00:00,Inactive,2023-07-27 00:00:00,Moved to inactive: lost contact,,,,,,,March,2023,---,---,July,2023,,Chronic,---,---,---,Family,---,All populations,---,,,,,,
Inactive,Documents needed,,2025-07-01 00:00:00,,Smiths Falls,2024-06-12 00:00:00,12,25,2025-03-01 00:00:00,Couch surfing,,Not a veteran,,,Male,1994-10-25 00:00:00,31,Family,,Non-Indigenous,Lanark Leeds Grenville Mental Health and Addictions,2024-06-01 00:00:00,Yes,,,,Lanark Leeds Grenville Mental Health and Addictions,,,,,,ü,,,,2,,ü,,,,,2025-09-01 00:00:00,Hogan ,Valerie ,"June 2024: added to BNL, chronic single adut Jan 2025: inactive: unable to contact  March 2025: re-activated .  Chronic family Sept 2025: unable to contact",2025-10-29 00:00:00,Inactive,2025-09-01 00:00:00,Moved to inactive: lost contact,,,,,,,June,2024,---,---,September,2025,,Chronic,---,---,---,Family,---,All populations,0.5,ODSP ,HBCM,,2024-10-01 00:00:00,"2023-07-21. Eligible w/ LP.  Annual update outstanding July 2025.  Annual update outstanding July 2025.  Package sent to Lavtar aug 29. Update submitted  Aug 29, 2025",not on waitlist 
Housed,Housed,,2024-04-01 00:00:00,,Carleton Place,2024-02-16 00:00:00,2,2,2024-02-16 00:00:00,Couch surfing,2024-05-01 00:00:00,Not a veteran,,,Male,1980-08-02 00:00:00,45,Family,,Non-Indigenous,Lanark County Mental Health ,2024-02-16 00:00:00,Yes,,,,Lanark County Mental Health ,,,,,,,,,,,ü,,,,,ü,2024-05-01 00:00:00,Hogan ,Valerie ,"Feb 2024: added to BNL, family, not chronic. May 2024: housed",2024-07-30 00:00:00,Inactive,,,,,,,,,February,2024,May,2024,---,---,,---,---,---,---,Family,---,All populations,---,ODSP,HBCM,,,,
Housed,Housed,,2024-12-01 00:00:00,,Carleton Place,2024-11-21 00:00:00,5,5,2024-11-21 00:00:00,Couch surfing,2025-02-01 00:00:00,Not a veteran,,,male,1985-07-30 00:00:00,40,Adult,,Non-Indigenous,Lanark County Social Services/Housing,2024-11-21 00:00:00,Yes,,,,Lanark County Social Services/Housing,,,,,,,,,,,ü,,,,ü,,2025-02-01 00:00:00,Hogan ,Valerie ,"Added to BNL, single not chronic Feb 2025: housed ",2025-03-31 00:00:00,Inactive,,,,,,,,,November,2024,February,2025,---,---,,---,---,---,Adult,---,---,All populations,---,OW ,,,,,
Inactive,Documents needed,,2025-06-30 00:00:00,,Smiths Falls,2025-06-30 00:00:00,6,6,2025-06-30 00:00:00,Couch surfing,,Not a veteran,,,male,1961-09-12 00:00:00,64,Adult,,Non-Indigenous,Lanark County Social Services/Housing,2025-06-30 00:00:00,Yes,,,,Lanark County Social Services/Housing,,,,,,ü,,,,1,ü,,,,,,2025-09-01 00:00:00,Hogan ,Valerie ,"June 2025;  added to BNL, single, not chronic Sept 2025: aged into chronic, lost contact ",2025-10-28 00:00:00,Inactive,2025-09-01 00:00:00,Moved to inactive: lost contact,Aged-in: chronic,,,,,,June,2025,---,---,September,2025,,Chronic,---,---,Adult,---,---,All populations,All populations,OAS/CPP,,,,,
Inactive,Documents needed,,2024-03-01 00:00:00,,Carleton Place,2023-04-17 00:00:00,12,16,2023-08-28 00:00:00,Declined,,,,,Female,1992-05-21 00:00:00,33,Family,4+,Non-Indigenous,Lanark County Interval House,2023-04-17 00:00:00,Yes,,,,Lanark County Interval House,,,,,,ü,,,,,ü,,,,,,2024-03-01 00:00:00,Hogan ,Valerie ,OW. March 2024: inactive ,2024-06-29 00:00:00,Inactive,2024-03-01 00:00:00,Moved to inactive: lost contact,,,,,,,April,2023,---,---,March,2024,,Chronic,---,---,---,Family,---,All populations,---,,,,2025-07-30 00:00:00,not in system,
Housed,Housed,,2025-10-01 00:00:00,,Carleton Place,2024-05-10 00:00:00,12,18,2025-07-01 00:00:00,Permanent and/or long-term housing,2025-10-01 00:00:00,Not a veteran,,,Male,1986-12-27 00:00:00,39,Adult,,Non-Indigenous,Lanark County Social Services/Housing,2024-05-01 00:00:00,Yes,,,,Lanark County Social Services/Housing,,,,,,ü,,,,1,ü,,,,ü,ü,2024-10-01 00:00:00,Hogan ,Valerie ,"May 2024: added to BNL, adult not chronic Oct 2024: became chronic Oct 2025: housed ",2026-01-29 00:00:00,Inactive,2024-10-01 00:00:00,,Aged-in: chronic,,,,,,May,2024,October,2025,October,2024,,Chronic,---,---,Adult,---,---,All populations,1,OW ,HBCM,refused Willowdale Sept 2024,,,
Housed,Housed,,2024-09-01 00:00:00,,Carleton Place,2023-04-26 00:00:00,12,27,2023-10-01 00:00:00,Unsheltered,2024-09-01 00:00:00,,,,Male ,1950-05-23 00:00:00,75,Adult,,Non-Indigenous,Lanark County Social Services/Housing,2023-04-26 00:00:00,Yes,,,,Lanark County Social Services/Housing,,,,,,ü,,,,,ü,,,,,,2024-09-01 00:00:00,Hogan ,Valerie ,Sept 2024: housed in RGI housing ,2024-12-30 00:00:00,Inactive,,,,,,,,,April,2023,September,2024,---,---,,Chronic,---,---,Adult,---,---,All populations,---,OAS/CPP,,discuss willowdale,,,
Housed,Housed,,2025-06-01 00:00:00,,Smiths Falls,2025-01-01 00:00:00,11,11,2025-01-01 00:00:00,Permanent and/or long-term housing,2025-06-01 00:00:00,Not a veteran,,,female,1985-04-25 00:00:00,41,Adult,,Non-Indigenous,Lanark County Social Services/Housing,2025-01-01 00:00:00,Yes,,,,Lanark County Social Services/Housing,,,,,,ü,,,,1,ü,,,,ü,,2025-06-01 00:00:00,Hogan ,Valerie ,"Jan 2025:  added to BNL, chronic single June 2025: housed ",2025-09-29 00:00:00,Inactive,,,,,,,,,January,2025,June,2025,---,---,,Chronic,---,---,Adult,---,---,All populations,All populations,ODSP ,,,,,
Housed,Housed,,2024-12-01 00:00:00,,Smiths Falls,2024-09-24 00:00:00,10,19,2024-09-24 00:00:00,Unsheltered,2025-01-01 00:00:00,Not a veteran,,,male ,2006-03-23 00:00:00,20,Youth,,Non-Indigenous,Lanark County Social Services/Housing,2024-09-24 00:00:00,Yes,,,,Cornerstone Landing,,,,,,ü,ü,,,,ü,,,,ü,,2025-01-01 00:00:00,Hogan ,Valerie ,"Sept 2024:  added to BNL, single youth chronic Dec 2024:  changed from couch surfing to unsheltered Jan 2025:  renting a room in Smitsh Falls",2025-03-31 00:00:00,Inactive,,,,,,,,,September,2024,January,2025,---,---,,Chronic,---,Youth,---,---,---,All populations,---,OW ,,,,,
Inactive,Documents needed,,2025-05-01 00:00:00,,Perth,2025-03-03 00:00:00,3,3,2025-05-01 00:00:00,Hotel and/or motel,,Not a veteran,,,female,1985-03-20 00:00:00,41,Family,1,Non-Indigenous,Lanark County Social Services/Housing,2025-03-03 00:00:00,Yes,,,,Lanark County Social Services/Housing,,,,,,,,,,2,ü,,,ü,,,2025-03-01 00:00:00,Hogan ,Valerie ,"March 2025:  added to BNL: family, not chronic",2025-08-29 00:00:00,Inactive,2025-05-01 00:00:00,Moved to inactive: left community,,,,,,,March,2025,---,---,May,2025,,---,---,---,---,Family,---,All populations,All populations,ODSP ,,,,,
Housed,Housed,,2024-07-01 00:00:00,,Lanark Highlands,2024-03-11 00:00:00,5,5,2024-03-11 00:00:00,Hotel and/or motel,2024-07-01 00:00:00,Not a veteran,,,Male,1980-11-21 00:00:00,45,Adult,,Non-Indigenous,Lanark County Social Services/Housing,2024-03-01 00:00:00,Yes,,,,Lanark County Mental Health ,,,,,,,,,,,ü,,,,ü,ü,2024-07-01 00:00:00,Hogan ,Valerie ,March 2024:  added to BNL  July 2024: Housed,2024-10-29 00:00:00,Inactive,,,,,,,,,March,2024,July,2024,---,---,,---,---,---,Adult,---,---,All populations,---,ODSP,HBCM,willowdale,,,
Housed,Housed,,2025-06-01 00:00:00,,Smiths Falls,2024-12-17 00:00:00,7,7,2024-12-01 00:00:00,Permanent and/or long-term housing,2025-06-01 00:00:00,Not a veteran,,,female,1965-08-19 00:00:00,60,Family,,Non-Indigenous,Lanark County Mental Health ,2024-12-17 00:00:00,Yes,,,,Lanark County Mental Health ,,,,,,ü,,,,2,ü,,,,ü,,2025-06-01 00:00:00,Hogan ,Valerie ,"Dec 2024:  added to BNL, family not chronic May 2025: became chronic June 2025: housed ",2025-09-29 00:00:00,Inactive,2025-05-01 00:00:00,,Aged-in: chronic,,,,,,December,2024,June,2025,May,2025,,Chronic,---,---,---,Family,---,All populations,All populations,ODSP,,,,,
Housed,Housed,,2023-09-01 00:00:00,,Perth,2023-07-11 00:00:00,8,9,2023-10-01 00:00:00,seasonal housing,2023-10-01 00:00:00,,,,Female,1964-01-26 00:00:00,62,Adult,,,Lanark County Social Services/Housing,2023-07-12 00:00:00,Yes,,,,Lanark County Social Services/Housing,,,,,,,,,,,ü,,,,ü,,2023-10-01 00:00:00,Hogan ,Valerie ,Aug 2023: became chronic  Oct : housed until May 2024.,2023-12-30 00:00:00,Inactive,2023-08-01 00:00:00,,Aged-in: chronic,,,,,,July,2023,October,2023,August,2023,,Chronic,---,---,Adult,---,---,All populations,---,,,,,,
Housed,Housed,,2022-10-20 00:00:00,,,2022-05-19 00:00:00,12,16,2022-10-24 00:00:00,Shelter,2022-10-01 00:00:00,,,,Female,1985-07-31 00:00:00,40,Adult,,,Lanark County Interval House,2022-05-19 00:00:00,Yes,2022-05-19 00:00:00,,,Lanark County Interval House,,,,,,,,,,,,ü,,,,,2022-05-31 00:00:00,Hogan,Valerie,"Was living at IH, moved to Aboriginal Housing effective Oct 1",2023-02-17 00:00:00,Inactive,2022-10-01 00:00:00,Returned from inactive,,,,,,,May,2022,October,2022,October,2022,,Chronic,---,---,Adult,---,---,All populations,---,,,,,,
Inactive,Documents needed,,2024-04-01 00:00:00,,Perth,2024-04-04 00:00:00,2,2,2024-04-01 00:00:00,Hotel and/or motel,,Not a veteran,,,m,1989-03-27 00:00:00,37,Adult,,Non-Indigenous,Lanark County Social Services/Housing,2024-04-01 00:00:00,Yes,,,,Lanark County Social Services/Housing,,,,,,,,,,,ü,,,,,,2024-05-01 00:00:00,Hogan ,Valerie ,"April 2024:  added to BNL, single not chronic ",2024-07-30 00:00:00,Inactive,2024-05-01 00:00:00,Moved to inactive: left community,,,,,,,April,2024,---,---,May,2024,,---,---,---,Adult,---,---,All populations,---,ODSP,,,,,
Housed,Housed,,2023-06-01 00:00:00,,Carleton Place,2023-04-25 00:00:00,12,26,2023-06-01 00:00:00,Unsheltered,2023-06-01 00:00:00,,,,Female,1996-08-07 00:00:00,29,Adult,,Non-Indigenous,Lanark County Social Services/Housing,2023-04-25 00:00:00,Yes,,,,Lanark County Social Services/Housing,,,,,,ü,,,,,ü,,,,ü,,2023-06-01 00:00:00,Hogan ,Valerie ,"Apr: 25: OW. June 2023: secured room rental, no HPP or BNL funds issued",2023-09-29 00:00:00,Inactive,,,,,,,,,April,2023,June,2023,---,---,,Chronic,---,---,Adult,---,---,All populations,---,,,,,,
Housed,Housed,,2025-04-01 00:00:00,,Smiths Falls,2025-03-17 00:00:00,2,2,2025-03-01 00:00:00,Hotel and/or motel,2025-04-01 00:00:00,Not a veteran,,,Female,1965-06-01 00:00:00,60,Adult,,Non-Indigenous,Lanark County Social Services/Housing,2025-03-01 00:00:00,Yes,,,,Lanark County Social Services/Housing,,,,,,,,,,1,ü,,,ü,ü,,2025-04-01 00:00:00,Hogan ,Valerie ,"March 2025: added to BNL, not chronic single April 2025: Housed ",2025-07-30 00:00:00,Inactive,,,,,,,,,March,2025,April,2025,,---,,---,---,---,Adult,---,---,All populations,All populations,ODSP,,,2024-07-22 00:00:00,cancelled,
Housed,Housed,,2025-09-01 00:00:00,,Smiths Falls,2025-08-08 00:00:00,1,1,2025-08-25 00:00:00,Permanent and/or long-term housing,2025-09-01 00:00:00,Not a veteran,,,male,1996-10-16 00:00:00,29,Adult,,Non-Indigenous,Lanark County Mental Health ,2025-08-08 00:00:00,Yes,,,,Lanark County Mental Health ,,,,,,,,,,1,ü,,,,ü,,2025-09-01 00:00:00,Hogan ,Valerie ,"Aug 2025: added to BNL, single, not chronic Sept 2025: housed ",2025-12-30 00:00:00,Inactive,,,,,,,,,August,2025,September,2025,---,---,,---,---,---,Adult,---,---,All populations,All populations,ODSP,,,,,
Inactive,Documents needed,,2025-08-01 00:00:00,,Smiths Falls,2025-07-07 00:00:00,2,3,2025-07-01 00:00:00,Couch surfing,,Not a veteran,,,female,1996-10-02 00:00:00,29,Family,,Non-Indigenous,Lanark County Social Services/Housing,2025-07-07 00:00:00,Yes,,,,Lanark County Social Services/Housing,,,,,,,,,,2,ü,,,ü,,,2025-08-01 00:00:00,Hogan ,Valerie ,"July 2025:  added to BNL, family not chronic Aug 2025: became inactive, left the community ",2025-11-29 00:00:00,Inactive,2025-08-01 00:00:00,Moved to inactive: left community,,,,,,,July,2025,---,---,August,2025,,---,---,---,---,Family,---,All populations,All populations,OW,,,,,
Housed,Housed,,2025-08-20 00:00:00,,Smiths Falls,2025-08-20 00:00:00,1,1,2025-08-20 00:00:00,Permanent and/or long-term housing,2025-09-01 00:00:00,Not a veteran,,,male,1985-01-16 00:00:00,41,Adult,,Non-Indigenous,Lanark County Social Services/Housing,2025-08-20 00:00:00,Yes,,,,Lanark County Social Services/Housing,,,,,,,,,,1,ü,,,,,,2025-09-01 00:00:00,Hogan ,Valerie ,"Aug 2025:  added to BNL, single, not chronic Sept 2025: Housed ",2025-12-18 00:00:00,Inactive,,,,,,,,,August,2025,September,2025,---,---,,---,---,---,Adult,---,---,All populations,All populations,OW,,,2024-01-19 00:00:00,,
Actively homeless,Documents needed,,2026-02-01 00:00:00,,Perth,2025-06-16 00:00:00,9,9,2025-06-16 00:00:00,Couch surfing,,Not a veteran,,,female,1961-02-19 00:00:00,65,Adult,,Non-Indigenous,Lanark County Social Services/Housing,2025-06-16 00:00:00,Yes,,,,Lanark County Social Services/Housing,,,,,,ü,,,,1,ü,,,,,,2025-11-01 00:00:00,Hogan ,Valerie ,"June 2025:  added to BNL, single not chronic Nov 2025: became chronic",2026-06-01 00:00:00,Actively homeless,2025-11-01 00:00:00,,Aged-in: chronic,,,,,,June,2025,---,---,November,2025,,Chronic,---,---,Adult,---,---,All populations,All populations,CPP-D  ~$1800.00/month ,"LCMH - June 16, 2025",,,,
Housed,Housed,,2024-05-01 00:00:00,,Almonte,2023-12-06 00:00:00,7,7,2023-12-01 00:00:00,Couch surfing,2024-06-01 00:00:00,Not a veteran,,,Male,1956-04-11 00:00:00,70,Adult,,,Lanark County Social Services/Housing,2023-12-01 00:00:00,Yes,,,,Lanark County Social Services/Housing,,,,,,ü,,,,,ü,,,,,ü,2024-06-01 00:00:00,Hogan ,Valerie ,"Dec 2023: added to BNL, adult, not chronic  May 2024: aged in chronic June 2024: housed",2024-08-29 00:00:00,Inactive,2024-05-01 00:00:00,,Aged-in: chronic,,,,,,December,2023,June,2024,May,2024,,Chronic,---,---,Adult,---,---,All populations,---,OAS/CPP,HBCM,,,,
Inactive,Documents needed,,2025-03-01 00:00:00,,Perth,2025-03-12 00:00:00,12,25,2025-03-12 00:00:00,Shelter,,Not a veteran,,,male,1984-02-27 00:00:00,42,Adult,,Non-Indigenous,Lanark County Social Services/Housing,2025-03-12 00:00:00,Yes,,,,Lanark County Social Services/Housing,,,,,,ü,,,,1,ü,,,,,,2025-03-01 00:00:00,Hogan ,Valerie ,"March 2025:  added to BNL, single chronic",2025-06-29 00:00:00,Inactive,2025-04-01 00:00:00,Moved to inactive: left community,,,,,,,March,2025,---,---,April,2025,,Chronic,---,---,Adult,---,---,All populations,All populations,ODSP ,,,2025-05-28 00:00:00,not in system,not on list
Housed,Housed,,2023-10-01 00:00:00,,Smiths Falls,2023-08-25 00:00:00,3,3,2023-10-01 00:00:00,Hotel and/or motel,2023-10-01 00:00:00,,,,Female ,1980-12-20 00:00:00,45,Family,,,Lanark County Social Services/Housing,2023-08-25 00:00:00,Yes,,,,Lanark County Social Services/Housing,,,,,,,,,,,ü,,,,ü,,2023-10-01 00:00:00,Hogan ,Valerie ,housed Oct 1,2024-01-29 00:00:00,Inactive,,,,,,,,,August,2023,October,2023,---,---,,---,---,---,---,Family,---,All populations,---,,,,,,
Actively homeless,Documents needed,,2026-01-01 00:00:00,,Perth,2023-09-14 00:00:00,12,31,2023-09-14 00:00:00,Transitional housing,,Not a veteran,,,Male,2003-12-13 00:00:00,22,Youth,,,Lanark County Mental Health ,2023-09-14 00:00:00,Yes,,,,Lanark County Mental Health ,,,,,,ü,ü,,,1,ü,,,,ü,ü,2024-10-01 00:00:00,Hogan ,Valerie ,"April 2024: became inactive, moved to another municipality Sept 2024: returned from ianactive  Oct 2024:housed",2026-05-01 00:00:00,Actively homeless,2025-03-01 00:00:00,Returned from housing,,,,,,,September,2023,---,---,March,2025,,Chronic,---,Youth,---,---,---,All populations,1,OW,,,2025-03-25 00:00:00,active,
Housed,Housed,,2022-01-21 00:00:00,,,,12,12,2022-01-21 00:00:00,,2022-02-01 00:00:00,,,,Female,1985-12-07 00:00:00,40,Adult,,,Lanark County Interval House,2021-09-28 00:00:00,Yes,2021-09-28 00:00:00,,,Lanark County Interval House,,,,,,,,,,,,,,,,,2021-09-28 00:00:00,Coutts,Brooke,"LCIH- KA no update, Look into 7 Arther ",2022-05-21 00:00:00,Inactive,,,,,,,,,September,2021,February,2022,---,---,,Chronic,---,---,Adult,---,---,All populations,---,,,,2024-12-01 00:00:00,"Applied March 7/2025. Waiting on NOA. Deadline: June 7/2025. NOA received.  Application active, referred to local piority  Aug 29, 2025.",
Inactive,Documents needed,,2023-07-01 00:00:00,,Carleton Place,2023-04-21 00:00:00,4,4,2023-07-01 00:00:00,Couch surfing,,,,,Female ,1994-09-15 00:00:00,31,Family,2,Non-Indigenous,Lanark County Interval House,2023-04-21 00:00:00,Yes,,,,Lanark County Interval House,,,,,,ü,,,,,ü,,,,ü,,2023-07-01 00:00:00,Hogan ,Valerie ,Aug 3: inactive - left municipality  ,2023-10-29 00:00:00,Inactive,2023-07-01 00:00:00,Moved to inactive: left community,,,,,,,April,2023,---,---,July,2023,,---,---,---,---,Family,---,All populations,---,,,,2024-06-24 00:00:00,"submitted May 10, 2025.Waiting on NOA. Deadline: Aug 10/2025. Haven't rceived docs, not cancelled yet.",not on waitlist 
Housed,Housed,,2026-02-01 00:00:00,,Smiths Falls,2024-09-16 00:00:00,12,36,2024-09-16 00:00:00,Couch surfing,2026-02-01 00:00:00,Not a veteran,,,female,1975-03-04 00:00:00,51,Adult,,Non-Indigenous,Lanark County Social Services/Housing,2024-09-16 00:00:00,Yes,,,,Lanark County Social Services/Housing,,,,,,ü,,,,1,ü,,,ü,ü,ü,2024-09-01 00:00:00,Hogan ,Valerie ,Sept 2024:  added to BNL: single chronic Oct 2024: housed ,2026-06-01 00:00:00,Actively homeless,2025-03-01 00:00:00,Returned from housing,,,,,,,September,2024,February,2026,March,2025,,Chronic,---,---,Adult,---,---,All populations,1,OW,,,2024-09-16 00:00:00,The last month's rent will not be issued any quicker,
Inactive,Documents needed,,2024-08-12 00:00:00,,Smiths Falls,2024-08-12 00:00:00,7,7,2024-08-12 00:00:00,Couch surfing,,Not a veteran,,,male ,1968-02-21 00:00:00,58,Adult,,Non-Indigenous,Lanark County Social Services/Housing,2024-08-12 00:00:00,Yes,,,,Lanark County Social Services/Housing,,,,,,ü,,,,,ü,,,,,,2024-10-01 00:00:00,Hogan ,Valerie ,"Aug 2024: added to BNL, adult not chronic   Sept 2024: became chronic Oct 2024:  became inactive moved to another municipality ",2024-12-10 00:00:00,Inactive,2024-10-01 00:00:00,Moved to inactive: left community,,,,,,,August,2024,---,---,October,2024,,Chronic,---,---,Adult,---,---,All populations,---,ODSP ,,,,,
Inactive,Documents needed,,2026-01-01 00:00:00,,Smiths Falls,2025-02-10 00:00:00,12,12,2025-02-10 00:00:00,Transitional housing,,Not a veteran,,,male,1971-12-26 00:00:00,54,Adult,,Non-Indigenous,Lanark County Social Services/Housing,2025-02-10 00:00:00,Yes,,,,Lanark County Social Services/Housing,,,,,,ü,,,,1,ü,,,,,,2026-01-01 00:00:00,Hogan ,Valerie ,"Feb 2025: added to BNL, adult not chronicJan 2026:  inactive, leftthe community ",2026-05-01 00:00:00,Actively homeless,2026-01-01 00:00:00,Moved to inactive: left community,,,,,,,February,2025,---,---,January,2026,,Chronic,---,---,Adult,---,---,All populations,All populations,OW,,,,,
Housed,Housed,,2025-08-01 00:00:00,,Carleton Place,2025-03-25 00:00:00,6,6,2025-03-01 00:00:00,Permanent and/or long-term housing,2025-08-01 00:00:00,Not a veteran,,,male,1995-03-25 00:00:00,31,Adult,,Non-Indigenous,Lanark County Social Services/Housing,2025-03-01 00:00:00,Yes,,,,Lanark County Social Services/Housing,,,,,,ü,,,,1,ü,,,,,,2025-08-01 00:00:00,Hogan ,Valerie ,March 2025:  added to BNL single not chronic  Aug 2025:  aged into chronic Aug 2025: housed ,2025-11-29 00:00:00,Inactive,2025-08-01 00:00:00,,Aged-in: chronic,,,,,,March,2025,August,2025,August,2025,,Chronic,---,---,Adult,---,---,All populations,All populations,ODSP ,,,,,
Housed,Housed,,2024-09-01 00:00:00,,Carleton Place,2024-01-12 00:00:00,9,9,2024-01-01 00:00:00,Permanent and/or long-term housing,2024-09-01 00:00:00,Not a veteran,,,Male ,1964-10-12 00:00:00,61,Family,,,Lanark County Mental Health ,2024-01-12 00:00:00,Yes,,,,Lanark County Mental Health ,,,,,,ü,,,,,ü,,,,,,2024-06-01 00:00:00,Hogan ,Valerie ,"Jan 2024:  added to BNL, family, not chronic June 2024: aged in chronic Sept 2024: Housed",2024-12-30 00:00:00,Inactive,2024-06-01 00:00:00,,Aged-in: chronic,,,,,,January,2024,September,2024,June,2024,,Chronic,---,---,---,Family,---,All populations,---,ODSP,,,,,
Housed,Housed,,2025-11-01 00:00:00,,Perth,2025-09-19 00:00:00,3,3,2025-11-01 00:00:00,Permanent and/or long-term housing,2025-11-01 00:00:00,Not a veteran,,,male,1967-12-06 00:00:00,58,Adult,,Non-Indigenous,Lanark County Social Services/Housing,2025-09-19 00:00:00,Yes,,,,Lanark County Social Services/Housing,,,,,,,,,,1,ü,,,,ü,,2025-09-01 00:00:00,Hogan ,Valerie ,"Sept 2025: added to BNL, single not chronic Nov 2025: housed ",2026-03-01 00:00:00,Actively homeless,,,,,,,,,September,2025,November,2025,---,---,,---,---,---,Adult,---,---,All populations,All populations,OW (appying) ,,,,,
Housed,Housed,,2024-09-01 00:00:00,,Smiths Falls,2023-06-21 00:00:00,9,9,2023-06-21 00:00:00,Couch surfing,2024-09-01 00:00:00,,,,Female,2003-11-29 00:00:00,22,Family,,Non-Indigenous,Lanark County Social Services/Housing,2023-06-21 00:00:00,Yes,,,,Cornerstone Landing,,,,,,ü,ü,,,,ü,,,ü,ü,ü,2024-09-01 00:00:00,Hogan ,Valerie ,"Oct 2023: aged into chronic  Nov 2023 : inactive, lost contact Sept 2024: housed  Sept 2024:  Housed",2024-12-30 00:00:00,Inactive,2024-07-01 00:00:00,Returned from inactive,,,,,,,June,2023,September,2024,July,2024,,Chronic,---,---,---,Family,---,All populations,---,,Cornerstone ,,,,
Inactive,Awaiting match,,2023-02-06 00:00:00,,Lanark Highlands,2023-02-06 00:00:00,12,29,2023-02-06 00:00:00,Hotel and/or motel,,,,,Male,1994-11-13 00:00:00,31,Adult,,,Lanark County Social Services/Housing,2023-02-06 00:00:00,Yes,2023-02-06 00:00:00,,,Lanark County Social Services/Housing,,,,,,ü,,,,,ü,,,,,ü,2023-03-01 00:00:00,Hogan ,Valerie ,"OW.  Has been living in his truck on crown land for a couple of years.  Refuses ASH. Doesn't have active RGI app, says waitlist is too long. In  motel for  February with no extension. Refused to answer BNL questions. Mar 1, 2023:  Moved to Southern Ontario",2023-06-06 00:00:00,Inactive,2023-03-01 00:00:00,Moved to inactive: left community,,,,,,,February,2023,---,---,March,2023,,Chronic,---,---,Adult,---,---,All populations,---,,,,2025-07-29 00:00:00,", NOA required",
Housed,Housed,,2025-08-01 00:00:00,,Carleton Place,2025-02-13 00:00:00,7,7,2025-02-13 00:00:00,Permanent and/or long-term housing,2025-08-01 00:00:00,Not a veteran,,,Female,1993-02-12 00:00:00,33,Family,4+,Non-Indigenous,Lanark County Interval House,2025-02-13 00:00:00,Yes,,,,Lanark County Interval House,,,,,,ü,,,,4,ü,,,,,,2025-08-01 00:00:00,Hogan ,Valerie ,"Feb 2025:  added to BNL, family, not chronic Aug 2025: Housed",2025-11-29 00:00:00,Inactive,2025-07-01 00:00:00,,Aged-in: chronic,,,,,,February,2025,August,2025,July,2025,,Chronic,---,---,---,Family,---,All populations,All populations,employed at Wendy's,,,2023-11-21 00:00:00,,
Inactive,Documents needed,,2024-10-01 00:00:00,,Smiths Falls,2024-05-30 00:00:00,8,9,2024-05-30 00:00:00,Hotel and/or motel,,Not a veteran,,,Male,1965-06-12 00:00:00,60,Adult,,Non-Indigenous,Lanark County Mental Health ,2024-05-01 00:00:00,Yes,,,,Lanark County Mental Health ,,,,,,ü,,,,,ü,,,,,ü,2024-11-01 00:00:00,Hogan ,Valerie ,"May 2024: added to BNL, adult not chronic  Sept 2024: became chronic Nov 2024:  became inactive unable to contact ",2025-01-29 00:00:00,Inactive,2024-11-01 00:00:00,Moved to inactive: lost contact,,,,,,,May,2024,---,---,November,2024,,Chronic,---,---,Adult,---,---,All populations,---,private pension ,HBCM,,out of date,,
Inactive,Awaiting match,,2022-01-01 00:00:00,,,,10,10,2021-09-21 00:00:00,,,,,,Male,1955-02-10 00:00:00,71,Adult,,,The Table Community Food Bank,2021-09-29 00:00:00,Yes,2021-09-29 00:00:00,,,*UNASSIGNED*,,,,,,,,,,,,,,,,,2021-09-29 00:00:00,Coutts,Brooke,Referral from the table/encampment/no service agency agency,2022-05-01 00:00:00,Inactive,,,,,,,,,September,2021,---,---,---,---,,Chronic,---,---,Adult,---,---,All populations,---,,,,2025-03-17 00:00:00,"Applied May 13/2025. Waiting on ID & NOA. Deadline: Aug 13/2025. Havent received docs, not cancelled yet.",not on waitlist 
Housed,Housed,,2023-02-25 00:00:00,,Perth,2023-02-10 00:00:00,5,19,2023-02-10 00:00:00,Hotel and/or motel,2023-03-01 00:00:00,,,,Male,1955-02-10 00:00:00,71,Adult,,,Lanark County Social Services/Housing,2023-02-10 00:00:00,Yes,2023-02-10 00:00:00,2023-02-10 00:00:00,,Lanark County Social Services/Housing,,,,,,ü,,,,,ü,,,,,ü,2023-03-01 00:00:00,Hogan ,Valerie ,"OAS/CPP.  Homeless following domestic situation.  Was living at Aquarius Motel paying with OAS and inheritance.  Inheritance spent, potential AP. Mar 1, 2023: moved to  ASH, Sgardon Manor",2023-06-25 00:00:00,Inactive,,,,,,,,,February,2023,March,2023,---,---,,Chronic,---,---,Adult,---,---,All populations,---,,,,,,
Actively homeless,Documents needed,,2025-12-01 00:00:00,,Smiths Falls,2025-09-24 00:00:00,8,8,2025-09-24 00:00:00,Unsheltered,,Not a veteran,,,Male,1994-08-24 00:00:00,31,Adult,,Non-Indigenous,Lanark County Social Services/Housing,2025-09-24 00:00:00,Yes,,,,Lanark County Social Services/Housing,,,,,,ü,,,,1,ü,,,,,,2025-12-01 00:00:00,Hogan ,Valerie ,"Sept 2025: added to BNL, adult not chronic Dec 2025: became chronic",2026-03-31 00:00:00,Actively homeless,2025-12-01 00:00:00,,Aged-in: chronic,,,,,,September,2025,---,---,December,2025,,Chronic,---,---,Adult,---,---,All populations,All populations,OW,,,2025-11-28 00:00:00,no RGI,not on file
Housed,Housed,,2021-11-25 00:00:00,,,,12,12,2021-09-21 00:00:00,,2021-11-15 00:00:00,,,,Female,1995-10-12 00:00:00,30,Adult,,,Developmental Services Lanark County,2021-09-24 00:00:00,Yes,2021-09-24 00:00:00,,,Developmental Services Lanark County,,,,,,,,,,,,,,,,,2021-11-11 00:00:00,Coutts,Brooke,Couch surfing with cat and boyfriend- NOV 11/21- Still couch surfing,2022-03-25 00:00:00,Inactive,,,,,,,,,September,2021,November,2021,---,---,,Chronic,---,---,Adult,---,---,All populations,---,,,,,,
Housed,Housed,,2025-03-01 00:00:00,,Carleton Place,2025-02-10 00:00:00,3,3,2025-02-11 00:00:00,Couch surfing,2025-04-01 00:00:00,Not a veteran,,,female,1965-07-03 00:00:00,60,Adult,,Non-Indigenous,Lanark County Social Services/Housing,2025-02-10 00:00:00,Yes,,,,Lanark County Social Services/Housing,,,,,,,,,,1,ü,,,,ü,,2025-04-01 00:00:00,Hogan ,Valerie ,"Feb 2025:  added to BNL, adult not chronic April 2025: housed ",2025-06-29 00:00:00,Inactive,,,,,,,,,February,2025,April,2025,,---,,---,---,---,Adult,---,---,All populations,All populations,ODSP and CPP-D,,,not on file,,
Housed,Housed,,2023-11-24 00:00:00,,Smiths Falls,2023-11-24 00:00:00,12,20,2023-11-23 00:00:00,Couch surfing,2024-01-01 00:00:00,Not a veteran,,,Male,1977-03-30 00:00:00,49,Adult,,,Lanark County Social Services/Housing,2023-11-24 00:00:00,Yes,,,,Lanark County Social Services/Housing,,,,,,ü,,,,,ü,,,,,,2024-01-01 00:00:00,Hogan ,Valerie ,"Nov 2023:  added to BNL, single, chronic  Jan 2024: Housed",2024-03-23 00:00:00,Inactive,,,,,,,,,November,2023,January,2024,---,---,,Chronic,---,---,Adult,---,---,All populations,---,,,,,,
Housed,Housed,,2025-02-01 00:00:00,,Perth,2025-02-12 00:00:00,12,20,2025-02-12 00:00:00,Transitional housing,2025-04-01 00:00:00,Not a veteran,,,male,1992-07-03 00:00:00,33,Adult,,Non-Indigenous,Lanark County Social Services/Housing,2025-02-18 00:00:00,Yes,,,,Lanark County Social Services/Housing,,,,,,ü,,,,1,ü,,,ü,,,2025-04-01 00:00:00,Hogan ,Valerie ,Feb 2025:  added to BNL< chronic single April 2025: inactive: unable to contact ,2025-06-01 00:00:00,Inactive,,,,,,,,,February,2025,April,2025,,---,,Chronic,---,---,Adult,---,---,All populations,All populations,OW,,,2024-07-22 00:00:00,,
Actively homeless,Documents needed,,2025-12-01 00:00:00,,Perth,2025-05-22 00:00:00,12,20,2025-05-22 00:00:00,Couch surfing,,Not a veteran,,,female,1972-08-08 00:00:00,53,Family,2,Non-Indigenous,Lanark County Interval House,2025-05-22 00:00:00,Yes,,,,Lanark County Interval House,,,,,,ü,,,,2,ü,,,,,,2025-05-01 00:00:00,Hogan ,Valerie ,"May 2025; added yo BNL, family chronic",2026-03-31 00:00:00,Actively homeless,,,,,,,,,May,2025,---,---,---,---,,Chronic,---,---,---,Family,---,All populations,All populations,employed ,,,2025-05-28 00:00:00,no application ,
Housed,Housed,,2024-02-01 00:00:00,,Perth,2024-01-04 00:00:00,2,2,2024-01-01 00:00:00,Shelter,2024-02-01 00:00:00,Not a veteran,,,Female,1954-04-14 00:00:00,72,Adult,,,Lanark County Mental Health ,2024-01-01 00:00:00,Yes,,,,Lanark County Mental Health ,,,,,,,,,,,ü,,,,,,2024-02-01 00:00:00,Hogan ,Valerie ,"Jan 2024: added to BNL, single not chronic Feb 2024: Housed ",2024-05-31 00:00:00,Inactive,,,,,,,,,January,2024,February,2024,---,---,,---,---,---,Adult,---,---,All populations,---,,,,2024-07-29 00:00:00,,
Housed,Housed,,2022-09-20 00:00:00,,Perth,2022-09-16 00:00:00,4,4,2022-10-01 00:00:00,Unsheltered,2022-10-01 00:00:00,,,,Female,1980-06-15 00:00:00,45,Family,3,,Lanark County Social Services/Housing,2022-09-16 00:00:00,Yes,2022-09-16 00:00:00,,,Lanark County Social Services/Housing,,,,,,,,,,,,,,,,,2022-09-16 00:00:00,Hogan ,Valerie ,"Living in campgroundsince July, 2022.  Moved to LC from Ottawa, both have strated employment ",2023-01-18 00:00:00,Inactive,,,,,,,,,September,2022,October,2022,---,---,,---,---,---,---,Family,---,All populations,---,,,,,,
Housed,Housed,,2024-06-01 00:00:00,,Perth,2024-01-30 00:00:00,6,6,2024-01-31 00:00:00,Transitional housing,2024-06-01 00:00:00,Not a veteran,,,Female,1992-06-08 00:00:00,33,Adult,,,Lanark County Interval House,2024-01-30 00:00:00,Yes,,,,Lanark County Interval House,,,,,,ü,,,,,ü,,,,,,2024-06-01 00:00:00,Hogan ,Valerie ,"Jan 2024: added to BNL, single not chronic June 2024: became chronic Housed",2024-09-29 00:00:00,Inactive,2024-06-01 00:00:00,,Aged-in: chronic,,,,,,January,2024,June,2024,June,2024,,Chronic,---,---,Adult,---,---,All populations,---,employed,,willowdale,,,
Housed,Housed,,2024-04-01 00:00:00,,Smiths Falls,2024-03-01 00:00:00,3,3,2024-03-01 00:00:00,Permanent and/or long-term housing,2024-06-01 00:00:00,Not a veteran,,,Male,1986-05-28 00:00:00,39,Adult,4+,First Nations: off-reserve,Lanark Leeds Grenville Mental Health and Addictions,2024-03-01 00:00:00,Yes,,,,Lanark Leeds Grenville Mental Health and Addictions,,,,,,,,,,,ü,,,,,,2024-03-01 00:00:00,Hogan ,Valerie ,"March 2024: added to BNL, single adult, not chronic ",2024-07-30 00:00:00,Inactive,,,,,,,,,March,2024,June,2024,---,---,,---,---,---,Adult,---,Indigenous identity,All populations,---,ODSP,,,,,
Inactive,Awaiting match,,2024-08-01 00:00:00,,Lanark Highlands,2022-07-20 00:00:00,12,25,2023-10-01 00:00:00,Couch surfing,,,,,Female,1970-07-16 00:00:00,55,Adult,,Non-status,Lanark County Social Services/ Housing,2022-07-20 00:00:00,Yes,2022-07-20 00:00:00,,,Lanark County Mental Health ,,,,,,ü,,,,,ü,,,,,ü,2024-02-01 00:00:00,Hogan,Valerie,"Apr: returned from inactive Feb 2024: inactive, left community March 2024: returned from inactive. Oct 2024: became inactive: left community",2024-11-29 00:00:00,Inactive,2024-10-01 00:00:00,Moved to inactive: left community,,,,,,,July,2022,---,---,October,2024,,Chronic,---,---,Adult,---,Indigenous identity,All populations,---,ODSP,HBCM,willowdale - refused,,,
Housed,Housed,,2025-02-01 00:00:00,,Perth,2025-01-17 00:00:00,4,4,2025-03-01 00:00:00,Permanent and/or long-term housing,2025-03-01 00:00:00,Not a veteran,,,female,1982-08-28 00:00:00,43,Family,1,Non-Indigenous,Lanark County Social Services/Housing,2025-01-01 00:00:00,Yes,,,,Lanark County Mental Health ,,,,,,,,,,,ü,,,,,ü,2025-03-01 00:00:00,Hogan ,Valerie ,"Jan 2025: added to BNL, family , not chronic  March 2025: Housed",2025-06-01 00:00:00,Inactive,,,,,,,,,January,2025,March,2025,---,---,,---,---,---,---,Family,---,All populations,All populations,OW,"HBCM, Feb 5, 2025",,,,
Inactive,Documents needed,,2026-01-01 00:00:00,,Carleton Place,2023-11-21 00:00:00,12,17,2025-07-01 00:00:00,Permanent and/or long-term housing,,Not a veteran,,,Male,1982-02-18 00:00:00,44,Adult,,,Lanark County Social Services/Housing,2023-11-21 00:00:00,Yes,,,,Lanark County Social Services/Housing,,,,,,ü,,,,1,,ü,,,ü,ü,2024-07-01 00:00:00,Hogan ,Valerie ,"Nov 2023:  added to BNL, adult not chronic April 2024: aged in chronic  July 2024: housed ",2026-05-01 00:00:00,Actively homeless,2026-01-01 00:00:00,Moved to inactive: left community,,,,,,,November,2023,---,---,January,2026,,Chronic,---,---,Adult,---,---,All populations,1,ODSP and empl,HBCM,willowdale,"eligible Sept 29, 2025",,
Housed,Housed,,2021-09-21 00:00:00,,,,7,7,2022-01-26 00:00:00,,2022-01-26 00:00:00,,,,Female,1953-12-01 00:00:00,72,Adult,,,Lanark County Interval House,2021-09-28 00:00:00,Yes,2021-09-28 00:00:00,,,Lanark County Interval House,,,,,,,,,,,,,,,,,2022-01-26 00:00:00,Coutts,Brooke,"LCIH- KA no update, got housing with the carebridge",2022-01-19 00:00:00,Inactive,,,,,,,,,September,2021,January,2022,---,---,,Chronic,---,---,Adult,---,---,All populations,---,,,,,,
Inactive,Documents needed,,2026-01-01 00:00:00,,Lanark Highlands,2025-06-27 00:00:00,8,8,2025-06-27 00:00:00,Couch surfing,,Not a veteran,,,female,1982-09-12 00:00:00,43,Adult,,Non-Indigenous,Lanark County Social Services/Housing,2025-06-27 00:00:00,Yes,,,,Lanark County Social Services/Housing,,,,,,,,,,1,ü,,,,,,2026-01-01 00:00:00,Hogan ,Valerie ,"June 2025, added to BNL, single , not chronic Nov 2025: aged into chronic Jan 2026: inactive, left he community ",2026-05-01 00:00:00,Actively homeless,2026-01-01 00:00:00,Moved to inactive: left community,,,,,,,June,2025,---,---,January,2026,,Chronic,---,---,Adult,---,---,All populations,All populations,ODSP,,,,,
Actively homeless,Documents needed,,2026-02-01 00:00:00,,Lanark Highlands,2025-07-30 00:00:00,12,14,2025-07-30 00:00:00,Hotel and/or motel,,Not a veteran,,,male,1979-01-18 00:00:00,47,Adult,,Non-Indigenous,Other,2025-07-30 00:00:00,Yes,,,,Lanark County Social Services/Housing,,,,,,ü,,,ü,1,ü,,,,,ü,2025-07-01 00:00:00,Hogan ,Valerie ,"July 2025: added to BNL, single chronic",2026-06-01 00:00:00,Actively homeless,,,,,,,,,July,2025,---,---,---,---,,Chronic,---,---,Adult,---,---,All populations,All populations,ODSP ,,,2025-08-05 00:00:00,no application ,
Housed,Housed,,2025-08-01 00:00:00,,Smiths Falls,2025-02-11 00:00:00,10,24,2025-02-11 00:00:00,Permanent and/or long-term housing,2025-08-01 00:00:00,Not a veteran,,,female ,2007-12-12 00:00:00,18,Youth,,Non-Indigenous,Lanark County Social Services/Housing,2025-02-11 00:00:00,Yes,,,,Cornerstone Landing,,,,,,ü,ü,,,1,ü,,,,ü,,2025-08-01 00:00:00,Hogan ,Valerie ,"Feb 2025: added to BNL, youth chronic Apri 2025:  aged-in chronic Aug 2025: housed ",2025-11-29 00:00:00,Inactive,,,,,,,,,February,2025,August,2025,---,---,,Chronic,---,Youth,---,---,---,All populations,All populations,VYSA,,,2023-11-01 00:00:00,,
Housed,Housed,,2025-05-14 00:00:00,,Smiths Falls,2025-05-14 00:00:00,12,26,2025-05-14 00:00:00,Couch surfing,2025-07-01 00:00:00,Not a veteran,,,female,1990-05-09 00:00:00,35,Adult,,Non-Indigenous,Lanark County Social Services/Housing,2025-05-14 00:00:00,Yes,,,,Lanark County Social Services/Housing,,,,,,ü,,,,1,ü,,,,,,2025-07-01 00:00:00,Hogan ,Valerie ,"May 2025:  added to BNL, single chronic July 2025: housed ",2025-09-11 00:00:00,Inactive,,,,,,,,,May,2025,July,2025,---,---,,Chronic,---,---,Adult,---,---,All populations,All populations,OW,,,,,
Housed,Housed,,2022-10-01 00:00:00,,,2022-04-13 00:00:00,6,6,2022-12-01 00:00:00,Renting; at risk ,2022-11-01 00:00:00,,,,Female,1994-03-28 00:00:00,32,Family,1,,Lanark County Social Services/ Housing,2022-04-25 00:00:00,Yes,2022-04-25 00:00:00,,,Lanark County Social Services/ Housing,,,,,,,,,,,ü,,,,ü,ü,2022-12-01 00:00:00,Hogan ,Valerie,"Son has disabilities, look into supports for son. Living with mother, trying to find accommodation together Jul 27: phone # on file gives fast busy.Aug 25: phone gives fast busy. Oct 14, 2022: still unable to reach at contact information provided. Dec 1: Secured housing on her own  in Perth, is sharing with her mother.  Accessed $1000.00 HAP for LMR, $300 more than current eligibility amount. ",2023-01-29 00:00:00,Inactive,,,,,,,,,April,2022,November,2022,---,---,,Chronic,---,---,---,Family,---,All populations,---,,,,,,
Housed,Housed,,2024-04-01 00:00:00,,Carleton Place,2023-10-12 00:00:00,8,8,2024-04-01 00:00:00,Hotel and/or motel,2024-04-01 00:00:00,Not a veteran,,,Male,1991-04-16 00:00:00,35,Family,3,,Lanark County Social Services/Housing,2023-10-12 00:00:00,Yes,,,,Lanark County Social Services/Housing,,,,,,ü,,ü,,,ü,,,,ü,ü,2024-04-01 00:00:00,Hogan ,Valerie ,Oct 2023: added to BNL March 2024: aged into chronic April 2024: Housed ,2024-07-30 00:00:00,Inactive,,,Aged-in: chronic,,,,,,October,2023,April,2024,---,---,,Chronic,---,---,---,Family,---,All populations,---,OW,HBCM,,no consent,,
Inactive,Awaiting match,,2023-01-10 00:00:00,,Smiths Falls,2022-09-19 00:00:00,5,5,,Couch surfing,,,,,Female ,1959-06-01 00:00:00,66,Adult,,,Lanark County Social Services/Housing,2022-09-19 00:00:00,Yes,2022-09-19 00:00:00,,,Lanark County Social Services/Housing,,,,,,,,,,,ü,,,,,,2023-03-01 00:00:00,Hogan ,Valerie ,"2023-03-01: left community. has to leave Sept 22, referred to Legal Clinic Jan 10: Has been living with daughter in a bachelor apt. Was called by RFCH but didn't respond because she decided against living in that arrangement and would prefer to continue to live with daughter.  Budget for apt is $500.00/month, advised her that nothing is availble at that  price.  IS on waitlist for rent subsidy and RGI  but only applied  recently.  Has a  kitten and gerbil.  Daughter is open to finding a bigger apt to rent together but  would prefer to have her own place. Has mobility issues - uses a scooter. Income from ODSP. ",2023-05-10 00:00:00,Inactive,2023-03-01 00:00:00,Moved to inactive: left community,,,,,,,September,2022,---,---,March,2023,,---,---,---,Adult,---,---,All populations,---,,,,,,
Inactive,Awaiting match,,2022-03-22 00:00:00,,,,12,36,2021-09-22 00:00:00,,,,,,Male,1970-05-24 00:00:00,55,Adult,,,Lanark County Social Services/ Housing,2021-09-27 00:00:00,Yes,2021-09-27 00:00:00,,,,,,,,,,,,,,,,,,,,2022-01-27 00:00:00,Coutts,Brooke,"no room a shelter in city, extended ",2022-07-20 00:00:00,Inactive,,,,,,,,,September,2021,---,---,---,---,,Chronic,---,---,Adult,---,---,All populations,---,,,,2025-04-11 00:00:00,"Applied April 28, 2025. Missing ID, 2024 NOA.  Deadline July 28, 2025. Mailed SPP app as p  request on May 1, 2025.  SPP app never came back, haven't cancelled yet.",
Inactive,Documents needed,,2024-06-01 00:00:00,,Perth,2024-01-31 00:00:00,12,22,2024-01-31 00:00:00,Couch surfing,,Not a veteran,,,Male,1996-07-17 00:00:00,29,Adult,,,Lanark County Social Services/Housing,2024-01-31 00:00:00,Yes,,,,Lanark County Social Services/Housing,,,,,,ü,,,,,ü,,,,,,2024-06-01 00:00:00,Hogan ,Valerie ,"Jan 2024: added to BNL, chronic single adult June 2024:  moved to another municipality ",2024-09-29 00:00:00,Inactive,2024-06-01 00:00:00,Moved to inactive: left community,,,,,,,January,2024,---,---,June,2024,,Chronic,---,---,Adult,---,---,All populations,---,OW,,,,,
Inactive,Awaiting match,,2022-10-21 00:00:00,,Perth,2022-10-21 00:00:00,4,4,2023-01-25 00:00:00,Transitional housing,,,,,Female ,1973-12-06 00:00:00,52,Adult,,,Lanark County Social Services/Housing,2022-10-21 00:00:00,yes,2022-10-21 00:00:00,,,Lanark County Social Services/Housing,,,,,,,,,,,ü,,,,,,2023-01-25 00:00:00,Hogan ,Valerie ,"living in a trailer temporarily  in Sharbot Lake because it was he only place she could find, plans to move back to Perth . Issued RGI app and discussed rent support. Waiting to hear if she can move in with a friend in Perth on Monday. Jan 25: ***** staying at IH in Kingston since late December.  Moving to apartmentin Kingston on Feb 1, 2023.",2023-02-18 00:00:00,Inactive,2023-01-31 00:00:00,Moved to inactive: lost contact,,,,,,,October,2022,---,---,January,2023,,---,---,---,Adult,---,---,All populations,---,,,,,,
Housed,Housed,,2024-07-01 00:00:00,,Smiths Falls,2024-03-27 00:00:00,6,6,2024-03-27 00:00:00,Couch surfing,2024-07-01 00:00:00,Not a veteran,,,Female,1990-12-21 00:00:00,35,Adult,,Non-Indigenous,Lanark County Social Services/Housing,2024-03-01 00:00:00,Yes,,,,Lanark County Social Services/Housing,,,,,,ü,,,,,ü,,,,,,2024-03-01 00:00:00,Hogan ,Valerie ,"March 2024: added to NL, single, not chronic July 2024: aged into chronic  July 2024:  Housed",2024-10-29 00:00:00,Inactive,2024-07-01 00:00:00,,Aged-in: chronic,,,,,,March,2024,July,2024,July,2024,,Chronic,---,---,Adult,---,---,All populations,---,OW,,,,,
Actively homeless,Documents needed,,2026-02-01 00:00:00,,Carleton Place,2023-12-08 00:00:00,12,36,2025-04-01 00:00:00,Transitional housing,,Not a veteran,,,Male,1961-05-11 00:00:00,64,Adult,,,Lanark County Social Services/Housing,2023-12-08 00:00:00,Yes,,,,Lanark County Social Services/Housing,,,,,,ü,,,,1,ü,,,ü,ü,ü,2023-12-01 00:00:00,Hogan ,Valerie ,"Dec 2023:  added to BNL, adult, chronic Oct 2024: housed March 2025:  returned from Housed policy change ",2026-06-01 00:00:00,Actively homeless,2025-03-01 00:00:00,Returned from housing,,,,,,,December,2023,---,---,March,2025,,Chronic,---,---,Adult,---,---,All populations,1,ODSP,HBCM,,2024-10-01 00:00:00,2023-07-21. Eligible w/ LP.  Annual update outstanding July 2025.  Annual update outstanding July 2025.,
Housed,Housed,,2026-12-01 00:00:00,,Smiths Falls,2025-09-11 00:00:00,5,5,2025-09-11 00:00:00,Permanent and/or long-term housing,2026-01-01 00:00:00,Not a veteran,,,Female,1988-07-18 00:00:00,37,Family,3,Non-Indigenous,Lanark County Social Services/Housing,2025-09-11 00:00:00,Yes,,,,Lanark County Social Services/Housing,,,,,,,,,,4,ü,,,,,,2025-09-01 00:00:00,Hogan ,Valerie ,"Sept 2025:  added to BNL, family not chronic ",2027-03-31 00:00:00,Actively homeless,,,,,,,,,September,2025,January,2026,---,---,,---,---,---,---,Family,---,All populations,All populations,OW,,,,,
Inactive,Awaiting match,,2022-11-10 00:00:00,,Smiths Falls,2022-08-12 00:00:00,12,19,2021-09-21 00:00:00,,,,,,Female,1995-12-28 00:00:00,30,Adult,1,,Lanark County Interval House,2021-09-28 00:00:00,Yes,2021-09-28 00:00:00,,,,,,,,,,,,,,ü,,,,,,2022-01-26 00:00:00,Coutts,Brooke,LCIH-LCMH KA no update,2023-03-10 00:00:00,Inactive,2023-02-28 00:00:00,Moved to inactive: lost contact,,,,,,,September,2021,---,---,February,2023,,Chronic,---,---,Adult,---,---,All populations,---,,,,,,
Housed,Housed,,2021-11-11 00:00:00,,,,1,1,2021-09-22 00:00:00,,2021-11-11 00:00:00,,,,Male,1996-11-05 00:00:00,29,Adult,,,Lanark County Social Services/ Housing,2021-09-27 00:00:00,Yes,2021-09-27 00:00:00,,,Developmental Services Lanark County,,,,,,,,,,,,,,,,,2021-11-11 00:00:00,Coutts,Brooke,DSS LC temp housing guest update:  funded bed shardon ,2022-03-11 00:00:00,Inactive,,,,,,,,,September,2021,November,2021,---,---,,---,---,---,Adult,---,---,All populations,---,,,,,,
Housed,Housed,,2025-07-01 00:00:00,,Carleton Place,2005-05-30 00:00:00,2,2,2025-07-01 00:00:00,Permanent and/or long-term housing,2025-07-01 00:00:00,Not a veteran,,,female,1996-07-10 00:00:00,29,Family,1,Non-Indigenous,Lanark County Social Services/Housing,2025-06-01 00:00:00,Yes,,,,Lanark County Social Services/Housing,,,,,,,,,,2,ü,,,,ü,,2025-07-01 00:00:00,Hogan ,Valerie ,"June 2025: added to BNL, family, not chronic July 2025: housed",2025-10-29 00:00:00,Inactive,,,,,,,,,June,2025,July,2025,---,---,,---,---,---,---,Family,---,All populations,All populations,OW,,,,,
Housed,Housed,,2024-11-01 00:00:00,,Perth,2024-10-03 00:00:00,3,3,2024-10-24 00:00:00,Unsheltered,2024-11-01 00:00:00,Not a veteran,,,female,1963-02-28 00:00:00,63,Adult,,Non-Indigenous,Lanark County Social Services/Housing,2024-10-03 00:00:00,Yes,,,,Lanark County Social Services/Housing,,,,,,,,,,,ü,,,,ü,,2024-11-01 00:00:00,Hogan ,Valerie ,"Oct 2024:  added to BNL, single not chronic Nov 2024: housed ",2025-03-01 00:00:00,Inactive,,,,,,,,,October,2024,November,2024,---,---,,---,---,---,Adult,---,---,All populations,---,ODSP ,,,,,
Inactive,Documents needed,,2025-09-01 00:00:00,,Smiths Falls,2024-04-03 00:00:00,12,17,2025-06-01 00:00:00,Couch surfing,,Not a veteran,,,male,1997-04-10 00:00:00,29,Adult,,Non-Indigenous,Lanark County Social Services/Housing,2024-04-03 00:00:00,Yes,,,,Lanark County Social Services/Housing,,,,,,ü,,,,1,ü,,,,,ü,2025-09-01 00:00:00,Hogan ,Valerie ,"April 2024: added to BNL, single not chronic  Sept 2024: became chronic also became inactive: unable to contact Oct 2024: reurned from inactive  Sept 205: became inactive, left the community ",2025-12-30 00:00:00,Inactive,2025-09-01 00:00:00,Moved to inactive: left community,,,,,,,April,2024,---,---,September,2025,,Chronic,---,---,Adult,---,---,All populations,1,OW,,,2025-03-10 00:00:00,"Applied May 5/2025. Waiting on NOA. Deadline: Aug 5/2025. Haven't received docs, haven't cancelled yet",not on waitlist 
Inactive,Documents needed,,2023-11-01 00:00:00,,Drummond North Elmsley,2023-10-30 00:00:00,2,2,2023-10-30 00:00:00,Hotel and/or motel,,Not a veteran,,,Male,1991-12-12 00:00:00,34,Adult,,,Lanark County Social Services/Housing,2023-10-01 00:00:00,Yes,,,,Lanark County Social Services/Housing,,,,,,,,,,,ü,,,,,,2023-10-01 00:00:00,Hogan ,Valerie ,"Oct 2023: added to BNL  Nov 2023:became inactive, left community",2024-02-29 00:00:00,Inactive,2023-11-01 00:00:00,Moved to inactive: left community,,,,,,,October,2023,---,---,November,2023,,---,---,---,Adult,---,---,All populations,---,,,,not on file,,
Inactive,Awaiting match,,2024-05-01 00:00:00,,Smiths Falls,,12,36,2024-04-01 00:00:00,,,,,,Female,1986-09-05 00:00:00,39,Adult,,,Cornerstone Landing Youth Services,2021-09-30 00:00:00,Yes,2021-09-30 00:00:00,,,*UNASSIGNED*,,,,,,,,,,,,ü,,,,,2024-04-01 00:00:00,Hogan ,Valerie ,"Terrilee completed survey April 2024: reactivated, single chronic",2024-08-29 00:00:00,Inactive,2024-07-01 00:00:00,Moved to inactive: lost contact,,,,,,,September,2021,---,---,July,2024,,Chronic,---,---,Adult,---,---,All populations,---,,,,2024-10-01 00:00:00,not in system ,
Inactive,Documents needed,,2024-10-01 00:00:00,,Smiths Falls,2024-07-01 00:00:00,12,36,2024-07-01 00:00:00,Couch surfing,,Not a veteran,,,female,1986-09-05 00:00:00,39,Family,,Non-Indigenous,Lanark County Mental Health ,2024-07-01 00:00:00,Yes,,,,Lanark County Mental Health ,,,,,,ü,,,,,ü,,,,,,2024-11-01 00:00:00,Hogan ,Valerie ,"July 2024: originally added April 2021, was returned from housed but cdn't change status from single to family. Closed and re-entered",2025-01-29 00:00:00,Inactive,2024-11-01 00:00:00,Moved to inactive: lost contact,,,,,,,July,2024,---,---,November,2024,,Chronic,---,---,---,Family,---,All populations,---,ODSP ,HBCM,,,,
Housed,Housed,,2022-12-01 00:00:00,,Perth,2022-05-11 00:00:00,6,6,2022-12-01 00:00:00,Renting; at risk ,2022-12-01 00:00:00,,,,Male,1977-01-11 00:00:00,49,Adult,,,Lanark County Social Services/ Housing,2022-05-11 00:00:00,Yes,2022-05-11 00:00:00,,,Lanark County Social Services/ Housing,,,,,,,,,,,ü,,,,ü,,2022-12-01 00:00:00,Hogan,Valerie,"moved in with mother Jul 1, temp as apt is small. Called number on file, answered by a man who said he didn't think anyone named **** lived there.Aug 25, 2022: Spoke with mother, **** is working with a SW from LCMH, will look into DSO. Cont's to live with mother but looking for supportive housing. Consent on file to speak with  mother, she was forwarded info about ROH ACCT team.  Said they are doing well living together and would prefer he not move to  ASH if it's outside of Perth. Will continue to live together at least for the winter, is not looking for accommodation at this time. ",2023-03-31 00:00:00,Inactive,,,,,,,,,May,2022,December,2022,---,---,,Chronic,---,---,Adult,---,---,All populations,---,,,,,,
Housed,Housed,,2024-12-01 00:00:00,,Smiths Falls,2024-10-04 00:00:00,4,4,2024-12-01 00:00:00,Permanent and/or long-term housing,2024-12-01 00:00:00,Not a veteran,,,female,1984-07-13 00:00:00,41,Adult,,Non-Indigenous,Lanark County Social Services/Housing,2024-10-04 00:00:00,Yes,,,,Lanark County Social Services/Housing,,,,,,,,,,,ü,,,,ü,,2024-12-01 00:00:00,Hogan ,Valerie ,"Oct 2024:  added to BNL, single, not chronic Dec 2024: housed ",2025-03-31 00:00:00,Inactive,,,,,,,,,October,2024,December,2024,---,---,,---,---,---,Adult,---,---,All populations,---,ODSP ,,,,,
Inactive,Documents needed,,2023-12-01 00:00:00,,Carleton Place,2023-07-04 00:00:00,5,5,2023-12-01 00:00:00,Unsheltered,,,,,Male,1997-08-26 00:00:00,28,Adult,,,Lanark County Social Services/Housing,2023-07-04 00:00:00,Yes,,,,Lanark County Social Services/Housing,,,,,,,ü,,,,,ü,,,,,2023-10-01 00:00:00,Hogan ,Valerie ,"Oct 2023:returned from inactive Dec 2023: ianctive, left community",2024-03-30 00:00:00,Inactive,2023-12-01 00:00:00,Moved to inactive: left community,,,,,,,July,2023,---,---,December,2023,,---,---,---,Adult,---,---,All populations,---,,,,,,
Housed,Housed,,2023-11-01 00:00:00,,Perth,2023-09-12 00:00:00,6,11,2023-09-12 00:00:00,Public institution: hospital and/or treatment program,2023-11-01 00:00:00,Not a veteran,,,Male,1952-06-05 00:00:00,73,Adult,,,Lanark County Mental Health ,2023-09-12 00:00:00,Yes,,,,Lanark County Mental Health ,,,,,,ü,,,ü,,ü,,,,,ü,2023-11-01 00:00:00,Hogan ,Valerie ,Nov 2023: became chronic and housed,2024-02-29 00:00:00,Inactive,2023-11-01 00:00:00,,Aged-in: chronic,,,,,,September,2023,November,2023,November,2023,,Chronic,---,---,Adult,---,---,All populations,---,,,,2023-11-01 00:00:00,,
Housed,Housed,,2022-03-22 00:00:00,,,,10,10,2022-01-22 00:00:00,,2022-10-01 00:00:00,,,,Female,1992-05-13 00:00:00,33,Adult,,,Lanark County Social Services/ Housing,2021-09-27 00:00:00,Yes,2021-09-27 00:00:00,,,,,,,,,,,,,,,,,,,,2022-06-20 00:00:00,Coutts,Brooke,OW supporting/ recovering addict ,2022-07-20 00:00:00,Inactive,,,,,,,,,September,2021,October,2022,---,---,,Chronic,---,---,Adult,---,---,All populations,---,,,,no consent,,
Housed,Housed,,2023-03-01 00:00:00,,Perth,2022-12-06 00:00:00,12,18,2023-03-01 00:00:00,Permanent and/or long-term housing,2023-03-01 00:00:00,Veteran: Canadian Armed Forces,Confirmed,Yes,Male,1944-09-21 00:00:00,81,Adult,,,Lanark County Social Services/Housing,2022-12-06 00:00:00,Yes,2022-12-06 00:00:00,,2022-12-06 00:00:00,Lanark County Social Services/Housing,,,,,,ü,,,,,ü,,,,,,2023-12-01 00:00:00,Hogan ,Valerie,"Mar. 2023 Housed. Homeless Veteran in area because wife hospitalized in Perth. Income from CPP and OAS. Veteran's Affairs paying for motel from Dec 22 - Jan 31, 2023.Jan 13:  Spoke to **** at VA, no updates. She said he is running out of Emergency funds and discussed lifestyle changes with him  but he refuses.Jan 13/23 **** phoned from SF legion requesting food card, denied as he received CPP/OAS of $1950.00, and he received $1500.00 food card from funds raised in the community and he hasn't had to pay any shelter.  Said he used all his funds on gas and meals out as he doesn't like to stay in teh motel or cook meals.  Advised to go to teh food bank.   ",2023-06-29 00:00:00,Inactive,,,,,,,,,December,2022,March,2023,---,---,,Chronic,Veteran,---,Adult,---,---,All populations,---,,,,"2025-03-29 ( interdepartmental) July 21, 2025( Perth family Health Team)","submitted May 20, 2025. June 2/2025 – emailed **** the RGI declaration page to signed and dated. Once received this application will be eligible July :  RGI declaration signed July 28, 2025 with Allison. Eligible, annual update not required as have 2024 NOA  unless **** has change to report . Referred to RGI local priority Aug 29, 2025", on waitlist 
Housed,Housed,,2024-08-08 00:00:00,,Lanark Highlands,2024-08-08 00:00:00,2,2,2024-08-09 00:00:00,Public institution: hospital and/or treatment program,2024-09-01 00:00:00,Not a veteran,,,male,1954-04-09 00:00:00,72,Adult,,Non-Indigenous,Lanark County Social Services/Housing,2024-08-09 00:00:00,Yes,,,,Lanark County Social Services/Housing,,,,,,,,,,,ü,,,,,,2024-09-01 00:00:00,Hogan ,Valerie ,"Aug 2024:  added to BNL, adult, not chronic Sept 2024:  housed ",2024-12-06 00:00:00,Inactive,,,,,,,,,August,2024,September,2024,---,---,,---,---,---,Adult,---,---,All populations,---,OAS/CPP,,,,,
Inactive,Documents needed,,2025-12-01 00:00:00,,Smiths Falls,2025-09-24 00:00:00,12,36,2025-09-01 00:00:00,Unsheltered,,Not a veteran,,,Male,1967-04-17 00:00:00,59,Adult,,Non-Indigenous,Lanark County Mental Health ,2025-09-24 00:00:00,Yes,,,,Lanark County Mental Health ,,,,,,ü,,,,1,ü,,,,,,2025-12-01 00:00:00,Hogan ,Valerie ,"Sept 2025: added to BNL, single chronic  Dec 2025: ianctive, left community ",2026-03-31 00:00:00,Actively homeless,2025-12-01 00:00:00,Moved to inactive: left community,,,,,,,September,2025,---,---,December,2025,,Chronic,---,---,Adult,---,---,All populations,All populations,ODSP ,,,,,
Housed,Housed,,2025-03-01 00:00:00,,Carleton Place,2025-03-01 00:00:00,2,2,2025-03-01 00:00:00,Hotel and/or motel,2025-04-01 00:00:00,Not a veteran,,,male,1994-01-22 00:00:00,32,Family,2,First Nations: off-reserve,Lanark County Social Services/Housing,2025-03-01 00:00:00,Yes,,,,Lanark County Social Services/Housing,,,,,,,,ü,,3,ü,,,,,,2025-04-01 00:00:00,Hogan ,Valerie ,"March 2025:added to BNL, single, family, not chronic April 2025: housed ",2025-06-29 00:00:00,Inactive,,,,,,,,,March,2025,April,2025,,---,,---,---,---,---,Family,Indigenous identity,All populations,All populations,EI,,,,,
Housed,Housed,,2025-07-01 00:00:00,,Smiths Falls,2025-04-08 00:00:00,3,8,2025-07-01 00:00:00,Permanent and/or long-term housing,2025-07-01 00:00:00,Not a veteran,,,male,2002-01-25 00:00:00,24,Youth,,Non-Indigenous,Lanark County Social Services/Housing,2025-04-08 00:00:00,Yes,,,,Lanark County Social Services/Housing,,,,,,,ü,,,1,,ü,,,ü,,2025-07-01 00:00:00,Hogan ,Valerie ,"April 2025:  added to BNL, youth not chronic May 2025: inactive, left community June 2025: Returned from inactive july 2025: housed ",2025-10-29 00:00:00,Inactive,2025-06-01 00:00:00,Returned from inactive,,,,,,,April,2025,July,2025,June,2025,,---,---,Youth,---,---,---,All populations,All populations,ODSP,"Cornerstone - June 16, 2025",,,,
Actively homeless,Documents needed,,2025-12-01 00:00:00,,Smiths Falls,2023-09-01 00:00:00,12,36,2024-07-01 00:00:00,Unsheltered,,Not a veteran,,,Male,1984-01-18 00:00:00,42,Adult,,,Lanark County Mental Health ,2023-09-01 00:00:00,Yes,,,,Lanark County Mental Health ,,,,,,ü,,,,1,ü,,,,,,2023-09-01 00:00:00,Hogan ,Valerie ,,2026-03-31 00:00:00,Actively homeless,,,,,,,,,September,2023,---,---,---,---,,Chronic,---,---,Adult,---,---,All populations,1,OW,,willowdale,,,
Housed,Housed,,2025-10-01 00:00:00,,Smiths Falls,2025-06-06 00:00:00,5,5,2025-10-01 00:00:00,Permanent and/or long-term housing,2025-10-01 00:00:00,Not a veteran,,,female,2006-01-09 00:00:00,20,Youth,,Non-Indigenous,Lanark County Social Services/Housing,2025-06-06 00:00:00,Yes,,,,Lanark County Social Services/Housing,,,,,,,ü,,,1,ü,,,,,,2025-10-01 00:00:00,Hogan ,Valerie ,"June 2025;  added to BNL, youth  not chronic Oct 2025: housed ",2026-01-29 00:00:00,Inactive,,,,,,,,,June,2025,October,2025,---,---,,---,---,Youth,---,---,---,All populations,All populations,OW,"Cornerstone - June 16, 2025",,,,
Inactive,Documents needed,,2026-02-01 00:00:00,,Smiths Falls,2025-06-16 00:00:00,11,15,2025-06-16 00:00:00,Unsheltered,,Not a veteran,,,male,1984-02-25 00:00:00,42,Adult,,Non-Indigenous,Lanark County Social Services/Housing,2025-06-16 00:00:00,Yes,,,,Lanark County Social Services/Housing,,,,,,ü,,,,1,ü,,,,,,2026-02-01 00:00:00,Hogan ,Valerie ,"June 2025: added yo BNL, single adult, not chronic Sept 2025: became chronic Feb 2026:  became inactive, left the community ",2026-06-01 00:00:00,Actively homeless,2026-02-01 00:00:00,Moved to inactive: left community,,,,,,,June,2025,---,---,February,2026,,Chronic,---,---,Adult,---,---,All populations,All populations,OW,,,2025-06-16 00:00:00,not in system ,
Inactive,Documents needed,,2024-06-01 00:00:00,,Carleton Place,2023-03-03 00:00:00,12,17,2023-10-01 00:00:00,Couch surfing,,,,,Female,1986-04-07 00:00:00,40,Family,4+,Non-Indigenous,Lanark County Social Services/Housing,2023-03-03 00:00:00,Yes,,,,Lanark County Social Services/Housing,,,,,,ü,,,,,ü,,,,,,2024-06-01 00:00:00,Hogan ,Valerie ,emp income  Aug 2023 became chronic June 2024:  inactive: lost contact ,2024-09-29 00:00:00,Inactive,2024-06-01 00:00:00,Moved to inactive: lost contact,,,,,,,March,2023,---,---,June,2024,,Chronic,---,---,---,Family,---,All populations,---,Employed,,,,,
Inactive,Documents needed,,2024-11-01 00:00:00,,Perth,2024-10-01 00:00:00,12,26,2024-10-18 00:00:00,Hotel and/or motel,,Not a veteran,,,female,1965-02-24 00:00:00,61,Adult,,Non-Indigenous,Lanark County Social Services/Housing,2024-10-01 00:00:00,Yes,,,,Lanark County Social Services/Housing,,,,,,ü,,,,,ü,,,ü,,,2024-11-01 00:00:00,Hogan ,Valerie ,"Oct 2024: added to BNL, single adult chronic Nov 2024: became inactive, left community ",2025-03-01 00:00:00,Inactive,2024-11-01 00:00:00,Moved to inactive: left community,,,,,,,October,2024,---,---,November,2024,,Chronic,---,---,Adult,---,---,All populations,---,"CPP-D, ODSP and nurses pension ",HBCM,,,,
Inactive,Documents needed,,2023-07-01 00:00:00,,Smiths Falls,2023-04-24 00:00:00,3,3,2023-04-24 00:00:00,Permanent and/or long-term housing,,,,,Male,1967-01-18 00:00:00,59,Adult,,Non-Indigenous,Lanark County Social Services/Housing,2023-04-24 00:00:00,Yes,,,,Lanark County Social Services/Housing,,,,,,,,,,,ü,,,,,,2023-04-24 00:00:00,Hogan ,Valerie ,Apr 24: rental ends at  end of Apri,2023-10-29 00:00:00,Inactive,2023-07-01 00:00:00,Moved to inactive: lost contact,,,,,,,April,2023,---,---,July,2023,,---,---,---,Adult,---,---,All populations,---,,,,,,
Inactive,Awaiting match,,2022-03-21 00:00:00,,,,11,11,2022-01-21 00:00:00,,,,,,Female,1985-04-09 00:00:00,41,Adult,1,,Lanark County Interval House,2021-09-28 00:00:00,Yes,2021-09-28 00:00:00,,,Lanark County Interval House,,,,,,,,,,,,,,,,,2021-09-28 00:00:00,Coutts,Brooke,"LCIH- KA no update, accepted beyond 2nd stage ",2022-07-19 00:00:00,Inactive,,,,,,,,,September,2021,---,---,---,---,,Chronic,---,---,Adult,---,---,All populations,---,,,,,,
Housed,Housed,,2024-01-01 00:00:00,,Perth,2023-12-14 00:00:00,2,2,2024-01-01 00:00:00,Permanent and/or long-term housing,2024-01-01 00:00:00,Not a veteran,,,Female,1987-10-01 00:00:00,38,Family,2,,Lanark County Interval House,2023-12-14 00:00:00,Yes,,,,Lanark County Interval House,,,,,,,,,,,ü,,,,,,2024-01-01 00:00:00,Hogan ,Valerie ,"Dec 2023: added to BNL; family, not chronic  Jan 2024: Housed",2024-04-30 00:00:00,Inactive,,,,,,,,,December,2023,January,2024,---,---,,---,---,---,---,Family,---,All populations,---,,,,,,
Housed,Housed,,2025-10-01 00:00:00,,Perth,2025-09-17 00:00:00,2,2,2025-10-01 00:00:00,Permanent and/or long-term housing,2025-10-01 00:00:00,Not a veteran,,,male,1970-10-21 00:00:00,55,Adult,,Métis,Lanark County Social Services/Housing,2025-09-17 00:00:00,Yes,,,,Lanark County Social Services/Housing,,,,,,,,ü,,1,ü,,,,ü,,2025-10-01 00:00:00,Hogan ,Valerie ,"Sept 2025:  added to BNL, not chronic, single Oct 2025: housed ",2026-01-29 00:00:00,Inactive,,,,,,,,,September,2025,October,2025,---,---,,---,---,---,Adult,---,Indigenous identity,All populations,All populations,OW,,,2024-11-12 00:00:00,2021-07-06 - first up ,not on waitlist 
Actively homeless,Documents needed,,2026-01-01 00:00:00,,Mississippi Mills,2025-06-06 00:00:00,8,8,2025-06-06 00:00:00,other,,Not a veteran,,,female,1999-01-04 00:00:00,27,Adult,,Non-Indigenous,Lanark County Mental Health ,2025-06-06 00:00:00,Yes,,,,Lanark County Mental Health ,,,,,,ü,,,,1,ü,,,,,,2025-12-01 00:00:00,Hogan ,valerie ,"June 2025: added to BNL, signle adult not chronic Dec 2025: became chronic",2026-05-01 00:00:00,Actively homeless,2025-12-01 00:00:00,,Aged-in: chronic,,,,,,June,2025,---,---,December,2025,,Chronic,---,---,Adult,---,---,All populations,All populations,no income,,,2025-06-09 00:00:00,no application ,
Housed,Housed,,2025-09-01 00:00:00,,Smiths Falls,2025-08-12 00:00:00,2,2,2025-08-12 00:00:00,Permanent and/or long-term housing,2025-09-01 00:00:00,Not a veteran,,,female,1995-01-01 00:00:00,31,Family,3,Non-Indigenous,Lanark County Social Services/Housing,2025-08-12 00:00:00,Yes,,,,Lanark County Social Services/Housing,,,,,,,,,,4,ü,,,,ü,,2025-08-01 00:00:00,Hogan ,Valerie ,"Aug 2025:  added to BNL, family not chronic Sept 2025: Housed ",2025-12-30 00:00:00,Inactive,,,,,,,,,August,2025,September,2025,---,---,,---,---,---,---,Family,---,All populations,All populations,OW,,,,,
Inactive,Documents needed,,2025-06-01 00:00:00,,Smiths Falls,2023-08-24 00:00:00,12,36,2025-06-01 00:00:00,Public institution: hospital and/or treatment program,,Not a veteran,,,Male,1989-04-24 00:00:00,37,Adult,,,Lanark County Social Services/Housing,2023-08-24 00:00:00,Yes,,,,Lanark County Social Services/Housing,,,,,,ü,,,,1,,,ü,,ü,,2025-08-01 00:00:00,Hogan ,Valerie ,"Feb 2024: returned from housed May 2024: housed May 2025:  returned from housed, chronic Aug 2025: became inactive, unable to contact",2025-09-29 00:00:00,Inactive,2025-08-01 00:00:00,Moved to inactive: lost contact,,,,,,,August,2023,---,---,August,2025,,Chronic,---,---,Adult,---,---,All populations,1,ODSP,,,,,
Inactive,Documents needed,,2024-01-31 00:00:00,,Smiths Falls,2024-01-31 00:00:00,7,36,2024-01-31 00:00:00,Permanent and/or long-term housing,,Not a veteran,,,Male ,1989-04-24 00:00:00,37,Adult,,,Lanark County Mental Health ,2024-01-31 00:00:00,Yes,,,,Lanark County Social Services/Housing,,,,,,ü,,,,,ü,,ü,,,,2024-02-01 00:00:00,Hogan ,Valerie ,"Jan 2024: added to BNL, chronic single adult.  Was on previously",2024-05-30 00:00:00,Inactive,2024-02-01 00:00:00,Moved to inactive: duplicate entry,,,,,,,January,2024,---,---,February,2024,,Chronic,---,---,Adult,---,---,All populations,---,,,,,,
Inactive,Awaiting match,,2022-01-21 00:00:00,,,,12,27,2022-01-21 00:00:00,,,,,,Female,1997-08-02 00:00:00,28,Adult,1,,Cornerstone Landing Youth Services,2021-09-28 00:00:00,Yes,2021-09-28 00:00:00,,,Cornerstone Landing Youth Services,,,,,,,,,,,,,,,,,2021-01-28 00:00:00,Coutts,Brooke,Cornerstone-EH,2022-05-21 00:00:00,Inactive,,,,,,,,,September,2021,---,---,---,---,,Chronic,---,---,Adult,---,---,All populations,---,,,,,,
Housed,Housed,,2025-11-01 00:00:00,,Smiths Falls,2024-11-12 00:00:00,12,12,2025-11-01 00:00:00,Permanent and/or long-term housing,2025-11-01 00:00:00,Not a veteran,,,male ,1989-05-19 00:00:00,36,Adult,,Non-Indigenous,Lanark County Social Services/Housing,2024-11-12 00:00:00,Yes,,,,Lanark County Social Services/Housing,,,,,,ü,,,,1,ü,,,,ü,ü,2025-11-01 00:00:00,Hogan ,Valerie ,"Nov 2024: added yo BNL, single not chronic April 2025: became chronic Nov 2025: housed ",2026-03-01 00:00:00,Actively homeless,2025-04-01 00:00:00,,Aged-in: chronic,,,,,,November,2024,November,2025,April,2025,,Chronic,---,---,Adult,---,---,All populations,1,EI and just started working for Access Taxi ,HBCM,,,,
Actively homeless,Awaiting match,,2026-02-01 00:00:00,,Smiths Falls,2022-06-20 00:00:00,12,25,2024-12-01 00:00:00,Transitional housing,,Not a veteran,,,Female,1980-12-26 00:00:00,45,Adult,,Non-Indigenous,Lanark County Social Services/ Housing,2022-06-20 00:00:00,Yes,2022-06-20 00:00:00,,,Lanark County Social Services/ Housing,,,,,,ü,,,,1,,,ü,,,,2024-11-01 00:00:00,Hogan,Valerie,Sept 2022: housed July 2023: returned from housed March 2024: housed Nov 2024:  returned from housed Dec 2024: housed ,2026-06-01 00:00:00,Actively homeless,2025-03-01 00:00:00,Returned from housing,,,,,,,June,2022,---,---,March,2025,,Chronic,---,---,Adult,---,---,All populations,1,ODSP,,,2024-06-24 00:00:00,"Submitted May 10, 2025.  Waiting on NOA, deadline Aug 10, 2025",
Inactive,Awaiting match,,2022-01-21 00:00:00,,,,12,19,2022-01-21 00:00:00,,,,,,Female,1985-05-05 00:00:00,40,Adult,2,,*UNASSIGNED*,2021-09-30 00:00:00,Yes,2021-09-30 00:00:00,,,*UNASSIGNED*,,,,,,,,,,,,,,,,,2022-01-21 00:00:00,Coutts,Brooke,Terrilee completed survey *family in vehicle*,2022-05-21 00:00:00,Inactive,,,,,,,,,September,2021,---,---,---,---,,Chronic,---,---,Adult,---,---,All populations,---,,,,,,
Inactive,Documents needed,,2025-05-01 00:00:00,,Perth,2025-03-31 00:00:00,3,3,2025-03-31 00:00:00,Hotel and/or motel,,Not a veteran,,,female,1954-08-27 00:00:00,71,Adult,,Non-Indigenous,Lanark County Social Services/Housing,2025-03-31 00:00:00,Yes,,,,Lanark County Social Services/Housing,,,,,,,,,,1,ü,,,ü,,,2025-05-01 00:00:00,Hogan ,Valerie ,"March 2025: added to BNL, single not chronic May 2025: Became inactive, left the community ",2025-08-29 00:00:00,Inactive,2025-05-01 00:00:00,Moved to inactive: left community,,,,,,,March,2025,---,---,May,2025,,---,---,---,Adult,---,---,All populations,All populations,OAS/CPP,,,,,
Inactive,Awaiting match,,2022-01-21 00:00:00,,,,8,8,2022-01-21 00:00:00,,,,,,Female,2004-05-02 00:00:00,21,Adult,,,Cornerstone Landing Youth Services,2021-09-28 00:00:00,Yes,2021-09-28 00:00:00,,,Cornerstone Landing Youth Services,,,,,,,,,,,,,,,,,2022-01-28 00:00:00,Coutts,Brooke,Cornerstone-EH,2022-05-21 00:00:00,Inactive,,,,,,,,,September,2021,---,---,---,---,,Chronic,---,---,Adult,---,---,All populations,---,,,,,,
Inactive,Documents needed,,2024-10-01 00:00:00,,Smiths Falls,2024-06-01 00:00:00,6,10,2024-06-01 00:00:00,Unsheltered,,Not a veteran,,,male,1980-05-15 00:00:00,45,Adult,,Non-Indigenous,Lanark County Mental Health ,2024-06-01 00:00:00,Yes,,,,Lanark County Social Services/Housing,,,,,,ü,,,,,ü,,,,,,2024-10-01 00:00:00,Hogan ,Valerie ,"June 2024: added to BNL, not chronic, single Oct 2024: became chronic, left community ",2025-01-29 00:00:00,Inactive,2024-10-01 00:00:00,Moved to inactive: left community,Aged-in: chronic,,,,,,June,2024,---,---,October,2024,,Chronic,---,---,Adult,---,---,All populations,---,OW,,,2024-09-10 00:00:00,"eligible Feb 21, 2025. Update incomplte, missing 2024 NOA.Deadline Sept 12, 2024.  Given phone # for NOA and spoke about calling CRA to access account.  Asked Alyssa for extra time.",not  on waitlist 
Housed,Housed,,2024-08-01 00:00:00,,Smiths Falls,2023-06-27 00:00:00,12,32,2023-10-01 00:00:00,Hotel and/or motel,2024-09-01 00:00:00,,,,Female ,1944-01-27 00:00:00,82,Adult,,Non-Indigenous,Lanark County Social Services/Housing,2023-06-27 00:00:00,Yes,,,,Lanark County Mental Health ,,,,,,ü,,,,,ü,,,,,ü,2024-09-01 00:00:00,Hogan ,Valerie ,"Nov 2023: inactive, unable to contact July 2024: re-activated, single  Sept 2024: housed ",2024-11-29 00:00:00,Inactive,2024-07-01 00:00:00,Returned from inactive,,,,,,,June,2023,September,2024,July,2024,,Chronic,---,---,Adult,---,---,All populations,---,OAS/CPP,HBCM,,,,
Housed,Housed,,2025-12-01 00:00:00,,Perth,2025-02-05 00:00:00,12,36,2025-02-05 00:00:00,Permanent and/or long-term housing,2025-12-01 00:00:00,Not a veteran,,,male,1982-08-01 00:00:00,43,Adult,,Non-Indigenous,Lanark County Social Services/Housing,2025-02-18 00:00:00,Yes,,,,Lanark County Social Services/Housing,,,,,,ü,,,,1,ü,,,,ü,,2025-02-18 00:00:00,Hogan ,Valerie ,"Feb 25:  added to BNL, chronic single Dec 2025: housed ",2026-03-31 00:00:00,Actively homeless,,,,,,,,,February,2025,December,2025,---,---,,Chronic,---,---,Adult,---,---,All populations,All populations,ODSP ,,,,,
Housed,Housed,,2021-10-26 00:00:00,,,,12,13,2021-09-21 00:00:00,,2021-10-26 00:00:00,,,,Female,1988-02-26 00:00:00,38,Adult,2,,Lanark County Interval House,2021-09-29 00:00:00,Yes,2021-09-29 00:00:00,,,Lanark County Interval House,,,,,,,,,,,,,,,,,2021-10-26 00:00:00,Coutts,Brooke,LCIH- housed in beyond 2nd stage ,2022-02-23 00:00:00,Inactive,,,,,,,,,September,2021,October,2021,---,---,,Chronic,---,---,Adult,---,---,All populations,---,,,,,,
Housed,Housed,,2022-05-01 00:00:00,,,2022-03-28 00:00:00,4,8,2022-05-01 00:00:00,Public institution: correctional facilities,2022-05-01 00:00:00,,,,Male,1995-07-14 00:00:00,30,Adult,1,,Lanark County Social Services/ Housing,2022-03-31 00:00:00,Yes,2022-03-31 00:00:00,,,Lanark County Social Services/ Housing,,,,,,,,,,,,,,,,,2022-05-01 00:00:00,Coutts,Brooke,"New referal, paid motel, 1 dependant not in his care, addictions, mental health, can be violent, has a partner, received update currently in jail in kingston-drugs/partner violence. ",2022-08-29 00:00:00,Inactive,,,,,,,,,March,2022,May,2022,---,---,,---,---,---,Adult,---,---,All populations,---,,,,,,
Housed,Housed,,2024-02-01 00:00:00,,Carleton Place,2023-11-23 00:00:00,5,5,2024-02-01 00:00:00,Hotel and/or motel,2024-02-01 00:00:00,Not a veteran,,,Male,1993-06-14 00:00:00,32,Family,,,Victim Services,2023-11-23 00:00:00,Yes,,,,Victim Services,,,,,,,,,,,ü,,,,ü,ü,2023-11-23 00:00:00,Hogan ,Valerie ,"Nov 2023:  added to BNL, single, not chronic Feb 2024:  Hosed",2024-05-31 00:00:00,Inactive,,,,,,,,,November,2023,February,2024,---,---,,---,---,---,---,Family,---,All populations,---,,,,,,
Housed,Housed,,2026-01-01 00:00:00,,Perth,2024-02-21 00:00:00,12,36,2024-02-21 00:00:00,Permanent and/or long-term housing,2026-01-01 00:00:00,Not a veteran,,,Male,1951-10-31 00:00:00,74,Adult,,,Lanark County Mental Health ,2024-02-21 00:00:00,Yes,,,,Lanark County Mental Health ,,,,,,ü,,,,1,ü,,,ü,,,2026-01-01 00:00:00,Hogan ,Valerie ,"2024-02-01: added to BNL  June 2025:  inacive, lost contact Jan 2026:  Housed ",2026-05-01 00:00:00,Actively homeless,2025-07-01 00:00:00,Returned from inactive,,,,,,,February,2024,January,2026,July,2025,,Chronic,---,---,Adult,---,---,All populations,1,CPP/OAS,,,,,
Housed,Housed,,2025-11-01 00:00:00,,Smiths Falls,2025-04-25 00:00:00,8,8,2025-04-25 00:00:00,Permanent and/or long-term housing,2025-11-01 00:00:00,Not a veteran,,,male ,1975-11-11 00:00:00,50,Adult,,Non-Indigenous,Lanark County Social Services/Housing,2025-04-25 00:00:00,Yes,,,,Lanark County Social Services/Housing,,,,,,ü,,,,1,ü,,,,,,2025-11-01 00:00:00,Hogan ,Valerie ,"April 2025: added to BNL, single not chronic Aug 2025: aged into chronic",2026-03-01 00:00:00,Actively homeless,2025-08-01 00:00:00,,Aged-in: chronic,,,,,,April,2025,November,2025,August,2025,,Chronic,---,---,Adult,---,---,All populations,All populations,ODSP,,,,,
Actively homeless,Documents needed,,2026-02-01 00:00:00,,Smiths Falls,2025-07-16 00:00:00,9,9,2025-07-16 00:00:00,Couch surfing,,Not a veteran,,,female,1997-05-31 00:00:00,28,Adult,,Non-Indigenous,Lanark County Social Services/Housing,2025-07-16 00:00:00,Yes,,,,Lanark County Social Services/Housing,,,,,,,,,,1,ü,,,,,,2025-11-01 00:00:00,Hogan ,Valerie ,"July 2025: added to BNL, single not chronic Nov 2025: aged into chronic",2026-06-01 00:00:00,Actively homeless,2025-11-01 00:00:00,,Aged-in: chronic,,,,,,July,2025,---,---,November,2025,,Chronic,---,---,Adult,---,---,All populations,All populations,OW ,HBCM when available,,2026-07-16 00:00:00,not in system ,noton list 
Housed,Housed,,2023-12-01 00:00:00,,Perth,2023-10-27 00:00:00,3,3,2023-10-27 00:00:00,Couch surfing,2023-12-01 00:00:00,Not a veteran,,,Male,1941-05-01 00:00:00,84,Adult,,,Lanark County Social Services/Housing,2023-10-27 00:00:00,Yes,,,,Lanark County Social Services/Housing,,,,,,,,,,,ü,,,,,,2023-10-01 00:00:00,Hogan ,Valerie ,Oct 2023: added to BNL Dec 2023: housed,2024-03-30 00:00:00,Inactive,,,,,,,,,October,2023,December,2023,---,---,,---,---,---,Adult,---,---,All populations,---,,,,,,
Inactive,Documents needed,,2026-02-01 00:00:00,,Smiths Falls,2025-09-15 00:00:00,8,8,2025-09-15 00:00:00,Couch surfing,,Not a veteran,,,female,1991-01-18 00:00:00,35,Family,4+,Non-Indigenous,Lanark County Social Services/Housing,2025-09-15 00:00:00,Yes,,,,Lanark County Social Services/Housing,,,,,,ü,,,,6,ü,,,,,,2026-02-01 00:00:00,Hogan ,Valerie ,"Sept 2025: added to BNL, family not chronic Dec 2025: aged into chronic Feb 2026:  Became inactive, leftthe municipality",2026-06-01 00:00:00,Actively homeless,2026-02-01 00:00:00,Moved to inactive: left community,,,,,,,September,2025,---,---,February,2026,,Chronic,---,---,---,Family,---,All populations,All populations,OW ,,,2025-09-16 00:00:00,No RGI file,not on list 
Actively homeless,Documents needed,,2026-01-01 00:00:00,,Carleton Place,2025-08-15 00:00:00,8,8,2025-08-15 00:00:00,Couch surfing,,Not a veteran,,,male,1943-09-14 00:00:00,82,Adult,,Non-Indigenous,Lanark County Social Services/Housing,2025-08-15 00:00:00,Yes,,,,Lanark County Social Services/Housing,,,,,,ü,,,,1,ü,,,,,,2025-12-01 00:00:00,Hogan ,Valerie ,"Aug 2025: added to BNL, single not chronic Dec 2025: became chronic",2026-05-01 00:00:00,Actively homeless,2025-12-01 00:00:00,,Aged-in: chronic,,,,,,August,2025,---,---,December,2025,,Chronic,---,---,Adult,---,---,All populations,All populations,OAS/CPP,HBCM,,no consent,,
Housed,Housed,,2023-12-01 00:00:00,,Smiths Falls,2024-12-14 00:00:00,2,16,2024-01-01 00:00:00,Permanent and/or long-term housing,2024-01-01 00:00:00,Not a veteran,,,Female,1988-02-11 00:00:00,38,Adult,,,Lanark County Social Services/Housing,2023-12-01 00:00:00,Yes,,,,Lanark County Social Services/Housing,,,,,,,,,,,ü,,,,,,2024-01-01 00:00:00,Hogan ,Valerie ,"Dec 2023, added to BNL, single not chronic  Jan 2024: housed",2024-03-30 00:00:00,Inactive,,,,,,,,,December,2023,January,2024,---,---,,---,---,---,Adult,---,---,All populations,---,,,,,,
Actively homeless,Accepted referral,,2026-01-01 00:00:00,,Carleton Place,2023-02-24 00:00:00,12,36,2023-10-01 00:00:00,Transitional housing,,Not a veteran,,,Male,1997-02-01 00:00:00,29,Adult,,,Lanark County Social Services/Housing,2023-02-24 00:00:00,Yes,2023-02-24 00:00:00,2023-02-24 00:00:00,2025-05-01 00:00:00,Lanark County Social Services/Housing,,,,,,ü,,,,1,,ü,,,,ü,2025-03-01 00:00:00,Hogan ,Valerie ,"Nov 2023: inactive unable to contact March 2025:  returned from iactive, single chronic",2026-05-01 00:00:00,Actively homeless,2025-03-01 00:00:00,Returned from inactive,,,,,,,February,2023,---,---,March,2025,,Chronic,---,---,Adult,---,---,All populations,1,OW. Some employemnt,,,2025-03-17 00:00:00,"applied May 13, 2025.  Waiting on IS and NOA, deadline Aug 13, 2025",
Inactive,Awaiting match,,2022-05-12 00:00:00,,,2022-05-12 00:00:00,12,20,,Shelter,,,,,Female,1971-08-20 00:00:00,54,Adult,1,,Lanark County Interval House,2022-05-12 00:00:00,Yes,2022-05-12 00:00:00,,,Lanark County Interval House,,,,,,,,,,,,,,,,,2022-10-24 00:00:00,Hogan,Valerie,"moved to Aboriginal Housing Oct 1, 2022- accessed HAP ",2022-09-09 00:00:00,Inactive,2022-10-01 00:00:00,Moved to inactive: lost contact,,,,,,,May,2022,---,---,October,2022,,Chronic,---,---,Adult,---,---,All populations,---,,,,,,
Actively homeless,Documents needed,,2025-12-01 00:00:00,,Smiths Falls,2025-08-29 00:00:00,12,12,2025-08-29 00:00:00,Unsheltered,,Not a veteran,,,male,1948-12-12 00:00:00,77,Adult,,Non-Indigenous,Lanark County Social Services/Housing,2025-08-29 00:00:00,Yes,,,,Lanark County Social Services/Housing,,,,,,ü,,,,1,ü,,,,,,2025-08-01 00:00:00,Hogan ,Valerie ,"Aug 2025: aded to BNL, single chronic",2026-03-31 00:00:00,Actively homeless,,,,,,,,,August,2025,---,---,---,---,,Chronic,---,---,Adult,---,---,All populations,All populations,OAS/CPP,"local priority Oct 29, 2025",,2025-03-25 00:00:00,"Eligible April 3, 2023. Eligible, update complete.Sept 2025:  refused a chrono offer for housing.  Has to re-apply ",
Inactive,Documents needed,,2024-11-01 00:00:00,,Perth,2024-09-20 00:00:00,6,6,2024-09-20 00:00:00,seasonal housing,,Not a veteran,,,female,1946-07-14 00:00:00,79,Adult,,Non-Indigenous,Lanark County Social Services/Housing,2024-09-20 00:00:00,Yes,,,,Lanark County Social Services/Housing,,,,,,ü,,,,,ü,,,,,,2025-01-01 00:00:00,Hogan ,Valerie ,"Sept 2024:  added to BNL, single not chronic Jan 2025:  inactive: unable to contact ",2025-03-01 00:00:00,,2025-01-01 00:00:00,Moved to inactive: lost contact,Aged-in: chronic,,,,,,September,2024,---,---,January,2025,,Chronic,---,---,Adult,---,---,All populations,---,OAS/CPP,,,,,
Inactive,Documents needed,,2025-10-01 00:00:00,,Tay Valley,2025-06-16 00:00:00,8,8,2025-06-16 00:00:00,seasonal housing,,Not a veteran,,,male,1966-12-14 00:00:00,59,Adult,,Non-Indigenous,Lanark County Mental Health ,2025-06-16 00:00:00,Yes,,,,Lanark County Social Services/Housing,,,,,,ü,,,,1,ü,,,,,,2025-08-01 00:00:00,Hogan ,Valerie ,"June 2025: added to BNL, single adult not chronic Aug 2025: aged into chronic",2026-01-29 00:00:00,Inactive,2025-10-01 00:00:00,Moved to inactive: lost contact,,,,,,,June,2025,---,---,October,2025,,Chronic,---,---,Adult,---,---,All populations,All populations,OW,,,,,
Actively homeless,Documents needed,,2026-01-01 00:00:00,,Carleton Place,2024-03-04 00:00:00,6,8,2024-03-14 00:00:00,Permanent and/or long-term housing,,Not a veteran,,,Female,1965-12-24 00:00:00,60,Adult,,Non-Indigenous,Lanark County Mental Health ,2024-03-01 00:00:00,Yes,,,,Lanark County Mental Health ,,,,,,,,,,1,ü,,,,,,2024-06-01 00:00:00,Hogan ,Valerie ,March 2024:  added to BNL June 2024: left municipality Jan 2026: returned from inactive Feb 2026: aged into chronic,2026-05-01 00:00:00,Actively homeless,2026-02-01 00:00:00,,Aged-in: chronic,,,,,,March,2024,---,---,February,2026,,Chronic,---,---,Adult,---,---,All populations,1,ODSP,,,2024-06-17 00:00:00,eligible as of June 2024,
Housed,Housed,,2024-03-28 00:00:00,,Smiths Falls,2024-03-28 00:00:00,3,3,2024-03-28 00:00:00,Permanent and/or long-term housing,2024-06-01 00:00:00,Not a veteran,,,Male,1961-10-06 00:00:00,64,Adult,,Non-Indigenous,Lanark County Social Services/Housing,2024-03-01 00:00:00,Yes,,,,Lanark County Social Services/Housing,,,,,,,,,,,ü,,,,ü,ü,2024-06-01 00:00:00,Hogan ,Valerie ,"March 2024:  added to BNL, adult single, not chronic June 2024: housed",2024-07-26 00:00:00,Inactive,,,,,,,,,March,2024,June,2024,---,---,,---,---,---,Adult,---,---,All populations,---,ODSP,HBCM,,,,
Housed,Housed,,2021-11-11 00:00:00,,,,1,1,2021-09-21 00:00:00,,2021-11-29 00:00:00,,,,Male,1986-08-09 00:00:00,39,Adult,,,Lanark County Social Services/ Housing,2021-09-24 00:00:00,Yes,2021-09-24 00:00:00,,,,,,,,,,,,,,,,,,,,2021-09-24 00:00:00,Coutts,Brooke,"Shardon with partner- Change health referral, funded bed Shardon Manor",2022-03-11 00:00:00,Inactive,,,,,,,,,September,2021,November,2021,---,---,,---,---,---,Adult,---,---,All populations,---,,,,,,
Inactive,Accepted referral,,2023-02-02 00:00:00,,Smiths Falls,2023-02-02 00:00:00,2,2,2023-02-02 00:00:00,Hotel and/or motel,,,,,Female ,1964-04-19 00:00:00,62,Adult,,,Lanark County Social Services/Housing,2023-02-02 00:00:00,Yes,2023-02-02 00:00:00,2023-02-16 00:00:00,2023-02-06 00:00:00,Other,,,,,,,,,,,ü,,,,,,2023-03-01 00:00:00,Hogan ,Valerie,"CPP Survivor's Pension, ODSP. Came to area in Nov. to care for her mother in housing.  Became homeless following an altercation. Mar 1:  Moved to Brockville, styaing at shelter following hospitalization",2023-06-02 00:00:00,Inactive,2023-03-01 00:00:00,Moved to inactive: left community,,,,,,,February,2023,---,---,March,2023,,---,---,---,Adult,---,---,All populations,---,,HBCM,,,,
Housed,Housed,,2024-03-01 00:00:00,,Carleton Place,2024-02-09 00:00:00,2,2,2024-02-09 00:00:00,Couch surfing,2024-03-01 00:00:00,Not a veteran,,,Male ,1994-06-18 00:00:00,31,Adult,,First Nations: off-reserve,Lanark County Social Services/Housing,2024-02-09 00:00:00,Yes,,,,Lanark County Social Services/Housing,,,,,,,,ü,,,ü,,,,,,2024-03-01 00:00:00,Hogan ,Valerie ,"Feb 2024: added to BNL, single, not chronic.  Housed March 2024",2024-06-29 00:00:00,Inactive,,,,,,,,,February,2024,March,2024,---,---,,---,---,---,Adult,---,Indigenous identity,All populations,---,,,,,,
Inactive,Documents needed,,2025-09-01 00:00:00,,Perth,2024-07-29 00:00:00,12,14,2025-08-01 00:00:00,Public institution: correctional facilities,,Not a veteran,,,male,1990-03-13 00:00:00,36,Adult,,Non-Indigenous,Lanark County Social Services/Housing,2024-07-01 00:00:00,Yes,,,,Lanark County Social Services/Housing,,,,,,ü,,,,1,ü,,,,ü,,2025-09-01 00:00:00,Hogan ,Valerie ,"2024-07-01: added to BNL, single adult, not chronic Dec 2024: Aged into chronic My 2025:  became in active  June 2025:  returned from inactive Sept 2025: became inactive, unable to contact ",2025-12-30 00:00:00,Inactive,2025-09-01 00:00:00,Moved to inactive: lost contact,,,,,,,July,2024,---,---,September,2025,,Chronic,---,---,Adult,---,---,All populations,1,ODSP ,,,,,
Housed,Housed,,2023-05-01 00:00:00,,Perth,2023-03-01 00:00:00,12,27,2023-03-01 00:00:00,Shelter,2023-06-01 00:00:00,,,,Female,2006-10-13 00:00:00,19,Youth,,Non-Indigenous,Lanark County Social Services/Housing,2023-03-01 00:00:00,Yes,,,,Lanark County Interval House,,,,,,ü,ü,,,,ü,,,,ü,,2023-06-01 00:00:00,Hogan ,Valerie ,"June: moved to RGI , SPP",2023-08-29 00:00:00,Inactive,2023-03-01 00:00:00,,,,Newly identified: youth,,,,March,2023,June,2023,March,2023,,Chronic,---,Youth,---,---,---,All populations,---,,,,,,
Housed,Housed,,2024-07-01 00:00:00,,Mississippi Mills,2023-11-17 00:00:00,9,9,2024-03-01 00:00:00,Shelter,2024-07-01 00:00:00,Not a veteran,,,Female,1970-08-30 00:00:00,55,Family,1,,Lanark County Social Services/Housing,2023-11-17 00:00:00,Yes,,,,Lanark County Social Services/Housing,,,,,,ü,,,,,ü,,,,ü,,2024-07-01 00:00:00,Hogan ,Valerie ,"Nov 2023:  added to BNL, family not chronic  March 2024:  shelter updated, living in shelter  April 2024: aged in chronic  July 2024: Housed",2024-10-29 00:00:00,Inactive,2024-04-01 00:00:00,,Aged-in: chronic,,,,,,November,2023,July,2024,April,2024,,Chronic,---,---,---,Family,---,All populations,---,OW ,HBCM,,,,
Housed,Housed,,2024-11-01 00:00:00,,Smiths Falls,2024-10-11 00:00:00,2,2,2024-10-11 00:00:00,Shelter,2024-11-01 00:00:00,Not a veteran,,,male,1976-07-26 00:00:00,49,Adult,,Non-Indigenous,Lanark County Social Services/Housing,2024-10-11 00:00:00,Yes,,,,Lanark County Social Services/Housing,,,,,,,,,,,ü,,,,ü,,2024-11-01 00:00:00,Hogan ,Valerie ,"Oct 2024:  added to BNL, single not chronic Nov 2024: housed ",2025-03-01 00:00:00,Inactive,,,,,,,,,October,2024,November,2024,---,---,,---,---,---,Adult,---,---,All populations,---,OW ,,,,,
Inactive,Documents needed,,2026-02-01 00:00:00,,Smiths Falls,2025-07-15 00:00:00,7,7,2026-02-01 00:00:00,Shelter,,Not a veteran,,,female,1966-01-03 00:00:00,60,Adult,,Non-Indigenous,Lanark County Social Services/Housing,2025-07-15 00:00:00,Yes,,,,Lanark County Social Services/Housing,,,,,,ü,,,,1,ü,,,,,,2026-02-01 00:00:00,Hogan ,Valerie ,"July 2025:  aded to BNL, single not chronic Jan 2026:  aged into chronic Feb 2026: inactive, lefthe community ",2026-06-01 00:00:00,Actively homeless,2026-02-01 00:00:00,Moved to inactive: left community,,,,,,,July,2025,---,---,February,2026,,Chronic,---,---,Adult,---,---,All populations,All populations,OW ,,,,,
Housed,Housed,,2024-08-13 00:00:00,,Carleton Place,2024-08-13 00:00:00,8,22,2024-08-13 00:00:00,Hotel and/or motel,2024-10-01 00:00:00,Not a veteran,,,female,2006-02-02 00:00:00,20,Youth,,Non-Indigenous,Cornerstone Landing,2024-08-01 00:00:00,Yes,,,,Cornerstone Landing,,,,,,ü,ü,,,,ü,,,,,,2024-10-01 00:00:00,Hogan ,Valerie ,"Aug 2024: added to BNL, youth chronic Oct 2024: housed ",2024-12-11 00:00:00,Inactive,,,,,,,,,August,2024,October,2024,---,---,,Chronic,---,Youth,---,---,---,All populations,---,OW,,,,,
Housed,Housed,,2024-06-01 00:00:00,,Smiths Falls,2024-04-23 00:00:00,3,3,2024-04-23 00:00:00,Hotel and/or motel,2024-06-01 00:00:00,Not a veteran,,,Female,2000-05-11 00:00:00,25,Youth,,Non-Indigenous,Lanark County Social Services/Housing,2024-04-01 00:00:00,Yes,,,,Cornerstone Landing,,,,,,,ü,,,,ü,,,,ü,ü,2024-06-01 00:00:00,Hogan ,Valerie ,"April 2024:  added to BNL, not chronic, youth June 2024: housed",2024-09-29 00:00:00,Inactive,,,,,,,,,April,2024,June,2024,---,---,,---,---,Youth,---,---,---,All populations,---,OW,,,,,
Inactive,Awaiting match,,2021-09-21 00:00:00,,,,7,7,2021-09-21 00:00:00,,,,,,Female,1969-11-14 00:00:00,56,Adult,,,Developmental Services Lanark County,2021-09-29 00:00:00,Yes,2021-09-29 00:00:00,,,Developmental Services Lanark County,,,,,,,,,,,,,,,,,2021-09-21 00:00:00,Coutts,Brooke,Developmental services casemangment ,2022-01-19 00:00:00,Inactive,,,,,,,,,September,2021,---,---,---,---,,Chronic,---,---,Adult,---,---,All populations,---,,,,,,
Actively homeless,Documents needed,,2026-02-01 00:00:00,,Smiths Falls,2025-01-15 00:00:00,12,13,2026-02-01 00:00:00,Couch surfing,,Not a veteran,,,female,1998-03-04 00:00:00,28,Adult,,Non-Indigenous,Lanark County Mental Health ,2025-01-01 00:00:00,Yes,,,,Lanark County Mental Health ,,,,,,ü,,,,,,,ü,,,,2026-02-01 00:00:00,Hogan ,Valerie ,"Jan 2025:  added to BNL, single chronic Feb 2025: Housed Feb 2026:  returned from southern Ontario, unhoused. ",2026-06-01 00:00:00,Actively homeless,2026-02-01 00:00:00,Returned from housing,,,,,,,January,2025,---,---,February,2026,,Chronic,---,---,Adult,---,---,All populations,---,ODSP,,,no consent,,
Housed,Housed,,2024-11-01 00:00:00,,Mississippi Mills,2024-08-08 00:00:00,4,4,2024-08-20 00:00:00,Hotel and/or motel,2024-11-01 00:00:00,Not a veteran,,,female,1946-09-22 00:00:00,79,Adult,,Non-Indigenous,Lanark County Social Services/Housing,2024-08-08 00:00:00,Yes,,,,Lanark County Social Services/Housing,,,,,,,,,,,ü,,,,ü,ü,2024-11-01 00:00:00,Hogan ,Valerie ,"Aug 2024: added to BNL, adult not chronic Nov 2024:  housed ",2025-03-01 00:00:00,Inactive,,,,,,,,,August,2024,November,2024,---,---,,---,---,---,Adult,---,---,All populations,---,OAS/CPP,HBCM,,,,
Inactive,Awaiting match,,2022-06-08 00:00:00,,,2022-06-08 00:00:00,12,16,2022-06-08 00:00:00,Couch surfing,,,,,Female,1970-07-22 00:00:00,55,Adult,,,Lanark County Interval House,2022-06-08 00:00:00,Yes,2022-06-08 00:00:00,,,Lanark County Interval House,,,,,,,,,,,,,,,,,2022-06-08 00:00:00,Hogan,Valerie,"Left vm Aug 25, 2022.",2022-10-06 00:00:00,Inactive,2022-10-01 00:00:00,Moved to inactive: lost contact,,,,,,,June,2022,---,---,October,2022,,Chronic,---,---,Adult,---,---,All populations,---,,,,,,
Housed,Housed,,2023-10-01 00:00:00,,Perth,2023-09-28 00:00:00,12,13,2023-10-01 00:00:00,Transitional housing,2023-11-01 00:00:00,Not a veteran,,,Female ,1989-05-18 00:00:00,36,Family,3,,Lanark County Interval House,2023-09-28 00:00:00,Yes,,,,Lanark County Interval House,,,,,,ü,,,,,ü,,,,,ü,2023-09-28 00:00:00,Hogan ,Valerie ,Nov 2023: housed,2024-01-29 00:00:00,Inactive,,,,,,,,,September,2023,November,2023,---,---,,Chronic,---,---,---,Family,---,All populations,---,,,,2025-02-04 00:00:00,Aug 2023 - 2nd .  Also able to get COHB,
Actively homeless,Documents needed,,2026-01-01 00:00:00,,Carleton Place,2025-07-05 00:00:00,8,8,2025-08-01 00:00:00,Transitional housing,,Not a veteran,,,male,1982-11-07 00:00:00,43,Adult,,Non-Indigenous,Lanark County Social Services/Housing,2025-07-01 00:00:00,Yes,,,,Lanark County Social Services/Housing,,,,,,ü,,,ü,1,ü,,,,,,2025-12-01 00:00:00,Hogan ,Valerie ,"july 2025: added to BNL, single not chronic Dec 2025: became chronic",2026-05-01 00:00:00,Actively homeless,2025-12-01 00:00:00,,Aged-in: chronic,,,,,,July,2025,---,---,December,2025,,Chronic,---,---,Adult,---,---,All populations,All populations,OW ,,,2025-08-01 00:00:00,Eligible 13/10/2025,on waitlist 12/10/2025
Inactive,Awaiting match,,2025-08-01 00:00:00,,Smiths Falls,2022-08-30 00:00:00,12,36,2023-07-25 00:00:00,Couch surfing,,,,,Female,2000-01-20 00:00:00,26,Youth,,,Cornerstone Landing,2022-08-30 00:00:00,Yes,2022-08-30 00:00:00,,,Cornerstone Landing,,,,,,ü,ü,,,1,,ü,,,,,2025-10-01 00:00:00,Hogan ,Valerie ,June 2024: reactivated Oct 2025: unable to contact ,2025-11-29 00:00:00,Inactive,2025-10-01 00:00:00,Moved to inactive: lost contact,,,,,,,August,2022,---,---,October,2025,,Chronic,---,Youth,---,---,---,All populations,1,,,,,,
Housed,Housed,,2023-12-01 00:00:00,,Perth,2023-09-19 00:00:00,2,2,2023-09-19 00:00:00,Permanent and/or long-term housing,2023-12-01 00:00:00,Not a veteran,,,Male ,1960-05-25 00:00:00,65,Adult,,,Lanark County Social Services/Housing,2023-09-19 00:00:00,Yes,,,,Lanark County Social Services/Housing,,,,,,,,,,,ü,,,,,ü,2023-09-19 00:00:00,Hogan ,Valerie ,Dec 2023: housed,2024-03-30 00:00:00,Inactive,,,,,,,,,September,2023,December,2023,---,---,,---,---,---,Adult,---,---,All populations,---,,,,,,
Actively homeless,Documents needed,,2026-01-01 00:00:00,,Tay Valley,2024-12-04 00:00:00,12,23,2025-07-01 00:00:00,Transitional housing,,Not a veteran,,,male,1991-11-13 00:00:00,34,Adult,,Non-Indigenous,Lanark County Social Services/Housing,2024-12-04 00:00:00,Yes,,,,Lanark County Social Services/Housing,,,,,,ü,,,,1,,ü,,,,,2025-07-01 00:00:00,Hogan ,Valerie ,"Dec 2024:  added to BNL, single chronic  April 2025:  became inactive, left community July 2025: returned from inactive ",2026-05-01 00:00:00,Actively homeless,2025-07-01 00:00:00,Returned from inactive,,,,,,,December,2024,---,---,July,2025,,Chronic,---,---,Adult,---,---,All populations,All populations,OW,,,2025-07-28 00:00:00,not in system ,
Inactive,Documents needed,,2024-03-20 00:00:00,,Smiths Falls,2024-03-20 00:00:00,8,10,2024-03-20 00:00:00,Unsheltered,,Not a veteran,,,Male,1986-07-01 00:00:00,39,Adult,,Non-Indigenous,Lanark County Social Services/Housing,2024-03-20 00:00:00,Yes,,,,Lanark County Social Services/Housing,,,,,,ü,,,,,ü,,,ü,,,2024-04-01 00:00:00,Hogan ,Valerie ,"March 2024:  added to BNL, chronc single April 2024: Became inactive: lost contact ",2024-07-18 00:00:00,Inactive,2024-04-01 00:00:00,Moved to inactive: lost contact,,,,,,,March,2024,---,---,April,2024,,Chronic,---,---,Adult,---,---,All populations,---,OW,,,,,
Actively homeless,Documents needed,,2025-12-01 00:00:00,,Smiths Falls,2024-09-11 00:00:00,12,35,2024-09-11 00:00:00,Unsheltered,,Not a veteran,,,male,1988-11-03 00:00:00,37,Adult,,Non-Indigenous,Lanark County Mental Health ,2024-09-11 00:00:00,Yes,,,,Lanark County Mental Health ,,,,,,ü,,,,1,ü,,,,,,2024-09-01 00:00:00,Hogan ,Valerie ,"Sept 2024:  added to BNL, chronic single",2026-03-31 00:00:00,Actively homeless,,,,,,,,,September,2024,---,---,---,---,,Chronic,---,---,Adult,---,---,All populations,1,OW,,,,,
Housed,Housed,,2024-07-01 00:00:00,,Carleton Place,2024-05-16 00:00:00,11,36,2024-05-16 00:00:00,seasonal housing,2024-08-01 00:00:00,Not a veteran,,,Female,1982-07-04 00:00:00,43,Family,4+,Non-Indigenous,Lanark County Mental Health ,2024-05-01 00:00:00,Yes,,,,Lanark County Mental Health ,,,,,,ü,,,,,ü,,,,,ü,2024-08-01 00:00:00,Hogan ,Valerie ,"May 2024: added to BNL, chronic family  Aug 2024: housed",2024-10-29 00:00:00,Inactive,,,,,,,,,May,2024,August,2024,---,---,,Chronic,---,---,---,Family,---,All populations,---,OW ,HBCM,,2024-09-16 00:00:00,no application ,not on waitlist 
Inactive,Awaiting match,,2025-09-01 00:00:00,,Smiths Falls,2023-01-12 00:00:00,12,30,2025-06-01 00:00:00,Public institution: correctional facilities,,Not a veteran,,,Male ,1998-07-09 00:00:00,27,Adult,,,Lanark County Social Services/Housing,2023-01-12 00:00:00,Yes,2023-01-12 00:00:00,,,Lanark County Social Services/Housing,,,,,,ü,,,,1,,ü,,,,,2025-09-01 00:00:00,Hogan ,Valerie ,"applying for OW. Temporarily at Shardon Manor waiting for a subsidized bed. May 2023: left community- Brockville April 2025: Returned from inactive Aug 2025: unable to contact Sept: inactive, left community ",2025-12-30 00:00:00,Inactive,2025-09-01 00:00:00,Moved to inactive: left community,,,,,,,January,2023,---,---,September,2025,,Chronic,---,---,Adult,---,---,All populations,1,OW,,,2024-07-15 00:00:00,"submitted April 12, 2025. Eligible w/ LP",not on waitlist 
Inactive,Documents needed,,2024-04-01 00:00:00,,Smiths Falls,2024-03-07 00:00:00,12,36,2024-04-01 00:00:00,Unsheltered,,Not a veteran,,,Male,1960-02-08 00:00:00,66,Adult,,Non-Indigenous,Lanark County Social Services/Housing,2024-03-01 00:00:00,Yes,,,,Lanark County Social Services/Housing,,,,,,ü,,,,,ü,,,ü,,,2024-04-01 00:00:00,Hogan ,Valerie ,"March 2024:  added to BNL, chronic single adult April 2024: inactive, left community",2024-07-30 00:00:00,Inactive,2024-04-01 00:00:00,Moved to inactive: left community,,,,,,,March,2024,---,---,April,2024,,Chronic,---,---,Adult,---,---,All populations,---,OW,,,,,
Housed,Housed,,2024-03-01 00:00:00,,Perth,2024-01-19 00:00:00,7,7,2024-03-01 00:00:00,Unsheltered,2024-03-01 00:00:00,Not a veteran,,,Male ,1994-08-24 00:00:00,31,Adult,,,Lanark County Social Services/Housing,2024-01-19 00:00:00,Yes,,,,Lanark County Social Services/Housing,,,,,,ü,,,,,ü,,,,,,2024-03-01 00:00:00,Hogan ,Valerie ,Jan 2024:  added to BNL: single not chronic Feb 2024: aged in chronic  March 2024: housed,2024-06-29 00:00:00,Inactive,2024-02-01 00:00:00,,Aged-in: chronic,,,,,,January,2024,March,2024,February,2024,,Chronic,---,---,Adult,---,---,All populations,---,,,,2024-08-30 00:00:00,No application ,
Housed,Housed,,2023-05-01 00:00:00,,Carleton Place,2022-06-03 00:00:00,6,18,2023-01-24 00:00:00,Permanent and/or long-term housing,2023-05-16 00:00:00,,,,Female,1980-02-21 00:00:00,46,Adult,,Unsure,Lanark County Mental Health ,2022-06-03 00:00:00,Yes,2022-06-03 00:00:00,,,Lanark County Mental Health ,,,,,,,,,,,,,ü,,ü,ü,2022-06-15 00:00:00,Hogan,Valerie,"entered ROH for 30 days Jan 12: Stacey was living at VH  but left to live with a friend which didn't work out.  Posssibly secured housing for Feb 1, placed in motel temp. Jan 25: Housing for Feb 1 fell through. No longer has a LCMH case manager. My 2023:  Housed in SF, BNL rent support and LCMH housing worker supports. ",2023-08-29 00:00:00,Inactive,2023-05-01 00:00:00,,Aged-in: chronic,,,,,,June,2022,May,2023,May,2023,,Chronic,---,---,Adult,---,---,All populations,---,,HBCM,,2024-11-01 00:00:00,not in system ,
Actively homeless,Documents needed,,2025-12-01 00:00:00,,Smiths Falls,2023-10-03 00:00:00,12,22,2025-07-21 00:00:00,Unsheltered,,Not a veteran,,,Male,1992-01-30 00:00:00,34,Adult,,,Lanark County Social Services/Housing,2023-10-03 00:00:00,Yes,,,,Lanark County Social Services/Housing,,,,,,ü,,,,1,,,ü,,,ü,2025-08-01 00:00:00,Hogan ,Valerie ,Oct 2023: added to BNL Dec 2023: housed July 2025: returned from housed Aug 2025:  aged into chronic,2026-03-31 00:00:00,Actively homeless,2025-08-01 00:00:00,,Aged-in: chronic,,,,,,October,2023,---,---,August,2025,,Chronic,---,---,Adult,---,---,All populations,1,,"HBCM,  HART Hub",,,,
Inactive,Documents needed,,2025-10-01 00:00:00,,Perth,2025-06-26 00:00:00,4,4,2025-06-26 00:00:00,Couch surfing,,Not a veteran,,,female,1986-12-18 00:00:00,39,Adult,,Non-Indigenous,Lanark County Mental Health ,2025-06-26 00:00:00,Yes,,,,Lanark County Mental Health ,,,,,,,,,,1,ü,,,,,,2025-10-01 00:00:00,Hogan ,Valerie ,"June 2025: added to BNL, single not chronic Oct 2025: became inactive, left the community ",2026-01-29 00:00:00,Inactive,2025-10-01 00:00:00,Moved to inactive: left community,,,,,,,June,2025,---,---,October,2025,,---,---,---,Adult,---,---,All populations,All populations,ODSP,,,,,
Inactive,Awaiting match,,2022-03-21 00:00:00,,,,12,17,2021-09-21 00:00:00,,,,,,Female,1964-11-13 00:00:00,61,Adult,,,Lanark County Interval House,2021-09-28 00:00:00,Yes,2021-09-28 00:00:00,,,Lanark County Interval House,,,,,,,,,,,,,,,,,2021-01-26 00:00:00,Coutts,Brooke,"LCIH- KA no update, has accepted beyond 2nd stage barrier free unit.",2022-07-19 00:00:00,Inactive,,,,,,,,,September,2021,---,---,---,---,,Chronic,---,---,Adult,---,---,All populations,---,,,,,,
Inactive,Documents needed,,2025-06-01 00:00:00,,Carleton Place,2025-03-18 00:00:00,12,36,2025-03-17 00:00:00,Unsheltered,,Not a veteran,,,female,1950-07-18 00:00:00,75,Adult,,Non-Indigenous,Lanark County Social Services/Housing,2025-03-18 00:00:00,Yes,,,,Lanark County Social Services/Housing,,,,,,ü,,,,1,ü,,,ü,,,2025-03-01 00:00:00,Hogan ,Valerie ,March 2025:  added to BNL single chronic ,2025-09-29 00:00:00,Inactive,2025-06-01 00:00:00,Moved to inactive: left community,,,,,,,March,2025,---,---,June,2025,,Chronic,---,---,Adult,---,---,All populations,All populations,OAS/CPP,,,,,
Inactive,Documents needed,,2024-03-01 00:00:00,,Carleton Place,2024-03-01 00:00:00,3,3,2024-03-01 00:00:00,Hotel and/or motel,,Not a veteran,,,Male,1979-05-13 00:00:00,46,Adult,,Non-Indigenous,Lanark County Social Services/Housing,2024-03-01 00:00:00,Yes,,,,Lanark County Social Services/Housing,,,,,,,,,,,ü,,,ü,,,2024-04-01 00:00:00,Hogan ,Valerie ,"March 2024:  added to BNLApril2024: became inactive, left municipality",2024-06-29 00:00:00,Inactive,2024-04-01 00:00:00,Moved to inactive: left community,,,,,,,March,2024,---,---,April,2024,,---,---,---,Adult,---,---,All populations,---,OW,,,,,
Actively homeless,Documents needed,,2025-12-01 00:00:00,,Carleton Place,2025-09-01 00:00:00,12,36,2025-09-01 00:00:00,Shelter,,Not a veteran,,,Female,1987-12-25 00:00:00,38,Family,1,Non-Indigenous,Lanark County Interval House,2025-09-01 00:00:00,Yes,,,,Lanark County Interval House,,,,,,,,,,2,ü,,,,,,2025-09-01 00:00:00,Hogan ,Valerie ,"Sept 2025; added to BNL, chronic family",2026-03-31 00:00:00,Actively homeless,,,,,,,,,September,2025,---,---,---,---,,Chronic,---,---,---,Family,---,All populations,All populations,OW ,,,2025-09-09 00:00:00,Eligible 03/10/2025,not on list 
Housed,Housed,,2022-08-25 00:00:00,,,2022-05-16 00:00:00,2,2,2022-08-25 00:00:00,Couch surfing,2022-08-01 00:00:00,,,,Female,1967-01-22 00:00:00,59,Adult,,Non-Indigenous,Lanark County Social Services/ Housing,2022-05-16 00:00:00,Yes,2022-05-16 00:00:00,,,Lanark County Social Services/ Housing,,,,,,,,,,,,,,,,,2022-08-25 00:00:00,Hogan,Valerie,"RGI app eligible Mar 6, 2017. Secured a basement apartment in Ottawa effective  Aug 1, 2022. Referred to HAP for moving expenses.",2022-12-23 00:00:00,Inactive,,,,,,,,,May,2022,August,2022,---,---,,---,---,---,Adult,---,---,All populations,---,,,,,,
Inactive,Awaiting match,,2023-02-01 00:00:00,,Smiths Falls,2022-10-25 00:00:00,8,10,2022-10-25 00:00:00,Couch surfing,,,,,Female ,2000-06-15 00:00:00,25,Adult,2,,Lanark County Social Services/Housing,2022-10-25 00:00:00,Yes,2022-10-25 00:00:00,,,Cornerstone Landing,,,,,,,ü,,,,ü,,,,,,2022-10-25 00:00:00,Hogan ,Valerie ,"couch surfing since July following domestic dispute, working withIH.  Income: OW.  Renting from family forend but has to leave by Dec 31 because house has sold. Requested mental helth supports and referred to John O.  ",2023-06-01 00:00:00,Inactive,2023-01-31 00:00:00,Moved to inactive: left community,,,,,,,October,2022,---,---,January,2023,,Chronic,---,---,Adult,---,---,All populations,---,,,,,,
Actively homeless,Documents needed,,2026-01-01 00:00:00,,Smiths Falls,2025-05-01 00:00:00,10,10,2025-07-01 00:00:00,Transitional housing,,Not a veteran,,,male ,1967-04-06 00:00:00,59,Adult,,Non-Indigenous,Lanark County Social Services/Housing,2025-05-01 00:00:00,Yes,,,,Lanark County Social Services/Housing,,,,,,,,,,1,ü,,,,,,2025-10-01 00:00:00,hogan ,Valerie ,"May 2025: added to BNL, single not chronic Oct 2025: aged into chronic",2026-05-01 00:00:00,Actively homeless,2025-10-01 00:00:00,,Aged-in: chronic,,,,,,May,2025,---,---,October,2025,,Chronic,---,---,Adult,---,---,All populations,All populations,OW ,,,2025-05-20 00:00:00,no application ,
Housed,Housed,,2023-07-01 00:00:00,,Mississippi Mills,2023-05-19 00:00:00,7,7,2023-07-01 00:00:00,Public institution: hospital and/or treatment program,2023-07-01 00:00:00,,,,Male,1967-07-27 00:00:00,58,Adult,,Non-Indigenous,Lanark County Social Services/Housing,2023-05-19 00:00:00,Yes,,,,Lanark County Social Services/Housing,,,,,,ü,,,,,ü,,,,,ü,2023-06-01 00:00:00,Hogan ,Valerie ,Jun/2023:aged into chronic. July 2023: housed with BNL support,2023-10-29 00:00:00,Inactive,2023-06-01 00:00:00,,Aged-in: chronic,,,,,,May,2023,July,2023,June,2023,,Chronic,---,---,Adult,---,---,All populations,---,,,,,,
Actively homeless,Documents needed,,2026-01-01 00:00:00,,Carleton Place,2023-11-01 00:00:00,12,23,2025-03-01 00:00:00,Transitional housing,,Not a veteran,,,Female,1976-07-13 00:00:00,49,Adult,,,Lanark County Interval House,2023-11-01 00:00:00,Yes,,,,Lanark County Interval House,,,,,,ü,,,,1,,ü,,,,,2025-03-01 00:00:00,Hogan ,Valerie ,"Nov 2023: added to BNL, single chronic May 2024: inactive, unable to contact March 2025: returned to homelessness from inactive ",2026-05-01 00:00:00,Actively homeless,2025-03-01 00:00:00,Returned from inactive,,,,,,,November,2023,---,---,March,2025,,Chronic,---,---,Adult,---,---,All populations,1,ODSP,,,2025-03-10 00:00:00,Applied May 5/2025. Waiting on NOA. Deadline: Aug 5/2025. ,
Housed,Housed,,2024-08-01 00:00:00,,Carleton Place,2024-01-15 00:00:00,9,9,2024-01-30 00:00:00,Hotel and/or motel,2024-09-01 00:00:00,Not a veteran,,,Female ,2004-08-09 00:00:00,21,Youth,,,Lanark County Social Services/Housing,2024-01-15 00:00:00,Yes,,,,Cornerstone Landing,,,,,,ü,ü,,,,ü,,,,,,2024-06-01 00:00:00,Hogan ,Valerie ,"Jan 2024: added to BNL, single, youth, not chronic June 2024: aged in chronic Sept 2024: housed ",2024-11-29 00:00:00,Inactive,2024-06-01 00:00:00,,Aged-in: chronic,,,,,,January,2024,September,2024,June,2024,,Chronic,---,Youth,---,---,---,All populations,---,employed,Cornerstone ,,,,
Housed,Housed,,2025-06-01 00:00:00,,Smiths Falls,2023-10-31 00:00:00,12,32,2023-10-31 00:00:00,Permanent and/or long-term housing,2025-06-01 00:00:00,Not a veteran,,,Female,1991-01-23 00:00:00,35,Adult,,,Lanark County Social Services/Housing,2023-10-31 00:00:00,Yes,,,,Lanark County Social Services/Housing,,,,,,ü,,,,1,ü,,,,ü,,2023-12-01 00:00:00,Hogan ,Valerie ,Oct 2023: added to BNL Dec 2023: became chronic June 2025: housed ,2025-09-29 00:00:00,Inactive,2023-12-01 00:00:00,,Aged-in: chronic,,,,,,October,2023,June,2025,December,2023,,Chronic,---,---,Adult,---,---,All populations,1,OW,,willowdale,,,
Inactive,Awaiting match,,2021-09-21 00:00:00,,,,12,36,2021-09-21 00:00:00,,,,,,Female,1970-01-26 00:00:00,56,Adult,,,*UNASSIGNED*,2021-09-30 00:00:00,Yes,2021-09-30 00:00:00,,,*UNASSIGNED*,,,,,,,,,,,,,,,,,2022-01-21 00:00:00,Coutts,Brooke,"Terrilee completed survey, services: community care",2022-01-19 00:00:00,Inactive,,,,,,,,,September,2021,---,---,---,---,,Chronic,---,---,Adult,---,---,All populations,---,,,,,,
Housed,Housed,,2025-07-01 00:00:00,,Carleton Place,2025-02-19 00:00:00,8,11,2025-07-01 00:00:00,Permanent and/or long-term housing,2025-07-01 00:00:00,Not a veteran,,,Female,1992-02-11 00:00:00,34,Family,1,Non-Indigenous,Lanark County Interval House,2025-02-01 00:00:00,Yes,,,,Lanark County Interval House,,,,,,ü,,,,2,ü,,,,,,2025-07-01 00:00:00,Hogan ,Valerie ,"Feb 2025:  added to BNL, not chronic Family May 2025: became chronic July 2025: Housed ",2025-10-29 00:00:00,Inactive,2025-05-01 00:00:00,,Aged-in: chronic,,,,,,February,2025,July,2025,May,2025,,Chronic,---,---,---,Family,---,All populations,All populations,ODSP ,,,2025-05-28 00:00:00,Accepted RGI Uni at 7 Arthur.,not on waitlist 
Housed,Housed,,2024-02-01 00:00:00,,Smiths Falls,2024-01-26 00:00:00,2,4,2024-01-31 00:00:00,Hotel and/or motel,2024-02-01 00:00:00,Not a veteran,,,Male,2005-01-26 00:00:00,21,Youth,,,Lanark County Social Services/Housing,2024-01-26 00:00:00,Yes,,,,Lanark County Social Services/Housing,,,,,,,ü,,,,ü,,,,ü,ü,2024-01-01 00:00:00,Hogan ,Valerie ,"Jan 2024: added to BNL, single adult, not chronic Feb 2024: housed",2024-05-31 00:00:00,Inactive,,,,,,,,,January,2024,February,2024,---,---,,---,---,Youth,---,---,---,All populations,---,,HBCM,,2025-03-30 00:00:00,not in system ,not on waitlist 
Inactive,Documents needed,,2025-08-01 00:00:00,,Smiths Falls,2025-02-01 00:00:00,12,31,2025-07-01 00:00:00,Unsheltered,,Not a veteran,,,male,1990-01-26 00:00:00,36,Adult,,Non-Indigenous,Lanark County Social Services/Housing,2025-02-01 00:00:00,Yes,,,,Lanark County Social Services/Housing,,,,,,ü,,,,1,,,ü,,ü,,2025-08-01 00:00:00,Hogan ,Valerie ,"Feb 2025:  added to BNL, single chronic adult  June 2025: Housed July 2025:  returned from Housed Aug 2025: became inactive, left community ",2025-11-29 00:00:00,Inactive,2025-08-01 00:00:00,Moved to inactive: left community,,,,,,,February,2025,---,---,August,2025,,Chronic,---,---,Adult,---,---,All populations,All populations,ODSP ,,,,,
Housed,Housed,,2024-02-01 00:00:00,,Tay Valley,2023-02-06 00:00:00,12,18,2023-07-01 00:00:00,Transitional housing,2024-03-01 00:00:00,,,,Female,1993-02-20 00:00:00,33,Family,2,,Lanark County Interval House,2023-02-06 00:00:00,Yes,2023-02-06 00:00:00,2023-02-06 00:00:00,,Lanark County Interval House,,,,,,ü,,,,,ü,,ü,,,,2023-03-01 00:00:00,Hogan ,Valerie ,"ODSP March 1, 2023 : moved to RGI housing.  Oct 17:Interval house transitional housing, current housing  updated totransitionalhousing.. ",2024-05-31 00:00:00,Inactive,2023-07-01 00:00:00,Returned from housing,,,,,,,February,2023,March,2024,July,2023,,Chronic,---,---,---,Family,---,All populations,---,,,,no consent ,,
Housed,Housed,,2024-04-01 00:00:00,,Smiths Falls,2023-10-17 00:00:00,11,11,2023-10-01 00:00:00,Couch surfing,2024-05-01 00:00:00,Not a veteran,,,Female,1994-06-14 00:00:00,31,Adult,,,Lanark County Social Services/Housing,2023-10-01 00:00:00,Yes,,,,Lanark County Social Services/Housing,,,,,,ü,,,,,ü,,,,,ü,2023-12-01 00:00:00,Hogan ,Valerie ,Oct 2023:added to BNL. Dec 2023; BECAME CHRONIC May 2024: housed ,2024-07-30 00:00:00,Inactive,2023-12-01 00:00:00,,Aged-in: chronic,,,,,,October,2023,May,2024,December,2023,,Chronic,---,---,Adult,---,---,All populations,---,OW,,,,,
Housed,Housed,,2024-06-01 00:00:00,,Smiths Falls,2024-02-01 00:00:00,5,5,2024-02-01 00:00:00,Transitional housing,2024-06-01 00:00:00,Not a veteran,,,Female,1984-08-19 00:00:00,41,Family,2,Non-Indigenous,Lanark County Social Services/Housing,2024-02-01 00:00:00,Yes,,,,Lanark County Social Services/Housing,,,,,,,,,,,ü,,,,ü,ü,2024-06-01 00:00:00,Hogan ,Valerie ,"Feb 2024: added to BNL, family, not chronic March 2024: IH - entered as transitional housing June 2024:Housed",2024-09-29 00:00:00,Inactive,,,,,,,,,February,2024,June,2024,---,---,,---,---,---,---,Family,---,All populations,---,OW,,,2024-09-01 00:00:00,no active application ,not on waitlist 
Housed,Housed,,2025-07-01 00:00:00,,Perth,2025-05-27 00:00:00,3,3,2025-05-02 00:00:00,Permanent and/or long-term housing,2025-07-01 00:00:00,Not a veteran,,,female,1983-01-04 00:00:00,43,Family,1,Non-Indigenous,Lanark County Interval House,2025-05-27 00:00:00,Yes,,,,Lanark County Interval House,,,,,,,,,,2,ü,,,,ü,,2025-07-01 00:00:00,Hogan ,Valerie ,"May 2025: added to BNL, no chronic adult  July 2025: housed ",2025-10-29 00:00:00,Inactive,,,,,,,,,May,2025,July,2025,---,---,,---,---,---,---,Family,---,All populations,All populations,short-term disability ,,,2025-03-25 00:00:00,not in system ,not on waitlist 
Inactive,Documents needed,,2025-02-01 00:00:00,,Carleton Place,2023-08-29 00:00:00,12,13,2023-08-29 00:00:00,Couch surfing,,,,,Female,2004-01-31 00:00:00,22,Youth,,,Lanark County Social Services/Housing,2023-08-29 00:00:00,Yes,,,,Lanark County Social Services/Housing,,,,,,,ü,,,,ü,,,,,,2025-02-01 00:00:00,Hogan ,Valerie ,"Dec 2023: inactive: lost contact June 2024: re-activate July2024: aged into chronic Feb 2025: inactive, left community ",2025-06-01 00:00:00,Inactive,2025-02-01 00:00:00,Moved to inactive: left community,,,,,,,August,2023,---,---,February,2025,,Chronic,---,Youth,---,---,---,All populations,---,VYSA,,,,,
Housed,Housed,,2025-11-01 00:00:00,,Perth,2023-10-11 00:00:00,12,21,2023-10-11 00:00:00,Permanent and/or long-term housing,2025-11-01 00:00:00,Not a veteran,,,Female,1976-08-24 00:00:00,49,Adult,,,Lanark County Social Services/Housing,2023-10-11 00:00:00,Yes,,,,Lanark County Social Services/Housing,,,,,,ü,,,,1,ü,,,,ü,ü,2025-11-01 00:00:00,Hogan ,Valerie ,Oct 2023: added to BNL Dec 2023: became chro nic Nov 2025: housed ,2026-03-01 00:00:00,Actively homeless,2025-03-01 00:00:00,Returned from housing,,,,,,,October,2023,November,2025,March,2025,,Chronic,---,---,Adult,---,---,All populations,1,ODSP,HBCM,willowdale,,,
Housed,Housed,,2023-06-29 00:00:00,,Smiths Falls,2023-06-29 00:00:00,5,13,2023-06-29 00:00:00,Transitional housing,2023-07-01 00:00:00,,,,Female ,1990-08-23 00:00:00,35,Adult,,Non-Indigenous,Other,2023-06-29 00:00:00,Yes,,,,Lanark County Social Services/Housing,,,,,,,,,,,ü,,,,ü,,2023-06-29 00:00:00,Hogan ,Valerie ,"Jul, 2023: Housed",2023-10-27 00:00:00,Inactive,,,,,,,,,June,2023,July,2023,---,---,,---,---,---,Adult,---,---,All populations,---,,HBCM,,,,
Inactive,Awaiting match,,2022-09-06 00:00:00,,Carleton Place,2022-09-06 00:00:00,10,16,2022-09-06 00:00:00,Unsheltered,,,,,Male ,1995-02-26 00:00:00,31,Adult,,,Cornerstone Landing,2022-09-06 00:00:00,Yes,2022-09-06 00:00:00,,,Cornerstone Landing,,,,,,,,,,,ü,,,,,,2022-09-06 00:00:00,Hogan ,Valerie ,"tenting . Jan 10, 2023: Unable to contact, number on file not in service.  Spoke to Dana at Cornerstone who has been unable to reach him. He has not made contact with either agency. ",2023-01-04 00:00:00,Inactive,2023-01-04 00:00:00,Moved to inactive: lost contact,,,,,,,September,2022,---,---,January,2023,,Chronic,---,---,Adult,---,---,All populations,---,,,,,,
Actively homeless,Documents needed,,2025-12-01 00:00:00,,Tay Valley,2025-07-21 00:00:00,8,8,2025-07-21 00:00:00,Shelter,,Not a veteran,,,female,1985-07-24 00:00:00,40,Family,2,Non-Indigenous,Lanark County Interval House,2025-07-21 00:00:00,Yes,,,,Lanark County Interval House,,,,,,ü,,,,3,ü,,,,,,2025-12-01 00:00:00,Hogan ,Valerie ,"July 2025: added to BNL, single not chronic Dec 2025: became chronic",2026-03-31 00:00:00,Actively homeless,2025-12-01 00:00:00,,Aged-in: chronic,,,,,,July,2025,---,---,December,2025,,Chronic,---,---,---,Family,---,All populations,All populations,employed ,,,2025-07-21 00:00:00,,
Housed,Housed,,2023-08-28 00:00:00,,Perth,2023-04-21 00:00:00,5,5,2023-04-21 00:00:00,Hotel and/or motel,2023-08-28 00:00:00,,,,Female ,1962-04-15 00:00:00,64,Adult,,Non-Indigenous,Lanark County Social Services/Housing,2023-04-21 00:00:00,Yes,,,,Lanark County Social Services/Housing,,,,2023-08-28 00:00:00,,,,,,,ü,,,,ü,ü,2023-04-21 00:00:00,Hogan ,Valerie ,"Aug 28, 2023- housed",2023-12-26 00:00:00,Inactive,,,,,,,,,April,2023,August,2023,---,---,,---,---,---,Adult,---,---,All populations,---,,,,,,
Housed,Housed,,2023-08-28 00:00:00,,Perth,2023-04-21 00:00:00,5,5,2023-04-21 00:00:00,Hotel and/or motel,2023-08-28 00:00:00,,,,Female ,1965-04-14 00:00:00,61,Adult,,Non-Indigenous,Lanark County Social Services/Housing,2023-04-21 00:00:00,Yes,,,,Lanark County Social Services/Housing,,,,2023-08-28 00:00:00,,,,,,,ü,,,,ü,ü,2023-04-21 00:00:00,Hogan ,Valerie ,"Apr 21/23: displaced by Harvey St fire, no insurance ",2023-12-26 00:00:00,Inactive,,,,,,,,,April,2023,August,2023,---,---,,---,---,---,Adult,---,---,All populations,---,,,,,,
Housed,Housed,,2025-07-01 00:00:00,,Perth,2025-06-02 00:00:00,2,2,2025-06-26 00:00:00,Permanent and/or long-term housing,2025-07-01 00:00:00,Not a veteran,,,male,1980-06-08 00:00:00,45,Adult,,Non-Indigenous,Lanark County Social Services/Housing,2025-06-02 00:00:00,Yes,,,,Lanark County Social Services/Housing,,,,,,,,,,1,ü,,,,ü,,2025-07-01 00:00:00,Hogan ,Valerie ,"June 2025: added to BNL, single, not chronic July 2025: housed ",2025-10-29 00:00:00,Inactive,,,,,,,,,June,2025,July,2025,---,---,,---,---,---,Adult,---,---,All populations,All populations,OW,,,,,
Housed,Housed,,2022-10-12 00:00:00,,Smiths Falls,2022-10-12 00:00:00,6,6,2022-12-01 00:00:00,Couch surfing,2022-12-07 00:00:00,,,,Female,1959-04-24 00:00:00,67,Adult,,,Lanark County Social Services/Housing,2022-10-12 00:00:00,Yes,2022-10-12 00:00:00,,,Lanark County Social Services/Housing,,,,,,,,,,,ü,,,,,,2022-10-18 00:00:00,Hogan ,Valerie ,Living temp. with a friend in Brockville and looking for employment,2023-02-09 00:00:00,Inactive,,,,,,,,,October,2022,December,2022,---,---,,Chronic,---,---,Adult,---,---,All populations,---,,,,,,
Inactive,Awaiting match,,2022-01-21 00:00:00,,,,12,16,2021-09-21 00:00:00,,,,,,Male,1995-02-26 00:00:00,31,Adult,,,Cornerstone Landing Youth Services,2021-09-28 00:00:00,Yes,2021-09-28 00:00:00,,,Cornerstone Landing Youth Services,,,,,,,,,,,,,,,,,2022-01-28 00:00:00,Coutts,Brooke,Cornerstone-EH,2022-05-21 00:00:00,Inactive,,,,,,,,,September,2021,---,---,---,---,,Chronic,---,---,Adult,---,---,All populations,---,,,,,,
Housed,Housed,,2022-11-24 00:00:00,,Carleton Place,2022-11-23 00:00:00,5,8,2022-11-24 00:00:00,Couch surfing,2022-12-01 00:00:00,,,,Female ,1955-09-12 00:00:00,70,Adult,,,Lanark County Social Services/Housing,2022-11-24 00:00:00,Yes,2022-11-23 00:00:00,,,Lanark County Social Services/Housing,,,,,,,,,,,ü,,,,,,2022-11-24 00:00:00,Hogan ,Valerie,"Nov 23: homeless following conflict with LL, staying with different families from friend's church group. Looking for accommodation.  Has children but they don't speak with her.  Nov14: family  she's staying with offered tolet her stay util she finds a place, will be paying rent. ",2023-03-24 00:00:00,Inactive,,,,,,,,,November,2022,December,2022,---,---,,---,---,---,Adult,---,---,All populations,---,,,,ck file,not in system ,
Housed,Housed,,2025-01-28 00:00:00,,Carleton Place,2025-01-27 00:00:00,5,5,2025-01-01 00:00:00,Public institution: hospital and/or treatment program,2025-02-01 00:00:00,Not a veteran,,,male,1949-07-06 00:00:00,76,Adult,,Non-Indigenous,Lanark County Social Services/Housing,2025-01-01 00:00:00,Yes,,,,Lanark County Social Services/Housing,,,,,,,,,ü,,ü,,,,ü,ü,2025-02-01 00:00:00,Hogan ,Valerie ,"Jan 2025:  added to BNL, single chronic  Feb 2025: housed ",2025-05-28 00:00:00,Inactive,,,,,,,,,January,2025,February,2025,---,---,,---,---,---,Adult,---,---,All populations,All populations,OAS/CPP,,,,,
Inactive,Awaiting match,,2022-06-14 00:00:00,,,2022-03-31 00:00:00,12,17,2022-03-31 00:00:00,Unsheltered,,,,,Male,1971-03-31 00:00:00,55,Adult,,,Lanark County Mental Health ,2022-03-31 00:00:00,Yes,2022-03-31 00:00:00,,,Lanark County Mental Health ,,,,,,,,,,,,,,,,,2022-03-31 00:00:00,Coutts,Brooke,long history of homelessness. ,2022-10-12 00:00:00,Inactive,2022-10-01 00:00:00,Moved to inactive: public institution,,,,,,,March,2022,---,---,October,2022,,Chronic,---,---,Adult,---,---,All populations,---,,,,,,
Housed,Housed,,2025-01-01 00:00:00,,Smiths Falls,2024-10-10 00:00:00,12,27,2024-10-10 00:00:00,Hotel and/or motel,2025-01-01 00:00:00,Not a veteran,,,male,1957-12-11 00:00:00,68,Family,,Non-Indigenous,Lanark County Social Services/Housing,2024-10-10 00:00:00,Yes,,,,Lanark County Social Services/Housing,,,,,,ü,,,,,ü,,,,,ü,2025-01-01 00:00:00,Hogan ,Valerie ,"Oct 2024:  added to BNL, family, chronic Jan 2025: housed",2025-05-01 00:00:00,Inactive,,,,,,,,,October,2024,January,2025,---,---,,Chronic,---,---,---,Family,---,All populations,---,OAS/CPP,HBCM,,2024-11-05 00:00:00,cancelled,
Housed,Housed,,2025-03-01 00:00:00,,Perth,2024-12-01 00:00:00,2,2,2025-02-01 00:00:00,Couch surfing,2025-03-01 00:00:00,Not a veteran,,,male,1995-03-30 00:00:00,31,Adult,,Non-Indigenous,Lanark County Social Services/Housing,2025-02-01 00:00:00,Yes,,,,Lanark County Social Services/Housing,,,,,,,,,,,ü,,,,,ü,2025-02-18 00:00:00,Hogan ,Valerie ,"Feb 2025:  added to BNL, single not chronic March 2025: Housed ",2025-06-29 00:00:00,Inactive,,,,,,,,,February,2025,March,2025,,---,,---,---,---,Adult,---,---,All populations,All populations,OW ,,,2024-07-01 00:00:00,no active application ,not on waitlist 
Housed,Housed,,2024-08-01 00:00:00,,Carleton Place,2024-01-15 00:00:00,9,9,2024-01-30 00:00:00,Hotel and/or motel,2024-09-01 00:00:00,Not a veteran,,,Male,2004-01-05 00:00:00,22,Youth,,,Lanark County Social Services/Housing,2024-01-15 00:00:00,Yes,,,,Cornerstone Landing,,,,,,ü,ü,,,,ü,,,,,,2024-06-01 00:00:00,Hogan ,Valerie ,"Jan 2024: added to BNL, single youth, not chronc. June 2024: aged in chronic  Sept 2024: housed ",2024-11-29 00:00:00,Inactive,2024-06-01 00:00:00,,Aged-in: chronic,,,,,,January,2024,September,2024,June,2024,,Chronic,---,Youth,---,---,---,All populations,---,ODSP,Cornerstone ,,,,
Housed,Housed,,2025-09-01 00:00:00,,Lanark Highlands,2025-06-04 00:00:00,12,27,2025-06-04 00:00:00,Permanent and/or long-term housing,2025-09-01 00:00:00,Not a veteran,,,male,1965-05-04 00:00:00,60,Adult,,Non-Indigenous,Lanark County Social Services/Housing,2025-06-05 00:00:00,Yes,,,,Lanark County Social Services/Housing,,,,,,ü,,,,1,ü,,,,,,2025-06-01 00:00:00,Hogan ,Valerie ,"June 025: added to BNL, adult chronic Sept 2025: housed ",2025-12-30 00:00:00,Inactive,,,,,,,,,June,2025,September,2025,---,---,,Chronic,---,---,Adult,---,---,All populations,All populations,OW,,,,,
Housed,Housed,,2023-03-01 00:00:00,,Lanark Highlands,2023-03-01 00:00:00,2,2,2023-04-01 00:00:00,Unsheltered,2023-04-01 00:00:00,,,,male ,1963-03-02 00:00:00,63,Adult,,Non-Indigenous,Lanark County Social Services/Housing,2023-03-01 00:00:00,Yes,,,,Lanark County Social Services/Housing,,,,2023-04-01 00:00:00,,,,,,,ü,,,,ü,ü,2023-03-01 00:00:00,Hogan ,Valerie,"has doctor. Moved to ASH, Paradise Valley 2023  April 1: Moved to Paradise Valley , BNL prioritized",2023-06-29 00:00:00,Inactive,,,,,,,,,March,2023,April,2023,---,---,,---,---,---,Adult,---,---,All populations,---,,,,,,
Housed,Housed,,2023-01-05 00:00:00,,Carleton Place,2022-08-25 00:00:00,7,7,2023-01-06 00:00:00,Couch surfing,2023-01-13 00:00:00,,,,Female,1955-04-18 00:00:00,71,Adult,,,Lanark County Social Services/Housing,2022-08-25 00:00:00,Yes,2022-08-25 00:00:00,,,Lanark County Social Services/Housing,,,,,,,,,,,ü,,,,,,2022-08-25 00:00:00,Hogan ,Valerie ,"67 yrs old, OAS and CPP $1600.00/month.  Referred to RF  for unfunded bed until funded avail. Oct 14: left vm asking her to call for an update.  Notesindicate she has been in contact with RFCH.  Oct 31: cont's to couch surf and sleep in van.  Spoke to RFCH and doesn't want to live there. Informed of rentla listings on website and rent support program. Given information for some socuial network  rent sites she wasn't aware of. Jan 9: Moving into Ottawa Social Housing , signing lease and getting keys on Jan 13, 2023. ",2023-05-05 00:00:00,Inactive,,,,,,,,,August,2022,January,2023,---,---,,Chronic,---,---,Adult,---,---,All populations,---,,,,2025-04-15 00:00:00,"submitted April 16, 2025, incomplete, Missing ID, NOA, and custody verification.  Mailed SPP app on April 17 as requested- not returned.  Deadline July 16, 2025.",
Housed,Housed,,2025-03-01 00:00:00,,Smiths Falls,2024-11-12 00:00:00,7,7,2024-11-01 00:00:00,Permanent and/or long-term housing,2025-04-01 00:00:00,Not a veteran,,,female,1982-12-04 00:00:00,43,Adult,,Non-Indigenous,Lanark County Social Services/Housing,2024-11-12 00:00:00,Yes,,,,Lanark County Social Services/Housing,,,,,,ü,,,,1,ü,,,,ü,ü,2025-03-01 00:00:00,Hogan ,Valerie ,"Nov 2024:  added to BN:, single not chronic March 2025:  aged into chronic",2025-06-29 00:00:00,Inactive,2025-03-01 00:00:00,,Aged-in: chronic,,,,,,November,2024,April,2025,March,2025,,Chronic,---,---,Adult,---,---,All populations,1,ODSP ,HBCM,,,,
Housed,Housed,,2023-07-01 00:00:00,,Carleton Place,2022-11-28 00:00:00,7,7,2032-06-01 00:00:00,Hotel and/or motel,2023-07-01 00:00:00,,,,Male,1986-12-26 00:00:00,39,Family,,,Lanark County Social Services/Housing,2022-11-28 00:00:00,Yes,2022-11-28 00:00:00,,,Lanark County Social Services/Housing,,,,,,ü,,,,,ü,,,,ü,,2023-06-01 00:00:00,Hogan ,Valerie ,"still living in motel, want to move to Ottawa. April 1:returned from inactive, still homeless, looking for accomm in Ottawa.June 2023: secured apt",2023-10-29 00:00:00,Inactive,2023-06-01 00:00:00,,Aged-in: chronic,,,,,,November,2022,July,2023,June,2023,,Chronic,---,---,---,Family,---,All populations,---,,,,,,
Inactive,Awaiting match,,2022-11-09 00:00:00,,Smiths Falls,2022-11-09 00:00:00,4,4,2022-11-10 00:00:00,Hotel and/or motel,,,,,Male,1961-07-21 00:00:00,64,Adult,,,Lanark County Social Services/Housing,2022-11-09 00:00:00,Yes,2022-11-09 00:00:00,,,Lanark County Social Services/Housing,,,,,,,,,,,ü,,,,,ü,2023-01-01 00:00:00,Hogan ,Valerie ,"staying at motel after being evicted in August (LTB). Income: CPP-D and ODSP.  $3500.00 in savings at timeof intake, personal injury lawsuit ongoing receives municipal rent support, offered COHB to give him more housing options. Jan:  Living in Leeds Grenville. ",2023-03-09 00:00:00,Inactive,2023-01-31 00:00:00,Moved to inactive: left community,,,,,,,November,2022,---,---,January,2023,,---,---,---,Adult,---,---,All populations,---,,,,ck file,,
Housed,Housed,,2024-01-01 00:00:00,,Carleton Place,2023-12-06 00:00:00,5,5,2024-01-01 00:00:00,Permanent and/or long-term housing,2024-01-01 00:00:00,Not a veteran,,,Male,1987-06-05 00:00:00,38,Adult,,,Lanark County Social Services/Housing,2023-12-01 00:00:00,Yes,,,,Lanark County Social Services/Housing,,,,,,,,,,,ü,,,,,,2024-01-01 00:00:00,Hogan ,Valerie ,"Dec 2023: added to bnl, adult not chronic Jan 2024: housed",2024-04-30 00:00:00,Inactive,,,,,,,,,December,2023,January,2024,---,---,,---,---,---,Adult,---,---,All populations,---,,,,,,
Housed,Housed,,2023-11-01 00:00:00,,Smiths Falls,2023-10-06 00:00:00,2,2,2023-10-06 00:00:00,Hotel and/or motel,2023-11-01 00:00:00,Not a veteran,,,Male,1950-05-15 00:00:00,75,Adult,,,Lanark County Social Services/Housing,2023-10-06 00:00:00,Yes,,,,Lanark County Social Services/Housing,,,,,,,,,,,ü,,,,ü,,2023-10-01 00:00:00,Hogan ,Valerie ,Oct 2023: added to BNL,2024-02-29 00:00:00,Inactive,,,,,,,,,October,2023,November,2023,---,---,,---,---,---,Adult,---,---,All populations,---,,,,,,
Inactive,Documents needed,,2023-12-01 00:00:00,,Perth,2023-11-15 00:00:00,12,24,2023-11-15 00:00:00,Hotel and/or motel,,Not a veteran,,,Male,1993-03-08 00:00:00,33,Adult,,,Lanark County Social Services/Housing,2023-11-15 00:00:00,Yes,,,,Lanark County Social Services/Housing,,,,,,ü,,,,,ü,,,,,,2023-12-01 00:00:00,Hogan ,Valerie ,"Nov 15: added to BNL, single, chronic Dec 2023: ianctive, left community",2024-03-30 00:00:00,Inactive,2023-12-01 00:00:00,Moved to inactive: left community,,,,,,,November,2023,---,---,December,2023,,Chronic,---,---,Adult,---,---,All populations,---,,,,,,
Housed,Housed,,2024-12-01 00:00:00,,Carleton Place,2024-04-18 00:00:00,12,32,2024-04-22 00:00:00,Couch surfing,2025-02-01 00:00:00,Veteran: Canadian Armed Forces,Confirmed,Unsure,Male,1987-09-21 00:00:00,38,Family,4+,Non-Indigenous,Lanark County Social Services/Housing,2024-04-01 00:00:00,Yes,,,,Lanark County Social Services/Housing,,,,,,ü,,,,,ü,,,,ü,ü,2025-02-01 00:00:00,Hogan ,Valerie ,"April 2024: added to BNL, chronic family Feb 2025: housed ",2025-03-31 00:00:00,Inactive,,,,,,,,,April,2024,February,2025,---,---,,Chronic,Veteran,---,---,Family,---,All populations,---,emp,HBCM,,,,
Inactive,Awaiting match,,2022-10-05 00:00:00,,Perth,2022-10-05 00:00:00,5,5,2022-10-05 00:00:00,Hotel and/or motel,,,,,Female ,1980-01-11 00:00:00,46,Adult,1,,Lanark County Social Services/Housing,2022-10-05 00:00:00,Yes,2022-10-05 00:00:00,,,Lanark County Social Services/Housing,,,,,,,,,,,ü,,,,,,2022-10-05 00:00:00,Hogan ,Valerie ,"Has empl arranged beginning in Oct, currently receiving OW. ",2023-02-02 00:00:00,Inactive,2023-01-31 00:00:00,Moved to inactive: lost contact,,,,,,,October,2022,---,---,January,2023,,---,---,---,Adult,---,---,All populations,---,,,,,,
Housed,Housed,,2025-09-15 00:00:00,,OW,2025-09-15 00:00:00,4,11,2025-12-01 00:00:00,Permanent and/or long-term housing,2025-12-01 00:00:00,Not a veteran,,,male,1992-08-21 00:00:00,33,Adult,,Non-Indigenous,Lanark County Social Services/Housing,2025-09-15 00:00:00,Yes,,,,Lanark County Social Services/Housing,,,,,,,,,,1,ü,,,,,,2025-12-01 00:00:00,Hogan ,Valerie ,"Sept 2025: added to BNL, single not chronic Dec 2025: housed ",2026-01-13 00:00:00,Inactive,,,,,,,,,September,2025,December,2025,---,---,,---,---,---,Adult,---,---,All populations,All populations,OW ,,,,,
Actively homeless,Documents needed,,2025-12-01 00:00:00,,Perth,2025-07-24 00:00:00,8,8,2025-07-24 00:00:00,Hotel and/or motel,,Not a veteran,,,female,1994-02-11 00:00:00,32,Adult,,Non-Indigenous,Lanark County Social Services/Housing,2025-07-24 00:00:00,Yes,,,,Lanark County Social Services/Housing,,,,,,ü,,,,1,ü,,,,,,2025-12-01 00:00:00,Hogan ,Valerie ,"July 2025:  added to BNL, single not chronic Dec 2025: became chronic",2026-03-31 00:00:00,Actively homeless,2025-12-01 00:00:00,,Aged-in: chronic,,,,,,July,2025,---,---,December,2025,,Chronic,---,---,Adult,---,---,All populations,All populations,OW ,,,,,
Housed,Housed,,2024-06-01 00:00:00,,Smiths Falls,2023-09-25 00:00:00,10,11,2023-09-25 00:00:00,seasonal housing,2024-06-01 00:00:00,Not a veteran,,,Female,1968-07-26 00:00:00,57,Adult,,,Lanark County Social Services/Housing,2023-09-25 00:00:00,Yes,,,,Lanark County Social Services/Housing,,,,,,,,,,,ü,,,,,,2024-06-01 00:00:00,Hogan ,Valerie ,Feb 2024: aged in chronic June 2024: Moved back to rental where she was living before.  Still waiting forRGI.  No additional BNL supports,2024-09-29 00:00:00,Inactive,2024-02-01 00:00:00,,Aged-in: chronic,,,,,,September,2023,June,2024,February,2024,,Chronic,---,---,Adult,---,---,All populations,---,ODSP,,,,,
Inactive,Documents needed,,2023-10-01 00:00:00,,Carleton Place,2023-07-28 00:00:00,3,3,2023-10-01 00:00:00,Unsheltered,,,,,Male ,1993-02-18 00:00:00,33,Adult,,,Lanark County Social Services/Housing,2023-07-28 00:00:00,Yes,,,,Lanark County Social Services/Housing,,,,,,,,,,,ü,,,,,,2023-10-01 00:00:00,Hogan ,Valerie ,"Oct 2023: Inactive, moved to anotehr community",2024-01-29 00:00:00,Inactive,2023-10-01 00:00:00,Moved to inactive: left community,,,,,,,July,2023,---,---,October,2023,,---,---,---,Adult,---,---,All populations,---,,,,2024-09-24 00:00:00,"active  referred to LP May 6, 2025.  2025 update complete. Eligible and update complete",
Inactive,Documents needed,,2023-12-01 00:00:00,,Tay Valley,2023-09-21 00:00:00,12,29,2023-09-21 00:00:00,seasonal housing,,Not a veteran,,,Male,1955-04-03 00:00:00,71,Adult,,,Lanark County Social Services/Housing,2023-09-21 00:00:00,Yes,,,,Lanark County Social Services/Housing,,,,,,ü,,,,,ü,,,,,,2023-09-21 00:00:00,Hogan ,Valerie ,,2024-03-30 00:00:00,Inactive,2024-02-01 00:00:00,Moved to inactive: lost contact,,,,,,,September,2023,---,---,February,2024,,Chronic,---,---,Adult,---,---,All populations,---,,,,2025-04-22 00:00:00,"eligible Nov 8, 2024. Missing 2024 NOA, deadline Aug 20, 2025.",
Actively homeless,Documents needed,,2025-12-01 00:00:00,,Perth,2025-09-15 00:00:00,6,6,2025-09-01 00:00:00,Couch surfing,,Not a veteran,,,Female,1996-01-01 00:00:00,30,Adult,,Non-Indigenous,Lanark County Social Services/Housing,2025-09-16 00:00:00,Yes,,,,Lanark County Social Services/Housing,,,,,,ü,,,,1,ü,,,,,,2026-02-01 00:00:00,Hogan ,Valerie ,"Sept 2025:  added to BNL, single not chronic Feb 2026: became chronic",2026-03-31 00:00:00,Actively homeless,2026-02-01 00:00:00,,Aged-in: chronic,,,,,,September,2025,---,---,February,2026,,Chronic,---,---,Adult,---,---,All populations,All populations,OW,,,2025-11-04 00:00:00,"No RGI, also owes $$$ in arrears ",not on list 
Actively homeless,Documents needed,,2026-01-01 00:00:00,,Smiths Falls,2025-05-22 00:00:00,10,10,2025-05-22 00:00:00,Transitional housing,,Not a veteran,,,Male,1986-05-30 00:00:00,39,Adult,,Non-Indigenous,Lanark County Social Services/Housing,2025-05-22 00:00:00,Yes,,,,Lanark County Social Services/Housing,,,,,,,,,,1,ü,,,,,,2025-10-01 00:00:00,Hogan ,Valerie ,"May 2025:  added to BNL, single not chronic Oct 2025"" aged into chronic",2026-05-01 00:00:00,Actively homeless,2025-10-01 00:00:00,,Aged-in: chronic,,,,,,May,2025,---,---,October,2025,,Chronic,---,---,Adult,---,---,All populations,All populations,OW ,,,2026-01-26 00:00:00,"In applied status 15/10/2025, missing NOA",not on list 
Actively homeless,Documents needed,,2025-12-01 00:00:00,,Perth,2024-09-10 00:00:00,12,17,2025-06-01 00:00:00,Couch surfing,,Not a veteran,,,female,2006-11-08 00:00:00,19,Youth,,Non-Indigenous,Lanark County Social Services/Housing,2024-09-10 00:00:00,Yes,,,,Lanark County Social Services/Housing,,,,,,,ü,,,1,ü,,,,,,2024-09-01 00:00:00,Hogan ,Valerie ,"Sept 2024:  added to BNL, youth not chronic Oct 2024: housed ",2026-03-31 00:00:00,Actively homeless,2025-03-01 00:00:00,Returned from housing,,,,,,,September,2024,---,---,March,2025,,Chronic,---,Youth,---,---,---,All populations,1,emp ,,,2024-09-10 00:00:00,"Eligible Feb 21, 2025. ",
Inactive,Documents needed,,2024-07-01 00:00:00,,Smiths Falls,2023-10-12 00:00:00,10,10,2023-10-01 00:00:00,Couch surfing,,Not a veteran,,,Female,1992-06-28 00:00:00,33,Adult,,,Lanark County Social Services/Housing,2023-10-12 00:00:00,Yes,,,,Lanark County Social Services/Housing,,,,,,ü,,,,,ü,,,,,,2024-08-01 00:00:00,Hogan ,Valerie ,Oct 2023: added to BNL April 2024: became chronic  Aug 2024 : inactive: left community,2024-10-29 00:00:00,Inactive,2024-08-01 00:00:00,Moved to inactive: left community,,,,,,,October,2023,---,---,August,2024,,Chronic,---,---,Adult,---,---,All populations,---,ODSP,,willowdale,,,
Housed,Housed,,2024-10-01 00:00:00,,Smiths Falls,2024-07-01 00:00:00,11,23,2024-06-01 00:00:00,Unsheltered,2024-11-01 00:00:00,Not a veteran,,,Male,1982-09-19 00:00:00,43,Adult,,Non-Indigenous,Other,2024-06-01 00:00:00,Yes,,,,Lanark County Social Services/Housing,,,,,,ü,,,,,ü,,,,ü,ü,2024-11-01 00:00:00,Hogan ,Valerie ,June 2024:  added to BNL: chronic single Nov 2024: housed ,2025-01-29 00:00:00,Inactive,,,,,,,,,June,2024,November,2024,---,---,,Chronic,---,---,Adult,---,---,All populations,---,ODSP,HBCM,,,,
Housed,Housed,,2024-03-01 00:00:00,,Carleton Place,2023-11-22 00:00:00,12,25,2024-03-01 00:00:00,Shelter,2024-03-01 00:00:00,Not a veteran,,,Female,1994-05-26 00:00:00,31,Family,1,,Lanark County Interval House,2023-11-22 00:00:00,Yes,,,,Lanark County Interval House,,,,,,ü,,,,,ü,,,,,,2024-03-01 00:00:00,Hogan ,Valerie ,"Nov 2023: added to BNL, family, chronic.  March 2024:Housed",2024-06-29 00:00:00,Inactive,,,,,,,,,November,2023,March,2024,---,---,,Chronic,---,---,---,Family,---,All populations,---,,,,,,
Housed,Housed,,2022-10-24 00:00:00,,Carleton Place,2022-10-24 00:00:00,5,23,2022-12-07 00:00:00,Couch surfing,2022-12-01 00:00:00,,,,Male ,1967-12-19 00:00:00,58,Adult,,,Lanark County Social Services/Housing,2022-10-24 00:00:00,Yes,2022-10-24 00:00:00,,,Lanark County Social Services/Housing,,,,,,,,,,,ü,,,,,,2022-10-24 00:00:00,Hogan ,Valerie ,"staying with a firend for a couple of weeks.  Will pick up RGI app in CP.  Added to Shardon Manor waitlist. Renting a room on South Lavant Rd  Lanark effective 01/12/2022, Paying $700.00/month , no HAP or additional funds issued. ",2023-02-21 00:00:00,Inactive,,,,,,,,,October,2022,December,2022,---,---,,Chronic,---,---,Adult,---,---,All populations,---,,,,,,
Housed,Housed,,2024-04-01 00:00:00,,Perth,2024-01-16 00:00:00,4,11,2024-04-01 00:00:00,Couch surfing,2024-04-01 00:00:00,Not a veteran,,,Female,1986-10-05 00:00:00,39,Adult,,,Lanark County Social Services/Housing,2024-01-16 00:00:00,Yes,,,,Lanark County Social Services/Housing,,,,,,,,,,,ü,,,,ü,ü,2024-04-01 00:00:00,Hogan ,Valerie ,"Jan 2024: added to BNL, single not chronic April 2024: housed ",2024-07-30 00:00:00,Inactive,,,,,,,,,January,2024,April,2024,---,---,,---,---,---,Adult,---,---,All populations,---,employed,,,,,
Inactive,Documents needed,,2023-10-20 00:00:00,,Smiths Falls,2023-05-19 00:00:00,10,29,2023-10-01 00:00:00,Public institution: hospital and/or treatment program,,,,,Male,1950-02-01 00:00:00,76,Adult,,Non-Indigenous,Lanark County Mental Health ,2023-05-19 00:00:00,Yes,,,,Lanark County Mental Health ,,,,,,ü,,,,,ü,,,ü,,,2023-05-19 00:00:00,Hogan ,Valerie ,"May 19: hosp, waiting for assets",2024-02-17 00:00:00,Inactive,2023-10-01 00:00:00,Moved to inactive: left community,,,,,,,May,2023,---,---,October,2023,,Chronic,---,---,Adult,---,---,All populations,---,,,,2023-12-08 00:00:00,,
Housed,Housed,,2024-07-01 00:00:00,,Mississippi Mills,2024-04-17 00:00:00,11,21,2024-04-01 00:00:00,Couch surfing,2024-07-01 00:00:00,Not a veteran,,,Male,1993-05-02 00:00:00,32,Adult,,Non-Indigenous,Lanark County Mental Health ,2024-04-18 00:00:00,Yes,,,,Lanark County Mental Health ,,,,,,ü,,,,,ü,,,,ü,,2024-07-01 00:00:00,Hogan ,Valerie ,July 2024: housed ,2024-10-29 00:00:00,Inactive,,,,,,,,,April,2024,July,2024,---,---,,Chronic,---,---,Adult,---,---,All populations,---,OW,,,,,
Housed,Housed,,2021-10-26 00:00:00,,,,7,7,2021-10-26 00:00:00,,2021-10-26 00:00:00,,,,Female,1996-07-05 00:00:00,29,Adult,,,Lanark County Interval House,2021-09-28 00:00:00,Yes,2021-09-28 00:00:00,,,Lanark County Interval House,,,,,,,,,,,,,,,,,2021-10-26 00:00:00,Coutts,Brooke,LCIH- KA housed out of county,2022-02-23 00:00:00,Inactive,,,,,,,,,September,2021,October,2021,---,---,,Chronic,---,---,Adult,---,---,All populations,---,,,,,,
Inactive,Documents needed,,2024-12-01 00:00:00,,Smiths Falls,2024-10-29 00:00:00,8,8,2024-10-29 00:00:00,Couch surfing,,Not a veteran,,,male,1951-11-09 00:00:00,74,Adult,,Non-Indigenous,Lanark County Mental Health ,2024-10-29 00:00:00,Yes,,,,Lanark County Mental Health ,,,,,,,,,,,ü,,,,,,2025-01-01 00:00:00,Hogan ,Valerie ,"Oct 2024;  aded to NL, single not chronic Nov 2024: aged into chronic Jan 2025:  inactive, left community ",2025-03-31 00:00:00,Inactive,2025-01-01 00:00:00,Moved to inactive: left community,,,,,,,October,2024,---,---,January,2025,,Chronic,---,---,Adult,---,---,All populations,---,OAS/CPP,HBCM,,,,
Housed,Housed,,2024-10-01 00:00:00,,Perth,2024-06-25 00:00:00,12,22,2025-06-01 00:00:00,Couch surfing,2024-10-01 00:00:00,Not a veteran,,,Male,1999-03-03 00:00:00,27,Adult,,Non-Indigenous,Lanark County Social Services/Housing,2024-06-01 00:00:00,Yes,,,,Lanark County Social Services/Housing,,,,,,ü,,,,,ü,,,,,,2024-06-01 00:00:00,Hogan ,Valerie ,"June 2024: added to BNL, chronic, single Oct 2024: housed ",2025-01-29 00:00:00,Inactive,,,,,,,,,June,2024,October,2024,---,---,,Chronic,---,---,Adult,---,---,All populations,---,OW,,,,,
Inactive,Awaiting match,,2023-01-25 00:00:00,,Smiths Falls,2022-09-28 00:00:00,6,6,2023-01-25 00:00:00,Public institution: hospital and/or treatment program,,,,,Female,1978-10-30 00:00:00,47,Adult,,,Lanark County Social Services/Housing,2022-09-28 00:00:00,Yes,2022-09-28 00:00:00,,,Lanark County Social Services/Housing,,,,,,,,,ü,,ü,,,ü,,,2022-11-01 00:00:00,Hogan ,Valerie ,"Released from Ottawa Hospital with nowhere to go.  Can't return home at this time, staying at motel. Oct 24: left vm at cell # asking her to call.   Called motel, was put through to her room but no answer. Nov:  has been admitted to a residential treatment centre for several months.Jan25, 2023:  Still in residential treatment centre for another 6 weeks.",2023-05-25 00:00:00,Inactive,2023-01-31 00:00:00,Moved to inactive: left community,,,,,,,September,2022,---,---,January,2023,,Chronic,---,---,Adult,---,---,All populations,---,,,,,,
Actively homeless,Documents needed,,2025-12-01 00:00:00,,Mississippi Mills,2025-07-16 00:00:00,11,19,2025-07-16 00:00:00,seasonal housing,,Not a veteran,,,male,1976-08-03 00:00:00,49,Adult,,Non-Indigenous,Lanark County Social Services/Housing,2025-07-16 00:00:00,Yes,,,,Lanark County Social Services/Housing,,,,,,ü,,,,1,ü,,,,,,2025-09-01 00:00:00,Hogan ,Valerie ,"July 2025: added to BNL, single not chronic Sept 2025 became chronic",2026-03-31 00:00:00,Actively homeless,2025-09-01 00:00:00,,Aged-in: chronic,,,,,,July,2025,---,---,September,2025,,Chronic,---,---,Adult,---,---,All populations,All populations,OW ,HART Hub?,,2025-03-24 00:00:00,not in system ,
Housed,Housed,,2025-10-01 00:00:00,,Carleton Place,2025-09-24 00:00:00,3,3,2025-10-01 00:00:00,Permanent and/or long-term housing,2025-10-01 00:00:00,Not a veteran,,,Female,1996-07-07 00:00:00,29,Adult,,Non-Indigenous,Lanark County Interval House,2025-09-24 00:00:00,Yes,,,,Lanark County Interval House,,,,,,,,,,1,ü,,,,ü,,2025-10-01 00:00:00,Hogan ,valerie ,"Sept 2025:  added to BNL, single not chronic Oct 2025: housed ",2026-01-29 00:00:00,Inactive,,,,,,,,,September,2025,October,2025,---,---,,---,---,---,Adult,---,---,All populations,All populations,ODSP ,,,,,
Housed,Housed,,2024-08-22 00:00:00,,Smiths Falls,2024-08-22 00:00:00,2,2,2024-08-22 00:00:00,Unsheltered,2024-09-01 00:00:00,Not a veteran,,,female ,1973-07-13 00:00:00,52,Adult,,Non-Indigenous,Lanark County Social Services/Housing,2024-08-22 00:00:00,Yes,,,,Lanark County Social Services/Housing,,,,2024-09-01 00:00:00,,,,,,,ü,,,,,ü,2024-09-01 00:00:00,Hogan ,Valerie ,"Aug 2024:  added to BNL, adult , not chronic Sept 2024: housed",2024-12-20 00:00:00,Inactive,,,,,,,,,August,2024,September,2024,---,---,,---,---,---,Adult,---,---,All populations,---,OW ,,,ck file,,
Housed,Housed,,2022-08-12 00:00:00,,,2022-08-12 00:00:00,12,14,2022-10-01 00:00:00,,2022-10-01 00:00:00,,,,Female,1994-07-11 00:00:00,31,Adult,1,,Lanark County Interval House,2021-09-28 00:00:00,Yes,2021-09-28 00:00:00,,,,,,,,,,,,,,,,,,,,2022-01-26 00:00:00,Coutts,Brooke,"LCIH- met with KA, new baby, still in shelter offered beyond 2nd stage once ready.",2022-12-10 00:00:00,Inactive,,,,,,,,,September,2021,October,2022,---,---,,Chronic,---,---,Adult,---,---,All populations,---,,,,May 28. 2025,"submitted May 30 witing for NOA, follow up with Alyssa.  Applied as a single. Incomplete.  Missing mailing address, ID, 2024 NOA.  Housig called June 3, 2025 but didn't leave message as vm had a different name. Emailed but hasn't responded.",
Inactive,Documents needed,,2023-05-30 00:00:00,,Smiths Falls,2023-05-30 00:00:00,3,3,2023-05-30 00:00:00,Couch surfing,,,,,Male ,1994-12-09 00:00:00,31,Adult,,Non-Indigenous,Lanark County Social Services/Housing,2023-05-30 00:00:00,Yes,,,,Lanark County Social Services/Housing,,,,,,,,,,,ü,,,ü,,ü,2023-05-30 00:00:00,Hogan ,Valerie ,"May 30, 2023: OW",2023-09-27 00:00:00,Inactive,2023-08-01 00:00:00,Moved to inactive: left community,,,,,,,May,2023,---,---,August,2023,,---,---,---,Adult,---,---,All populations,---,,,,,,
Actively homeless,Documents needed,,2026-01-01 00:00:00,,Carleton Place,2023-05-25 00:00:00,12,36,2023-10-01 00:00:00,Transitional housing,,,,,Female,1968-03-13 00:00:00,58,Adult,,Non-Indigenous,Lanark County Mental Health ,2023-05-25 00:00:00,Yes,,,,Lanark County Mental Health ,,,,,,ü,,,,1,ü,,,,,ü,2023-11-01 00:00:00,Hogan ,Valerie ,Sept 2024:  Moved to Armstrong Bridge Housing ,2026-05-01 00:00:00,Actively homeless,2025-03-01 00:00:00,Returned from housing,,,,,,,May,2023,---,---,March,2025,,Chronic,---,---,Adult,---,---,All populations,1,ODSP,HBCM,referred Aug 2024,2025-03-24 00:00:00,"Eligible April 3, 2023. ",
Housed,Housed,,2023-05-01 00:00:00,,Perth,2022-08-10 00:00:00,12,25,2022-08-23 00:00:00,Permanent and/or long-term housing,2023-05-01 00:00:00,,,,Male,1979-06-02 00:00:00,46,Adult,,,Lanark County Social Services/Housing,2022-08-10 00:00:00,Yes,2022-08-10 00:00:00,,,,,,,,,,,,,,ü,,,,ü,,2022-08-23 00:00:00,Hogan ,Valerie ,"rented room at B&B for one month, has potential job in SF, 2 children not living with him March 1, 2023: still looking for housing  May 2023:  Renting in Westport, no supports accessed",2023-08-29 00:00:00,Inactive,,,,,,,,,August,2022,May,2023,---,---,,Chronic,---,---,Adult,---,---,All populations,---,,,,2025-02-12 00:00:00,incomplete.  Deadline March 17,
Actively homeless,Documents needed,,2025-12-01 00:00:00,,Smiths Falls,2025-03-24 00:00:00,12,12,2025-03-25 00:00:00,Couch surfing,,Not a veteran,,,female,1988-12-12 00:00:00,37,Family,1,Non-Indigenous,Lanark County Social Services/Housing,2025-03-25 00:00:00,Yes,,,,Lanark County Social Services/Housing,,,,,,ü,,,,2,ü,,,,,,2025-08-01 00:00:00,Hogan ,Valerie ,"March 2025: added to BNL, family, not chronic Aug 2025: aged into chronic",2026-03-31 00:00:00,Actively homeless,2025-08-01 00:00:00,,Aged-in: chronic,,,,,,March,2025,---,---,August,2025,,Chronic,---,---,---,Family,---,All populations,All populations,EI,,,2025-03-24 00:00:00,,
Housed,Housed,,2025-11-01 00:00:00,,Carleton Place,2021-09-01 00:00:00,10,16,2025-11-01 00:00:00,Permanent and/or long-term housing,2025-11-01 00:00:00,Not a veteran,,,Female,1989-07-22 00:00:00,36,Adult,,Non-Indigenous,Lanark County Social Services/ Housing,2021-09-24 00:00:00,Yes,2021-09-24 00:00:00,,,Lanark County Interval House,,,,,,ü,,,,1,,,ü,,ü,,2025-11-01 00:00:00,Hogan ,Valerie ,"Shardon with partner- Change health referral, funded bed shardon manor July 2025:  returned from Housed Nov 2025: housed ",2026-03-01 00:00:00,Actively homeless,2025-07-01 00:00:00,Returned from housing,,,,,,,September,2021,November,2025,July,2025,,Chronic,---,---,Adult,---,---,All populations,1,ODSP,,,,,
Inactive,Documents needed,,2025-03-01 00:00:00,,Carleton Place,2024-06-01 00:00:00,12,16,2024-06-01 00:00:00,Unsheltered,,Not a veteran,,,Male,1954-07-30 00:00:00,71,Adult,,Non-Indigenous,Lanark County Social Services/Housing,2024-06-01 00:00:00,Yes,,,,Lanark County Social Services/Housing,,,,,,ü,,,,,ü,,,,,,2025-03-01 00:00:00,Hogan ,Valerie ,"June 2024: added to BNL, chronic adult single March 2025: becasme inactive, moved to another municipality ",2025-06-29 00:00:00,Inactive,2025-03-01 00:00:00,Moved to inactive: left community,,,,,,,June,2024,---,---,March,2025,,Chronic,---,---,Adult,---,---,All populations,---,Oas/CPP,,,,,
Actively homeless,Documents needed,,2026-02-02 00:00:00,,Carleton Place,2025-08-07 00:00:00,6,6,2026-02-01 00:00:00,Shelter,,Not a veteran,,,female,2003-06-30 00:00:00,22,Youth,,Non-Indigenous,Cornerstone Landing,2025-08-07 00:00:00,Yes,,,,Lanark County Interval House,,,,,,ü,ü,,,1,,ü,,,,,2026-02-01 00:00:00,Hogan ,Valerie ,"Aug 2025:  added to BNL, single youth, not chronic Nov 2025: aged into chronic Feb 2026:  returned from inactive,  single chronic",2026-06-02 00:00:00,Actively homeless,2026-02-01 00:00:00,Returned from inactive,,,,,,,August,2025,---,---,February,2026,,Chronic,---,Youth,---,---,---,All populations,All populations,OW,,,2026-02-02 00:00:00,not in system ,not on list 
Inactive,Documents needed,,2023-12-01 00:00:00,,Perth,2023-11-15 00:00:00,9,24,2023-11-30 00:00:00,Hotel and/or motel,,Not a veteran,,,Female ,1972-08-12 00:00:00,53,Adult,,,Lanark County Social Services/Housing,2023-11-15 00:00:00,Yes,,,,Lanark County Social Services/Housing,,,,,,ü,,,,,ü,,,,,,2023-12-01 00:00:00,Hogan ,Valerie ,"Nov 2023: added to BNL, single chronic Dec 2023: inactive, left community",2024-03-30 00:00:00,Inactive,2023-12-01 00:00:00,Moved to inactive: left community,,,,,,,November,2023,---,---,December,2023,,Chronic,---,---,Adult,---,---,All populations,---,,,,,,
Housed,Housed,,2024-11-01 00:00:00,,Smiths Falls,2024-07-15 00:00:00,12,16,2024-11-01 00:00:00,Permanent and/or long-term housing,2024-11-01 00:00:00,Not a veteran,,,male,1985-12-10 00:00:00,40,Adult,,Non-Indigenous,Lanark County Social Services/Housing,2024-07-01 00:00:00,Yes,,,,Lanark County Social Services/Housing,,,,,,ü,,,,,ü,,,,,,2024-11-01 00:00:00,Hogan ,Valerie ,"July 2024: added to BNL: chronic, single adult Nov 2024: housed ",2025-03-01 00:00:00,Inactive,,,,,,,,,July,2024,November,2024,---,---,,Chronic,---,---,Adult,---,---,All populations,---,OW,,,,,
Housed,Housed,,2023-03-01 00:00:00,,Carleton Place,2022-11-22 00:00:00,8,8,2023-04-01 00:00:00,Hotel and/or motel,2023-04-01 00:00:00,,,,Male ,1980-06-25 00:00:00,45,Adult,,,Lanark County Social Services/Housing,2022-11-22 00:00:00,Yes,2022-11-22 00:00:00,,,Lanark County Social Services/Housing,,,,,,,,,,,ü,,,,,,2023-04-01 00:00:00,Hogan ,Valerie ,"staying in truck and occasional motel.  Works FT.  Trying to get custody of children- legal costs. Left home after domestic situation, can't return  Mar 1: still looking for housing AP 1: Moved to SF, no more contact. Assets in excess of $10,000.00",2023-06-29 00:00:00,Inactive,,,,,,,,,November,2022,April,2023,---,---,,Chronic,---,---,Adult,---,---,All populations,---,,,,,,
Actively homeless,Documents needed,,2025-12-01 00:00:00,,Carleton Place,2024-09-24 00:00:00,10,12,2025-12-01 00:00:00,Couch surfing,,Not a veteran,,,female,2003-01-01 00:00:00,23,Youth,,Non-Indigenous,Cornerstone Landing,2024-09-24 00:00:00,Yes,,,,Lanark County Social Services/Housing,,,,,,ü,ü,,,1,ü,,,,,,2024-11-01 00:00:00,Hogan ,Valerie ,"Sept 2024: added to BNL, single youth not chronic Nov 2024: aged into chronic, housed in Ottawa ",2026-03-31 00:00:00,Actively homeless,2025-10-01 00:00:00,Returned from housing,,,,,,,September,2024,---,---,October,2025,,Chronic,---,Youth,---,---,---,All populations,1,self-employment ,,,2025-10-06 00:00:00,not in system,not on list 
Housed,Housed,,2024-12-01 00:00:00,,Smiths Falls,2024-10-17 00:00:00,3,3,2024-12-01 00:00:00,Permanent and/or long-term housing,2024-12-01 00:00:00,Not a veteran,,,female,1999-11-08 00:00:00,26,Youth,1,Non-Indigenous,Lanark County Social Services/Housing,2024-10-17 00:00:00,Yes,,,,Lanark County Social Services/Housing,,,,,,,ü,,,,ü,,,,ü,,2024-12-01 00:00:00,Hogan ,Valerie ,"Oct 2024: added to BNL, family youth Dec 2024: Housed ",2025-03-31 00:00:00,Inactive,,,,,,,,,October,2024,December,2024,---,---,,---,---,Youth,---,---,---,All populations,---,OW ,,,,,
Housed,Housed,,2025-10-01 00:00:00,,Smiths Falls,2025-08-05 00:00:00,3,3,2025-10-01 00:00:00,Permanent and/or long-term housing,2025-10-01 00:00:00,Not a veteran,,,male,1986-03-14 00:00:00,40,Adult,,Non-Indigenous,Lanark County Social Services/Housing,2025-08-05 00:00:00,Yes,,,,Lanark County Social Services/Housing,,,,,,,,,,1,ü,,,,,,2025-10-01 00:00:00,Hogan ,Valerie ,"Aug 2025: added to BNL, single not chronic Oct 2025: housed ",2026-01-29 00:00:00,Inactive,,,,,,,,,August,2025,October,2025,---,---,,---,---,---,Adult,---,---,All populations,All populations,OW ,,,,,
Inactive,Awaiting match,,2022-01-21 00:00:00,,,,7,7,2021-09-21 00:00:00,,,,,,Female,1967-11-06 00:00:00,58,Adult,,,The Table Community Food Bank,2021-09-29 00:00:00,Yes,2021-09-29 00:00:00,,,*UNASSIGNED*,,,,,,,,,,,,,,,,,2021-09-29 00:00:00,Coutts,Brooke,Referral from the table no service agency,2022-05-21 00:00:00,Inactive,,,,,,,,,September,2021,---,---,---,---,,Chronic,---,---,Adult,---,---,All populations,---,,,,,,
Housed,Housed,,2024-09-01 00:00:00,,Smiths Falls,2024-01-12 00:00:00,11,23,2024-01-12 00:00:00,Couch surfing,2024-09-01 00:00:00,Not a veteran,,,Female,1988-11-28 00:00:00,37,Family,2,,Lanark County Social Services/Housing,2024-01-12 00:00:00,Yes,,,,Lanark County Social Services/Housing,,,,,,ü,,,,,ü,,,,,,2024-04-01 00:00:00,Hogan ,Valerie ,"Jan 2024:  added to BNL, family, not chronic April 2024: aged in chronic",2024-12-30 00:00:00,Inactive,2024-04-01 00:00:00,,Aged-in: chronic,,,,,,January,2024,September,2024,April,2024,,Chronic,---,---,---,Family,---,All populations,---,employed,,,,,
Housed,Housed,,2024-06-01 00:00:00,,Smiths Falls,2024-05-01 00:00:00,2,3,2024-05-31 00:00:00,Hotel and/or motel,2024-06-01 00:00:00,Not a veteran,,,Male,1958-06-16 00:00:00,67,Adult,,Non-Indigenous,Lanark County Interval House,2024-05-01 00:00:00,Yes,,,,Lanark County Mental Health ,,,,,,,,,,,ü,,,,ü,ü,2024-06-01 00:00:00,Hogan ,Valerie ,"May 2024: added to BNL, adult not chronic June 2024: housed",2024-09-29 00:00:00,Inactive,,,,,,,,,May,2024,June,2024,---,---,,---,---,---,Adult,---,---,All populations,---,OAS,HBCM,,,,
Housed,Housed,,2024-10-01 00:00:00,,Perth,2024-04-30 00:00:00,6,6,2024-10-01 00:00:00,Unsheltered,2024-10-01 00:00:00,Not a veteran,,,Male,1960-12-15 00:00:00,65,Adult,,Non-Indigenous,Lanark County Social Services/Housing,2024-04-30 00:00:00,Yes,,,,Lanark County Social Services/Housing,,,,,,ü,,,,,ü,,,,ü,ü,2024-10-01 00:00:00,Hogan ,Valerie ,"April 2024:  added to BNL, adult not chronic Oct 2024: became chronic and housed.",2025-01-29 00:00:00,Inactive,2024-10-01 00:00:00,,Aged-in: chronic,,,,,,April,2024,October,2024,October,2024,,Chronic,---,---,Adult,---,---,All populations,---,CPP-D,HBCM,,,,
Inactive,Awaiting match,,2021-09-21 00:00:00,,,,12,36,2021-09-21 00:00:00,,,,,,Female,1963-09-26 00:00:00,62,Adult,,,The Table Community Food Bank,2021-09-29 00:00:00,Yes,2021-09-29 00:00:00,,,*UNASSIGNED*,,,,,,,,,,,,,,,,,2021-09-21 00:00:00,Coutts,Brooke,Referral from the table no service agency*wants mental health supports*has dog,2022-01-19 00:00:00,Inactive,,,,,,,,,September,2021,---,---,---,---,,Chronic,---,---,Adult,---,---,All populations,---,,,,,,
Housed,Housed,,2023-12-01 00:00:00,,Perth,2023-05-01 00:00:00,9,9,2023-10-01 00:00:00,Transitional housing,2023-12-01 00:00:00,,,,Female ,1970-01-14 00:00:00,56,Family,,Non-Indigenous,Lanark County Social Services/Housing,2023-05-01 00:00:00,Yes,,,,Lanark County Social Services/Housing,,,,,,ü,,,,,ü,,,,,,2023-05-01 00:00:00,Hogan ,Valerie ,"Sept 28, 2023: Aged into chronic Dec 2023: Housed",2024-03-30 00:00:00,Inactive,2023-09-01 00:00:00,,Aged-in: chronic,,,,,,May,2023,December,2023,September,2023,,Chronic,---,---,---,Family,---,All populations,---,,,,,,
Inactive,Documents needed,,2023-07-26 00:00:00,,Smiths Falls,2023-07-25 00:00:00,5,5,2023-07-26 00:00:00,Couch surfing,,,,,Male ,1994-01-22 00:00:00,32,Adult,,,Lanark County Mental Health ,2023-07-26 00:00:00,Yes,,,,Lanark County Mental Health ,,,,,,,,,,,ü,,,,,,2023-07-26 00:00:00,Hogan ,Valerie ,,2023-11-23 00:00:00,Inactive,2023-11-30 00:00:00,Moved to inactive: lost contact,,,,,,,July,2023,---,---,November,2023,,---,---,---,Adult,---,---,All populations,---,,,,,,
Inactive,Documents needed,,2024-12-01 00:00:00,,Smiths Falls,2024-10-15 00:00:00,9,9,2024-10-15 00:00:00,Couch surfing,,Not a veteran,,,male,1973-09-11 00:00:00,52,Adult,,Non-Indigenous,Lanark County Social Services/Housing,2024-10-15 00:00:00,Yes,,,,Lanark County Social Services/Housing,,,,,,ü,,,,,ü,,,,,,2024-11-01 00:00:00,Hogan ,Valerie ,"Oct 2024:  added to BNL, single not chronic Nov 2024: aged into chronic Feb 2025:  inactive, unable to contact ",2025-03-31 00:00:00,Inactive,2025-02-01 00:00:00,Moved to inactive: lost contact,,,,,,,October,2024,---,---,February,2025,,Chronic,---,---,Adult,---,---,All populations,---,employed part-time,,,,,
Housed,Housed,,2021-11-11 00:00:00,,,,4,4,2021-11-11 00:00:00,,2021-11-25 00:00:00,,,,Female,1969-06-07 00:00:00,56,Adult,,,Lanark County Social Services/ Housing,2021-09-29 00:00:00,Yes,2021-09-29 00:00:00,,,Lanark County Social Services/ Housing,,,,,,,,,,,,,,,,,2021-09-21 00:00:00,Coutts,Brooke,"LCHI- not LCIH client, found market rental",2022-03-11 00:00:00,Inactive,,,,,,,,,September,2021,November,2021,---,---,,---,---,---,Adult,---,---,All populations,---,,,,,,
Housed,Housed,,2024-01-01 00:00:00,,Smiths Falls,2023-11-24 00:00:00,12,13,2023-11-24 00:00:00,Couch surfing,2024-01-01 00:00:00,Not a veteran,,,Female,1986-03-31 00:00:00,40,Adult,,,Lanark County Social Services/Housing,2023-11-24 00:00:00,Yes,,,,Lanark County Social Services/Housing,,,,,,ü,,,,,ü,,,,,,2024-01-01 00:00:00,Hogan ,Valerie ,"Nov 2023: added to BNL, single, chronic Jan 2024: housed",2024-04-30 00:00:00,Inactive,,,,,,,,,November,2023,January,2024,---,---,,Chronic,---,---,Adult,---,---,All populations,---,,,,,,
Actively homeless,Documents needed,,2026-01-01 00:00:00,,Smiths Falls,2023-08-22 00:00:00,12,24,2023-12-01 00:00:00,Couch surfing,,Not a veteran,,,Male,1991-11-08 00:00:00,34,Adult,,,Lanark County Social Services/Housing,2023-08-22 00:00:00,Yes,,,,Lanark County Social Services/Housing,,,,,,ü,,,,1,,,ü,,,,2025-02-01 00:00:00,Hogan ,Valerie ,"Sept 28, 2023: Aged into chronic  April 2024:  housed Feb 2025:returned from housed ",2026-05-01 00:00:00,Actively homeless,2025-02-01 00:00:00,Returned from housing,,,,,,,August,2023,---,---,February,2025,,Chronic,---,---,Adult,---,---,All populations,1,OW,,,2025-07-18 00:00:00,"Aug 2023, also eligible for COHB",
Housed,Housed,,2024-02-01 00:00:00,,Smiths Falls,2023-09-28 00:00:00,12,17,2023-10-01 00:00:00,Shelter,2024-02-01 00:00:00,Not a veteran,,,Male,1985-01-09 00:00:00,41,Adult,,,Lanark County Social Services/Housing,2023-09-28 00:00:00,Yes,,,,Lanark County Social Services/Housing,,,,,,ü,,,,,ü,,,,,,2024-02-01 00:00:00,Hogan ,Valerie ,Feb 2024: Housed ,2024-05-31 00:00:00,Inactive,,,,,,,,,September,2023,February,2024,---,---,,Chronic,---,---,Adult,---,---,All populations,---,,,,,,
Housed,Housed,,2023-01-13 00:00:00,,Perth,2023-01-13 00:00:00,4,4,2023-01-13 00:00:00,Couch surfing,2023-03-01 00:00:00,,,,Female,1995-11-04 00:00:00,30,Family,2,,Lanark County Social Services/Housing,2023-01-13 00:00:00,Yes,2023-01-13 00:00:00,,,Lanark County Social Services/Housing,,,,,,,,,,,ü,,,,ü,,2023-03-01 00:00:00,Hogan ,Valerie ,"Income ODSP and CTB approx $2900/month.  Living awith ****** + ***** temp.  Two children.  Issued RGI and special priority  app.  Told about COHB, HAP.  Mar 1: Moved to Smiths Falls Feb 1, 2023",2023-05-13 00:00:00,Inactive,,,,,,,,,January,2023,March,2023,---,---,,---,---,---,---,Family,---,All populations,---,,,,,,
Inactive,Documents needed,,2024-12-01 00:00:00,,Perth,2024-08-07 00:00:00,12,28,2024-08-07 00:00:00,Unsheltered,,Not a veteran,,,male,1952-01-01 00:00:00,74,Adult,,Non-Indigenous,Lanark County Social Services/Housing,2024-08-07 00:00:00,Yes,,,,Lanark County Social Services/Housing,,,,,,ü,,,,,ü,,,ü,,ü,2024-12-01 00:00:00,Hogan ,Valerie ,"Aug 2024: added to BNL, chronic single  Dec 2024: inactive, left community ",2025-03-31 00:00:00,Inactive,2024-12-01 00:00:00,Moved to inactive: left community,,,,,,,August,2024,---,---,December,2024,,Chronic,---,---,Adult,---,---,All populations,---,OAS/CPP,HBCM ,,,,
Inactive,Documents needed,,2024-04-01 00:00:00,,Smiths Falls,2024-02-09 00:00:00,4,4,2024-02-09 00:00:00,Hotel and/or motel,,Not a veteran,,,Female ,1971-07-05 00:00:00,54,Adult,,Non-Indigenous,Lanark County Social Services/Housing,2024-02-09 00:00:00,Yes,,,,Lanark County Social Services/Housing,,,,,,,,,,,ü,,,,,,2024-04-01 00:00:00,Hogan ,Valerie ," Feb 2024: added to BNL, single, not chronic April 2024: became inactive: lost contact",2024-07-30 00:00:00,Inactive,2024-04-01 00:00:00,Moved to inactive: lost contact,,,,,,,February,2024,---,---,April,2024,,---,---,---,Adult,---,---,All populations,---,OW,,,,,
Housed,Housed,,2024-06-01 00:00:00,,Perth,2023-09-19 00:00:00,9,9,2023-09-19 00:00:00,Couch surfing,2024-06-01 00:00:00,Not a veteran,,,Male ,1971-09-16 00:00:00,54,Adult,,,Lanark County Social Services/Housing,2023-09-19 00:00:00,Yes,,,,Lanark County Social Services/Housing,,,,,,ü,,,,,ü,,,,,,2024-06-01 00:00:00,Hogan ,Valerie,March 2024: aged into chronic June 2024: housed,2024-09-29 00:00:00,Inactive,2024-03-01 00:00:00,,Aged-in: chronic,,,,,,September,2023,June,2024,March,2024,,Chronic,---,---,Adult,---,---,All populations,---,ODSP,,willowdale,,,
Housed,Housed,,2024-06-01 00:00:00,,Smiths Falls,2024-02-26 00:00:00,10,10,2024-04-01 00:00:00,Shelter,2024-06-01 00:00:00,Not a veteran,,,Male ,1984-07-06 00:00:00,41,Adult,,Non-Indigenous,Lanark County Social Services/Housing,2024-02-26 00:00:00,Yes,,,,Lanark County Social Services/Housing,,,,,,ü,,,,,ü,,,,,,2024-06-01 00:00:00,Hogan ,Valerie ,"Feb 2024:  added, chronc single June 2024: housed",2024-09-29 00:00:00,Inactive,,,,,,,,,February,2024,June,2024,---,---,,Chronic,---,---,Adult,---,---,All populations,---,OW,,,,,
Housed,Housed,,2026-02-01 00:00:00,,Perth,2025-04-02 00:00:00,11,11,2026-02-01 00:00:00,Permanent and/or long-term housing,2026-02-01 00:00:00,Not a veteran,,,female,1986-07-07 00:00:00,39,Family,4+,Non-Indigenous,Lanark County Social Services/Housing,2025-04-02 00:00:00,Yes,,,,Lanark County Social Services/Housing,,,,,,ü,,,,5,ü,,,,ü,ü,2026-02-01 00:00:00,Hogan ,Valerie ,"April 2025:  added to BNL family, not chronic Feb 2026: housed ",2026-06-01 00:00:00,Actively homeless,2025-09-01 00:00:00,,Aged-in: chronic,,,,,,April,2025,February,2026,September,2025,,Chronic,---,---,---,Family,---,All populations,All populations,ODSP,"local priority Oct 29, 2025",,,,
Actively homeless,Documents needed,,2025-12-01 00:00:00,,Smiths Falls,2025-08-13 00:00:00,12,18,2025-08-13 00:00:00,Public institution: hospital and/or treatment program,,Not a veteran,,,male,1983-06-22 00:00:00,42,Adult,,Non-Indigenous,Other,2025-08-13 00:00:00,Yes,,,,Lanark County Social Services/Housing,,,,,,,,,,1,ü,,,,,,2025-08-01 00:00:00,Hogan ,Valerie ,"Aug 2025: added to BNL, single chronic",2026-03-31 00:00:00,Actively homeless,,,,,,,,,August,2025,---,---,---,---,,Chronic,---,---,Adult,---,---,All populations,All populations,no income source,,,no consent,,
Actively homeless,Documents needed,,2025-12-01 00:00:00,,Smiths Falls,2025-09-08 00:00:00,12,17,2025-09-08 00:00:00,Public institution: correctional facilities,,Not a veteran,,,Male,1976-02-12 00:00:00,50,Adult,,Non-Indigenous,Lanark County Social Services/Housing,2025-09-08 00:00:00,Yes,,,,Lanark County Social Services/Housing,,,,,,,,,,1,ü,,,,,,2025-09-01 00:00:00,Hogan ,Valerie ,Sept 2025: added to BNL single chronic ,2026-03-31 00:00:00,Actively homeless,,,,,,,,,September,2025,---,---,---,---,,Chronic,---,---,Adult,---,---,All populations,All populations,OW,,,2025-11-07 00:00:00,no RGI ,not on file
Housed,Housed,,2025-06-01 00:00:00,,Perth,2024-09-13 00:00:00,11,11,2024-09-13 00:00:00,Permanent and/or long-term housing,2025-06-01 00:00:00,Not a veteran,,,female ,1991-08-13 00:00:00,34,Family,,Non-Indigenous,Lanark County Social Services/Housing,2024-09-13 00:00:00,Yes,,,,Lanark County Social Services/Housing,,,,,,ü,,,,1,ü,,,,ü,,2025-06-01 00:00:00,Hogan ,Valerie ,"Sept 2024:  added to BNL, family not chronic June 2025: Housed",2025-09-29 00:00:00,Inactive,2025-04-01 00:00:00,,,,,,,,September,2024,June,2025,April,2025,,Chronic,---,---,---,Family,---,All populations,1,OW,,,,,
Actively homeless,Documents needed,,2026-02-01 00:00:00,,Smiths Falls,2024-07-15 00:00:00,12,13,2026-02-01 00:00:00,Couch surfing,,Not a veteran,,,male,1978-05-27 00:00:00,47,Adult,,Non-Indigenous,Lanark County Social Services/Housing,2024-07-15 00:00:00,Yes,,,,Lanark County Social Services/Housing,,,,,,ü,,,,1,,,ü,,,ü,2026-02-01 00:00:00,Hogan ,Valerie ,July 2024:  added to BNL: single not chronic Sept  2024: housed April 2025:  became chronic - see notes Feb 2026: returned from Housed ,2026-06-01 00:00:00,Actively homeless,2026-02-01 00:00:00,Returned from housing,,,,,,,July,2024,---,---,February,2026,,Chronic,---,---,Adult,---,---,All populations,1,EI,,,2026-02-23 00:00:00,"eligible woth local priority w app date April 12, 2025",not on list
Inactive,Awaiting match,,2022-07-25 00:00:00,,Smiths Falls,2022-07-25 00:00:00,12,12,2022-09-21 00:00:00,Couch surfing,,,,,Male ,1993-08-26 00:00:00,32,Adult,1,,Lanark County Social Services/Housing,2022-08-01 00:00:00,Yes,2022-08-01 00:00:00,,,Lanark County Social Services/Housing,,,,,,,,,,,ü,,,,,,2022-09-21 00:00:00,Hogan ,Valerie ,"said he was moving into former partner's housing unit without Housing permission. Left vm Aug 23, 2022. Left vm on Aug 24, tried calling Aug 25 and left vm.  Sept 21: Living at ***** with his surety. Oct 25:  Elgible for COHB rent support, must find a rental. Housing senthim an email on Oct 21 telling him his eligibility and conditions but he hasn't replied.  Left vm on Oct 25 and informed his OW worker. Dec 1: called to get update, no answer. ",2022-11-22 00:00:00,Inactive,,,,,,,,,August,2022,---,---,---,---,,Chronic,---,---,Adult,---,---,All populations,---,,,,,,
Inactive,Documents needed,,2025-01-01 00:00:00,,Perth,2024-08-30 00:00:00,12,14,2024-08-30 00:00:00,Couch surfing,,Not a veteran,,,male ,1969-05-27 00:00:00,56,Adult,,Non-Indigenous,Lanark County Social Services/Housing,2024-08-30 00:00:00,Yes,,,,Lanark County Social Services/Housing,,,,,,ü,,,,1,ü,,,,,ü,2025-04-01 00:00:00,Hogan ,Valerie ,"Aug 2024:  added to BNL chronic adult  April 2025:  inactive, lost contact ",2025-05-01 00:00:00,Inactive,2025-04-01 00:00:00,Moved to inactive: lost contact,,,,,,,August,2024,---,---,April,2025,,Chronic,---,---,Adult,---,---,All populations,1,ODSP ,HBCM,,,,
Actively homeless,Awaiting match,,2025-12-01 00:00:00,,Smiths Falls,,12,31,2022-01-21 00:00:00,Couch surfing,,,,,Female,1993-09-08 00:00:00,32,Adult,,,Lanark County Social Services/ Housing,2021-09-29 00:00:00,Yes,2021-09-29 00:00:00,,,Lanark County Social Services/ Housing,,,,,,ü,,,,1,,ü,,,,,2024-11-01 00:00:00,Hogan ,Valerie ,"Campground closing, no where to go. Nov 2024:  retruned from inactive, single chronic",2026-03-31 00:00:00,Actively homeless,2024-11-01 00:00:00,Returned from inactive,,,,,,,September,2021,---,---,November,2024,,Chronic,---,---,Adult,---,---,All populations,1,OW ,,,2024-11-01 00:00:00,not in system ,
Housed,Housed,,2025-05-01 00:00:00,,Perth,2025-04-28 00:00:00,2,2,2025-04-28 00:00:00,Permanent and/or long-term housing,2025-05-01 00:00:00,Not a veteran,,,male,1998-01-26 00:00:00,28,Adult,,Non-Indigenous,Lanark County Mental Health ,2025-04-28 00:00:00,Yes,,,,Lanark County Mental Health ,,,,,,,,,,1,ü,,,,ü,,2025-05-01 00:00:00,Hogan ,Valerie ,"April 2025:  added to BNL, adult not chronic May 2025: housed ",2025-08-29 00:00:00,Inactive,,,,,,,,,April,2025,May,2025,---,---,,---,---,---,Adult,---,---,All populations,All populations,ODSP,,,,,
Housed,Housed,,2025-01-01 00:00:00,,Smiths Falls,2024-11-12 00:00:00,3,6,2024-11-12 00:00:00,Couch surfing,2025-01-01 00:00:00,Not a veteran,,,male ,2001-01-26 00:00:00,25,Youth,1,Non-Indigenous,Lanark County Social Services/Housing,2024-11-12 00:00:00,Yes,,,,Cornerstone Landing,,,,,,,ü,,,,ü,,,,ü,,2025-01-01 00:00:00,Hogan ,Valerie ,Nov 2020: added to BNL youth not chronic Jan 2025: housed ,2025-05-01 00:00:00,Inactive,,,,,,,,,November,2024,January,2025,---,---,,---,---,Youth,---,---,---,All populations,---,"no income, applying for OW",Cornerstone ,,,,
Housed,Housed,,2023-12-01 00:00:00,,Carleton Place,2023-07-19 00:00:00,7,7,2023-07-19 00:00:00,Transitional housing,2023-12-01 00:00:00,,,,Female,1979-03-28 00:00:00,47,Adult,,,Lanark County Interval House,2023-07-19 00:00:00,Yes,,,,Lanark County Interval House,,,,,,ü,,ü,,,ü,,,,,ü,2023-07-21 00:00:00,Hogan ,Valerie ,Nov 2023: became chronic Dec 2023: Housed,2024-03-30 00:00:00,Inactive,2023-11-01 00:00:00,,Aged-in: chronic,,,,,,July,2023,December,2023,November,2023,,Chronic,---,---,Adult,---,---,All populations,---,,,,,,
Inactive,Documents needed,,2024-12-01 00:00:00,,Smiths Falls,2024-10-11 00:00:00,5,5,2024-10-11 00:00:00,Shelter,,Not a veteran,,,male,1972-06-14 00:00:00,53,Adult,,Non-Indigenous,Lanark County Social Services/Housing,2024-10-11 00:00:00,Yes,,,,Lanark County Social Services/Housing,,,,,,,,,,,ü,,,,,,2024-10-01 00:00:00,Hogan ,Valerie ,"Oct 2024:  added to BNL, single not chronic Feb 2025:  inactive, unable to contact",2025-03-31 00:00:00,Inactive,2025-02-01 00:00:00,Moved to inactive: lost contact,,,,,,,October,2024,---,---,February,2025,,---,---,---,Adult,---,---,All populations,---,EI ,,,,,
Inactive,Awaiting match,,2023-01-11 00:00:00,,Smiths Falls,2023-01-11 00:00:00,5,5,2023-01-11 00:00:00,Couch surfing,,,,,Male,1952-02-02 00:00:00,74,Adult,,,Lanark County Social Services/Housing,2023-01-11 00:00:00,Yes,2023-01-11 00:00:00,,2023-01-11 00:00:00,Lanark County Social Services/Housing,,,,,,,,,,,ü,,,,,,2023-01-11 00:00:00,Hogan ,Valerie ,"Income : CPP $456.10, inelig for OAS.  No status in Cda, came on a visitor's and temp workpermit in 1991, never  pursued citizenship. Intends to move to India when HC complets paperwork Jan: offered motel stay and food cards that he refused. ",2023-05-11 00:00:00,Inactive,2023-04-01 00:00:00,Moved to inactive: lost contact,,,,,,,January,2023,---,---,April,2023,,---,---,---,Adult,---,---,All populations,---,,,,,,
Housed,Housed,,2022-08-25 00:00:00,,Carleton Place,2022-06-29 00:00:00,3,3,2022-08-25 00:00:00,Couch surfing,2022-09-01 00:00:00,,,,Female,1986-10-18 00:00:00,39,Adult,,,Lanark County Interval House,2022-06-29 00:00:00,Yes,2022-06-29 00:00:00,,,Lanark County Interval House,,,,,,,,,,,,,,,,,2022-08-29 00:00:00,Hogan,Valerie,"couch surfing with sister, moved to IH and then got RGI housing  Sept 1.",2022-12-23 00:00:00,Inactive,,,,,,,,,June,2022,September,2022,---,---,,---,---,---,Adult,---,---,All populations,---,,,,,,
Inactive,Awaiting match,,2022-02-21 00:00:00,,,,8,8,2021-09-21 00:00:00,,,,,,Male,1980-08-31 00:00:00,45,Adult,,,The Table Community Food Bank,2021-09-29 00:00:00,Yes,2021-09-29 00:00:00,,,*UNASSIGNED*,,,,,,,,,,,,,,,,,2021-09-29 00:00:00,Coutts,Brooke,Referral from the table no service agency,2022-06-21 00:00:00,Inactive,,,,,,,,,September,2021,---,---,---,---,,Chronic,---,---,Adult,---,---,All populations,---,,,,2024-01-12 00:00:00,,
Housed,Housed,,2025-11-01 00:00:00,,Almonte,2023-01-06 00:00:00,8,8,2025-11-01 00:00:00,Permanent and/or long-term housing,2025-11-01 00:00:00,Not a veteran,,,Male,1966-11-20 00:00:00,59,Adult,,,Lanark County Social Services/Housing,2023-01-06 00:00:00,Yes,2023-01-06 00:00:00,,2023-01-06 00:00:00,Lanark County Social Services/Housing,,,,,,ü,,,,,,,ü,,,,2025-11-01 00:00:00,Hogan,Valerie ,"Income  ODSP.  .  March 2024: Returned from Housed, aged into chronic April 2024: Housed Oct 2025: returned from housed Nov 2025: housed ",2026-03-01 00:00:00,Actively homeless,2025-10-01 00:00:00,Returned from housing,,,,,,,January,2023,November,2025,October,2025,,Chronic,---,---,Adult,---,---,All populations,---,ODSP,,,,,
Housed,Housed,,2023-11-01 00:00:00,,Carleton Place,2023-03-01 00:00:00,12,20,2023-03-01 00:00:00,Shelter,2023-11-01 00:00:00,,,,Female,1989-04-25 00:00:00,37,Family,4+,Non-Indigenous,Lanark County Interval House,2023-03-01 00:00:00,Yes,,,,Lanark County Interval House,,,,2023-11-01 00:00:00,,ü,,,,,ü,,,,ü,,2023-11-01 00:00:00,Hogan ,Valerie ,Nov 2023: housed,2024-02-29 00:00:00,Inactive,,,,,,,,,March,2023,November,2023,---,---,,Chronic,---,---,---,Family,---,All populations,---,,,,,,
Inactive,Documents needed,,2025-01-01 00:00:00,,Mississippi Mills,2024-12-02 00:00:00,5,5,2024-12-01 00:00:00,Couch surfing,,Not a veteran,,,female,1990-03-03 00:00:00,36,Family,2,Non-Indigenous,Lanark County Social Services/Housing,2024-12-02 00:00:00,Yes,,,,Lanark County Social Services/Housing,,,,,,,,,,3,ü,,,,,,2025-04-01 00:00:00,Hogan ,Valerie ,"Dec 2024: added to BNL. Not chronic, family  April 2025: became inactive, lost contact ",2025-05-01 00:00:00,Inactive,2025-04-01 00:00:00,Moved to inactive: lost contact,,,,,,,December,2024,---,---,April,2025,,---,---,---,---,Family,---,All populations,All populations,OW and EI ,,,,,
Housed,Housed,,2024-12-01 00:00:00,,Smiths Falls,2024-02-07 00:00:00,7,10,2024-03-01 00:00:00,Hotel and/or motel,2025-01-01 00:00:00,Not a veteran,,,Female,2004-03-22 00:00:00,22,Family,1,Non-Indigenous,Lanark County Social Services/Housing,2024-02-07 00:00:00,Yes,,,,Lanark County Social Services/Housing,,,,,,ü,ü,,,,ü,,,,,,2025-01-01 00:00:00,Hogan ,Valerie ,"2024-02-01: added to BNL, not chronic, family and youth  March 2024 : housed Aug 2024; returned from housed Dec 2024: aged into chronic Jan 2025: housed ",2025-03-31 00:00:00,Inactive,2024-12-01 00:00:00,,Aged-in: chronic,,,,,,February,2024,January,2025,December,2024,,Chronic,---,---,---,Family,---,All populations,---,OW,,,,,
Inactive,Awaiting match,,2021-09-21 00:00:00,,,,7,7,2022-01-21 00:00:00,,,,,,Male,1966-06-28 00:00:00,59,Adult,,,Lanark County Social Services/ Housing,2021-09-29 00:00:00,Yes,2021-09-29 00:00:00,,,Lanark County Social Services/ Housing,,,,,,,,,,,,,,,,,2022-01-21 00:00:00,Coutts,Brooke,"Sleeping in vehicle, OW, ++   ",2022-01-19 00:00:00,Inactive,,,,,,,,,September,2021,---,---,---,---,,Chronic,---,---,Adult,---,---,All populations,---,,,,,,
Inactive,Documents needed,,2023-11-01 00:00:00,,Perth,2023-10-31 00:00:00,2,2,2023-10-31 00:00:00,Hotel and/or motel,,Not a veteran,,,Male,1999-06-18 00:00:00,26,Youth,,,Lanark County Social Services/Housing,2023-10-31 00:00:00,Yes,,,,Lanark County Social Services/Housing,,,,,,,ü,,,,ü,,,ü,,,2023-10-01 00:00:00,Hogan ,Valerie ,"Oct 2023: added to BNL  Nov 2023:  inactive, left community",2024-02-29 00:00:00,Inactive,2023-11-01 00:00:00,Moved to inactive: left community,,,,,,,October,2023,---,---,November,2023,,---,---,Youth,---,---,---,All populations,---,,,,,,
Actively homeless,Documents needed,,2025-12-01 00:00:00,,Smiths Falls,2025-02-13 00:00:00,12,13,2025-02-14 00:00:00,Couch surfing,,Not a veteran,,,female,1970-04-07 00:00:00,56,Family,2,Non-Indigenous,Lanark County Social Services/Housing,2025-02-13 00:00:00,Yes,,,,Lanark County Social Services/Housing,,,,,,ü,,,,3,ü,,,,,,2025-02-18 00:00:00,Hogan ,Valerie ,"Feb 2025:  added to BNL, family not chronic ",2026-03-31 00:00:00,Actively homeless,2025-07-01 00:00:00,,Aged-in: chronic,,,,,,February,2025,---,---,July,2025,,Chronic,---,---,---,Family,---,All populations,All populations,ODSP ,,,2025-02-14 00:00:00,in system ,
Housed,Housed,,2023-03-01 00:00:00,,Carleton Place,2022-05-26 00:00:00,12,4,2023-04-07 00:00:00,,2023-04-08 00:00:00,,,,Female,1975-04-20 00:00:00,51,Adult,1,,Lanark County Interval House,2021-09-28 00:00:00,Yes,2021-09-28 00:00:00,,,Lanark County Interval House,,,,,,,,,,,ü,,,,,,2023-04-08 00:00:00,Hogan ,Valerie ,"LCIH- met with KA, no update, still waiting for housing at second stage. Jan 6:Spoke with IH, ****** still in second stage housing but will have to move soon. Has applied for COHB. IS waiting for RGI housing but unit not anticipated to be available anytime soon. Mar 23, 2023: Offered housing Apr 8/23: moved to subsidized housing.",2023-06-29 00:00:00,Inactive,,,,,,,,,September,2021,April,2023,---,---,,Chronic,---,---,Adult,---,---,All populations,---,,,,,,
Housed,Housed,,2025-11-01 00:00:00,,Smiths Falls,2025-03-27 00:00:00,10,10,2025-11-01 00:00:00,Permanent and/or long-term housing,2025-11-01 00:00:00,Not a veteran,,,female,1964-02-13 00:00:00,62,Adult,,Non-Indigenous,Lanark County Social Services/Housing,2025-03-27 00:00:00,Yes,,,,Lanark County Social Services/Housing,,,,,,ü,,,,1,ü,,,,ü,ü,2025-11-01 00:00:00,Hogan ,Valerie ,March 2025:  added to BNL single chronic Nov 2025: housed ,2026-03-01 00:00:00,Actively homeless,2025-07-01 00:00:00,,Aged-in: chronic,,,,,,March,2025,November,2025,July,2025,,Chronic,---,---,Adult,---,---,All populations,All populations,EI ,,,,,
Housed,Housed,,2023-12-01 00:00:00,,Smiths Falls,2023-10-01 00:00:00,5,5,2023-12-01 00:00:00,Couch surfing,2023-12-01 00:00:00,Not a veteran,,,Female,1996-05-30 00:00:00,29,Adult,,,Lanark County Social Services/Housing,2023-10-01 00:00:00,Yes,,,,Lanark County Social Services/Housing,,,,,,,,,,,ü,,,,,,2023-12-01 00:00:00,Hogan, Valerie ,Oct 2023: added to BNL Dec 2023: housed,2024-03-30 00:00:00,Inactive,,,,,,,,,October,2023,December,2023,---,---,,---,---,---,Adult,---,---,All populations,---,,,,,,
Inactive,Documents needed,,2025-11-01 00:00:00,,Smiths Falls,2025-08-14 00:00:00,3,3,2025-08-14 00:00:00,other,,Not a veteran,,,male,1972-11-02 00:00:00,53,Adult,,Non-Indigenous,Lanark County Social Services/Housing,2025-08-14 00:00:00,Yes,,,,Lanark County Social Services/Housing,,,,,,,,,,1,ü,,,,,,2025-11-01 00:00:00,Hogan ,Valerie,"Aug 2025: added to BNL, single not chronic Nov 2025: became inactive, left community",2026-03-01 00:00:00,Actively homeless,2025-11-01 00:00:00,Moved to inactive: left community,,,,,,,August,2025,---,---,November,2025,,---,---,---,Adult,---,---,All populations,All populations,OW ,,,,,
Housed,Housed,,2025-09-01 00:00:00,,Carleton Place,2024-08-28 00:00:00,12,17,2024-08-28 00:00:00,Permanent and/or long-term housing,2025-09-01 00:00:00,Not a veteran,,,female,1982-07-08 00:00:00,43,Adult,,Non-Indigenous,Lanark County Interval House,2024-08-28 00:00:00,Yes,,,,Lanark County Interval House,,,,,,ü,,,,1,ü,,,,ü,,2025-09-01 00:00:00,Hogan ,Valerie ,"Aug 2024: added to BNL, adult, not chronic Oct 2024:  became chronic Sept 2025: housed ",2025-12-30 00:00:00,Inactive,2024-10-01 00:00:00,,Aged-in: chronic,,,,,,August,2024,September,2025,October,2024,,Chronic,---,---,Adult,---,---,All populations,1,ODSP ,,,,,
Inactive,Documents needed,,2025-04-01 00:00:00,,Perth,2025-02-10 00:00:00,3,3,2025-02-10 00:00:00,Hotel and/or motel,,Not a veteran,,,female,1960-08-13 00:00:00,65,Adult,,Non-Indigenous,Lanark County Social Services/Housing,2025-02-10 00:00:00,Yes,,,,Lanark County Social Services/Housing,,,,,,,,,,1,ü,,,,,,2025-02-18 00:00:00,Hogan ,Valerie ,"Feb 2025:  added to BNL, single, not chronic ",2025-07-30 00:00:00,Inactive,2025-04-01 00:00:00,Moved to inactive: lost contact,,,,,,,February,2025,---,---,April,2025,,---,---,---,Adult,---,---,All populations,All populations,"CPP-D, Oas spousal, CPP spousal ~$2111.00/month ",,,,,
Actively homeless,Documents needed,,2025-12-01 00:00:00,,Lanark Highlands,2025-09-18 00:00:00,6,6,2025-09-18 00:00:00,Couch surfing,,Not a veteran,,,female,1974-08-10 00:00:00,51,Family,2,Non-Indigenous,Lanark County Mental Health ,2025-09-18 00:00:00,Yes,,,,Lanark County Mental Health ,,,,,,ü,,,,2,ü,,,,,,2026-02-01 00:00:00,Hogan ,Valerie ,"Sept 2025: added to BNL, not chronic family Feb 2026: became chronic",2026-03-31 00:00:00,Actively homeless,2026-02-01 00:00:00,,Aged-in: chronic,,,,,,September,2025,---,---,February,2026,,Chronic,---,---,---,Family,---,All populations,All populations,none,,,,,
Inactive,Documents needed,,2025-06-16 00:00:00,,Carleton Place,2024-01-18 00:00:00,8,32,2025-07-01 00:00:00,Shelter,,Not a veteran,,,Male,1984-04-13 00:00:00,42,Adult,,Métis,Lanark County Social Services/Housing,2024-01-18 00:00:00,Yes,,,,Lanark County Social Services/Housing,,,,,,ü,,ü,,1,,,,ü,ü,ü,2025-07-01 00:00:00,Hogan ,Valerie ,"Jan 2024: added to BNL, chronic single adultFeb 2024: housed June 2024: returned from Housed  Aug 2024:  housed Aug 2024: returned from housed July 2025: left community",2025-10-14 00:00:00,Inactive,2025-07-01 00:00:00,Moved to inactive: left community,,,,,,,January,2024,---,---,July,2025,,Chronic,---,---,Adult,---,Indigenous identity,All populations,1,ODSP,HBCM,2024-07-01 00:00:00,,,
Inactive,Awaiting match,,2023-01-01 00:00:00,,Perth,2022-10-19 00:00:00,3,8,2022-10-19 00:00:00,Permanent and/or long-term housing,,,,,Male,1976-07-12 00:00:00,49,Adult,,,Lanark County Social Services/Housing,2022-10-19 00:00:00,Yes,2022-10-19 00:00:00,,,Lanark County Social Services/Housing,,,,,,,,,,,ü,,,,,,2022-10-19 00:00:00,Hogan ,Valerie ,feels unafe in current housing and has been given notice he must leave by Nov 24.  Refused Shardon Manor. Referred to Legal Clinic. Issued RGI app. ,2023-05-01 00:00:00,Inactive,2023-01-31 00:00:00,Moved to inactive: left community,,,,,,,October,2022,---,---,January,2023,,---,---,---,Adult,---,---,All populations,---,,,,,,
Inactive,Documents needed,,2025-04-01 00:00:00,,Carleton Place,2023-11-20 00:00:00,12,18,2023-11-20 00:00:00,Couch surfing,,Not a veteran,,,Female,1983-07-05 00:00:00,42,Family,3,,Lanark County Interval House,2023-11-20 00:00:00,Yes,,,,Lanark County Interval House,,,,,,ü,,,,4,ü,,,,,,2025-04-01 00:00:00,Hogan ,Valerie ,"Nov 2023: added to BNL, family, not chronic April 2024: aged in chronic April 2025: inactive: unable to contact ",2025-07-30 00:00:00,Inactive,2025-04-01 00:00:00,Moved to inactive: lost contact,,,,,,,November,2023,---,---,April,2025,,Chronic,---,---,---,Family,---,All populations,0.25,,,,,,
Inactive,Documents needed,,2024-04-01 00:00:00,,Smiths Falls,2024-02-15 00:00:00,4,4,2024-02-15 00:00:00,Hotel and/or motel,,Not a veteran,,,Female,1988-04-07 00:00:00,38,Adult,,Non-Indigenous,Lanark County Social Services/Housing,2024-02-15 00:00:00,Yes,,,,Lanark County Social Services/Housing,,,,,,,,,,,ü,,,ü,,,2024-04-01 00:00:00,Hogan ,Valerie ,"Feb 2024- added to BNL April : inactive, left community",2024-07-30 00:00:00,Inactive,2024-04-01 00:00:00,Moved to inactive: left community,,,,,,,February,2024,---,---,April,2024,,---,---,---,Adult,---,---,All populations,---,ODSP,,,,,
Inactive,Documents needed,,2025-08-01 00:00:00,,Smiths Falls,2024-09-16 00:00:00,8,8,2024-09-16 00:00:00,Transitional housing,,Not a veteran,,,female,2003-04-15 00:00:00,23,Youth,,Non-Indigenous,Lanark County Social Services/Housing,2024-09-16 00:00:00,Yes,,,,Cornerstone Landing,,,,,,ü,ü,,,1,ü,,,ü,,ü,2025-08-01 00:00:00,Hogan ,Valerie ,"Sept 2024:  aded to BNL: single youth not chronic Oct  2024: housed June 2025: became chronic Aug 2025: moved to inactive, left the community ",2025-11-29 00:00:00,Inactive,2025-08-01 00:00:00,Moved to inactive: left community,,,,,,,September,2024,---,---,August,2025,,Chronic,---,Youth,---,---,---,All populations,1,OW,,,,,
Inactive,Documents needed,,2025-07-01 00:00:00,,Perth,2024-10-09 00:00:00,12,36,2025-07-01 00:00:00,Unsheltered,,Not a veteran,,,female,2006-04-19 00:00:00,20,Youth,,Non-Indigenous,Lanark County Mental Health ,2024-10-09 00:00:00,Yes,,,,Lanark County Mental Health ,,,,,,ü,ü,,,1,ü,,,,ü,ü,2025-07-01 00:00:00,Hogan ,Valerie ,"Oct 2024:  added to BNL, single youth  chronic Dec 2024:  housed April 2025: returned from housed, coding change and transitional housing is not housed  July 2025: became inactive, left the community",2025-10-29 00:00:00,Inactive,2025-07-01 00:00:00,Moved to inactive: left community,,,,,,,October,2024,---,---,July,2025,,Chronic,---,Youth,---,---,---,All populations,1,VYSA,,,,,
Housed,Housed,,2024-08-01 00:00:00,,Almonte,2024-07-30 00:00:00,4,4,2024-07-30 00:00:00,Couch surfing,2024-09-01 00:00:00,Not a veteran,,,female,1972-11-13 00:00:00,53,Adult,,Non-Indigenous,Lanark County Social Services/Housing,2024-07-30 00:00:00,Yes,,,,Lanark County Social Services/Housing,,,,,,,,,,,ü,,,,ü,,2024-09-01 00:00:00,Hogan ,Valerie ,July 2024:  added to BNL: single not chronic  sept 2024: Housed ,2024-11-29 00:00:00,Inactive,,,,,,,,,July,2024,September,2024,---,---,,---,---,---,Adult,---,---,All populations,---,employed ,,,,,
Inactive,Documents needed,,2025-05-01 00:00:00,,Tay Valley,2023-10-30 00:00:00,12,19,2023-10-30 00:00:00,seasonal housing,,Not a veteran,,,Female,1964-07-07 00:00:00,61,Family,1,,Lanark County Social Services/Housing,2023-10-01 00:00:00,Yes,,,,Lanark County Social Services/Housing,,,,,,ü,,ü,,2,ü,,,ü,,,2025-05-01 00:00:00,Hogan ,Valerie ,"Oct 2023: added to BNL April 2024: aged in chronic May 2025: ianctive, unable to contact ",2025-08-29 00:00:00,Inactive,2025-05-01 00:00:00,Moved to inactive: lost contact,,,,,,,October,2023,---,---,May,2025,,Chronic,---,---,---,Family,---,All populations,0.5,ODSP,,,,,
Inactive,Awaiting match,,2023-03-01 00:00:00,,Carleton Place,2022-12-07 00:00:00,12,18,2023-03-01 00:00:00,Couch surfing,,,,,Male,1978-07-09 00:00:00,47,Adult,,,Lanark County Social Services/Housing,2022-12-07 00:00:00,Yes,2022-12-07 00:00:00,,2022-12-07 00:00:00,Lanark County Social Services/Housing,,,,,,ü,,,,,ü,,,,,,2023-03-01 00:00:00,Hogan ,Valerie ,"Has been homeless in Ottawa and Carleton Place for months, working closely with *********.  Funds from ODSP. Interested in a funded bed. Jan 25: Name forwarded to Paradise Valley but application denied  because she felt he was a poor fit based on the conversation.  ***** has not contacted office or counsellor to discuss.  March 1, 2023: Moved to Ottawa",2023-06-29 00:00:00,Inactive,2023-03-01 00:00:00,Moved to inactive: left community,,,,,,,December,2022,---,---,March,2023,,Chronic,---,---,Adult,---,---,All populations,---,,,,,,
Actively homeless,Documents needed,,2025-12-01 00:00:00,,Smiths Falls,2025-07-07 00:00:00,10,10,2025-07-07 00:00:00,Transitional housing,,Not a veteran,,,male,1987-04-21 00:00:00,39,Adult,,Non-Indigenous,Lanark County Social Services/Housing,2025-07-07 00:00:00,Yes,,,,Lanark County Social Services/Housing,,,,,,,,,,1,ü,,,,,,2025-10-01 00:00:00,Hogan ,Valerie ,"July 2025:  aded to BNL, single, not chronic Oct 2025: aged into chronic",2026-03-31 00:00:00,Actively homeless,2025-10-01 00:00:00,,Aged-in: chronic,,,,,,July,2025,---,---,October,2025,,Chronic,---,---,Adult,---,---,All populations,All populations,ODSP,,,2025-07-07 00:00:00,not in system ,
Inactive,Awaiting match,,2022-07-05 00:00:00,,Smiths Falls,2022-07-05 00:00:00,5,5,2022-07-05 00:00:00,Renting; at risk ,,,,,Male,1988-02-23 00:00:00,38,Adult,,,Lanark County Mental Health ,2022-07-05 00:00:00,Yes,2022-07-05 00:00:00,,,Lanark County Mental Health ,,,,,,,,,,,ü,,,,,,2022-07-05 00:00:00,Hogan ,Valerie ,Has LCMH case manager working with him to find better housing,2022-11-02 00:00:00,Inactive,,,,,,,,,July,2022,---,---,---,---,,---,---,---,Adult,---,---,All populations,---,,,,,,
Housed,Housed,,2023-07-05 00:00:00,,Perth,2023-07-05 00:00:00,4,4,2023-07-05 00:00:00,Unsheltered,2023-09-01 00:00:00,,,,Male,1975-01-16 00:00:00,51,Adult,,,Lanark County Social Services/Housing,2023-07-05 00:00:00,Yes,,,,Lanark County Mental Health ,,,,,,,,,,,ü,,,,ü,ü,2023-07-05 00:00:00,Hogan ,Valerie ,"Housed Sept 1, 2023",2023-11-02 00:00:00,Inactive,,,,,,,,,July,2023,September,2023,---,---,,---,---,---,Adult,---,---,All populations,---,,HBCM,,,,
Inactive,Awaiting match,,2022-12-05 00:00:00,,Smiths Falls,2022-12-01 00:00:00,5,7,2022-12-01 00:00:00,Hotel and/or motel,,,,,Female ,1997-08-14 00:00:00,28,Adult,,,Lanark County Social Services/Housing,2022-12-01 00:00:00,Yes,2022-12-01 00:00:00,,2022-12-01 00:00:00,Lanark County Social Services/Housing,,,,,,,,,,,ü,,,,,,2023-03-01 00:00:00,Hogan ,Valerie ,"Homeless couple, no children with them.  New to area, were lving in SF since Oct but were evicted in Nov. Have several cats. ODSP income. Feb 2023 moved to London Onta, still homeless but temp. staying with family.Mar 1, 2023:moved to London On",2023-04-04 00:00:00,Inactive,2023-03-01 00:00:00,Moved to inactive: left community,,,,,,,December,2022,---,---,March,2023,,---,---,---,Adult,---,---,All populations,---,,,,,,
Housed,Housed,,2025-07-01 00:00:00,,Perth,2025-03-07 00:00:00,10,10,2025-07-01 00:00:00,Permanent and/or long-term housing,2025-07-01 00:00:00,Not a veteran,,,male,1994-03-17 00:00:00,32,Adult,,Non-Indigenous,Other,2025-03-07 00:00:00,Yes,,,,Lanark County Social Services/Housing,,,,,,ü,,,,1,ü,,,,ü,ü,2025-07-01 00:00:00,Hogan ,Valerie ,March 2025:  added to BNL single chronic july  2025:  moved into housing ,2025-10-29 00:00:00,Inactive,,,,,,,,,March,2025,July,2025,---,---,,Chronic,---,---,Adult,---,---,All populations,All populations,ODSP ,,,,,
Actively homeless,Documents needed,,2025-12-01 00:00:00,,Smiths Falls,2025-03-13 00:00:00,12,13,2025-03-25 00:00:00,Unsheltered,,Not a veteran,,,male,1966-07-26 00:00:00,59,Adult,,Non-Indigenous,Lanark County Social Services/Housing,2025-03-15 00:00:00,Yes,,,,Lanark County Social Services/Housing,,,,,,ü,,,,1,ü,,,,,,2025-03-01 00:00:00,Hogan ,Valerie ,March 2025: added to BNL single not chronic ,2026-03-31 00:00:00,Actively homeless,2025-07-01 00:00:00,,Aged-in: chronic,,,,,,March,2025,---,---,July,2025,,Chronic,---,---,Adult,---,---,All populations,All populations,ODSP 111464665,,,2024-09-01 00:00:00,not in system ,
Housed,Housed,,2025-12-01 00:00:00,,Perth,2025-02-19 00:00:00,12,22,2025-12-01 00:00:00,Permanent and/or long-term housing,2025-12-01 00:00:00,Not a veteran,,,Female,1988-03-29 00:00:00,38,Adult,,Non-Indigenous,Lanark County Mental Health ,2025-02-19 00:00:00,Yes,,,,Lanark County Mental Health ,,,,,,ü,,,,1,ü,,,,,,2025-12-01 00:00:00,Hogan ,Valerie ,"Feb 2025: added to BNL, chronic single Dec 2025: Housed ",2026-03-31 00:00:00,Actively homeless,,,,,,,,,February,2025,December,2025,---,---,,Chronic,---,---,Adult,---,---,All populations,All populations,no income ,,,,,
Housed,Housed,,2023-12-01 00:00:00,,Carleton Place,2023-10-19 00:00:00,2,2,2023-10-01 00:00:00,Permanent and/or long-term housing,2023-12-01 00:00:00,Not a veteran,,,Female,1994-07-08 00:00:00,31,Family,2,,Lanark County Interval House,2023-10-01 00:00:00,Yes,,,,Lanark County Interval House,,,,,,,,,,,ü,,,,,ü,2023-10-01 00:00:00,Hogan ,Valerie ,Oct 2023: added to BNL Dec 2023: housed,2024-03-30 00:00:00,Inactive,,,,,,,,,October,2023,December,2023,---,---,,---,---,---,---,Family,---,All populations,---,,,,,,
Actively homeless,Documents needed,,2025-12-01 00:00:00,,Lanark Highlands,2025-05-08 00:00:00,12,36,2025-05-05 00:00:00,Couch surfing,,Not a veteran,,,male,1974-07-12 00:00:00,51,Adult,,Non-Indigenous,Lanark County Social Services/Housing,2025-05-08 00:00:00,Yes,,,,Lanark County Social Services/Housing,,,,,,ü,,,,1,ü,,,,,,2025-05-01 00:00:00,Hogan ,Valerie ,"May 2025: added to BNL, single chronic",2026-03-31 00:00:00,Actively homeless,,,,,,,,,May,2025,---,---,---,---,,Chronic,---,---,Adult,---,---,All populations,All populations,OW ,,,2025-05-08 00:00:00,no application ,
Housed,Housed,,2024-11-01 00:00:00,,Smiths Falls,2024-08-16 00:00:00,3,3,2024-08-16 00:00:00,Unsheltered,2024-11-01 00:00:00,Veteran: Canadian Armed Forces,,,male ,1965-04-28 00:00:00,61,Adult,,Non-Indigenous,Lanark County Social Services/Housing,2024-08-16 00:00:00,Yes,,,,Lanark County Social Services/Housing,,,,,,,,,ü,,ü,,,,ü,ü,2024-11-01 00:00:00,Hogan ,Valerie ,"Aug 2024: added to BNL, adult not chronic  Nov 2024: housed",2025-03-01 00:00:00,Inactive,,,,,,,,,August,2024,November,2024,---,---,,---,---,---,Adult,---,---,All populations,---,ODSP ,,,,,
Inactive,Awaiting match,,2022-11-20 00:00:00,,Lanark Highlands,2022-06-15 00:00:00,12,36,2022-07-27 00:00:00,Trailer: Unsafe,,,,,Male,1967-10-01 00:00:00,58,Adult,,,Lanark County Social Services/ Housing,2022-06-15 00:00:00,Yes,2022-06-15 00:00:00,,,Lanark County Social Services/ Housing,,,,,,,,,,,ü,,,,,,2022-11-20 00:00:00,Hogan,Valerie,"Has 2 large dogs.Jul 27, 2022: sill in shed, looking for shared housing with a friend and her son Nov 2022: cont's to live n shack, still looking for housing with firend.  Has changed to propane heat which is more economical ",2023-03-20 00:00:00,Inactive,2023-02-28 00:00:00,Moved to inactive: lost contact,,,,,,,June,2022,---,---,February,2023,,Chronic,---,---,Adult,---,---,All populations,---,,,,,,
Housed,Housed,,2023-11-01 00:00:00,,Almonte,2023-09-26 00:00:00,1,1,2023-10-01 00:00:00,Permanent and/or long-term housing,2023-11-01 00:00:00,Not a veteran,,,Female ,1939-08-18 00:00:00,86,Adult,,,Lanark County Social Services/Housing,2023-09-26 00:00:00,Yes,,,,Lanark County Social Services/Housing,,,,,,,,,,,ü,,,,ü,ü,2023-09-26 00:00:00,Hogan ,Valerie ,Nov 2023: housed,2024-02-29 00:00:00,Inactive,,,,,,,,,September,2023,November,2023,---,---,,---,---,---,Adult,---,---,All populations,---,,,,,,
Inactive,Documents needed,,2025-12-01 00:00:00,,Perth,2024-03-25 00:00:00,12,18,2025-04-01 00:00:00,Hotel and/or motel,,Not a veteran,,,Female,1954-11-11 00:00:00,71,Adult,,Non-Indigenous,Lanark County Mental Health ,2024-03-25 00:00:00,Yes,,,,Lanark County Mental Health ,,,,,,ü,,,,1,,,ü,,,,2025-07-01 00:00:00,Hogan ,Valerie ,"March 2024: added to BNL, single not chronic Sept 2024: became chronic April 2025: housed July 2025: returned from housed Dec 2025: inactive, left the community ",2026-03-31 00:00:00,Actively homeless,2025-12-01 00:00:00,Moved to inactive: left community,,,,,,,March,2024,---,---,December,2025,,Chronic,---,---,Adult,---,---,All populations,1,OAS/CPP,,not a good candidate,,,
Housed,Housed,,2025-09-01 00:00:00,,Smiths Falls,2025-08-22 00:00:00,4,4,2025-08-22 00:00:00,Permanent and/or long-term housing,2025-09-01 00:00:00,Not a veteran,,,male,1973-02-13 00:00:00,53,Family,2,Non-Indigenous,Lanark County Social Services/Housing,2025-08-22 00:00:00,Yes,,,,Lanark County Social Services/Housing,,,,,,,,,,3,ü,,,,,ü,2025-08-01 00:00:00,Hogan ,Valerie ,"Aug 2025: added to BNL, family, not chronic Sept 2025: housed ",2025-12-30 00:00:00,Inactive,,,,,,,,,August,2025,September,2025,---,---,,---,---,---,---,Family,---,All populations,All populations,WSIB ,,,,,
Actively homeless,Documents needed,,2026-01-01 00:00:00,,Smiths Falls,2025-09-01 00:00:00,6,6,2025-11-01 00:00:00,Transitional housing,,Not a veteran,,,Male,1963-10-21 00:00:00,62,Adult,,Non-Indigenous,Lanark County Social Services/Housing,2025-09-01 00:00:00,Yes,,,,Lanark County Social Services/Housing,,,,,,ü,,,,1,ü,,,,,,2026-02-01 00:00:00,Hogan ,Valerie ,"Sept 2025:  addedto BNL, single not chronic Feb 2026: became chronic",2026-05-01 00:00:00,Actively homeless,2026-02-01 00:00:00,,Aged-in: chronic,,,,,,September,2025,---,---,February,2026,,Chronic,---,---,Adult,---,---,All populations,All populations,ODSP,,,2025-09-11 00:00:00,"active, referred to loca; priority March 4, 2026",
Housed,Housed,,2022-05-31 00:00:00,,,2022-04-28 00:00:00,1,1,2022-06-01 00:00:00,HOUSED,2022-06-01 00:00:00,,,,Male,2002-02-02 00:00:00,24,Youth,,,Lanark County Mental Health ,2022-04-28 00:00:00,Yes,2022-04-28 00:00:00,,,Cornerstone Landing Youth Services,,,,,,,,,,,,,,,,,2022-05-31 00:00:00,Hogan,Valerie,"renting effective June 1, 2022",2022-09-28 00:00:00,Inactive,,,,,,,,,April,2022,June,2022,---,---,,---,---,Youth,---,---,---,All populations,---,,,,,,
Actively homeless,Documents needed,,2025-12-01 00:00:00,,EI,2025-09-01 00:00:00,7,7,2025-09-01 00:00:00,Shelter,,Not a veteran,,,female,1984-09-02 00:00:00,41,Adult,,Non-Indigenous,Lanark County Social Services/Housing,2025-09-01 00:00:00,Yes,,,,Lanark County Social Services/Housing,,,,,,ü,,,,1,ü,,,,,,2026-01-01 00:00:00,Hogan ,Valerie ,"Sept 2025: aded to BNL, single not chronic  Jan 2026: aged into chronic",2026-03-31 00:00:00,Actively homeless,2026-01-01 00:00:00,,Aged-in: chronic,,,,,,September,2025,---,---,January,2026,,Chronic,---,---,Adult,---,---,All populations,All populations,EI ,,,2025-09-09 00:00:00,"Applied as SPP 29/08/2025, missing NOA and signature ",not on list 
Housed,Housed,,2025-10-01 00:00:00,,Smiths Falls,2025-04-25 00:00:00,8,8,2025-04-25 00:00:00,Permanent and/or long-term housing,2025-10-01 00:00:00,Not a veteran,,,male,1975-12-18 00:00:00,50,Adult,,Non-Indigenous,Lanark County Social Services/Housing,2025-04-25 00:00:00,Yes,,,,Lanark County Social Services/Housing,,,,,,ü,,,,1,ü,,,,ü,,2025-10-01 00:00:00,Hogan ,Vallerie ,April2025:  added to BNL: adult not chronic Aug 2025: aged into chronic Oct 2025: Housed ,2026-01-29 00:00:00,Inactive,2025-08-01 00:00:00,,Aged-in: chronic,,,,,,April,2025,October,2025,August,2025,,Chronic,---,---,Adult,---,---,All populations,All populations,OW,,,,,
Inactive,Documents needed,,2024-11-01 00:00:00,,Smiths Falls,2024-01-12 00:00:00,11,11,2024-01-12 00:00:00,Couch surfing,,Not a veteran,,,Female,1988-03-08 00:00:00,38,Adult,,,Lanark County Social Services/Housing,2024-01-12 00:00:00,Yes,,,,Lanark County Social Services/Housing,,,,,,ü,,,,,ü,,,,,,2024-06-01 00:00:00,Hogan ,Valerie ,"Jan 2024: added to BNL, single adult not chronic June 2024: aged into chronic Nov 2024: inactive, left community ",2025-03-01 00:00:00,Inactive,2024-11-01 00:00:00,Moved to inactive: left community,,,,,,,January,2024,---,---,November,2024,,Chronic,---,---,Adult,---,---,All populations,---,ODSP,HBCM,willowdale,,,
Actively homeless,Documents needed,,2025-12-01 00:00:00,,Smiths Falls,2025-08-06 00:00:00,7,7,2025-08-06 00:00:00,Unsheltered,,Not a veteran,,,female,1985-03-09 00:00:00,41,Adult,,Non-Indigenous,Lanark County Social Services/Housing,2025-08-06 00:00:00,Yes,,,,Lanark County Social Services/Housing,,,,,,ü,,,,1,ü,,,,,,2026-01-01 00:00:00,Hogan ,Valerie ,"Aug 2025: added to BNL, singel adult not chronic Jan 2026: aged into chronic ",2026-03-31 00:00:00,Actively homeless,2026-01-01 00:00:00,,Aged-in: chronic,,,,,,August,2025,---,---,January,2026,,Chronic,---,---,Adult,---,---,All populations,All populations,OW,,,2025-09-08 00:00:00,Noapplication ,not on list
Inactive,Documents needed,,2025-01-01 00:00:00,,Perth,2024-12-09 00:00:00,12,32,2024-12-01 00:00:00,Unsheltered,,Not a veteran,,,female,1971-04-03 00:00:00,55,Adult,,Non-Indigenous,Lanark County Social Services/Housing,2024-12-09 00:00:00,Yes,,,,Lanark County Social Services/Housing,,,,,,ü,,,,,ü,,,,,,2025-02-01 00:00:00,Hogan ,Valerie ,"Dec 2024:  added to BNL single, chronic Feb 2025:  inactive: deceased",2025-05-01 00:00:00,Inactive,2025-02-01 00:00:00,Moved to inactive: deceased,,,,,,,December,2024,---,---,February,2025,,Chronic,---,---,Adult,---,---,All populations,All populations,pension from employment ( Canada Post) ,HBCM,,,,
Inactive,Documents needed,,2025-01-01 00:00:00,,Perth,2024-04-04 00:00:00,12,12,2024-04-01 00:00:00,Couch surfing,,Not a veteran,,,Female,1990-11-08 00:00:00,35,Adult,,Non-Indigenous,Lanark County Mental Health ,2024-04-04 00:00:00,Yes,,,,Lanark County Mental Health ,,,,,,ü,,,,,ü,,,,,,2025-03-01 00:00:00,Hogan ,Valerie ,"April 024:  added to BNL, single, not chronic Sept 2024: became chronic March 2025:  Inactive, lost contact ",2025-05-01 00:00:00,Inactive,2025-03-01 00:00:00,Moved to inactive: lost contact,,,,,,,April,2024,---,---,March,2025,,Chronic,---,---,Adult,---,---,All populations,---,ODSP,,,,,
Actively homeless,Awaiting match,,2026-01-01 00:00:00,,Carleton Place,2022-03-29 00:00:00,12,18,2026-01-01 00:00:00,Hotel and/or motel,,,,,Female,1963-04-02 00:00:00,63,Adult,1,,Lanark County Mental Health ,2022-03-31 00:00:00,Yes,2022-03-31 00:00:00,,,Lanark County Mental Health ,,,,,,,,,,1,,ü,,,,ü,2026-01-01 00:00:00,Hogan ,Valerie ,"Long housing history, income over limit for RGI, RGI application is on hold awaiting 2021 NOA.  Jul 27: Left vm, has to leave motel by July 31, did not attend Hap appt for moving exp.  Nov 8: Unable to determine *****'s housing status, she does not respond to contact attempts. Oct 2024: Housed AUg 2025: inactive, lost contact Jan 2026:  returned from inactive, chronic single",2026-05-01 00:00:00,Actively homeless,2026-01-01 00:00:00,Returned from inactive,,,,,,,March,2022,---,---,January,2026,,Chronic,---,---,Adult,---,---,All populations,1,"EI, spousal support ",,,2026-01-14 00:00:00,,
Housed,Housed,,2025-04-14 00:00:00,,Smiths Falls,2025-04-25 00:00:00,12,26,2025-06-01 00:00:00,Permanent and/or long-term housing,2025-06-01 00:00:00,Not a veteran,,,female,1972-01-27 00:00:00,54,Adult,,Non-Indigenous,Lanark County Social Services/Housing,2025-04-14 00:00:00,Yes,,,,Lanark County Social Services/Housing,,,,,,ü,,,,1,ü,,,,ü,,2025-06-01 00:00:00,Hogan ,Valerie ,"April 2025: Added to BNL, adult chronic June 2025: housed ",2025-08-12 00:00:00,Inactive,,,,,,,,,April,2025,June,2025,---,---,,Chronic,---,---,Adult,---,---,All populations,All populations,employed,,,,,
Housed,Housed,,2022-08-22 00:00:00,,Carleton Place,2022-06-29 00:00:00,3,3,2022-08-22 00:00:00,Couch surfing,2022-09-01 00:00:00,,,,Male,1965-09-02 00:00:00,60,Adult,,,Lanark County Social Services/Housing,2022-06-29 00:00:00,Yes,2022-06-29 00:00:00,,,Lanark County Social Services/Housing,,,,,,,,,,,,,,,,,2022-08-29 00:00:00,Hogan,Valerie,,2022-12-20 00:00:00,Inactive,,,,,,,,,June,2022,September,2022,---,---,,---,---,---,Adult,---,---,All populations,---,,,,,,
Housed,Housed,,2023-06-01 00:00:00,,Perth,2023-03-01 00:00:00,9,15,2023-03-01 00:00:00,Couch surfing,2023-06-01 00:00:00,,,,Male,1971-07-12 00:00:00,54,Adult,,Non-Indigenous,Lanark County Social Services/Housing,2023-03-01 00:00:00,Yes,,,,Lanark County Mental Health ,,2023-06-01 00:00:00,,,,ü,,,,,ü,,,,ü,ü,2023-06-01 00:00:00,Hogan ,Valerie ,"June 2023: moved to market rent, receiving  BNL rent subsidy",2023-09-29 00:00:00,Inactive,,,,,,,,,March,2023,June,2023,---,---,,Chronic,---,---,Adult,---,---,All populations,---,,HBCM,,,,
Inactive,Awaiting match,,2021-09-21 00:00:00,,,,5,5,2021-09-21 00:00:00,,,,,,Male,1992-07-22 00:00:00,33,Adult,,,*UNASSIGNED*,2021-09-30 00:00:00,Yes,2021-09-30 00:00:00,,,*UNASSIGNED*,,,,,,,,,,,,,,,,,2022-01-21 00:00:00,Coutts,Brooke,Terrilee completed survey *OW,2022-01-19 00:00:00,Inactive,,,,,,,,,September,2021,---,---,---,---,,---,---,---,Adult,---,---,All populations,---,,,,,,
Inactive,Awaiting match,,2025-09-01 00:00:00,,Carleton Place,2022-04-06 00:00:00,12,12,2025-04-01 00:00:00,Couch surfing,,,,,Female,1982-09-17 00:00:00,43,Adult,1,,Lanark County Social Services/ Housing,2022-04-25 00:00:00,Yes,2022-04-25 00:00:00,,,Lanark County Social Services/ Housing,,,,,,ü,,,,2,,ü,,,,,2025-10-01 00:00:00,Hogan ,Valerie,"private insur..repeat arrears. Jul 27: Has not paid arrears or rent, unsure what arrears are, doesn't know HBT date. Applied for EA for living expenses.  Didn't get CTB because didn't do taxes. Aug 25, 2022 lft vm asking her to call.  April 2025:  returned from inactive Oct 2025: inactive, lost contact ",2025-12-30 00:00:00,Inactive,2025-10-01 00:00:00,Moved to inactive: lost contact,,,,,,,April,2022,---,---,October,2025,,Chronic,---,---,Adult,---,---,All populations,0.5,"Private insurance, CPP-D",Harm reduction,,,,
Housed,Housed,,2023-06-01 00:00:00,,Carleton Place,2023-04-27 00:00:00,4,4,2023-04-27 00:00:00,Unsheltered,2023-07-01 00:00:00,,,,Male ,1965-09-30 00:00:00,60,Adult,,Non-Indigenous,Lanark County Social Services/Housing,2023-04-27 00:00:00,Yes,,,,Lanark County Social Services/Housing,,,,,,,,,,,ü,,,,ü,,2023-04-27 00:00:00,Hogan ,Valerie ,July 2023: housed,2023-09-29 00:00:00,Inactive,,,,,,,,,April,2023,July,2023,---,---,,---,---,---,Adult,---,---,All populations,---,,,,,,
Housed,Housed,,2025-11-01 00:00:00,,Smiths Falls,2025-04-04 00:00:00,8,8,2025-11-01 00:00:00,Permanent and/or long-term housing,2025-11-01 00:00:00,Not a veteran,,,female ,1969-10-11 00:00:00,56,Family,3,Non-Indigenous,Lanark Leeds Grenville Mental Health and Addictions,2025-04-04 00:00:00,Yes,,,,Lanark County Social Services/Housing,,,,,,ü,,,,4,ü,,,,ü,,2025-11-01 00:00:00,hogan ,Valerie ,"April 2025:  added to BNL, family not chronic Aug 2025: became chronic Nov 2025: housed ",2026-03-01 00:00:00,Actively homeless,2025-09-01 00:00:00,,Aged-in: chronic,,,,,,April,2025,November,2025,September,2025,,Chronic,---,,---,Family,---,All populations,All populations,OW,,,,,
Actively homeless,Documents needed,,2025-12-01 00:00:00,,Carleton Place,2025-05-25 00:00:00,10,10,2025-05-25 00:00:00,Shelter,,Not a veteran,,,female,1963-12-17 00:00:00,62,Adult,,Non-Indigenous,Lanark County Interval House,2025-05-25 00:00:00,Yes,,,,Lanark County Interval House,,,,,,,,,,1,ü,,,,,,2025-10-01 00:00:00,Hogan ,Valerie ,"May 2025: added to BNL, single not chronic  Oct 2025: aged into chronic",2026-03-31 00:00:00,Actively homeless,2025-10-01 00:00:00,,Aged-in: chronic,,,,,,May,2025,---,---,October,2025,,Chronic,---,---,Adult,---,---,All populations,All populations,CPP and Sunlife disabilty ,,,2025-05-25 00:00:00,"SPP app jan 28, 2025.  No NOA.  IH supposed to email signed SPP, Alyssa  will follow up",
Housed,Housed,,2025-05-01 00:00:00,,Smiths Falls,2025-04-25 00:00:00,7,13,2025-04-25 00:00:00,Permanent and/or long-term housing,2025-05-01 00:00:00,Not a veteran,,,female,1977-10-02 00:00:00,48,Adult,,Non-Indigenous,Lanark County Mental Health ,2025-04-25 00:00:00,Yes,,,,Lanark County Mental Health ,,,,,,ü,,,,1,ü,,,,ü,,2025-05-01 00:00:00,Hogan ,Valerie ,"April 2025: added to BNL, adult chronicMay 2025: housed ",2025-08-29 00:00:00,Inactive,,,,,,,,,April,2025,May,2025,---,---,,Chronic,---,---,Adult,---,---,All populations,All populations,ODSP,,,,,
Housed,Housed,,2022-05-31 00:00:00,,,2022-04-21 00:00:00,2,2,2022-05-31 00:00:00,Renting; at risk ,2022-05-31 00:00:00,,,,Female,1992-11-07 00:00:00,33,Adult,,,Lanark County Social Services/ Housing,2022-04-25 00:00:00,Yes,2022-04-25 00:00:00,,,Lanark County Social Services/ Housing,,,,,,,,,,,,,,,,,2022-04-25 00:00:00,Coutts,Brooke,"mental health, has a dog, red flags. Renting, possibly moving to Kingston.",2022-09-28 00:00:00,Inactive,,,,,,,,,April,2022,May,2022,---,---,,---,---,---,Adult,---,---,All populations,---,,,,,,
Housed,Housed,,2025-12-01 00:00:00,,Smiths Falls,2024-07-12 00:00:00,8,8,2024-07-21 00:00:00,Couch surfing,2025-02-01 00:00:00,Not a veteran,,,male,2003-08-19 00:00:00,22,Youth,,Non-Indigenous,Lanark County Social Services/Housing,2024-07-12 00:00:00,Yes,,,,Cornerstone Landing,,,,,,ü,ü,,,,ü,,,,,,2024-12-01 00:00:00,Hogan ,Valerie ,"July 2024:  added to BN, single youth not chronic Dec 2024: aged into chronic",2026-03-31 00:00:00,Actively homeless,2024-12-01 00:00:00,,Aged-in: chronic,,,,,,July,2024,February,2025,December,2024,,Chronic,---,Youth,---,---,---,All populations,---,OW and employment ,,,,,
Actively homeless,Documents needed,,2026-01-01 00:00:00,,Smiths Falls,2023-04-26 00:00:00,7,26,2023-04-26 00:00:00,Couch surfing,,Not a veteran,,,Male ,1969-02-24 00:00:00,57,Adult,,Non-Indigenous,Lanark County Social Services/Housing,2023-04-26 00:00:00,Yes,,,,Lanark County Social Services/Housing,,,,,,ü,,,,1,ü,,,,ü,ü,2025-11-01 00:00:00,Hogan ,Valerie ,"Apr 26, 2023: LCMH crisis bed may 2023: moved to Shardon Manor funded bed, BNL prioritized Nov 2025: returned from Housed ",2026-05-01 00:00:00,Actively homeless,2025-11-01 00:00:00,Returned from housing,,,,,,,April,2023,---,---,November,2025,,Chronic,---,---,Adult,---,---,All populations,1,ODSP,,,,,
Inactive,Documents needed,,2023-05-01 00:00:00,,Carleton Place,2023-04-12 00:00:00,2,3,2023-05-01 00:00:00,Hotel and/or motel,,,,,Female,2003-05-29 00:00:00,22,Adult,,Non-Indigenous,Cornerstone Landing,2023-04-12 00:00:00,Yes,,,,Cornerstone Landing,,,,,,,ü,,,,ü,,,,,,2023-04-12 00:00:00,Hogan ,Valerie ,"April 12, 2023:staying at 7 West motel  May 2023: Moved to Ottawa, no HPP supports used",2023-08-29 00:00:00,Inactive,2023-05-01 00:00:00,Moved to inactive: left community,,,,,,,April,2023,---,---,May,2023,,---,---,---,Adult,---,---,All populations,---,,,,,,
Actively homeless,Documents needed,,2025-12-01 00:00:00,,Perth,2025-07-29 00:00:00,10,13,2025-08-01 00:00:00,Transitional housing,,Not a veteran,,,male,1984-12-29 00:00:00,41,Adult,,First Nations: off-reserve,Lanark Leeds Grenville Mental Health and Addictions,2025-07-30 00:00:00,Yes,,,,Lanark County Mental Health ,,,,,,,,ü,,1,ü,,,,,,2025-10-01 00:00:00,Hogan ,Valerie ,"July 2025: addd to BNL, single not chronic Oct 2025: aged into chronic",2026-03-31 00:00:00,Actively homeless,2025-10-01 00:00:00,,Aged-in: chronic,,,,,,July,2025,---,---,October,2025,,Chronic,---,---,Adult,---,Indigenous identity,All populations,All populations,ODSP,,,,,
Housed,Housed,,2024-03-01 00:00:00,,Mississippi Mills,2023-12-06 00:00:00,12,17,2023-12-01 00:00:00,seasonal housing,2024-03-01 00:00:00,Not a veteran,,,Female,1960-06-04 00:00:00,65,Adult,,,Lanark County Interval House,2023-12-01 00:00:00,Yes,,,,Lanark County Interval House,,,,,,ü,,,,,ü,,,,,,2024-03-01 00:00:00,Hogan ,Valerie ,"Dec 2023: added to BNL, chronic adult March 2024: housed in Perth ",2024-06-29 00:00:00,Inactive,,,,,,,,,December,2023,March,2024,---,---,,Chronic,---,---,Adult,---,---,All populations,---,,,,,,
Inactive,Documents needed,,2025-06-01 00:00:00,,Smiths Falls,2025-02-04 00:00:00,12,36,2025-02-04 00:00:00,Couch surfing,,Not a veteran,,,male,1962-01-16 00:00:00,64,Adult,,Non-Indigenous,Lanark County Social Services/Housing,2025-02-04 00:00:00,Yes,,,,Lanark County Social Services/Housing,,,,,,ü,,,,1,ü,,,,,,2025-02-18 00:00:00,Hogan ,Valerie ,"2025-02-01: added to BNL chronic, single ",2025-09-29 00:00:00,Inactive,2025-08-01 00:00:00,Moved to inactive: lost contact,,,,,,,February,2025,---,---,August,2025,,Chronic,---,---,Adult,---,---,All populations,All populations,employed ,,,,,
Housed,Housed,,2025-06-01 00:00:00,,Lanark Highlands,2025-03-28 00:00:00,12,26,2025-06-01 00:00:00,Permanent and/or long-term housing,2025-06-01 00:00:00,Not a veteran,,,male,1987-10-30 00:00:00,38,Adult,,Non-Indigenous,Lanark County Social Services/Housing,2025-03-28 00:00:00,Yes,,,,Lanark County Social Services/Housing,,,,,,ü,,,,1,ü,,,,ü,ü,2025-03-01 00:00:00,Hogan ,Valerie ,"March 2025:  added to BNL , single chronic",2025-09-29 00:00:00,Inactive,,,,,,,,,March,2025,June,2025,---,---,,Chronic,---,---,Adult,---,---,All populations,All populations,ODSP ,,,,,
Inactive,Awaiting match,,2021-09-21 00:00:00,,,,9,9,2021-09-21 00:00:00,,,,,,Female,1958-08-20 00:00:00,67,Adult,,,The Table Community Food Bank,2021-09-29 00:00:00,Yes,2021-09-29 00:00:00,,,*UNASSIGNED*,,,,,,,,,,,,,,,,,2021-09-29 00:00:00,Coutts,Brooke,Referral from the table no service agency,2022-01-19 00:00:00,Inactive,,,,,,,,,September,2021,---,---,---,---,,Chronic,---,---,Adult,---,---,All populations,---,,,,,,
Housed,Housed,,2025-07-14 00:00:00,,Smiths Falls,2025-07-11 00:00:00,1,1,2025-07-14 00:00:00,Permanent and/or long-term housing,2025-07-01 00:00:00,Not a veteran,,,male,1985-05-08 00:00:00,40,Adult,,Non-Indigenous,Lanark County Social Services/Housing,2025-07-11 00:00:00,Yes,,,,Lanark County Social Services/Housing,,,,,,,,,,1,ü,,,,,,2025-07-01 00:00:00,Hogan ,Valerie ,"July 2025;  added to BNL, single not chronic",2025-11-11 00:00:00,Inactive,,,,,,,,,July,2025,July,2025,---,---,,---,---,---,Adult,---,---,All populations,All populations,OW,,,,,
Inactive,Documents needed,,2025-05-01 00:00:00,,Perth,2025-04-24 00:00:00,2,2,2025-05-01 00:00:00,Couch surfing,,Not a veteran,,,female ,1970-04-27 00:00:00,56,Adult,,Non-Indigenous,Lanark County Social Services/Housing,2025-04-24 00:00:00,Yes,,,,Lanark County Social Services/Housing,,,,,,,,,,1,ü,,,ü,,,2025-05-01 00:00:00,Hogan ,Valerie ,"April 2025;  added to BNL, adult not chronic May: became inactive, left community ",2025-08-29 00:00:00,Inactive,2025-05-01 00:00:00,Moved to inactive: left community,,,,,,,April,2025,---,---,May,2025,,---,---,---,Adult,---,---,All populations,All populations,OW- starting PT employment,,,,,
Inactive,Documents needed,,2024-07-01 00:00:00,,Perth,2024-06-01 00:00:00,2,2,2024-06-01 00:00:00,Couch surfing,,Not a veteran,,,Female,1965-07-22 00:00:00,60,Adult,,Non-Indigenous,Lanark County Social Services/Housing,2024-06-01 00:00:00,Yes,,,,Lanark County Social Services/Housing,,,,,,,,,,,ü,,,,,,2024-07-01 00:00:00,Hogan ,Valerie ,"June 2024: added to BNL, not chronic, single adult  July 2024: moved to another area",2024-10-29 00:00:00,Inactive,2024-07-01 00:00:00,Moved to inactive: left community,,,,,,,June,2024,---,---,July,2024,,---,---,---,Adult,---,---,All populations,---,OW ,,,,,
Inactive,Documents needed,,2025-01-01 00:00:00,,Smiths Falls,2024-05-15 00:00:00,12,20,2024-05-15 00:00:00,Unsheltered,,Not a veteran,,,Male,1985-07-07 00:00:00,40,Adult,,Non-Indigenous,Lanark County Mental Health ,2024-05-01 00:00:00,Yes,,,,Lanark County Mental Health ,,,,,,ü,,,,,ü,,,,,,2025-01-01 00:00:00,Hogan ,Valerie ,"May 2024: added to BNL,, chronic single Jan 2025:  inactive, left community ",2025-05-01 00:00:00,Inactive,2025-01-01 00:00:00,Moved to inactive: left community,,,,,,,May,2024,---,---,January,2025,,Chronic,---,---,Adult,---,---,All populations,---,ODSP,HBCM,,,,
Housed,Housed,,2024-11-01 00:00:00,,Carleton Place,2024-08-26 00:00:00,12,36,2024-08-26 00:00:00,Shelter,2024-11-01 00:00:00,Not a veteran,,,female ,1966-05-17 00:00:00,59,Adult,,Non-Indigenous,Lanark County Interval House,2024-08-26 00:00:00,Yes,,,,Lanark County Interval House,,,,,,ü,,,,,ü,,,,,,2024-11-01 00:00:00,Hogan ,Valerie ,"Aug 2024:  added to BNL, adult chronic  Nov 2024: housed ",2025-03-01 00:00:00,Inactive,,,,,,,,,August,2024,November,2024,---,---,,Chronic,---,---,Adult,---,---,All populations,---,OW ,,,,,
Housed,Housed,,2025-11-01 00:00:00,,Smiths Falls,2024-09-24 00:00:00,12,36,2025-11-01 00:00:00,Permanent and/or long-term housing,2025-11-01 00:00:00,Not a veteran,,,male,1957-09-28 00:00:00,68,Adult,,Non-Indigenous,Lanark County Social Services/Housing,2024-09-24 00:00:00,Yes,,,,Lanark County Social Services/Housing,,,,,,ü,,,,1,ü,,,,ü,ü,2025-11-01 00:00:00,Hogan ,Valerie ,"Sept 2024: added to BNL, chronic adult Nov 2025: housed ",2026-03-01 00:00:00,Actively homeless,,,,,,,,,September,2024,November,2025,---,---,,Chronic,---,---,Adult,---,---,All populations,1,OAS/CPP,,,,,
Inactive,Documents needed,,2025-07-01 00:00:00,,Carleton Place,2024-11-08 00:00:00,9,9,2025-06-01 00:00:00,Unsheltered,,Not a veteran,,,male ,1957-03-24 00:00:00,69,Adult,,Non-Indigenous,Lanark County Social Services/Housing,2024-11-08 00:00:00,Yes,,,,Lanark County Social Services/Housing,,,,,,ü,,,,1,,ü,,,,,2025-09-01 00:00:00,Hogan ,Valerie ,"Nov 2024:  added to BNL, single not chronic Feb 2025:  inactive, left community April 2025: returned from inactive June 2025:  became chronic Sept 2025: inactive, lost contact ",2025-10-29 00:00:00,Inactive,2025-09-01 00:00:00,Moved to inactive: lost contact,,,,,,,November,2024,---,---,September,2025,,Chronic,---,---,Adult,---,---,All populations,1,OAS/CPP,,,,,
Inactive,Awaiting match,,2022-02-21 00:00:00,,,,10,10,2021-09-21 00:00:00,,,,,,Female,1992-11-15 00:00:00,33,Adult,,,Developmental Services Lanark County,2021-09-29 00:00:00,Yes,2021-09-29 00:00:00,,,Developmental Services Lanark County,,,,,,,,,,,,,,,,,2022-01-21 00:00:00,Coutts,Brooke,Developmental services casemangment ,2022-06-21 00:00:00,Inactive,,,,,,,,,September,2021,---,---,---,---,,Chronic,---,---,Adult,---,---,All populations,---,,,,,,
Housed,Housed,,2024-11-01 00:00:00,,Carleton Place,2024-07-04 00:00:00,8,8,2024-07-01 00:00:00,Unsheltered,2024-11-01 00:00:00,Not a veteran,,,female,1992-11-15 00:00:00,33,Adult,,Non-Indigenous,Lanark County Social Services/Housing,2024-07-01 00:00:00,Yes,,,,Lanark County Social Services/Housing,,,,,,ü,,,,,ü,,,,,ü,2024-09-01 00:00:00,Hogan ,Valerie ,"July 2024: added to BNL, single adult not chronic  Sept 2024: became chronic Nov 2024: housed ",2025-03-01 00:00:00,Inactive,2024-09-01 00:00:00,,Aged-in: chronic,,,,,,July,2024,November,2024,September,2024,,Chronic,---,---,Adult,---,---,All populations,---,ODSP and insurance,HBCM,,,,
Housed,Housed,,2025-07-01 00:00:00,,Carleton Place,2025-02-04 00:00:00,12,14,2025-02-04 00:00:00,Permanent and/or long-term housing,2025-07-01 00:00:00,Not a veteran,,,female,1987-05-15 00:00:00,38,Family,4+,Non-Indigenous,Lanark County Interval House,2025-02-01 00:00:00,Yes,,,,Lanark County Interval House,,,,,,ü,,,,5,ü,,,,ü,,2025-07-01 00:00:00,Hogan ,Valerie ,"Feb 2025: added to BNL, chronic family  July 2025:  moved to housing ",2025-10-29 00:00:00,Inactive,,,,,,,,,February,2025,July,2025,---,---,,Chronic,---,---,---,Family,---,All populations,All populations,employed ,,,,,
Housed,Housed,,2024-02-06 00:00:00,,Carleton Place,2024-02-06 00:00:00,10,10,2024-02-06 00:00:00,Hotel and/or motel,2024-05-01 00:00:00,Veteran: Canadian Armed Forces,In progress,,Male,1957-08-25 00:00:00,68,Adult,,Non-Indigenous,Lanark County Social Services/Housing,2024-02-06 00:00:00,Yes,,,,Lanark County Mental Health ,,,,,,ü,,,ü,,ü,,,,,,2024-03-01 00:00:00,Hogan ,Valerie ,"Feb 2024: added to BNL, single chronic March 2024:Veteran status updated, confirm in progress May 2024: housed",2024-06-05 00:00:00,Inactive,2024-03-01 00:00:00,,,Newly identified: veteran,,,,,February,2024,May,2024,March,2024,,Chronic,---,---,Adult,---,---,All populations,---,OAS/CPP,,,,,
Inactive,Awaiting match,,2021-09-21 00:00:00,,,,9,9,2021-09-21 00:00:00,,,,,,Female,1956-11-16 00:00:00,69,Adult,,,*UNASSIGNED*,2021-09-30 00:00:00,Yes,2021-09-30 00:00:00,,,*UNASSIGNED*,,,,,,,,,,,,,,,,,2022-01-21 00:00:00,Coutts,Brooke,Terrilee completed survey,2022-01-19 00:00:00,Inactive,,,,,,,,,September,2021,---,---,---,---,,Chronic,---,---,Adult,---,---,All populations,---,,,,,,
Housed,Housed,,2023-10-01 00:00:00,,Smiths Falls,2023-07-21 00:00:00,4,4,2023-07-21 00:00:00,Couch surfing,2023-10-01 00:00:00,,,,Female ,2004-09-08 00:00:00,21,Youth,,,Cornerstone Landing,2023-07-21 00:00:00,Yes,,,,Cornerstone Landing,,,,,,,ü,,,,ü,,,,,,2023-10-01 00:00:00,Hogan ,Valerie ,Oct 2023: housed,2024-01-29 00:00:00,Inactive,,,,,,,,,July,2023,October,2023,---,---,,---,---,Youth,---,---,---,All populations,---,,,,not on file,,
Actively homeless,Documents needed,,2025-12-01 00:00:00,,Lanark Highlands,2025-06-27 00:00:00,9,9,2025-06-27 00:00:00,Couch surfing,,Not a veteran,,,male,1980-02-14 00:00:00,46,Adult,,Métis,Lanark County Social Services/Housing,2025-06-27 00:00:00,Yes,,,,Lanark County Social Services/Housing,,,,,,ü,,,,1,ü,,,,,,2025-11-01 00:00:00,Hogan ,Valerie ,"June 2025, added to BNL, single, not chronic Nov 2025: became chronic",2026-03-31 00:00:00,Actively homeless,2025-11-01 00:00:00,,Aged-in: chronic,,,,,,June,2025,---,---,November,2025,,Chronic,---,---,Adult,---,Indigenous identity,All populations,All populations,ODSP,,,,,
Inactive,Documents needed,,2024-08-02 00:00:00,,Smiths Falls,2024-08-02 00:00:00,8,8,2024-08-02 00:00:00,Unsheltered,,Not a veteran,,,male,1981-10-20 00:00:00,44,Adult,,Non-Indigenous,Lanark County Social Services/Housing,2024-08-02 00:00:00,Yes,,,,Lanark County Social Services/Housing,,,,,,ü,,,,,ü,,,,,,2024-09-01 00:00:00,Hogan ,Valerie ,"Aug 2024:  added to BNL, chronic adult  Sept 2024:inactive, left area",2024-11-30 00:00:00,Inactive,2024-09-01 00:00:00,Moved to inactive: left community,,,,,,,August,2024,---,---,September,2024,,Chronic,---,---,Adult,---,---,All populations,---,OW ,,,,,
Housed,Housed,,2021-09-24 00:00:00,,,,5,5,2022-01-26 00:00:00,,2022-01-26 00:00:00,,,,Female,1995-12-31 00:00:00,30,Adult,,,Lanark County Social Services/ Housing,2021-09-27 00:00:00,Yes,2021-09-27 00:00:00,,,Developmental Services Lanark County,,,,,,,,,,,,,,,,,2022-01-26 00:00:00,Coutts,Brooke,"DSS LC casemanging housing app complete, need 2020 NOA, accepted placement with carebridge SIL home.",2022-01-22 00:00:00,Inactive,,,,,,,,,September,2021,January,2022,---,---,,---,---,---,Adult,---,---,All populations,---,,,,,,
Housed,Housed,,2025-04-01 00:00:00,,Smiths Falls,2025-01-21 00:00:00,12,15,2025-01-01 00:00:00,Permanent and/or long-term housing,2025-04-01 00:00:00,Not a veteran,,,female,1994-01-13 00:00:00,32,Adult,,Non-Indigenous,Lanark County Mental Health ,2025-01-01 00:00:00,Yes,,,,Lanark County Mental Health ,,,,,,ü,,,,1,ü,,,,,,2025-04-01 00:00:00,Hogan ,Valerie ,"Jan 2025:  added to BNL, single and chronic April 2025: housed ",2025-07-30 00:00:00,Inactive,,,,,,,,,January,2025,April,2025,---,---,,Chronic,---,---,Adult,---,---,All populations,All populations,OW,,,,,
Actively homeless,Documents needed,,2025-12-01 00:00:00,,Smiths Falls,2025-05-20 00:00:00,12,21,2025-06-01 00:00:00,Couch surfing,,Not a veteran,,,female,1992-02-15 00:00:00,34,Adult,,Non-Indigenous,Lanark County Mental Health ,2025-05-20 00:00:00,Yes,,,,Lanark County Mental Health ,,,,,,ü,,,,1,ü,,,,,,2025-05-01 00:00:00,Hogan ,Valerie ,"May 2025: added to BNL, single not chronic",2026-03-31 00:00:00,Actively homeless,2025-07-01 00:00:00,,Aged-in: chronic,,,,,,May,2025,---,---,July,2025,,Chronic,---,---,Adult,---,---,All populations,All populations,ODSP 203422233,,,,,
Inactive,Documents needed,,2023-05-01 00:00:00,,Perth,2023-04-06 00:00:00,2,2,2023-04-06 00:00:00,Couch surfing,,,,,Male ,1966-12-01 00:00:00,59,Adult,,Non-Indigenous,Lanark County Social Services/Housing,2023-04-06 00:00:00,Yes,,,,Lanark County Social Services/Housing,,,,,,,,,,,ü,,,,,,2023-05-01 00:00:00,Hogan ,Valerie ,"April 6, 2023: accom. Condemned.  ODSP. May 2023: Left for Southern Ontario to visit mother and look for hhousisng, hasn't returned",2023-08-29 00:00:00,Inactive,2023-05-01 00:00:00,Moved to inactive: left community,,,,,,,April,2023,---,---,May,2023,,---,---,---,Adult,---,---,All populations,---,,,,,,
Housed,Housed,,2025-02-01 00:00:00,,Perth,2025-01-27 00:00:00,2,8,2025-01-01 00:00:00,Hotel and/or motel,2025-02-01 00:00:00,Not a veteran,,,female,1989-10-11 00:00:00,36,Adult,,Non-Indigenous,Lanark County Social Services/Housing,2025-01-01 00:00:00,Yes,,,,Lanark County Social Services/Housing,,,,,,,,,,,ü,,,,,,2025-02-01 00:00:00,Hogan ,Valerie ,"Jan 2025: added to BNL, single not chronic Feb 2025: housed ",2025-06-01 00:00:00,Inactive,,,,,,,,,January,2025,February,2025,---,---,,---,---,---,Adult,---,---,All populations,All populations,employed,,,,,
Housed,Housed,,2024-04-18 00:00:00,,Carleton Place,2024-04-18 00:00:00,3,5,2024-04-18 00:00:00,Hotel and/or motel,2024-06-01 00:00:00,Not a veteran,,,Female,2002-10-21 00:00:00,23,Youth,,Non-Indigenous,Cornerstone Landing,2024-04-01 00:00:00,Yes,,,,Cornerstone Landing,,,,,,,ü,,,,ü,,,,,,2024-06-01 00:00:00,Hogan ,Valerie ,April 2024: added to BNL June 2024:  returned to BF,2024-08-16 00:00:00,Inactive,,,,,,,,,April,2024,June,2024,---,---,,---,---,Youth,---,---,---,All populations,---,VYSA,,,,,
Housed,Housed,,2022-06-10 00:00:00,,,2022-04-07 00:00:00,1,1,2022-07-07 00:00:00,Shelter,2022-07-07 00:00:00,,,,Female,1999-03-04 00:00:00,27,Adult,2,First Nations: off-reserve,Lanark County Social Services/ Housing,2022-04-25 00:00:00,Yes,2022-04-25 00:00:00,,,Lanark County Social Services/ Housing,,,,,,,,,,,,,,,,,2022-04-25 00:00:00,Coutts,Brooke,priority* discuss LCIH; due in July with new baby,2022-10-08 00:00:00,Inactive,,,,,,,,,April,2022,July,2022,---,---,,---,---,---,Adult,---,Indigenous identity,All populations,---,,,,,,
Housed,Housed,,2023-06-01 00:00:00,,Carleton Place,2022-08-12 00:00:00,12,30,2023-01-24 00:00:00,Transitional housing,2023-06-01 00:00:00,,,,Female,1981-02-23 00:00:00,45,Adult,3,,Lanark County Interval House,2021-09-28 00:00:00,Yes,2021-09-28 00:00:00,,,,,,,,,,,,,,ü,,,,ü,ü,2022-01-26 00:00:00,Coutts,Brooke,"LCIH- met with KA, no update, still waiting for housing Jan 5, 2023: Still at IH transitional housing and waiting for RGI unit.Has to leave IH soon.June 1; Moved to RGI.  Received extra BNL HAP funds for  appliances",2023-09-29 00:00:00,Inactive,,,,,,,,,September,2021,June,2023,---,---,,Chronic,---,---,Adult,---,---,All populations,---,,,,,,
Housed,Housed,,2024-02-01 00:00:00,,Almonte,2024-02-23 00:00:00,0,0,2024-02-01 00:00:00,Permanent and/or long-term housing,2024-03-01 00:00:00,Not a veteran,,,Female ,1968-07-19 00:00:00,57,Adult,,Non-Indigenous,Lanark County Mental Health ,2024-02-23 00:00:00,Yes,,,,Lanark County Mental Health ,,,,,,,,,,,ü,,,,,,2024-02-01 00:00:00,Hogan ,Valerie ,"Feb 2024: added, single adult not chronic March 2024: housed ",2024-05-31 00:00:00,Inactive,,,,,,,,,February,2024,March,2024,---,---,,---,---,---,Adult,---,---,All populations,---,,,,,,
Inactive,Documents needed,,2024-11-01 00:00:00,,Almonte,2024-03-06 00:00:00,12,14,2024-03-06 00:00:00,Couch surfing,,Not a veteran,,,Female,1950-07-30 00:00:00,75,Adult,,Non-Indigenous,Lanark County Social Services/Housing,2024-03-01 00:00:00,Yes,,,,Lanark County Social Services/Housing,,,,,,ü,,,,,ü,,,,,,2025-01-01 00:00:00,Hogan ,Valerie ,"March 2024: added to bnl, single, not chronic May 024: aged in chronic Jan 2025:  became inactive: unable to contact ",2025-03-01 00:00:00,Inactive,2025-01-01 00:00:00,Moved to inactive: lost contact,,,,,,,March,2024,---,---,January,2025,,Chronic,---,---,Adult,---,---,All populations,---,OAS/CPP,,,2024-01-16 00:00:00,,
Housed,Housed,,2023-07-01 00:00:00,,Smiths Falls,2023-06-22 00:00:00,2,2,2023-07-01 00:00:00,Couch surfing,2023-07-01 00:00:00,,,,Female,1967-11-03 00:00:00,58,Adult,,Non-Indigenous,Lanark County Social Services/Housing,2023-06-22 00:00:00,Yes,,,,Lanark County Social Services/Housing,,,,,,,,,,,ü,,,,ü,ü,2023-06-22 00:00:00,Hogan ,Valerie ,,2023-10-29 00:00:00,Inactive,,,,,,,,,June,2023,July,2023,---,---,,---,---,---,Adult,---,---,All populations,---,,,,2024-02-07 00:00:00,,
Actively homeless,Documents needed,,2026-02-01 00:00:00,,Smiths Falls,2024-01-10 00:00:00,12,32,2026-02-01 00:00:00,Couch surfing,,Not a veteran,,,Male,1978-08-17 00:00:00,47,Adult,,Non-Indigenous,Lanark County Social Services/Housing,2024-01-10 00:00:00,Yes,,,,Lanark County Social Services/Housing,,,,,,ü,,,,1,,,ü,,,,2026-02-01 00:00:00,Hogan ,Valerie ,"Jan 2024:  added to BNL, single, not chronic Feb 2024: Housed Feb 2026:  returned from housed, chronic single",2026-06-01 00:00:00,Actively homeless,2026-02-01 00:00:00,Returned from housing,,,,,,,January,2024,---,---,February,2026,,Chronic,---,---,Adult,---,---,All populations,1,ODSP,,,no consent,,
Housed,Housed,,2025-07-01 00:00:00,,Smiths Falls,2025-02-04 00:00:00,6,6,2025-07-01 00:00:00,Permanent and/or long-term housing,2025-07-01 00:00:00,Not a veteran,,,male,2003-10-21 00:00:00,22,Youth,,Non-Indigenous,Lanark County Social Services/Housing,2025-02-04 00:00:00,Yes,,,,Cornerstone Landing,,,,,,ü,ü,,,1,ü,,,,ü,ü,2025-07-01 00:00:00,Hogan ,Valerie ,"Feb 2025:  added to BNL, youth not chronic July 2025: housed ",2025-10-29 00:00:00,Inactive,2025-07-01 00:00:00,,Aged-in: chronic,,,,,,February,2025,July,2025,July,2025,,Chronic,---,Youth,---,---,---,All populations,All populations,OW,,,,,
Inactive,Documents needed,,2024-06-01 00:00:00,,Smiths Falls,2023-09-18 00:00:00,12,13,2023-10-01 00:00:00,Hotel and/or motel,,Not a veteran,,,Female,1970-02-28 00:00:00,56,Adult,,,Lanark County Social Services/Housing,2023-09-18 00:00:00,Yes,,,,Lanark County Social Services/Housing,,,,,,ü,,,,,ü,,,,,,2024-06-01 00:00:00,Hogan ,Valerie ,Nov 2023: became chronic June 2024: inactive: lost contact ,2024-09-29 00:00:00,Inactive,2024-06-01 00:00:00,Moved to inactive: lost contact,,,,,,,September,2023,---,---,June,2024,,Chronic,---,---,Adult,---,---,All populations,---,ODSP,HBCM,willowdale,,,
Actively homeless,Documents needed,,2026-02-01 00:00:00,,Smiths Falls,2025-04-01 00:00:00,7,21,2025-08-01 00:00:00,Unsheltered,,Not a veteran,,,male,1991-09-18 00:00:00,34,Adult,,Non-Indigenous,Other,2025-07-01 00:00:00,Yes,,,,Lanark County Social Services/Housing,,,,,,ü,,,,1,ü,,ü,,,,2025-11-01 00:00:00,Hogan ,Valerie ,"July 2025: added to BNL, single not chronic Aug 2025: Housed Oct 2025: returned from Housed Nov 2025: aged into chronic",2026-06-01 00:00:00,Actively homeless,2025-11-01 00:00:00,,Aged-in: chronic,,,,,,July,2025,---,---,November,2025,,Chronic,---,---,Adult,---,---,All populations,All populations,ODSP ,,,2025-07-23 00:00:00,not in system ,
Housed,Housed,,2025-10-01 00:00:00,,Smiths Falls,2025-07-29 00:00:00,4,4,2025-07-29 00:00:00,Permanent and/or long-term housing,2025-10-01 00:00:00,Not a veteran,,,male,1988-12-04 00:00:00,37,Adult,,Non-Indigenous,Lanark County Social Services/Housing,2025-07-29 00:00:00,Yes,,,,Lanark County Social Services/Housing,,,,,,,,,,1,ü,,,,ü,,2025-07-01 00:00:00,Hogan ,Valerie ,"July 2025:  added to BNL, single not chronic",2026-01-29 00:00:00,Inactive,,,,,,,,,July,2025,October,2025,---,---,,---,---,---,Adult,---,---,All populations,All populations,OW ,,,,,
Housed,Housed,,2025-04-01 00:00:00,,Smiths Falls,2024-07-02 00:00:00,9,9,2024-07-02 00:00:00,Permanent and/or long-term housing,2025-04-01 00:00:00,Not a veteran,,,female,1990-09-22 00:00:00,35,Family,2,Non-Indigenous,Lanark Leeds Grenville Mental Health and Addictions,2024-07-02 00:00:00,Yes,,,,Lanark Leeds Grenville Mental Health and Addictions,,,,,,ü,,,,3,ü,,,,,,2024-07-01 00:00:00,Hogan ,Valerie ,"July 2024:  added to BNL, single family not chronic, 2 children ",2025-07-30 00:00:00,Inactive,2025-01-01 00:00:00,,Aged-in: chronic,,,,,,July,2024,April,2025,January,2025,,Chronic,---,---,---,Family,---,All populations,0.3333333333333333,OW,,,,,
Inactive,Documents needed,,2025-07-01 00:00:00,,Smiths Falls,2024-04-01 00:00:00,12,25,2025-05-01 00:00:00,Couch surfing,,Not a veteran,,,Female,1981-09-29 00:00:00,44,Family,,Non-Indigenous,Lanark Leeds Grenville Mental Health and Addictions,2024-04-01 00:00:00,Yes,,,,Lanark County Interval House,,,,,,ü,,,,,,ü,,,,,2025-05-01 00:00:00,Hogan ,Valerie ,"April 2024:  added to BNL: chronic single, was referred earlier. Feb 2025;  Inactive, lost contact  May 2025: returned from inactive Sept 2025: inactive, unable to contact ",2025-10-29 00:00:00,Inactive,2025-09-01 00:00:00,Moved to inactive: lost contact,,,,,,,April,2024,---,---,September,2025,,Chronic,---,---,---,Family,---,All populations,---,ODSP,,,,,
Housed,Housed,,2025-12-01 00:00:00,,Lanark Highlands,2025-07-14 00:00:00,6,6,2025-07-14 00:00:00,Permanent and/or long-term housing,2025-12-01 00:00:00,Not a veteran,,,male,2000-11-03 00:00:00,25,Youth,,Non-Indigenous,Other,2025-07-14 00:00:00,Yes,,,,Lanark County Social Services/Housing,,,,,,ü,,,,1,ü,,,,,,2025-07-01 00:00:00,Hogan,Valerie,"July 2025: added to BNL, ,single, not chronic ",2026-03-31 00:00:00,Actively homeless,2025-12-01 00:00:00,,Aged-in: chronic,,,,,,July,2025,December,2025,December,2025,,Chronic,---,Youth,---,---,---,All populations,All populations,ODSP,,,,,
Inactive,Awaiting match,,2022-07-12 00:00:00,,Smiths Falls,2022-07-12 00:00:00,12,19,2022-07-12 00:00:00,Couch surfing,,,,,Female,2002-10-11 00:00:00,23,Adult,,Non-Indigenous,*UNASSIGNED*,2022-07-14 00:00:00,Yes,2022-07-14 00:00:00,,,Interval House,,,,,,,,,,,ü,,,,,,2022-07-13 00:00:00,Hogan,Valerie,"RGI app in progress, working with CFS",2022-11-09 00:00:00,Inactive,,,,,,,,,July,2022,---,---,---,---,,Chronic,---,---,Adult,---,---,All populations,---,,,,,,
Housed,Housed,,2025-02-18 00:00:00,,Smiths Falls,2025-02-18 00:00:00,3,3,2025-02-18 00:00:00,Couch surfing,2025-04-01 00:00:00,Not a veteran,,,Male,1977-08-30 00:00:00,48,Adult,,Non-Indigenous,Lanark County Social Services/Housing,2025-02-18 00:00:00,Yes,,,,Lanark County Social Services/Housing,,,,,,,,,,1,ü,,,ü,ü,ü,2025-04-01 00:00:00,Hogan ,Valerie ,"Feb 2025:  added to BNL, single adult not chronic April 2025: housed ",2025-06-18 00:00:00,Inactive,,,,,,,,,February,2025,April,2025,,---,,---,---,---,Adult,---,---,All populations,All populations,OW ,,,,,
Housed,Housed,,2023-06-06 00:00:00,,Perth,2023-06-06 00:00:00,2,2,2023-07-01 00:00:00,Couch surfing,2023-07-01 00:00:00,,,,Male,1983-10-04 00:00:00,42,Adult,,Non-Indigenous,Lanark County Social Services/Housing,2023-06-06 00:00:00,Yes,,,,Lanark County Social Services/Housing,,,,,,,,,,,ü,,,,ü,,2023-07-27 00:00:00,Hogan ,Valerie ,July 27: Housed,2023-10-04 00:00:00,Inactive,,,,,,,,,June,2023,July,2023,---,---,,---,---,---,Adult,---,---,All populations,---,,,,,,
Housed,Housed,,2025-04-01 00:00:00,,Carleton Place,2025-01-16 00:00:00,7,7,2025-01-01 00:00:00,Permanent and/or long-term housing,2025-04-01 00:00:00,Not a veteran,,,male,1966-09-17 00:00:00,59,Adult,,Non-Indigenous,Lanark County Social Services/Housing,2025-01-01 00:00:00,Yes,,,,Lanark County Social Services/Housing,,2025-04-01 00:00:00,,,,,,,,1,ü,,,,ü,ü,2025-04-01 00:00:00,Hogan ,Valerie ,"Jan 2025: added to BNL, single, not chronic March 2025: aged into chronic April 2025: housed ",2025-07-30 00:00:00,Inactive,2025-03-01 00:00:00,,Aged-in: chronic,,,,,,January,2025,April,2025,March,2025,,Chronic,---,---,Adult,---,---,All populations,All populations,ODSP ,,,,,
Actively homeless,Documents needed,,2026-02-17 00:00:00,,Carleton Place,2024-03-01 00:00:00,12,32,2026-02-01 00:00:00,Shelter,,Not a veteran,,,Female,1988-06-30 00:00:00,37,Adult,,Non-Indigenous,Lanark County Interval House,2024-03-01 00:00:00,Yes,,,,Lanark County Interval House,,,,,,ü,,,,1,ü,,ü,,,,2026-02-01 00:00:00,Hogan ,Valerie ,"March 2024: added to BNL, single, not chronic June 2024: aged in chronic April 2025: housed Feb 2026: returned fromHoused, chronic single ",2026-06-17 00:00:00,Actively homeless,2026-02-01 00:00:00,Returned from housing,,,,,,,March,2024,---,---,February,2026,,Chronic,---,---,Adult,---,---,All populations,1,OW,,,2025-10-22 00:00:00,"was in applied status and cancelled, didn't enter into repayment agreement for $14,464 arrears",not on list 
Inactive,Documents needed,,2025-07-01 00:00:00,,Almonte,2025-03-12 00:00:00,8,8,2025-07-01 00:00:00,Couch surfing,,Not a veteran,,,male,1966-08-27 00:00:00,59,Adult,,Non-Indigenous,Other,2025-03-01 00:00:00,Yes,,,,Lanark County Social Services/Housing,,,,,,ü,,,ü,1,ü,,,,,,2025-07-01 00:00:00,Hogan ,Valerie ,"March 2025:  added to BNL, single adult, not chronic May 2025: aged in chronic July 2025: inactive,  left community ",2025-10-29 00:00:00,Inactive,2025-07-01 00:00:00,Moved to inactive: left community,,,,,,,March,2025,---,---,July,2025,,Chronic,---,---,Adult,---,---,All populations,All populations,EI,,,,,
Housed,Housed,,2022-07-25 00:00:00,,,2022-06-20 00:00:00,1,4,2022-07-25 00:00:00,Unsheltered,2022-07-25 00:00:00,,,,Male,1984-10-05 00:00:00,41,Adult,,,Lanark County Social Services/ Housing,2022-06-20 00:00:00,Yes,2022-06-20 00:00:00,,,Lanark County Social Services/ Housing,,,,,,,,,,,,,,,,,2022-07-13 00:00:00,Hogan,Valerie,Employed,2022-11-22 00:00:00,Inactive,,,,,,,,,June,2022,July,2022,---,---,,---,---,---,Adult,---,---,All populations,---,,,,,,